flight_id,airline,source,destination,departure_time,arrival_time,duration,_ingested_at,_source_file,_is_valid,_ingestion_errors
SJ010,SpiceJet,CCU,MAA,2026-04-20 23:38:41.701,2026-04-21 02:32:41.701,02:54:00,2026-09-05T16:43:03.832132+00:00,UseCase - Airlines.xlsx,True,
AI155,Air India,BOM,CCU,2026-04-20 23:35:41.703,2026-04-21 01:23:41.703,01:48:00,2026-09-05T16:43:03.832132+00:00,UseCase - Airlines.xlsx,True,
UK094,Vistara,BOM,CCU,2026-04-20 23:26:41.702,2026-04-21 01:11:41.702,01:45:00,2026-09-05T16:43:03.832132+00:00,UseCase - Airlines.xlsx,True,
AI245,Air India,BOM,CCU,2026-04-20 23:07:41.704,2026-04-21 01:43:41.704,02:36:00,2026-09-05T16:43:03.832132+00:00,UseCase - Airlines.xlsx,True,
AI192,Air India,MAA,BOM,2026-04-20 23:05:41.703,2026-04-21 04:04:41.703,04:59:00,2026-09-05T16:43:03.832132+00:00,UseCase - Airlines.xlsx,True,
SJ158,SpiceJet,DEL,HYD,2026-04-20 23:05:41.703,2026-04-21 01:24:41.703,02:19:00,2026-09-05T16:43:03.832132+00:00,UseCase - Airlines.xlsx,True,
6F196,IndiGo,CCU,MAA,2026-04-20 23:04:41.703,2026-04-21 00:47:41.703,01:43:00,2026-09-05T16:43:03.832132+00:00,UseCase - Airlines.xlsx,True,
AI080,Air India,BOM,HYD,2026-04-20 23:03:41.702,2026-04-21 00:35:41.702,01:32:00,2026-09-05T16:43:03.832132+00:00,UseCase - Airlines.xlsx,True,
6F025,IndiGo,BLR,BOM,2026-04-20 23:02:41.701,2026-04-20 23:57:41.701,00:55:00,2026-09-05T16:43:03.832132+00:00,UseCase - Airlines.xlsx,True,
6F251,UNKNOWN,DEL,BLR,2026-04-20 22:56:41.703,2026-04-20 23:37:41.703,00:41:00,2026-09-05T16:43:03.832132+00:00,UseCase - Airlines.xlsx,True,WARN_MISSING_AIRLINE
AI137,Air India,BOM,DEL,2026-04-20 22:49:41.702,2026-04-21 01:17:41.702,02:28:00,2026-09-05T16:43:03.832132+00:00,UseCase - Airlines.xlsx,True,
6F026,IndiGo,BOM,CCU,2026-04-20 22:46:42.000,2026-04-21 03:13:42.000,04:27:00,2026-09-05T16:43:03.832132+00:00,UseCase - Airlines.xlsx,True,
UK167,Vistara,DEL,MAA,2026-04-20 22:45:41.703,2026-04-21 01:46:41.703,03:01:00,2026-09-05T16:43:03.832132+00:00,UseCase - Airlines.xlsx,True,
UK027,Vistara,BOM,CCU,2026-04-20 22:44:41.701,2026-04-21 01:05:41.701,02:21:00,2026-09-05T16:43:03.832132+00:00,UseCase - Airlines.xlsx,True,
AI069,UNKNOWN,DEL,BOM,2026-04-20 22:43:41.702,2026-04-21 02:29:41.702,03:46:00,2026-09-05T16:43:03.832132+00:00,UseCase - Airlines.xlsx,True,WARN_MISSING_AIRLINE
AI058,Air India,BOM,CCU,2026-04-20 22:40:41.701,2026-04-21 00:18:41.701,01:38:00,2026-09-05T16:43:03.832132+00:00,UseCase - Airlines.xlsx,True,
AI140,Air India,BOM,DEL,2026-04-20 22:25:41.702,2026-04-21 02:08:41.702,03:43:00,2026-09-05T16:43:03.832132+00:00,UseCase - Airlines.xlsx,True,
SJ239,SpiceJet,BOM,CCU,2026-04-20 22:24:41.704,2026-04-21 00:10:41.704,01:46:00,2026-09-05T16:43:03.832132+00:00,UseCase - Airlines.xlsx,True,
6F099,IndiGo,MAA,DEL,2026-04-20 22:24:41.702,2026-04-20 22:59:41.702,00:35:00,2026-09-05T16:43:03.832132+00:00,UseCase - Airlines.xlsx,True,
AI048,Air India,CCU,DEL,2026-04-20 22:23:41.701,2026-04-21 02:15:41.701,03:52:00,2026-09-05T16:43:03.832132+00:00,UseCase - Airlines.xlsx,True,
SJ112,SpiceJet,HYD,DEL,2026-04-20 22:20:41.702,2026-04-21 00:40:41.702,02:20:00,2026-09-05T16:43:03.832132+00:00,UseCase - Airlines.xlsx,True,
6F164,IndiGo,BLR,BOM,2026-04-20 22:18:41.703,2026-04-21 00:45:41.703,02:27:00,2026-09-05T16:43:03.832132+00:00,UseCase - Airlines.xlsx,True,
UK021,Vistara,HYD,MAA,2026-04-20 22:00:41.701,2026-04-20 23:50:41.701,01:50:00,2026-09-05T16:43:03.832132+00:00,UseCase - Airlines.xlsx,True,
SJ172,SpiceJet,CCU,DEL,2026-04-20 21:58:41.703,2026-04-21 01:14:41.703,03:16:00,2026-09-05T16:43:03.832132+00:00,UseCase - Airlines.xlsx,True,
AI060,Air India,DEL,HYD,2026-04-20 21:58:41.701,2026-04-20 23:51:41.701,01:53:00,2026-09-05T16:43:03.832132+00:00,UseCase - Airlines.xlsx,True,
SJ205,SpiceJet,HYD,CCU,2026-04-20 21:56:41.703,2026-04-20 23:00:41.703,01:04:00,2026-09-05T16:43:03.832132+00:00,UseCase - Airlines.xlsx,True,
SJ093,SpiceJet,BLR,BOM,2026-04-20 21:55:41.702,2026-04-20 23:01:41.702,01:06:00,2026-09-05T16:43:03.832132+00:00,UseCase - Airlines.xlsx,True,
6F195,IndiGo,CCU,DEL,2026-04-20 21:44:41.703,2026-04-20 22:39:41.703,00:55:00,2026-09-05T16:43:03.832132+00:00,UseCase - Airlines.xlsx,True,
UK003,UNKNOWN,HYD,DEL,2026-04-20 21:41:41.700,2026-04-21 02:19:41.700,04:38:00,2026-09-05T16:43:03.832132+00:00,UseCase - Airlines.xlsx,True,WARN_MISSING_AIRLINE
UK026,Vistara,HYD,MAA,2026-04-20 21:38:41.701,2026-04-20 23:44:41.701,02:06:00,2026-09-05T16:43:03.832132+00:00,UseCase - Airlines.xlsx,True,
6F174,IndiGo,DEL,HYD,2026-04-20 21:36:41.703,2026-04-20 22:16:41.703,00:40:00,2026-09-05T16:43:03.832132+00:00,UseCase - Airlines.xlsx,True,
UK067,Vistara,BOM,CCU,2026-04-20 21:36:41.701,2026-04-21 01:02:41.701,03:26:00,2026-09-05T16:43:03.832132+00:00,UseCase - Airlines.xlsx,True,
SJ149,SpiceJet,HYD,MAA,2026-04-20 21:20:41.702,2026-04-20 23:20:42.000,02:00:00.298000,2026-09-05T16:43:03.832132+00:00,UseCase - Airlines.xlsx,True,
6F213,IndiGo,BLR,BOM,2026-04-20 21:05:41.703,2026-04-21 00:32:41.703,03:27:00,2026-09-05T16:43:03.832132+00:00,UseCase - Airlines.xlsx,True,
UK200,Vistara,CCU,DEL,2026-04-20 20:54:41.703,2026-04-20 22:45:41.703,01:51:00,2026-09-05T16:43:03.832132+00:00,UseCase - Airlines.xlsx,True,
SJ214,SpiceJet,BOM,MAA,2026-04-20 20:54:41.703,2026-04-20 22:10:41.703,01:16:00,2026-09-05T16:43:03.832132+00:00,UseCase - Airlines.xlsx,True,
SJ047,SpiceJet,HYD,BOM,2026-04-20 20:44:41.701,2026-04-20 21:21:41.701,00:37:00,2026-09-05T16:43:03.832132+00:00,UseCase - Airlines.xlsx,True,
AI179,Air India,HYD,BOM,2026-04-20 20:41:41.703,2026-04-21 01:19:41.703,04:38:00,2026-09-05T16:43:03.832132+00:00,UseCase - Airlines.xlsx,True,
SJ153,SpiceJet,DEL,CCU,2026-04-20 20:37:41.702,2026-04-20 22:00:41.702,01:23:00,2026-09-05T16:43:03.832132+00:00,UseCase - Airlines.xlsx,True,
6F236,IndiGo,BOM,DEL,2026-04-20 20:35:41.704,2026-04-20 23:54:41.704,03:19:00,2026-09-05T16:43:03.832132+00:00,UseCase - Airlines.xlsx,True,
UK059,Vistara,HYD,MAA,2026-04-20 20:33:41.701,2026-04-20 22:10:41.701,01:37:00,2026-09-05T16:43:03.832132+00:00,UseCase - Airlines.xlsx,True,
SJ001,SpiceJet,BOM,MAA,2026-04-20 20:28:41.700,2026-04-21 01:15:41.700,04:47:00,2026-09-05T16:43:03.832132+00:00,UseCase - Airlines.xlsx,True,
SJ049,SpiceJet,CCU,DEL,2026-04-20 20:26:41.701,2026-04-21 00:26:41.701,04:00:00,2026-09-05T16:43:03.832132+00:00,UseCase - Airlines.xlsx,True,
6F086,IndiGo,MAA,HYD,2026-04-20 20:23:41.702,2026-04-20 21:00:41.702,00:37:00,2026-09-05T16:43:03.832132+00:00,UseCase - Airlines.xlsx,True,
AI220,Air India,BOM,DEL,2026-04-20 20:19:41.703,2026-04-20 21:57:41.703,01:38:00,2026-09-05T16:43:03.832132+00:00,UseCase - Airlines.xlsx,True,
AI188,Air India,CCU,HYD,2026-04-20 20:16:41.703,2026-04-20 23:02:41.703,02:46:00,2026-09-05T16:43:03.832132+00:00,UseCase - Airlines.xlsx,True,
6F114,IndiGo,BOM,MAA,2026-04-20 20:10:41.702,2026-04-20 21:00:41.702,00:50:00,2026-09-05T16:43:03.832132+00:00,UseCase - Airlines.xlsx,True,
SJ179,SpiceJet,DEL,HYD,2026-04-20 20:09:41.703,2026-04-20 23:39:41.703,03:30:00,2026-09-05T16:43:03.832132+00:00,UseCase - Airlines.xlsx,True,
6F190,IndiGo,DEL,MAA,2026-04-20 20:02:41.703,2026-04-21 00:36:41.703,04:34:00,2026-09-05T16:43:03.832132+00:00,UseCase - Airlines.xlsx,True,
SJ003,SpiceJet,MAA,CCU,2026-04-20 19:50:41.701,2026-04-20 20:32:41.701,00:42:00,2026-09-05T16:43:03.832132+00:00,UseCase - Airlines.xlsx,True,
6F028,IndiGo,HYD,CCU,2026-04-20 19:49:41.701,2026-04-20 21:49:41.701,02:00:00,2026-09-05T16:43:03.832132+00:00,UseCase - Airlines.xlsx,True,
UK036,Vistara,CCU,BLR,2026-04-20 19:48:41.701,2026-04-21 00:12:41.701,04:24:00,2026-09-05T16:43:03.832132+00:00,UseCase - Airlines.xlsx,True,
SJ160,SpiceJet,MAA,BLR,2026-04-20 19:45:41.703,2026-04-20 20:30:41.703,00:45:00,2026-09-05T16:43:03.832132+00:00,UseCase - Airlines.xlsx,True,
6F151,IndiGo,CCU,HYD,2026-04-20 19:44:41.703,2026-04-20 22:04:41.703,02:20:00,2026-09-05T16:43:03.832132+00:00,UseCase - Airlines.xlsx,True,
UK140,Vistara,MAA,BLR,2026-04-20 19:37:41.703,2026-04-20 21:00:41.703,01:23:00,2026-09-05T16:43:03.832132+00:00,UseCase - Airlines.xlsx,True,
AI115,Air India,MAA,BLR,2026-04-20 19:37:41.702,2026-04-21 00:26:41.702,04:49:00,2026-09-05T16:43:03.832132+00:00,UseCase - Airlines.xlsx,True,
AI132,Air India,BLR,BOM,2026-04-20 19:32:41.702,2026-04-20 21:41:41.702,02:09:00,2026-09-05T16:43:03.832132+00:00,UseCase - Airlines.xlsx,True,
UK209,,MAA,BLR,2026-04-20 19:02:41.704,2026-04-20 21:47:41.704,02:45:00,2026-09-05T16:43:03.832132+00:00,UseCase - Airlines.xlsx,True,WARN_MISSING_AIRLINE
SJ043,UNKNOWN,MAA,DEL,2026-04-20 18:59:41.701,2026-04-20 21:08:41.701,02:09:00,2026-09-05T16:43:03.832132+00:00,UseCase - Airlines.xlsx,True,WARN_MISSING_AIRLINE
UK176,Vistara,HYD,BLR,2026-04-20 18:41:41.703,2026-04-20 22:49:41.703,04:08:00,2026-09-05T16:43:03.832132+00:00,UseCase - Airlines.xlsx,True,
UK216,Vistara,MAA,HYD,2026-04-20 18:33:41.704,2026-04-20 21:47:41.704,03:14:00,2026-09-05T16:43:03.832132+00:00,UseCase - Airlines.xlsx,True,
UK150,Vistara,DEL,CCU,2026-04-20 18:31:41.703,2026-04-20 19:01:41.703,00:30:00,2026-09-05T16:43:03.832132+00:00,UseCase - Airlines.xlsx,True,
UK145,Vistara,BOM,HYD,2026-04-20 18:30:41.703,2026-04-20 20:41:41.703,02:11:00,2026-09-05T16:43:03.832132+00:00,UseCase - Airlines.xlsx,True,
6F270,,HYD,MAA,2026-04-20 18:14:41.701,2026-04-20 19:02:41.701,00:48:00,2026-09-05T16:43:03.832132+00:00,UseCase - Airlines.xlsx,True,WARN_MISSING_AIRLINE
6F012,IndiGo,CCU,HYD,2026-04-20 18:06:41.701,2026-04-20 21:31:41.701,03:25:00,2026-09-05T16:43:03.832132+00:00,UseCase - Airlines.xlsx,True,
SJ236,SpiceJet,MAA,BOM,2026-04-20 18:03:41.704,2026-04-20 22:02:41.704,03:59:00,2026-09-05T16:43:03.832132+00:00,UseCase - Airlines.xlsx,True,
6F149,IndiGo,BLR,CCU,2026-04-20 17:57:41.703,2026-04-20 20:42:41.703,02:45:00,2026-09-05T16:43:03.832132+00:00,UseCase - Airlines.xlsx,True,
UK004,Vistara,BOM,CCU,2026-04-20 17:56:41.700,2026-04-20 18:30:41.700,00:34:00,2026-09-05T16:43:03.832132+00:00,UseCase - Airlines.xlsx,True,
UK010,Vistara,MAA,HYD,2026-04-20 17:53:41.701,2026-04-20 20:40:41.701,02:47:00,2026-09-05T16:43:03.832132+00:00,UseCase - Airlines.xlsx,True,
UK215,Vistara,BOM,DEL,2026-04-20 17:38:41.704,2026-04-20 19:50:41.704,02:12:00,2026-09-05T16:43:03.832132+00:00,UseCase - Airlines.xlsx,True,
SJ116,SpiceJet,HYD,CCU,2026-04-20 17:33:41.702,2026-04-20 19:02:41.702,01:29:00,2026-09-05T16:43:03.832132+00:00,UseCase - Airlines.xlsx,True,
SJ023,SpiceJet,HYD,MAA,2026-04-20 17:27:41.701,2026-04-20 19:09:41.701,01:42:00,2026-09-05T16:43:03.832132+00:00,UseCase - Airlines.xlsx,True,
UK152,Vistara,BOM,CCU,2026-04-20 17:24:41.703,2026-04-20 20:13:41.703,02:49:00,2026-09-05T16:43:03.832132+00:00,UseCase - Airlines.xlsx,True,
SJ202,SpiceJet,CCU,HYD,2026-04-20 17:21:41.703,2026-04-20 19:08:41.703,01:47:00,2026-09-05T16:43:03.832132+00:00,UseCase - Airlines.xlsx,True,
6F043,IndiGo,BOM,HYD,2026-04-20 17:17:41.701,2026-04-20 18:43:41.701,01:26:00,2026-09-05T16:43:03.832132+00:00,UseCase - Airlines.xlsx,True,
UK173,Vistara,MAA,BLR,2026-04-20 17:06:41.703,2026-04-20 21:22:41.703,04:16:00,2026-09-05T16:43:03.832132+00:00,UseCase - Airlines.xlsx,True,
SJ081,SpiceJet,BOM,BLR,2026-04-20 17:04:41.702,2026-04-20 18:53:41.702,01:49:00,2026-09-05T16:43:03.832132+00:00,UseCase - Airlines.xlsx,True,
UK153,Vistara,CCU,HYD,2026-04-20 16:52:41.703,2026-04-20 20:53:41.703,04:01:00,2026-09-05T16:43:03.832132+00:00,UseCase - Airlines.xlsx,True,
UK187,Vistara,BLR,BOM,2026-04-20 16:52:41.703,2026-04-20 18:42:41.703,01:50:00,2026-09-05T16:43:03.832132+00:00,UseCase - Airlines.xlsx,True,
UK055,Vistara,HYD,DEL,2026-04-20 16:48:41.701,2026-04-20 19:31:41.701,02:43:00,2026-09-05T16:43:03.832132+00:00,UseCase - Airlines.xlsx,True,
UK181,Vistara,MAA,DEL,2026-04-20 16:44:41.703,2026-04-20 19:26:41.703,02:42:00,2026-09-05T16:43:03.832132+00:00,UseCase - Airlines.xlsx,True,
UK074,Vistara,BOM,DEL,2026-04-20 16:44:41.702,2026-04-20 18:41:41.702,01:57:00,2026-09-05T16:43:03.832132+00:00,UseCase - Airlines.xlsx,True,
SJ068,SpiceJet,BLR,BOM,2026-04-20 16:44:41.701,2026-04-20 18:48:41.701,02:04:00,2026-09-05T16:43:03.832132+00:00,UseCase - Airlines.xlsx,True,
AI242,UNKNOWN,BLR,CCU,2026-04-20 16:41:41.704,2026-04-20 17:43:41.704,01:02:00,2026-09-05T16:43:03.832132+00:00,UseCase - Airlines.xlsx,True,WARN_MISSING_AIRLINE
AI242,UNKNOWN,BLR,CCU,2026-04-20 16:41:41.704,2026-04-20 17:43:41.704,01:02:00,2026-09-05T16:43:03.832132+00:00,UseCase - Airlines.xlsx,True,WARN_MISSING_AIRLINE
SJ237,SpiceJet,BOM,CCU,2026-04-20 16:32:41.704,2026-04-20 19:00:41.704,02:28:00,2026-09-05T16:43:03.832132+00:00,UseCase - Airlines.xlsx,True,
6F194,IndiGo,BOM,CCU,2026-04-20 16:29:41.703,2026-04-20 18:27:41.703,01:58:00,2026-09-05T16:43:03.832132+00:00,UseCase - Airlines.xlsx,True,
UK063,Vistara,DEL,BOM,2026-04-20 16:29:41.701,2026-04-20 17:41:41.701,01:12:00,2026-09-05T16:43:03.832132+00:00,UseCase - Airlines.xlsx,True,
UK068,Vistara,BLR,MAA,2026-04-20 16:28:41.701,2026-04-20 18:09:41.701,01:41:00,2026-09-05T16:43:03.832132+00:00,UseCase - Airlines.xlsx,True,
UK224,,CCU,MAA,2026-04-20 16:25:41.704,2026-04-20 20:24:41.704,03:59:00,2026-09-05T16:43:03.832132+00:00,UseCase - Airlines.xlsx,True,WARN_MISSING_AIRLINE
UK077,UNKNOWN,HYD,BOM,2026-04-20 16:22:41.702,2026-04-20 18:00:41.702,01:38:00,2026-09-05T16:43:03.832132+00:00,UseCase - Airlines.xlsx,True,WARN_MISSING_AIRLINE
UK207,Vistara,MAA,CCU,2026-04-20 16:21:41.703,2026-04-20 17:36:41.703,01:15:00,2026-09-05T16:43:03.832132+00:00,UseCase - Airlines.xlsx,True,
AI221,Air India,MAA,HYD,2026-04-20 16:18:41.703,2026-04-20 18:54:41.703,02:36:00,2026-09-05T16:43:03.832132+00:00,UseCase - Airlines.xlsx,True,
UK109,Vistara,BLR,BOM,2026-04-20 16:06:41.702,2026-04-20 17:06:42.000,01:00:00.298000,2026-09-05T16:43:03.832132+00:00,UseCase - Airlines.xlsx,True,
UK089,Vistara,BOM,HYD,2026-04-20 15:38:41.702,2026-04-20 19:50:41.702,04:12:00,2026-09-05T16:43:03.832132+00:00,UseCase - Airlines.xlsx,True,
AI072,Air India,BLR,CCU,2026-04-20 15:34:41.702,2026-04-20 16:32:41.702,00:58:00,2026-09-05T16:43:03.832132+00:00,UseCase - Airlines.xlsx,True,
UK131,Vistara,BOM,DEL,2026-04-20 15:33:41.702,2026-04-20 19:39:41.702,04:06:00,2026-09-05T16:43:03.832132+00:00,UseCase - Airlines.xlsx,True,
SJ150,SpiceJet,BOM,HYD,2026-04-20 15:33:41.702,2026-04-20 19:03:41.702,03:30:00,2026-09-05T16:43:03.832132+00:00,UseCase - Airlines.xlsx,True,
6F097,IndiGo,BLR,BOM,2026-04-20 15:32:41.702,2026-04-20 16:49:41.702,01:17:00,2026-09-05T16:43:03.832132+00:00,UseCase - Airlines.xlsx,True,
6F123,IndiGo,DEL,HYD,2026-04-20 15:26:41.702,2026-04-20 17:12:41.702,01:46:00,2026-09-05T16:43:03.832132+00:00,UseCase - Airlines.xlsx,True,
6F017,IndiGo,CCU,BOM,2026-04-20 15:25:41.701,2026-04-20 18:06:41.701,02:41:00,2026-09-05T16:43:03.832132+00:00,UseCase - Airlines.xlsx,True,
6F245,IndiGo,CCU,BOM,2026-04-20 15:25:41.701,2026-04-20 18:06:41.701,02:41:00,2026-09-05T16:43:03.832132+00:00,UseCase - Airlines.xlsx,True,
6F180,IndiGo,MAA,BLR,2026-04-20 15:24:41.703,2026-04-20 19:48:41.703,04:24:00,2026-09-05T16:43:03.832132+00:00,UseCase - Airlines.xlsx,True,
6F152,IndiGo,CCU,DEL,2026-04-20 15:21:41.703,2026-04-20 17:25:41.703,02:04:00,2026-09-05T16:43:03.832132+00:00,UseCase - Airlines.xlsx,True,
SJ034,SpiceJet,MAA,BOM,2026-04-20 15:20:41.701,2026-04-20 20:11:41.701,04:51:00,2026-09-05T16:43:03.832132+00:00,UseCase - Airlines.xlsx,True,
SJ142,SpiceJet,CCU,BOM,2026-04-20 15:14:41.702,2026-04-20 16:56:41.702,01:42:00,2026-09-05T16:43:03.832132+00:00,UseCase - Airlines.xlsx,True,
SJ142,SpiceJet,CCU,BOM,2026-04-20 15:14:41.702,2026-04-20 16:56:41.702,01:42:00,2026-09-05T16:43:03.832132+00:00,UseCase - Airlines.xlsx,True,
UK189,Vistara,BLR,MAA,2026-04-20 15:07:41.703,2026-04-20 18:51:41.703,03:44:00,2026-09-05T16:43:03.832132+00:00,UseCase - Airlines.xlsx,True,
SJ044,SpiceJet,DEL,CCU,2026-04-20 15:06:41.701,2026-04-20 17:43:41.701,02:37:00,2026-09-05T16:43:03.832132+00:00,UseCase - Airlines.xlsx,True,
SJ196,SpiceJet,DEL,HYD,2026-04-20 14:58:41.703,2026-04-20 17:44:41.703,02:46:00,2026-09-05T16:43:03.832132+00:00,UseCase - Airlines.xlsx,True,
6F188,IndiGo,DEL,HYD,2026-04-20 14:57:41.703,2026-04-20 19:39:41.703,04:42:00,2026-09-05T16:43:03.832132+00:00,UseCase - Airlines.xlsx,True,
6F181,IndiGo,BOM,MAA,2026-04-20 14:55:41.703,2026-04-20 16:43:41.703,01:48:00,2026-09-05T16:43:03.832132+00:00,UseCase - Airlines.xlsx,True,
6F077,IndiGo,CCU,DEL,2026-04-20 14:55:41.702,2026-04-20 19:13:41.702,04:18:00,2026-09-05T16:43:03.832132+00:00,UseCase - Airlines.xlsx,True,
SJ154,SpiceJet,BLR,HYD,2026-04-20 14:47:41.702,2026-04-20 16:26:41.702,01:39:00,2026-09-05T16:43:03.832132+00:00,UseCase - Airlines.xlsx,True,
AI025,Air India,HYD,DEL,2026-04-20 14:46:41.701,2026-04-20 17:11:41.701,02:25:00,2026-09-05T16:43:03.832132+00:00,UseCase - Airlines.xlsx,True,
AI094,Air India,DEL,BLR,2026-04-20 14:44:41.702,2026-04-20 15:44:42.000,01:00:00.298000,2026-09-05T16:43:03.832132+00:00,UseCase - Airlines.xlsx,True,
6F191,IndiGo,BLR,DEL,2026-04-20 14:41:41.703,2026-04-20 15:11:41.703,00:30:00,2026-09-05T16:43:03.832132+00:00,UseCase - Airlines.xlsx,True,
SJ085,SpiceJet,BLR,MAA,2026-04-20 14:41:41.702,2026-04-20 19:11:41.702,04:30:00,2026-09-05T16:43:03.832132+00:00,UseCase - Airlines.xlsx,True,
6F261,,CCU,DEL,2026-04-20 14:31:41.703,2026-04-20 17:29:41.703,02:58:00,2026-09-05T16:43:03.832132+00:00,UseCase - Airlines.xlsx,True,WARN_MISSING_AIRLINE
6F129,IndiGo,DEL,CCU,2026-04-20 14:28:41.702,2026-04-20 16:47:41.702,02:19:00,2026-09-05T16:43:03.832132+00:00,UseCase - Airlines.xlsx,True,
6F254,,MAA,BLR,2026-04-20 14:26:41.703,2026-04-20 18:01:41.703,03:35:00,2026-09-05T16:43:03.832132+00:00,UseCase - Airlines.xlsx,True,WARN_MISSING_AIRLINE
SJ185,SpiceJet,BOM,CCU,2026-04-20 14:21:41.703,2026-04-20 15:21:41.703,01:00:00,2026-09-05T16:43:03.832132+00:00,UseCase - Airlines.xlsx,True,
6F030,IndiGo,BOM,DEL,2026-04-20 14:20:41.701,2026-04-20 17:10:41.701,02:50:00,2026-09-05T16:43:03.832132+00:00,UseCase - Airlines.xlsx,True,
SJ222,SpiceJet,BOM,DEL,2026-04-20 14:15:41.703,2026-04-20 17:09:41.703,02:54:00,2026-09-05T16:43:03.832132+00:00,UseCase - Airlines.xlsx,True,
6F259,,BOM,DEL,2026-04-20 14:10:41.703,2026-04-20 15:21:41.703,01:11:00,2026-09-05T16:43:03.832132+00:00,UseCase - Airlines.xlsx,True,WARN_MISSING_AIRLINE
UK083,Vistara,DEL,HYD,2026-04-20 14:10:41.702,2026-04-20 14:59:41.702,00:49:00,2026-09-05T16:43:03.832132+00:00,UseCase - Airlines.xlsx,True,
6F051,IndiGo,BLR,BOM,2026-04-20 13:58:41.701,2026-04-20 15:58:41.701,02:00:00,2026-09-05T16:43:03.832132+00:00,UseCase - Airlines.xlsx,True,
SJ088,SpiceJet,CCU,MAA,2026-04-20 13:54:41.702,2026-04-20 14:26:41.702,00:32:00,2026-09-05T16:43:03.832132+00:00,UseCase - Airlines.xlsx,True,
6F146,IndiGo,HYD,MAA,2026-04-20 13:51:41.703,2026-04-20 15:07:41.703,01:16:00,2026-09-05T16:43:03.832132+00:00,UseCase - Airlines.xlsx,True,
6F047,IndiGo,MAA,DEL,2026-04-20 13:50:41.701,2026-04-20 15:55:41.701,02:05:00,2026-09-05T16:43:03.832132+00:00,UseCase - Airlines.xlsx,True,
AI077,Air India,CCU,HYD,2026-04-20 13:45:41.702,2026-04-20 14:51:41.702,01:06:00,2026-09-05T16:43:03.832132+00:00,UseCase - Airlines.xlsx,True,
UK134,Vistara,HYD,CCU,2026-04-20 13:44:41.702,2026-04-20 17:26:41.702,03:42:00,2026-09-05T16:43:03.832132+00:00,UseCase - Airlines.xlsx,True,
AI056,Air India,DEL,MAA,2026-04-20 13:44:41.701,2026-04-20 17:39:41.701,03:55:00,2026-09-05T16:43:03.832132+00:00,UseCase - Airlines.xlsx,True,
UK141,,HYD,MAA,2026-04-20 13:38:41.703,2026-04-20 15:59:41.703,02:21:00,2026-09-05T16:43:03.832132+00:00,UseCase - Airlines.xlsx,True,WARN_MISSING_AIRLINE
AI030,Air India,CCU,HYD,2026-04-20 13:33:41.701,2026-04-20 16:52:41.701,03:19:00,2026-09-05T16:43:03.832132+00:00,UseCase - Airlines.xlsx,True,
AI029,Air India,MAA,DEL,2026-04-20 13:29:41.701,2026-04-20 17:53:41.701,04:24:00,2026-09-05T16:43:03.832132+00:00,UseCase - Airlines.xlsx,True,
SJ167,SpiceJet,MAA,CCU,2026-04-20 13:18:41.703,2026-04-20 14:12:41.703,00:54:00,2026-09-05T16:43:03.832132+00:00,UseCase - Airlines.xlsx,True,
UK017,Vistara,BLR,HYD,2026-04-20 13:14:41.701,2026-04-20 14:49:41.701,01:35:00,2026-09-05T16:43:03.832132+00:00,UseCase - Airlines.xlsx,True,
6F229,IndiGo,MAA,DEL,2026-04-20 13:10:41.704,2026-04-20 14:30:41.704,01:20:00,2026-09-05T16:43:03.832132+00:00,UseCase - Airlines.xlsx,True,
SJ117,SpiceJet,MAA,BLR,2026-04-20 13:10:41.702,2026-04-20 17:06:41.702,03:56:00,2026-09-05T16:43:03.832132+00:00,UseCase - Airlines.xlsx,True,
6F184,IndiGo,MAA,BOM,2026-04-20 13:05:41.703,2026-04-20 16:04:41.703,02:59:00,2026-09-05T16:43:03.832132+00:00,UseCase - Airlines.xlsx,True,
AI031,Air India,DEL,MAA,2026-04-20 13:05:41.701,2026-04-20 16:11:41.701,03:06:00,2026-09-05T16:43:03.832132+00:00,UseCase - Airlines.xlsx,True,
AI031,Air India,DEL,MAA,2026-04-20 13:05:41.701,2026-04-20 16:11:41.701,03:06:00,2026-09-05T16:43:03.832132+00:00,UseCase - Airlines.xlsx,True,
AI178,Air India,CCU,BLR,2026-04-20 13:04:41.703,2026-04-20 14:03:41.703,00:59:00,2026-09-05T16:43:03.832132+00:00,UseCase - Airlines.xlsx,True,
SJ089,SpiceJet,HYD,CCU,2026-04-20 12:42:41.702,2026-04-20 17:15:41.702,04:33:00,2026-09-05T16:43:03.832132+00:00,UseCase - Airlines.xlsx,True,
UK166,Vistara,HYD,MAA,2026-04-20 12:39:41.703,2026-04-20 17:32:41.703,04:53:00,2026-09-05T16:43:03.832132+00:00,UseCase - Airlines.xlsx,True,
UK104,Vistara,DEL,BOM,2026-04-20 12:30:41.702,2026-04-20 13:52:41.702,01:22:00,2026-09-05T16:43:03.832132+00:00,UseCase - Airlines.xlsx,True,
6F168,IndiGo,HYD,DEL,2026-04-20 12:18:41.703,2026-04-20 15:58:41.703,03:40:00,2026-09-05T16:43:03.832132+00:00,UseCase - Airlines.xlsx,True,
AI222,UNKNOWN,BOM,DEL,2026-04-20 12:10:41.703,2026-04-20 13:14:41.703,01:04:00,2026-09-05T16:43:03.832132+00:00,UseCase - Airlines.xlsx,True,WARN_MISSING_AIRLINE
SJ025,SpiceJet,BOM,CCU,2026-04-20 12:02:41.701,2026-04-20 15:29:41.701,03:27:00,2026-09-05T16:43:03.832132+00:00,UseCase - Airlines.xlsx,True,
6F255,,DEL,BOM,2026-04-20 11:59:41.703,2026-04-20 15:33:41.703,03:34:00,2026-09-05T16:43:03.832132+00:00,UseCase - Airlines.xlsx,True,WARN_MISSING_AIRLINE
UK228,Vistara,DEL,MAA,2026-04-20 11:58:41.704,2026-04-20 15:08:41.704,03:10:00,2026-09-05T16:43:03.832132+00:00,UseCase - Airlines.xlsx,True,
6F158,IndiGo,CCU,MAA,2026-04-20 11:58:41.703,2026-04-20 16:04:41.703,04:06:00,2026-09-05T16:43:03.832132+00:00,UseCase - Airlines.xlsx,True,
SJ218,SpiceJet,DEL,HYD,2026-04-20 11:58:41.703,2026-04-20 15:03:41.703,03:05:00,2026-09-05T16:43:03.832132+00:00,UseCase - Airlines.xlsx,True,
6F034,IndiGo,BOM,DEL,2026-04-20 11:53:41.701,2026-04-20 12:49:41.701,00:56:00,2026-09-05T16:43:03.832132+00:00,UseCase - Airlines.xlsx,True,
UK156,Vistara,MAA,BLR,2026-04-20 11:50:41.703,2026-04-20 15:54:41.703,04:04:00,2026-09-05T16:43:03.832132+00:00,UseCase - Airlines.xlsx,True,
6F105,IndiGo,BLR,BOM,2026-04-20 11:46:41.702,2026-04-20 12:58:41.702,01:12:00,2026-09-05T16:43:03.832132+00:00,UseCase - Airlines.xlsx,True,
6F073,IndiGo,DEL,CCU,2026-04-20 11:38:41.702,2026-04-20 15:18:41.702,03:40:00,2026-09-05T16:43:03.832132+00:00,UseCase - Airlines.xlsx,True,
SJ074,SpiceJet,DEL,CCU,2026-04-20 11:21:41.701,2026-04-20 12:02:41.701,00:41:00,2026-09-05T16:43:03.832132+00:00,UseCase - Airlines.xlsx,True,
6F234,IndiGo,BOM,DEL,2026-04-20 11:20:41.704,2026-04-20 14:11:41.704,02:51:00,2026-09-05T16:43:03.832132+00:00,UseCase - Airlines.xlsx,True,
6F068,IndiGo,BLR,HYD,2026-04-20 11:17:41.701,2026-04-20 15:06:41.701,03:49:00,2026-09-05T16:43:03.832132+00:00,UseCase - Airlines.xlsx,True,
6F074,IndiGo,HYD,BOM,2026-04-20 11:09:41.702,2026-04-20 14:29:41.702,03:20:00,2026-09-05T16:43:03.832132+00:00,UseCase - Airlines.xlsx,True,
AI038,Air India,HYD,MAA,2026-04-20 11:05:41.701,2026-04-20 15:44:41.701,04:39:00,2026-09-05T16:43:03.832132+00:00,UseCase - Airlines.xlsx,True,
AI079,Air India,CCU,BLR,2026-04-20 11:04:41.702,2026-04-20 13:19:41.702,02:15:00,2026-09-05T16:43:03.832132+00:00,UseCase - Airlines.xlsx,True,
SJ018,SpiceJet,BOM,CCU,2026-04-20 10:58:41.701,2026-04-20 13:31:41.701,02:33:00,2026-09-05T16:43:03.832132+00:00,UseCase - Airlines.xlsx,True,
6F018,IndiGo,DEL,BLR,2026-04-20 10:57:41.701,2026-04-20 11:43:41.701,00:46:00,2026-09-05T16:43:03.832132+00:00,UseCase - Airlines.xlsx,True,
AI091,Air India,CCU,MAA,2026-04-20 10:52:41.702,2026-04-20 15:15:41.702,04:23:00,2026-09-05T16:43:03.832132+00:00,UseCase - Airlines.xlsx,True,
UK071,Vistara,DEL,HYD,2026-04-20 10:50:41.701,2026-04-20 14:06:41.701,03:16:00,2026-09-05T16:43:03.832132+00:00,UseCase - Airlines.xlsx,True,
AI019,Air India,BOM,CCU,2026-04-20 10:49:41.701,2026-04-20 11:51:41.701,01:02:00,2026-09-05T16:43:03.832132+00:00,UseCase - Airlines.xlsx,True,
UK212,Vistara,HYD,MAA,2026-04-20 10:46:41.704,2026-04-20 11:31:41.704,00:45:00,2026-09-05T16:43:03.832132+00:00,UseCase - Airlines.xlsx,True,
AI146,Air India,BLR,DEL,2026-04-20 10:40:41.702,2026-04-20 13:46:41.702,03:06:00,2026-09-05T16:43:03.832132+00:00,UseCase - Airlines.xlsx,True,
6F232,IndiGo,MAA,BLR,2026-04-20 10:39:41.704,2026-04-20 12:22:41.704,01:43:00,2026-09-05T16:43:03.832132+00:00,UseCase - Airlines.xlsx,True,
6F084,IndiGo,CCU,HYD,2026-04-20 10:34:41.702,2026-04-20 11:34:42.000,01:00:00.298000,2026-09-05T16:43:03.832132+00:00,UseCase - Airlines.xlsx,True,
AI129,Air India,BOM,CCU,2026-04-20 10:29:41.702,2026-04-20 13:38:41.702,03:09:00,2026-09-05T16:43:03.832132+00:00,UseCase - Airlines.xlsx,True,
AI240,Air India,MAA,DEL,2026-04-20 10:19:41.704,2026-04-20 12:46:41.704,02:27:00,2026-09-05T16:43:03.832132+00:00,UseCase - Airlines.xlsx,True,
6F091,IndiGo,BLR,CCU,2026-04-20 10:10:41.702,2026-04-20 11:36:41.702,01:26:00,2026-09-05T16:43:03.832132+00:00,UseCase - Airlines.xlsx,True,
UK133,Vistara,BOM,DEL,2026-04-20 10:04:41.702,2026-04-20 13:16:41.702,03:12:00,2026-09-05T16:43:03.832132+00:00,UseCase - Airlines.xlsx,True,
SJ007,SpiceJet,BOM,CCU,2026-04-20 10:03:41.701,2026-04-20 14:53:41.701,04:50:00,2026-09-05T16:43:03.832132+00:00,UseCase - Airlines.xlsx,True,
SJ141,SpiceJet,CCU,DEL,2026-04-20 10:00:41.702,2026-04-20 13:37:41.702,03:37:00,2026-09-05T16:43:03.832132+00:00,UseCase - Airlines.xlsx,True,
6F049,IndiGo,HYD,DEL,2026-04-20 10:00:41.701,2026-04-20 13:13:41.701,03:13:00,2026-09-05T16:43:03.832132+00:00,UseCase - Airlines.xlsx,True,
SJ235,SpiceJet,BOM,DEL,2026-04-20 09:57:41.704,2026-04-20 13:45:41.704,03:48:00,2026-09-05T16:43:03.832132+00:00,UseCase - Airlines.xlsx,True,
UK087,Vistara,HYD,MAA,2026-04-20 09:49:41.702,2026-04-20 13:17:41.702,03:28:00,2026-09-05T16:43:03.832132+00:00,UseCase - Airlines.xlsx,True,
UK170,Vistara,BOM,BLR,2026-04-20 09:42:41.703,2026-04-20 11:32:41.703,01:50:00,2026-09-05T16:43:03.832132+00:00,UseCase - Airlines.xlsx,True,
SJ078,SpiceJet,DEL,HYD,2026-04-20 09:41:41.701,2026-04-20 12:49:41.701,03:08:00,2026-09-05T16:43:03.832132+00:00,UseCase - Airlines.xlsx,True,
SJ075,SpiceJet,MAA,BLR,2026-04-20 09:26:41.701,2026-04-20 11:03:41.701,01:37:00,2026-09-05T16:43:03.832132+00:00,UseCase - Airlines.xlsx,True,
AI159,Air India,HYD,BLR,2026-04-20 09:23:41.703,2026-04-20 11:36:41.703,02:13:00,2026-09-05T16:43:03.832132+00:00,UseCase - Airlines.xlsx,True,
UK120,Vistara,HYD,DEL,2026-04-20 09:19:41.702,2026-04-20 13:30:41.702,04:11:00,2026-09-05T16:43:03.832132+00:00,UseCase - Airlines.xlsx,True,
AI059,Air India,CCU,DEL,2026-04-20 09:16:41.701,2026-04-20 11:43:41.701,02:27:00,2026-09-05T16:43:03.832132+00:00,UseCase - Airlines.xlsx,True,
UK040,Vistara,HYD,CCU,2026-04-20 09:15:41.701,2026-04-20 10:32:41.701,01:17:00,2026-09-05T16:43:03.832132+00:00,UseCase - Airlines.xlsx,True,
AI044,UNKNOWN,MAA,BLR,2026-04-20 09:03:41.701,2026-04-20 12:36:41.701,03:33:00,2026-09-05T16:43:03.832132+00:00,UseCase - Airlines.xlsx,True,WARN_MISSING_AIRLINE
AI078,Air India,DEL,BOM,2026-04-20 08:58:41.702,2026-04-20 13:28:41.702,04:30:00,2026-09-05T16:43:03.832132+00:00,UseCase - Airlines.xlsx,True,
SJ226,SpiceJet,HYD,BOM,2026-04-20 08:47:41.704,2026-04-20 12:54:41.704,04:07:00,2026-09-05T16:43:03.832132+00:00,UseCase - Airlines.xlsx,True,
6F209,IndiGo,MAA,CCU,2026-04-20 08:40:41.703,2026-04-20 13:40:41.703,05:00:00,2026-09-05T16:43:03.832132+00:00,UseCase - Airlines.xlsx,True,
UK193,Vistara,HYD,DEL,2026-04-20 08:39:41.703,2026-04-20 09:14:41.703,00:35:00,2026-09-05T16:43:03.832132+00:00,UseCase - Airlines.xlsx,True,
6F092,IndiGo,MAA,BLR,2026-04-20 08:39:41.702,2026-04-20 09:15:41.702,00:36:00,2026-09-05T16:43:03.832132+00:00,UseCase - Airlines.xlsx,True,
AI208,Air India,BLR,BOM,2026-04-20 08:38:41.703,2026-04-20 11:52:41.703,03:14:00,2026-09-05T16:43:03.832132+00:00,UseCase - Airlines.xlsx,True,
SJ227,SpiceJet,BOM,CCU,2026-04-20 08:32:41.704,2026-04-20 12:53:41.704,04:21:00,2026-09-05T16:43:03.832132+00:00,UseCase - Airlines.xlsx,True,
6F238,IndiGo,BOM,DEL,2026-04-20 08:31:41.704,2026-04-20 09:19:41.704,00:48:00,2026-09-05T16:43:03.832132+00:00,UseCase - Airlines.xlsx,True,
AI084,Air India,BOM,HYD,2026-04-20 08:31:41.702,2026-04-20 09:46:41.702,01:15:00,2026-09-05T16:43:03.832132+00:00,UseCase - Airlines.xlsx,True,
SJ228,SpiceJet,BOM,CCU,2026-04-20 08:29:41.704,2026-04-20 12:16:41.704,03:47:00,2026-09-05T16:43:03.832132+00:00,UseCase - Airlines.xlsx,True,
UK194,Vistara,CCU,BOM,2026-04-20 08:26:41.703,2026-04-20 09:26:42.000,01:00:00.297000,2026-09-05T16:43:03.832132+00:00,UseCase - Airlines.xlsx,True,
6F126,IndiGo,CCU,MAA,2026-04-20 08:21:41.702,2026-04-20 09:39:41.702,01:18:00,2026-09-05T16:43:03.832132+00:00,UseCase - Airlines.xlsx,True,
SJ052,SpiceJet,MAA,BLR,2026-04-20 08:20:41.701,2026-04-20 09:57:41.701,01:37:00,2026-09-05T16:43:03.832132+00:00,UseCase - Airlines.xlsx,True,
AI233,Air India,BLR,BOM,2026-04-20 08:04:41.704,2026-04-20 09:52:41.704,01:48:00,2026-09-05T16:43:03.832132+00:00,UseCase - Airlines.xlsx,True,
AI213,Air India,HYD,CCU,2026-04-20 08:03:41.703,2026-04-20 09:14:41.703,01:11:00,2026-09-05T16:43:03.832132+00:00,UseCase - Airlines.xlsx,True,
UK076,Vistara,MAA,CCU,2026-04-20 08:03:41.702,2026-04-20 12:26:41.702,04:23:00,2026-09-05T16:43:03.832132+00:00,UseCase - Airlines.xlsx,True,
SJ022,SpiceJet,DEL,BLR,2026-04-20 07:56:41.701,2026-04-20 11:07:41.701,03:11:00,2026-09-05T16:43:03.832132+00:00,UseCase - Airlines.xlsx,True,
SJ002,SpiceJet,DEL,BOM,2026-04-20 07:54:41.701,2026-04-20 12:40:41.701,04:46:00,2026-09-05T16:43:03.832132+00:00,UseCase - Airlines.xlsx,True,
AI163,Air India,HYD,MAA,2026-04-20 07:45:41.703,2026-04-20 08:46:41.703,01:01:00,2026-09-05T16:43:03.832132+00:00,UseCase - Airlines.xlsx,True,
UK229,UNKNOWN,HYD,DEL,2026-04-20 07:40:41.704,2026-04-20 11:57:41.704,04:17:00,2026-09-05T16:43:03.832132+00:00,UseCase - Airlines.xlsx,True,WARN_MISSING_AIRLINE
UK185,Vistara,DEL,MAA,2026-04-20 07:31:41.703,2026-04-20 08:48:41.703,01:17:00,2026-09-05T16:43:03.832132+00:00,UseCase - Airlines.xlsx,True,
6F029,IndiGo,BOM,BLR,2026-04-20 07:31:41.701,2026-04-20 11:45:41.701,04:14:00,2026-09-05T16:43:03.832132+00:00,UseCase - Airlines.xlsx,True,
6F056,IndiGo,BOM,MAA,2026-04-20 07:00:41.701,2026-04-20 08:49:41.701,01:49:00,2026-09-05T16:43:03.832132+00:00,UseCase - Airlines.xlsx,True,
AI062,Air India,MAA,DEL,2026-04-20 06:49:41.701,2026-04-20 07:25:41.701,00:36:00,2026-09-05T16:43:03.832132+00:00,UseCase - Airlines.xlsx,True,
UK034,Vistara,DEL,BLR,2026-04-20 06:47:41.701,2026-04-20 10:11:41.701,03:24:00,2026-09-05T16:43:03.832132+00:00,UseCase - Airlines.xlsx,True,
UK079,Vistara,DEL,BLR,2026-04-20 06:43:41.702,2026-04-20 10:34:41.702,03:51:00,2026-09-05T16:43:03.832132+00:00,UseCase - Airlines.xlsx,True,
AI135,Air India,BLR,BOM,2026-04-20 06:40:41.702,2026-04-20 09:21:41.702,02:41:00,2026-09-05T16:43:03.832132+00:00,UseCase - Airlines.xlsx,True,
SJ061,SpiceJet,MAA,BLR,2026-04-20 06:38:41.701,2026-04-20 09:35:41.701,02:57:00,2026-09-05T16:43:03.832132+00:00,UseCase - Airlines.xlsx,True,
AI047,,CCU,MAA,2026-04-20 06:36:41.701,2026-04-20 07:23:41.701,00:47:00,2026-09-05T16:43:03.832132+00:00,UseCase - Airlines.xlsx,True,WARN_MISSING_AIRLINE
UK210,Vistara,DEL,CCU,2026-04-20 06:35:41.704,2026-04-20 07:30:41.704,00:55:00,2026-09-05T16:43:03.832132+00:00,UseCase - Airlines.xlsx,True,
AI088,UNKNOWN,MAA,DEL,2026-04-20 06:34:41.702,2026-04-20 10:10:41.702,03:36:00,2026-09-05T16:43:03.832132+00:00,UseCase - Airlines.xlsx,True,WARN_MISSING_AIRLINE
UK177,Vistara,DEL,HYD,2026-04-20 06:21:41.703,2026-04-20 10:50:41.703,04:29:00,2026-09-05T16:43:03.832132+00:00,UseCase - Airlines.xlsx,True,
AI128,,BOM,CCU,2026-04-20 06:07:41.702,2026-04-20 10:03:41.702,03:56:00,2026-09-05T16:43:03.832132+00:00,UseCase - Airlines.xlsx,True,WARN_MISSING_AIRLINE
AI158,Air India,CCU,DEL,2026-04-20 06:04:41.703,2026-04-20 09:01:41.703,02:57:00,2026-09-05T16:43:03.832132+00:00,UseCase - Airlines.xlsx,True,
UK206,Vistara,MAA,BLR,2026-04-20 06:01:41.703,2026-04-20 10:34:41.703,04:33:00,2026-09-05T16:43:03.832132+00:00,UseCase - Airlines.xlsx,True,
SJ138,,BLR,BOM,2026-04-20 05:55:41.702,2026-04-20 06:43:41.702,00:48:00,2026-09-05T16:43:03.832132+00:00,UseCase - Airlines.xlsx,True,WARN_MISSING_AIRLINE
AI034,Air India,DEL,BOM,2026-04-20 05:48:41.701,2026-04-20 10:31:41.701,04:43:00,2026-09-05T16:43:03.832132+00:00,UseCase - Airlines.xlsx,True,
AI012,Air India,BOM,CCU,2026-04-20 05:44:41.701,2026-04-20 09:47:41.701,04:03:00,2026-09-05T16:43:03.832132+00:00,UseCase - Airlines.xlsx,True,
6F083,IndiGo,BLR,DEL,2026-04-20 05:24:41.702,2026-04-20 06:03:41.702,00:39:00,2026-09-05T16:43:03.832132+00:00,UseCase - Airlines.xlsx,True,
SJ083,SpiceJet,MAA,BLR,2026-04-20 05:13:41.702,2026-04-20 08:17:41.702,03:04:00,2026-09-05T16:43:03.832132+00:00,UseCase - Airlines.xlsx,True,
SJ186,SpiceJet,CCU,DEL,2026-04-20 05:11:41.703,2026-04-20 07:22:41.703,02:11:00,2026-09-05T16:43:03.832132+00:00,UseCase - Airlines.xlsx,True,
UK001,Vistara,CCU,DEL,2026-04-20 05:06:41.700,2026-04-20 06:31:41.700,01:25:00,2026-09-05T16:43:03.832132+00:00,UseCase - Airlines.xlsx,True,
AI217,Air India,CCU,BLR,2026-04-20 04:57:41.703,2026-04-20 07:14:41.703,02:17:00,2026-09-05T16:43:03.832132+00:00,UseCase - Airlines.xlsx,True,
6F178,IndiGo,BOM,CCU,2026-04-20 04:48:41.703,2026-04-20 09:11:41.703,04:23:00,2026-09-05T16:43:03.832132+00:00,UseCase - Airlines.xlsx,True,
UK015,Vistara,BLR,BOM,2026-04-20 04:46:41.701,2026-04-20 06:33:41.701,01:47:00,2026-09-05T16:43:03.832132+00:00,UseCase - Airlines.xlsx,True,
AI112,Air India,DEL,BLR,2026-04-20 04:41:41.702,2026-04-20 08:24:41.702,03:43:00,2026-09-05T16:43:03.832132+00:00,UseCase - Airlines.xlsx,True,
UK100,Vistara,CCU,BLR,2026-04-20 04:40:41.702,2026-04-20 07:12:41.702,02:32:00,2026-09-05T16:43:03.832132+00:00,UseCase - Airlines.xlsx,True,
6F133,IndiGo,MAA,BLR,2026-04-20 04:38:41.702,2026-04-20 06:25:41.702,01:47:00,2026-09-05T16:43:03.832132+00:00,UseCase - Airlines.xlsx,True,
AI227,Air India,BLR,MAA,2026-04-20 04:31:41.703,2026-04-20 08:17:41.703,03:46:00,2026-09-05T16:43:03.832132+00:00,UseCase - Airlines.xlsx,True,
UK093,Vistara,HYD,CCU,2026-04-20 04:31:41.702,2026-04-20 05:21:41.702,00:50:00,2026-09-05T16:43:03.832132+00:00,UseCase - Airlines.xlsx,True,
UK203,Vistara,BLR,HYD,2026-04-20 04:12:41.703,2026-04-20 05:24:41.703,01:12:00,2026-09-05T16:43:03.832132+00:00,UseCase - Airlines.xlsx,True,
UK154,Vistara,MAA,HYD,2026-04-20 04:00:41.703,2026-04-20 07:57:41.703,03:57:00,2026-09-05T16:43:03.832132+00:00,UseCase - Airlines.xlsx,True,
UK073,Vistara,BLR,CCU,2026-04-20 03:59:41.702,2026-04-20 08:09:41.702,04:10:00,2026-09-05T16:43:03.832132+00:00,UseCase - Airlines.xlsx,True,
AI164,Air India,DEL,BLR,2026-04-20 03:57:41.703,2026-04-20 05:45:41.703,01:48:00,2026-09-05T16:43:03.832132+00:00,UseCase - Airlines.xlsx,True,
UK008,Vistara,CCU,BLR,2026-04-20 03:57:41.701,2026-04-20 04:34:41.701,00:37:00,2026-09-05T16:43:03.832132+00:00,UseCase - Airlines.xlsx,True,
UK051,Vistara,HYD,DEL,2026-04-20 03:55:41.701,2026-04-20 06:55:41.701,03:00:00,2026-09-05T16:43:03.832132+00:00,UseCase - Airlines.xlsx,True,
UK208,Vistara,DEL,CCU,2026-04-20 03:54:41.704,2026-04-20 08:51:41.704,04:57:00,2026-09-05T16:43:03.832132+00:00,UseCase - Airlines.xlsx,True,
AI150,Air India,BOM,DEL,2026-04-20 03:51:41.703,2026-04-20 04:38:41.703,00:47:00,2026-09-05T16:43:03.832132+00:00,UseCase - Airlines.xlsx,True,
AI189,Air India,CCU,DEL,2026-04-20 03:44:41.703,2026-04-20 05:32:41.703,01:48:00,2026-09-05T16:43:03.832132+00:00,UseCase - Airlines.xlsx,True,
6F230,IndiGo,CCU,BLR,2026-04-20 03:34:41.704,2026-04-20 06:47:41.704,03:13:00,2026-09-05T16:43:03.832132+00:00,UseCase - Airlines.xlsx,True,
6F169,IndiGo,BOM,DEL,2026-04-20 03:27:41.703,2026-04-20 08:06:41.703,04:39:00,2026-09-05T16:43:03.832132+00:00,UseCase - Airlines.xlsx,True,
AI205,Air India,BLR,BOM,2026-04-20 03:26:41.703,2026-04-20 05:14:41.703,01:48:00,2026-09-05T16:43:03.832132+00:00,UseCase - Airlines.xlsx,True,
AI103,Air India,BLR,BOM,2026-04-20 03:26:41.702,2026-04-20 04:04:41.702,00:38:00,2026-09-05T16:43:03.832132+00:00,UseCase - Airlines.xlsx,True,
6F250,UNKNOWN,DEL,BLR,2026-04-20 03:26:41.701,2026-04-20 07:30:41.701,04:04:00,2026-09-05T16:43:03.832132+00:00,UseCase - Airlines.xlsx,True,WARN_MISSING_AIRLINE
AI246,Air India,BOM,BLR,2026-04-20 03:22:41.704,2026-04-20 06:41:41.704,03:19:00,2026-09-05T16:43:03.832132+00:00,UseCase - Airlines.xlsx,True,
6F187,IndiGo,BOM,MAA,2026-04-20 03:19:41.703,2026-04-20 07:37:41.703,04:18:00,2026-09-05T16:43:03.832132+00:00,UseCase - Airlines.xlsx,True,
AI082,Air India,DEL,CCU,2026-04-20 03:19:41.702,2026-04-20 06:01:41.702,02:42:00,2026-09-05T16:43:03.832132+00:00,UseCase - Airlines.xlsx,True,
UK116,Vistara,CCU,BOM,2026-04-20 03:18:41.702,2026-04-20 07:06:41.702,03:48:00,2026-09-05T16:43:03.832132+00:00,UseCase - Airlines.xlsx,True,
SJ169,SpiceJet,BOM,MAA,2026-04-20 03:10:41.703,2026-04-20 07:56:41.703,04:46:00,2026-09-05T16:43:03.832132+00:00,UseCase - Airlines.xlsx,True,
AI175,Air India,BOM,HYD,2026-04-20 03:08:41.703,2026-04-20 06:55:41.703,03:47:00,2026-09-05T16:43:03.832132+00:00,UseCase - Airlines.xlsx,True,
SJ098,SpiceJet,HYD,MAA,2026-04-20 03:02:41.702,2026-04-20 03:37:41.702,00:35:00,2026-09-05T16:43:03.832132+00:00,UseCase - Airlines.xlsx,True,
SJ191,SpiceJet,BLR,BOM,2026-04-20 03:01:41.703,2026-04-20 04:23:41.703,01:22:00,2026-09-05T16:43:03.832132+00:00,UseCase - Airlines.xlsx,True,
SJ017,SpiceJet,DEL,MAA,2026-04-20 02:57:41.701,2026-04-20 05:00:41.701,02:03:00,2026-09-05T16:43:03.832132+00:00,UseCase - Airlines.xlsx,True,
UK188,Vistara,MAA,BLR,2026-04-20 02:55:41.703,2026-04-20 03:44:41.703,00:49:00,2026-09-05T16:43:03.832132+00:00,UseCase - Airlines.xlsx,True,
AI196,Air India,MAA,HYD,2026-04-20 02:52:41.703,2026-04-20 04:25:41.703,01:33:00,2026-09-05T16:43:03.832132+00:00,UseCase - Airlines.xlsx,True,
AI068,Air India,BOM,BLR,2026-04-20 02:48:41.702,2026-04-20 04:48:42.000,02:00:00.298000,2026-09-05T16:43:03.832132+00:00,UseCase - Airlines.xlsx,True,
SJ097,SpiceJet,BOM,CCU,2026-04-20 02:37:41.702,2026-04-20 05:27:41.702,02:50:00,2026-09-05T16:43:03.832132+00:00,UseCase - Airlines.xlsx,True,
SJ030,SpiceJet,DEL,HYD,2026-04-20 02:36:41.701,2026-04-20 03:19:41.701,00:43:00,2026-09-05T16:43:03.832132+00:00,UseCase - Airlines.xlsx,True,
6F179,IndiGo,HYD,MAA,2026-04-20 02:25:41.703,2026-04-20 06:40:41.703,04:15:00,2026-09-05T16:43:03.832132+00:00,UseCase - Airlines.xlsx,True,
6F156,IndiGo,MAA,BOM,2026-04-20 02:23:41.703,2026-04-20 04:57:41.703,02:34:00,2026-09-05T16:43:03.832132+00:00,UseCase - Airlines.xlsx,True,
6F250,UNKNOWN,CCU,BLR,2026-04-20 02:23:41.702,2026-04-20 02:56:41.702,00:33:00,2026-09-05T16:43:03.832132+00:00,UseCase - Airlines.xlsx,True,WARN_MISSING_AIRLINE
SJ057,SpiceJet,BOM,CCU,2026-04-20 02:17:41.701,2026-04-20 05:29:41.701,03:12:00,2026-09-05T16:43:03.832132+00:00,UseCase - Airlines.xlsx,True,
6F036,IndiGo,CCU,BLR,2026-04-20 02:14:41.701,2026-04-20 06:57:41.701,04:43:00,2026-09-05T16:43:03.832132+00:00,UseCase - Airlines.xlsx,True,
6F201,IndiGo,CCU,BOM,2026-04-20 02:09:41.703,2026-04-20 06:49:41.703,04:40:00,2026-09-05T16:43:03.832132+00:00,UseCase - Airlines.xlsx,True,
6F143,IndiGo,CCU,DEL,2026-04-20 02:09:41.702,2026-04-20 06:08:41.702,03:59:00,2026-09-05T16:43:03.832132+00:00,UseCase - Airlines.xlsx,True,
6F177,IndiGo,HYD,MAA,2026-04-20 02:03:41.703,2026-04-20 04:25:41.703,02:22:00,2026-09-05T16:43:03.832132+00:00,UseCase - Airlines.xlsx,True,
6F031,IndiGo,BOM,BLR,2026-04-20 02:00:41.701,2026-04-20 06:37:41.701,04:37:00,2026-09-05T16:43:03.832132+00:00,UseCase - Airlines.xlsx,True,
UK165,Vistara,DEL,BLR,2026-04-20 01:51:41.703,2026-04-20 06:04:41.703,04:13:00,2026-09-05T16:43:03.832132+00:00,UseCase - Airlines.xlsx,True,
6F122,IndiGo,DEL,BLR,2026-04-20 01:44:41.702,2026-04-20 05:28:41.702,03:44:00,2026-09-05T16:43:03.832132+00:00,UseCase - Airlines.xlsx,True,
AI009,,DEL,CCU,2026-04-20 01:31:41.701,2026-04-20 04:05:41.701,02:34:00,2026-09-05T16:43:03.832132+00:00,UseCase - Airlines.xlsx,True,WARN_MISSING_AIRLINE
6F046,IndiGo,DEL,BLR,2026-04-20 01:27:41.701,2026-04-20 05:08:41.701,03:41:00,2026-09-05T16:43:03.832132+00:00,UseCase - Airlines.xlsx,True,
AI051,Air India,MAA,BLR,2026-04-20 01:27:41.701,2026-04-20 02:22:41.701,00:55:00,2026-09-05T16:43:03.832132+00:00,UseCase - Airlines.xlsx,True,
UK222,Vistara,BOM,CCU,2026-04-20 01:22:41.704,2026-04-20 02:57:41.704,01:35:00,2026-09-05T16:43:03.832132+00:00,UseCase - Airlines.xlsx,True,
SJ127,SpiceJet,BOM,DEL,2026-04-20 01:21:41.702,2026-04-20 03:58:41.702,02:37:00,2026-09-05T16:43:03.832132+00:00,UseCase - Airlines.xlsx,True,
AI226,,BLR,HYD,2026-04-20 01:19:41.703,2026-04-20 04:08:41.703,02:49:00,2026-09-05T16:43:03.832132+00:00,UseCase - Airlines.xlsx,True,WARN_MISSING_AIRLINE
AI216,Air India,BOM,CCU,2026-04-20 01:10:41.703,2026-04-20 02:34:41.703,01:24:00,2026-09-05T16:43:03.832132+00:00,UseCase - Airlines.xlsx,True,
6F058,IndiGo,BOM,CCU,2026-04-20 01:04:41.701,2026-04-20 03:33:41.701,02:29:00,2026-09-05T16:43:03.832132+00:00,UseCase - Airlines.xlsx,True,
SJ207,SpiceJet,DEL,CCU,2026-04-20 00:52:41.703,2026-04-20 04:05:41.703,03:13:00,2026-09-05T16:43:03.832132+00:00,UseCase - Airlines.xlsx,True,
SJ198,SpiceJet,CCU,BOM,2026-04-20 00:47:41.703,2026-04-20 05:28:41.703,04:41:00,2026-09-05T16:43:03.832132+00:00,UseCase - Airlines.xlsx,True,
SJ108,SpiceJet,BLR,HYD,2026-04-20 00:40:41.702,2026-04-20 03:16:41.702,02:36:00,2026-09-05T16:43:03.832132+00:00,UseCase - Airlines.xlsx,True,
SJ155,SpiceJet,DEL,CCU,2026-04-20 00:38:41.702,2026-04-20 05:38:41.702,05:00:00,2026-09-05T16:43:03.832132+00:00,UseCase - Airlines.xlsx,True,
6F193,IndiGo,BOM,MAA,2026-04-20 00:34:41.703,2026-04-20 02:32:41.703,01:58:00,2026-09-05T16:43:03.832132+00:00,UseCase - Airlines.xlsx,True,
6F019,IndiGo,BLR,BOM,2026-04-20 00:19:41.701,2026-04-20 04:14:41.701,03:55:00,2026-09-05T16:43:03.832132+00:00,UseCase - Airlines.xlsx,True,
AI102,Air India,CCU,BLR,2026-04-20 00:17:41.702,2026-04-20 05:08:41.702,04:51:00,2026-09-05T16:43:03.832132+00:00,UseCase - Airlines.xlsx,True,
6F166,IndiGo,BOM,CCU,2026-04-20 00:03:41.703,2026-04-20 04:33:41.703,04:30:00,2026-09-05T16:43:03.832132+00:00,UseCase - Airlines.xlsx,True,
UK175,Vistara,BLR,BOM,2026-04-19 23:56:41.703,2026-04-20 03:18:41.703,03:22:00,2026-09-05T16:43:03.832132+00:00,UseCase - Airlines.xlsx,True,
6F010,IndiGo,DEL,BLR,2026-04-19 23:53:41.701,2026-04-20 03:44:41.701,03:51:00,2026-09-05T16:43:03.832132+00:00,UseCase - Airlines.xlsx,True,
AI234,Air India,BOM,MAA,2026-04-19 23:50:41.704,2026-04-20 01:34:41.704,01:44:00,2026-09-05T16:43:03.832132+00:00,UseCase - Airlines.xlsx,True,
UK135,Vistara,HYD,DEL,2026-04-19 23:50:41.702,2026-04-20 01:43:41.702,01:53:00,2026-09-05T16:43:03.832132+00:00,UseCase - Airlines.xlsx,True,
6F272,,HYD,MAA,2026-04-19 23:35:41.702,2026-04-20 00:22:41.702,00:47:00,2026-09-05T16:43:03.832132+00:00,UseCase - Airlines.xlsx,True,WARN_MISSING_AIRLINE
AI061,Air India,BOM,CCU,2026-04-19 23:31:41.701,2026-04-20 01:02:41.701,01:31:00,2026-09-05T16:43:03.832132+00:00,UseCase - Airlines.xlsx,True,
6F070,IndiGo,HYD,DEL,2026-04-19 23:23:41.701,2026-04-20 02:24:41.701,03:01:00,2026-09-05T16:43:03.832132+00:00,UseCase - Airlines.xlsx,True,
AI015,Air India,BLR,CCU,2026-04-19 23:21:41.701,2026-04-20 01:15:41.701,01:54:00,2026-09-05T16:43:03.832132+00:00,UseCase - Airlines.xlsx,True,
SJ076,SpiceJet,DEL,MAA,2026-04-19 23:01:41.701,2026-04-20 02:02:41.701,03:01:00,2026-09-05T16:43:03.832132+00:00,UseCase - Airlines.xlsx,True,
SJ029,UNKNOWN,HYD,DEL,2026-04-19 22:55:41.701,2026-04-20 00:22:41.701,01:27:00,2026-09-05T16:43:03.832132+00:00,UseCase - Airlines.xlsx,True,WARN_MISSING_AIRLINE
SJ194,SpiceJet,CCU,DEL,2026-04-19 22:46:41.703,2026-04-20 02:31:41.703,03:45:00,2026-09-05T16:43:03.832132+00:00,UseCase - Airlines.xlsx,True,
AI235,Air India,BLR,HYD,2026-04-19 22:45:41.704,2026-04-20 02:12:41.704,03:27:00,2026-09-05T16:43:03.832132+00:00,UseCase - Airlines.xlsx,True,
SJ048,SpiceJet,MAA,BLR,2026-04-19 22:43:41.701,2026-04-20 00:19:41.701,01:36:00,2026-09-05T16:43:03.832132+00:00,UseCase - Airlines.xlsx,True,
SJ114,SpiceJet,HYD,DEL,2026-04-19 22:42:41.702,2026-04-20 02:02:41.702,03:20:00,2026-09-05T16:43:03.832132+00:00,UseCase - Airlines.xlsx,True,
SJ146,SpiceJet,HYD,BLR,2026-04-19 22:37:41.702,2026-04-20 00:33:41.702,01:56:00,2026-09-05T16:43:03.832132+00:00,UseCase - Airlines.xlsx,True,
SJ146,SpiceJet,HYD,BLR,2026-04-19 22:37:41.702,2026-04-20 00:33:41.702,01:56:00,2026-09-05T16:43:03.832132+00:00,UseCase - Airlines.xlsx,True,
UK041,Vistara,HYD,MAA,2026-04-19 22:37:41.701,2026-04-19 23:44:41.701,01:07:00,2026-09-05T16:43:03.832132+00:00,UseCase - Airlines.xlsx,True,
6F075,IndiGo,BOM,CCU,2026-04-19 22:20:41.702,2026-04-20 03:02:41.702,04:42:00,2026-09-05T16:43:03.832132+00:00,UseCase - Airlines.xlsx,True,
SJ020,SpiceJet,BLR,BOM,2026-04-19 22:18:41.701,2026-04-20 02:27:41.701,04:09:00,2026-09-05T16:43:03.832132+00:00,UseCase - Airlines.xlsx,True,
SJ099,,MAA,BLR,2026-04-19 22:14:41.702,2026-04-20 00:34:41.702,02:20:00,2026-09-05T16:43:03.832132+00:00,UseCase - Airlines.xlsx,True,WARN_MISSING_AIRLINE
6F078,IndiGo,BOM,CCU,2026-04-19 22:04:41.702,2026-04-19 23:37:41.702,01:33:00,2026-09-05T16:43:03.832132+00:00,UseCase - Airlines.xlsx,True,
UK219,Vistara,BOM,HYD,2026-04-19 22:03:41.704,2026-04-20 02:21:41.704,04:18:00,2026-09-05T16:43:03.832132+00:00,UseCase - Airlines.xlsx,True,
UK223,Vistara,CCU,DEL,2026-04-19 21:58:41.704,2026-04-19 22:30:41.704,00:32:00,2026-09-05T16:43:03.832132+00:00,UseCase - Airlines.xlsx,True,
UK227,Vistara,BOM,HYD,2026-04-19 21:57:41.704,2026-04-20 01:47:41.704,03:50:00,2026-09-05T16:43:03.832132+00:00,UseCase - Airlines.xlsx,True,
6F260,,CCU,DEL,2026-04-19 21:51:41.702,2026-04-20 01:14:41.702,03:23:00,2026-09-05T16:43:03.832132+00:00,UseCase - Airlines.xlsx,True,WARN_MISSING_AIRLINE
AI096,Air India,CCU,DEL,2026-04-19 21:48:41.702,2026-04-20 02:46:41.702,04:58:00,2026-09-05T16:43:03.832132+00:00,UseCase - Airlines.xlsx,True,
6F022,IndiGo,MAA,BLR,2026-04-19 21:46:41.701,2026-04-20 02:05:41.701,04:19:00,2026-09-05T16:43:03.832132+00:00,UseCase - Airlines.xlsx,True,
6F237,IndiGo,HYD,MAA,2026-04-19 21:41:41.704,2026-04-20 00:44:41.704,03:03:00,2026-09-05T16:43:03.832132+00:00,UseCase - Airlines.xlsx,True,
UK146,Vistara,BOM,MAA,2026-04-19 21:40:41.703,2026-04-20 00:08:41.703,02:28:00,2026-09-05T16:43:03.832132+00:00,UseCase - Airlines.xlsx,True,
SJ015,SpiceJet,BOM,CCU,2026-04-19 21:40:41.701,2026-04-19 22:52:41.701,01:12:00,2026-09-05T16:43:03.832132+00:00,UseCase - Airlines.xlsx,True,
AI108,Air India,BLR,CCU,2026-04-19 21:32:41.702,2026-04-20 00:17:41.702,02:45:00,2026-09-05T16:43:03.832132+00:00,UseCase - Airlines.xlsx,True,
UK020,Vistara,MAA,BLR,2026-04-19 21:23:41.701,2026-04-19 22:38:41.701,01:15:00,2026-09-05T16:43:03.832132+00:00,UseCase - Airlines.xlsx,True,
6F113,IndiGo,BOM,CCU,2026-04-19 21:04:41.702,2026-04-20 01:30:41.702,04:26:00,2026-09-05T16:43:03.832132+00:00,UseCase - Airlines.xlsx,True,
6F112,IndiGo,HYD,DEL,2026-04-19 21:00:41.702,2026-04-19 23:16:41.702,02:16:00,2026-09-05T16:43:03.832132+00:00,UseCase - Airlines.xlsx,True,
6F246,IndiGo,HYD,DEL,2026-04-19 21:00:41.702,2026-04-19 23:16:41.702,02:16:00,2026-09-05T16:43:03.832132+00:00,UseCase - Airlines.xlsx,True,
UK158,Vistara,BOM,MAA,2026-04-19 20:49:41.703,2026-04-19 21:22:41.703,00:33:00,2026-09-05T16:43:03.832132+00:00,UseCase - Airlines.xlsx,True,
UK159,Vistara,CCU,BLR,2026-04-19 20:45:41.703,2026-04-19 23:32:41.703,02:47:00,2026-09-05T16:43:03.832132+00:00,UseCase - Airlines.xlsx,True,
UK084,Vistara,MAA,DEL,2026-04-19 20:44:41.702,2026-04-20 00:20:41.702,03:36:00,2026-09-05T16:43:03.832132+00:00,UseCase - Airlines.xlsx,True,
SJ206,SpiceJet,DEL,CCU,2026-04-19 20:43:41.703,2026-04-20 01:21:41.703,04:38:00,2026-09-05T16:43:03.832132+00:00,UseCase - Airlines.xlsx,True,
UK044,Vistara,BLR,BOM,2026-04-19 20:31:41.701,2026-04-19 23:29:41.701,02:58:00,2026-09-05T16:43:03.832132+00:00,UseCase - Airlines.xlsx,True,
SJ036,SpiceJet,DEL,HYD,2026-04-19 20:24:41.701,2026-04-19 23:54:41.701,03:30:00,2026-09-05T16:43:03.832132+00:00,UseCase - Airlines.xlsx,True,
6F176,IndiGo,CCU,DEL,2026-04-19 20:23:42.000,2026-04-19 23:23:42.000,03:00:00,2026-09-05T16:43:03.832132+00:00,UseCase - Airlines.xlsx,True,
6F148,IndiGo,CCU,BOM,2026-04-19 20:23:41.703,2026-04-19 22:30:41.703,02:07:00,2026-09-05T16:43:03.832132+00:00,UseCase - Airlines.xlsx,True,
6F202,IndiGo,HYD,BLR,2026-04-19 20:18:41.703,2026-04-19 23:48:41.703,03:30:00,2026-09-05T16:43:03.832132+00:00,UseCase - Airlines.xlsx,True,
6F071,IndiGo,DEL,CCU,2026-04-19 20:18:41.702,2026-04-20 00:31:41.702,04:13:00,2026-09-05T16:43:03.832132+00:00,UseCase - Airlines.xlsx,True,
AI105,Air India,CCU,DEL,2026-04-19 20:16:41.702,2026-04-19 22:03:41.702,01:47:00,2026-09-05T16:43:03.832132+00:00,UseCase - Airlines.xlsx,True,
AI241,Air India,HYD,BLR,2026-04-19 20:11:41.704,2026-04-19 22:18:41.704,02:07:00,2026-09-05T16:43:03.832132+00:00,UseCase - Airlines.xlsx,True,
SJ162,SpiceJet,DEL,HYD,2026-04-19 20:11:41.703,2026-04-19 22:30:41.703,02:19:00,2026-09-05T16:43:03.832132+00:00,UseCase - Airlines.xlsx,True,
6F003,IndiGo,HYD,BOM,2026-04-19 20:06:41.700,2026-04-19 23:13:41.700,03:07:00,2026-09-05T16:43:03.832132+00:00,UseCase - Airlines.xlsx,True,
6F249,IndiGo,HYD,BOM,2026-04-19 20:06:41.700,2026-04-19 23:13:41.700,03:07:00,2026-09-05T16:43:03.832132+00:00,UseCase - Airlines.xlsx,True,
AI237,Air India,BOM,CCU,2026-04-19 19:58:41.704,2026-04-19 23:13:41.704,03:15:00,2026-09-05T16:43:03.832132+00:00,UseCase - Airlines.xlsx,True,
SJ134,SpiceJet,BOM,CCU,2026-04-19 19:58:41.702,2026-04-20 00:15:41.702,04:17:00,2026-09-05T16:43:03.832132+00:00,UseCase - Airlines.xlsx,True,
AI071,Air India,BOM,MAA,2026-04-19 19:55:41.702,2026-04-19 22:58:41.702,03:03:00,2026-09-05T16:43:03.832132+00:00,UseCase - Airlines.xlsx,True,
6F118,IndiGo,CCU,HYD,2026-04-19 19:52:41.702,2026-04-19 21:01:41.702,01:09:00,2026-09-05T16:43:03.832132+00:00,UseCase - Airlines.xlsx,True,
6F014,IndiGo,DEL,MAA,2026-04-19 19:42:41.701,2026-04-19 23:15:41.701,03:33:00,2026-09-05T16:43:03.832132+00:00,UseCase - Airlines.xlsx,True,
6F065,IndiGo,MAA,BLR,2026-04-19 19:40:41.701,2026-04-19 22:23:41.701,02:43:00,2026-09-05T16:43:03.832132+00:00,UseCase - Airlines.xlsx,True,
6F271,,HYD,MAA,2026-04-19 19:33:41.702,2026-04-19 22:52:41.702,03:19:00,2026-09-05T16:43:03.832132+00:00,UseCase - Airlines.xlsx,True,WARN_MISSING_AIRLINE
SJ070,SpiceJet,MAA,CCU,2026-04-19 18:55:41.701,2026-04-19 20:48:41.701,01:53:00,2026-09-05T16:43:03.832132+00:00,UseCase - Airlines.xlsx,True,
6F007,IndiGo,HYD,MAA,2026-04-19 18:55:41.701,2026-04-19 19:54:41.701,00:59:00,2026-09-05T16:43:03.832132+00:00,UseCase - Airlines.xlsx,True,
UK007,Vistara,DEL,HYD,2026-04-19 18:50:41.701,2026-04-19 21:04:41.701,02:14:00,2026-09-05T16:43:03.832132+00:00,UseCase - Airlines.xlsx,True,
SJ192,SpiceJet,HYD,BOM,2026-04-19 18:45:42.000,2026-04-18 23:45:42.000,1899-12-29 05:00:00,2026-09-05T16:43:03.832132+00:00,UseCase - Airlines.xlsx,True,
AI097,Air India,HYD,MAA,2026-04-19 18:42:41.702,2026-04-19 23:34:41.702,04:52:00,2026-09-05T16:43:03.832132+00:00,UseCase - Airlines.xlsx,True,
6F256,,BOM,CCU,2026-04-19 18:40:41.702,2026-04-19 19:13:41.702,00:33:00,2026-09-05T16:43:03.832132+00:00,UseCase - Airlines.xlsx,True,WARN_MISSING_AIRLINE
UK047,Vistara,BLR,HYD,2026-04-19 18:40:41.701,2026-04-19 22:45:41.701,04:05:00,2026-09-05T16:43:03.832132+00:00,UseCase - Airlines.xlsx,True,
AI024,Air India,MAA,BOM,2026-04-19 18:38:41.701,2026-04-19 19:45:41.701,01:07:00,2026-09-05T16:43:03.832132+00:00,UseCase - Airlines.xlsx,True,
UK113,Vistara,CCU,DEL,2026-04-19 18:34:41.702,2026-04-19 22:58:41.702,04:24:00,2026-09-05T16:43:03.832132+00:00,UseCase - Airlines.xlsx,True,
SJ163,SpiceJet,DEL,HYD,2026-04-19 18:32:41.703,2026-04-19 23:08:41.703,04:36:00,2026-09-05T16:43:03.832132+00:00,UseCase - Airlines.xlsx,True,
SJ208,SpiceJet,DEL,HYD,2026-04-19 18:32:41.703,2026-04-19 19:33:41.703,01:01:00,2026-09-05T16:43:03.832132+00:00,UseCase - Airlines.xlsx,True,
SJ221,SpiceJet,MAA,HYD,2026-04-19 18:31:41.703,2026-04-19 23:17:41.703,04:46:00,2026-09-05T16:43:03.832132+00:00,UseCase - Airlines.xlsx,True,
SJ084,SpiceJet,HYD,MAA,2026-04-19 18:31:41.702,2026-04-19 19:30:41.702,00:59:00,2026-09-05T16:43:03.832132+00:00,UseCase - Airlines.xlsx,True,
6F127,IndiGo,HYD,BOM,2026-04-19 18:27:41.702,2026-04-19 22:28:41.702,04:01:00,2026-09-05T16:43:03.832132+00:00,UseCase - Airlines.xlsx,True,
AI122,Air India,BOM,CCU,2026-04-19 18:25:41.702,2026-04-19 22:36:41.702,04:11:00,2026-09-05T16:43:03.832132+00:00,UseCase - Airlines.xlsx,True,
AI139,Air India,HYD,MAA,2026-04-19 18:23:41.702,2026-04-19 19:24:41.702,01:01:00,2026-09-05T16:43:03.832132+00:00,UseCase - Airlines.xlsx,True,
UK149,Vistara,MAA,DEL,2026-04-19 18:22:41.703,2026-04-19 23:08:41.703,04:46:00,2026-09-05T16:43:03.832132+00:00,UseCase - Airlines.xlsx,True,
AI149,Air India,BOM,HYD,2026-04-19 18:19:41.703,2026-04-19 21:36:41.703,03:17:00,2026-09-05T16:43:03.832132+00:00,UseCase - Airlines.xlsx,True,
SJ243,SpiceJet,BLR,DEL,2026-04-19 18:17:41.704,2026-04-19 23:03:41.704,04:46:00,2026-09-05T16:43:03.832132+00:00,UseCase - Airlines.xlsx,True,
AI053,Air India,CCU,DEL,2026-04-19 18:04:41.701,2026-04-19 22:19:41.701,04:15:00,2026-09-05T16:43:03.832132+00:00,UseCase - Airlines.xlsx,True,
UK061,Vistara,BLR,BOM,2026-04-19 17:58:41.701,2026-04-19 19:48:41.701,01:50:00,2026-09-05T16:43:03.832132+00:00,UseCase - Airlines.xlsx,True,
SJ004,SpiceJet,MAA,DEL,2026-04-19 17:52:41.701,2026-04-19 21:01:41.701,03:09:00,2026-09-05T16:43:03.832132+00:00,UseCase - Airlines.xlsx,True,
AI173,Air India,HYD,DEL,2026-04-19 17:36:41.703,2026-04-19 22:27:41.703,04:51:00,2026-09-05T16:43:03.832132+00:00,UseCase - Airlines.xlsx,True,
6F085,IndiGo,HYD,MAA,2026-04-19 17:32:41.702,2026-04-19 19:32:42.000,02:00:00.298000,2026-09-05T16:43:03.832132+00:00,UseCase - Airlines.xlsx,True,
AI252,,HYD,DEL,2026-04-19 17:30:41.704,2026-04-19 21:54:41.704,04:24:00,2026-09-05T16:43:03.832132+00:00,UseCase - Airlines.xlsx,True,WARN_MISSING_AIRLINE
SJ109,SpiceJet,BOM,DEL,2026-04-19 17:24:41.702,2026-04-19 20:28:41.702,03:04:00,2026-09-05T16:43:03.832132+00:00,UseCase - Airlines.xlsx,True,
UK123,Vistara,BOM,DEL,2026-04-19 17:24:41.702,2026-04-19 20:18:41.702,02:54:00,2026-09-05T16:43:03.832132+00:00,UseCase - Airlines.xlsx,True,
6F125,IndiGo,BOM,CCU,2026-04-19 17:09:41.702,2026-04-19 21:13:41.702,04:04:00,2026-09-05T16:43:03.832132+00:00,UseCase - Airlines.xlsx,True,
UK183,Vistara,BLR,CCU,2026-04-19 17:07:41.703,2026-04-19 18:30:41.703,01:23:00,2026-09-05T16:43:03.832132+00:00,UseCase - Airlines.xlsx,True,
AI110,Air India,BOM,CCU,2026-04-19 17:07:41.702,2026-04-19 22:00:41.702,04:53:00,2026-09-05T16:43:03.832132+00:00,UseCase - Airlines.xlsx,True,
UK105,Vistara,CCU,HYD,2026-04-19 17:04:41.702,2026-04-19 18:11:41.702,01:07:00,2026-09-05T16:43:03.832132+00:00,UseCase - Airlines.xlsx,True,
6F128,IndiGo,HYD,DEL,2026-04-19 16:56:41.702,2026-04-19 18:03:41.702,01:07:00,2026-09-05T16:43:03.832132+00:00,UseCase - Airlines.xlsx,True,
6F224,IndiGo,DEL,MAA,2026-04-19 16:53:41.704,2026-04-19 18:52:41.704,01:59:00,2026-09-05T16:43:03.832132+00:00,UseCase - Airlines.xlsx,True,
SJ130,SpiceJet,BOM,DEL,2026-04-19 16:53:41.702,2026-04-19 20:53:41.702,04:00:00,2026-09-05T16:43:03.832132+00:00,UseCase - Airlines.xlsx,True,
AI224,Air India,DEL,HYD,2026-04-19 16:51:41.703,2026-04-19 21:36:41.703,04:45:00,2026-09-05T16:43:03.832132+00:00,UseCase - Airlines.xlsx,True,
SJ182,SpiceJet,CCU,BOM,2026-04-19 16:48:41.703,2026-04-19 17:36:41.703,00:48:00,2026-09-05T16:43:03.832132+00:00,UseCase - Airlines.xlsx,True,
UK164,Vistara,BOM,HYD,2026-04-19 16:46:41.703,2026-04-19 21:10:41.703,04:24:00,2026-09-05T16:43:03.832132+00:00,UseCase - Airlines.xlsx,True,
AI161,Air India,CCU,BOM,2026-04-19 16:40:41.703,2026-04-19 19:40:41.703,03:00:00,2026-09-05T16:43:03.832132+00:00,UseCase - Airlines.xlsx,True,
6F206,IndiGo,DEL,BOM,2026-04-19 16:39:41.703,2026-04-19 20:59:41.703,04:20:00,2026-09-05T16:43:03.832132+00:00,UseCase - Airlines.xlsx,True,
SJ204,SpiceJet,CCU,DEL,2026-04-19 16:34:41.703,2026-04-19 18:15:41.703,01:41:00,2026-09-05T16:43:03.832132+00:00,UseCase - Airlines.xlsx,True,
AI206,Air India,CCU,MAA,2026-04-19 16:30:41.703,2026-04-19 20:01:41.703,03:31:00,2026-09-05T16:43:03.832132+00:00,UseCase - Airlines.xlsx,True,
6F140,IndiGo,CCU,HYD,2026-04-19 16:30:41.702,2026-04-19 18:21:41.702,01:51:00,2026-09-05T16:43:03.832132+00:00,UseCase - Airlines.xlsx,True,
6F253,UNKNOWN,MAA,BLR,2026-04-19 16:26:41.703,2026-04-19 18:24:41.703,01:58:00,2026-09-05T16:43:03.832132+00:00,UseCase - Airlines.xlsx,True,WARN_MISSING_AIRLINE
SJ203,,DEL,HYD,2026-04-19 16:22:41.703,2026-04-19 18:27:41.703,02:05:00,2026-09-05T16:43:03.832132+00:00,UseCase - Airlines.xlsx,True,WARN_MISSING_AIRLINE
SJ161,SpiceJet,MAA,BLR,2026-04-19 16:22:41.703,2026-04-19 17:04:41.703,00:42:00,2026-09-05T16:43:03.832132+00:00,UseCase - Airlines.xlsx,True,
AI098,Air India,HYD,MAA,2026-04-19 16:01:41.702,2026-04-19 18:11:41.702,02:10:00,2026-09-05T16:43:03.832132+00:00,UseCase - Airlines.xlsx,True,
AI168,,DEL,CCU,2026-04-19 15:50:41.703,2026-04-19 20:20:41.703,04:30:00,2026-09-05T16:43:03.832132+00:00,UseCase - Airlines.xlsx,True,WARN_MISSING_AIRLINE
UK190,Vistara,DEL,BLR,2026-04-19 15:49:41.703,2026-04-19 18:53:41.703,03:04:00,2026-09-05T16:43:03.832132+00:00,UseCase - Airlines.xlsx,True,
AI085,Air India,DEL,HYD,2026-04-19 15:45:41.702,2026-04-19 20:33:41.702,04:48:00,2026-09-05T16:43:03.832132+00:00,UseCase - Airlines.xlsx,True,
AI076,Air India,BLR,BOM,2026-04-19 15:37:41.702,2026-04-19 16:12:41.702,00:35:00,2026-09-05T16:43:03.832132+00:00,UseCase - Airlines.xlsx,True,
UK130,Vistara,MAA,BLR,2026-04-19 15:36:41.702,2026-04-19 19:43:41.702,04:07:00,2026-09-05T16:43:03.832132+00:00,UseCase - Airlines.xlsx,True,
6F038,IndiGo,HYD,MAA,2026-04-19 15:36:41.701,2026-04-19 19:33:41.701,03:57:00,2026-09-05T16:43:03.832132+00:00,UseCase - Airlines.xlsx,True,
UK110,Vistara,HYD,DEL,2026-04-19 15:26:41.702,2026-04-19 20:13:41.702,04:47:00,2026-09-05T16:43:03.832132+00:00,UseCase - Airlines.xlsx,True,
SJ013,SpiceJet,DEL,MAA,2026-04-19 15:25:41.701,2026-04-19 19:54:41.701,04:29:00,2026-09-05T16:43:03.832132+00:00,UseCase - Airlines.xlsx,True,
AI039,Air India,MAA,BLR,2026-04-19 15:24:41.701,2026-04-19 18:56:41.701,03:32:00,2026-09-05T16:43:03.832132+00:00,UseCase - Airlines.xlsx,True,
AI248,Air India,CCU,DEL,2026-04-19 15:17:41.704,2026-04-19 16:35:41.704,01:18:00,2026-09-05T16:43:03.832132+00:00,UseCase - Airlines.xlsx,True,
6F199,IndiGo,DEL,MAA,2026-04-19 15:15:41.703,2026-04-19 17:32:41.703,02:17:00,2026-09-05T16:43:03.832132+00:00,UseCase - Airlines.xlsx,True,
AI225,Air India,BOM,BLR,2026-04-19 15:05:41.703,2026-04-19 16:01:41.703,00:56:00,2026-09-05T16:43:03.832132+00:00,UseCase - Airlines.xlsx,True,
SJ028,SpiceJet,CCU,BOM,2026-04-19 15:04:41.701,2026-04-19 19:32:41.701,04:28:00,2026-09-05T16:43:03.832132+00:00,UseCase - Airlines.xlsx,True,
SJ012,SpiceJet,HYD,BLR,2026-04-19 15:01:41.701,2026-04-19 16:12:41.701,01:11:00,2026-09-05T16:43:03.832132+00:00,UseCase - Airlines.xlsx,True,
SJ131,SpiceJet,MAA,HYD,2026-04-19 15:00:41.702,2026-04-19 16:07:41.702,01:07:00,2026-09-05T16:43:03.832132+00:00,UseCase - Airlines.xlsx,True,
AI010,Air India,BOM,HYD,2026-04-19 15:00:41.701,2026-04-19 19:48:41.701,04:48:00,2026-09-05T16:43:03.832132+00:00,UseCase - Airlines.xlsx,True,
6F020,IndiGo,BOM,HYD,2026-04-19 14:58:41.701,2026-04-19 16:43:41.701,01:45:00,2026-09-05T16:43:03.832132+00:00,UseCase - Airlines.xlsx,True,
SJ038,SpiceJet,BLR,DEL,2026-04-19 14:57:41.701,2026-04-19 17:46:41.701,02:49:00,2026-09-05T16:43:03.832132+00:00,UseCase - Airlines.xlsx,True,
UK204,Vistara,BLR,DEL,2026-04-19 14:46:41.703,2026-04-19 16:24:41.703,01:38:00,2026-09-05T16:43:03.832132+00:00,UseCase - Airlines.xlsx,True,
AI036,Air India,BOM,CCU,2026-04-19 14:45:41.701,2026-04-19 16:16:41.701,01:31:00,2026-09-05T16:43:03.832132+00:00,UseCase - Airlines.xlsx,True,
AI100,UNKNOWN,CCU,BOM,2026-04-19 14:42:41.702,2026-04-19 18:22:41.702,03:40:00,2026-09-05T16:43:03.832132+00:00,UseCase - Airlines.xlsx,True,WARN_MISSING_AIRLINE
SJ215,SpiceJet,CCU,DEL,2026-04-19 14:37:41.703,2026-04-19 16:12:41.703,01:35:00,2026-09-05T16:43:03.832132+00:00,UseCase - Airlines.xlsx,True,
UK155,Vistara,MAA,HYD,2026-04-19 14:34:41.703,2026-04-19 18:37:41.703,04:03:00,2026-09-05T16:43:03.832132+00:00,UseCase - Airlines.xlsx,True,
SJ173,SpiceJet,CCU,HYD,2026-04-19 14:27:41.703,2026-04-19 16:09:41.703,01:42:00,2026-09-05T16:43:03.832132+00:00,UseCase - Airlines.xlsx,True,
UK179,Vistara,DEL,HYD,2026-04-19 14:25:41.703,2026-04-19 19:15:41.703,04:50:00,2026-09-05T16:43:03.832132+00:00,UseCase - Airlines.xlsx,True,
UK221,Vistara,CCU,DEL,2026-04-19 14:18:41.704,2026-04-19 18:44:41.704,04:26:00,2026-09-05T16:43:03.832132+00:00,UseCase - Airlines.xlsx,True,
UK023,Vistara,DEL,MAA,2026-04-19 14:15:41.701,2026-04-19 19:03:41.701,04:48:00,2026-09-05T16:43:03.832132+00:00,UseCase - Airlines.xlsx,True,
SJ107,SpiceJet,BOM,MAA,2026-04-19 14:10:41.702,2026-04-19 18:38:41.702,04:28:00,2026-09-05T16:43:03.832132+00:00,UseCase - Airlines.xlsx,True,
AI073,Air India,BOM,BLR,2026-04-19 14:08:41.702,2026-04-19 16:10:41.702,02:02:00,2026-09-05T16:43:03.832132+00:00,UseCase - Airlines.xlsx,True,
SJ187,SpiceJet,MAA,BLR,2026-04-19 14:07:41.703,2026-04-19 17:30:41.703,03:23:00,2026-09-05T16:43:03.832132+00:00,UseCase - Airlines.xlsx,True,
UK058,Vistara,MAA,BOM,2026-04-19 13:46:41.701,2026-04-19 17:04:41.701,03:18:00,2026-09-05T16:43:03.832132+00:00,UseCase - Airlines.xlsx,True,
SJ063,SpiceJet,MAA,BOM,2026-04-19 13:38:41.701,2026-04-19 15:23:41.701,01:45:00,2026-09-05T16:43:03.832132+00:00,UseCase - Airlines.xlsx,True,
SJ062,SpiceJet,BLR,HYD,2026-04-19 13:37:41.701,2026-04-19 17:06:41.701,03:29:00,2026-09-05T16:43:03.832132+00:00,UseCase - Airlines.xlsx,True,
UK048,Vistara,MAA,DEL,2026-04-19 13:36:41.701,2026-04-19 18:21:41.701,04:45:00,2026-09-05T16:43:03.832132+00:00,UseCase - Airlines.xlsx,True,
AI181,Air India,MAA,HYD,2026-04-19 13:29:41.703,2026-04-19 16:55:41.703,03:26:00,2026-09-05T16:43:03.832132+00:00,UseCase - Airlines.xlsx,True,
AI003,Air India,BLR,HYD,2026-04-19 13:27:41.701,2026-04-19 16:55:41.701,03:28:00,2026-09-05T16:43:03.832132+00:00,UseCase - Airlines.xlsx,True,
6F041,IndiGo,MAA,BOM,2026-04-19 13:19:41.701,2026-04-19 16:48:41.701,03:29:00,2026-09-05T16:43:03.832132+00:00,UseCase - Airlines.xlsx,True,
6F175,IndiGo,MAA,CCU,2026-04-19 13:18:41.703,2026-04-19 15:13:41.703,01:55:00,2026-09-05T16:43:03.832132+00:00,UseCase - Airlines.xlsx,True,
6F013,IndiGo,BOM,CCU,2026-04-19 13:15:41.701,2026-04-19 18:05:41.701,04:50:00,2026-09-05T16:43:03.832132+00:00,UseCase - Airlines.xlsx,True,
SJ040,SpiceJet,BOM,CCU,2026-04-19 13:12:41.701,2026-04-19 16:44:41.701,03:32:00,2026-09-05T16:43:03.832132+00:00,UseCase - Airlines.xlsx,True,
SJ016,SpiceJet,HYD,CCU,2026-04-19 13:01:41.701,2026-04-19 16:26:41.701,03:25:00,2026-09-05T16:43:03.832132+00:00,UseCase - Airlines.xlsx,True,
6F135,IndiGo,MAA,HYD,2026-04-19 12:59:41.702,2026-04-19 13:45:41.702,00:46:00,2026-09-05T16:43:03.832132+00:00,UseCase - Airlines.xlsx,True,
6F150,IndiGo,HYD,MAA,2026-04-19 12:55:41.703,2026-04-19 16:53:41.703,03:58:00,2026-09-05T16:43:03.832132+00:00,UseCase - Airlines.xlsx,True,
AI083,Air India,DEL,BOM,2026-04-19 12:54:41.702,2026-04-19 13:37:41.702,00:43:00,2026-09-05T16:43:03.832132+00:00,UseCase - Airlines.xlsx,True,
SJ166,SpiceJet,CCU,HYD,2026-04-19 12:51:41.703,2026-04-19 16:18:41.703,03:27:00,2026-09-05T16:43:03.832132+00:00,UseCase - Airlines.xlsx,True,
SJ027,UNKNOWN,BOM,MAA,2026-04-19 12:50:41.701,2026-04-19 17:13:41.701,04:23:00,2026-09-05T16:43:03.832132+00:00,UseCase - Airlines.xlsx,True,WARN_MISSING_AIRLINE
6F134,IndiGo,BLR,MAA,2026-04-19 12:47:41.702,2026-04-19 14:06:41.702,01:19:00,2026-09-05T16:43:03.832132+00:00,UseCase - Airlines.xlsx,True,
UK225,Vistara,MAA,BLR,2026-04-19 12:46:41.704,2026-04-19 15:02:41.704,02:16:00,2026-09-05T16:43:03.832132+00:00,UseCase - Airlines.xlsx,True,
SJ175,SpiceJet,MAA,BLR,2026-04-19 12:46:41.703,2026-04-19 16:50:41.703,04:04:00,2026-09-05T16:43:03.832132+00:00,UseCase - Airlines.xlsx,True,
AI182,Air India,HYD,DEL,2026-04-19 12:41:41.703,2026-04-19 17:14:41.703,04:33:00,2026-09-05T16:43:03.832132+00:00,UseCase - Airlines.xlsx,True,
AI190,Air India,BOM,CCU,2026-04-19 12:38:41.703,2026-04-19 15:56:41.703,03:18:00,2026-09-05T16:43:03.832132+00:00,UseCase - Airlines.xlsx,True,
AI120,Air India,MAA,CCU,2026-04-19 12:12:41.702,2026-04-19 14:18:41.702,02:06:00,2026-09-05T16:43:03.832132+00:00,UseCase - Airlines.xlsx,True,
6F132,IndiGo,MAA,BOM,2026-04-19 12:00:41.702,2026-04-19 13:00:42.000,01:00:00.298000,2026-09-05T16:43:03.832132+00:00,UseCase - Airlines.xlsx,True,
UK102,Vistara,HYD,CCU,2026-04-19 11:58:41.702,2026-04-19 14:01:41.702,02:03:00,2026-09-05T16:43:03.832132+00:00,UseCase - Airlines.xlsx,True,
AI045,Air India,HYD,MAA,2026-04-19 11:58:41.701,2026-04-19 14:37:41.701,02:39:00,2026-09-05T16:43:03.832132+00:00,UseCase - Airlines.xlsx,True,
UK136,Vistara,HYD,CCU,2026-04-19 11:43:41.703,2026-04-19 15:26:41.703,03:43:00,2026-09-05T16:43:03.832132+00:00,UseCase - Airlines.xlsx,True,
SJ238,SpiceJet,MAA,BLR,2026-04-19 11:41:41.704,2026-04-19 15:39:41.704,03:58:00,2026-09-05T16:43:03.832132+00:00,UseCase - Airlines.xlsx,True,
AI193,Air India,MAA,HYD,2026-04-19 11:33:41.703,2026-04-19 16:07:41.703,04:34:00,2026-09-05T16:43:03.832132+00:00,UseCase - Airlines.xlsx,True,
6F001,IndiGo,HYD,BOM,2026-04-19 11:33:41.700,2026-04-19 13:08:41.700,01:35:00,2026-09-05T16:43:03.832132+00:00,UseCase - Airlines.xlsx,True,
6F211,IndiGo,MAA,BLR,2026-04-19 11:29:41.703,2026-04-19 16:20:41.703,04:51:00,2026-09-05T16:43:03.832132+00:00,UseCase - Airlines.xlsx,True,
SJ199,SpiceJet,HYD,BOM,2026-04-19 11:29:41.703,2026-04-19 13:59:41.703,02:30:00,2026-09-05T16:43:03.832132+00:00,UseCase - Airlines.xlsx,True,
SJ050,SpiceJet,HYD,CCU,2026-04-19 11:24:41.701,2026-04-19 12:03:41.701,00:39:00,2026-09-05T16:43:03.832132+00:00,UseCase - Airlines.xlsx,True,
UK115,Vistara,BLR,BOM,2026-04-19 11:20:41.702,2026-04-19 13:20:42.000,02:00:00.298000,2026-09-05T16:43:03.832132+00:00,UseCase - Airlines.xlsx,True,
AI037,,BOM,BLR,2026-04-19 11:14:41.701,2026-04-19 15:13:41.701,03:59:00,2026-09-05T16:43:03.832132+00:00,UseCase - Airlines.xlsx,True,WARN_MISSING_AIRLINE
6F235,IndiGo,HYD,MAA,2026-04-19 11:06:41.704,2026-04-19 13:51:41.704,02:45:00,2026-09-05T16:43:03.832132+00:00,UseCase - Airlines.xlsx,True,
UK111,Vistara,MAA,BLR,2026-04-19 11:06:41.702,2026-04-19 12:20:41.702,01:14:00,2026-09-05T16:43:03.832132+00:00,UseCase - Airlines.xlsx,True,
6F005,IndiGo,BOM,MAA,2026-04-19 11:04:41.701,2026-04-19 15:27:41.701,04:23:00,2026-09-05T16:43:03.832132+00:00,UseCase - Airlines.xlsx,True,
AI198,Air India,CCU,MAA,2026-04-19 10:56:41.703,2026-04-19 14:19:41.703,03:23:00,2026-09-05T16:43:03.832132+00:00,UseCase - Airlines.xlsx,True,
UK184,Vistara,MAA,HYD,2026-04-19 10:49:41.703,2026-04-19 13:00:41.703,02:11:00,2026-09-05T16:43:03.832132+00:00,UseCase - Airlines.xlsx,True,
6F219,IndiGo,MAA,DEL,2026-04-19 10:32:41.704,2026-04-19 14:37:41.704,04:05:00,2026-09-05T16:43:03.832132+00:00,UseCase - Airlines.xlsx,True,
UK066,Vistara,BOM,CCU,2026-04-19 10:29:41.701,2026-04-19 12:07:41.701,01:38:00,2026-09-05T16:43:03.832132+00:00,UseCase - Airlines.xlsx,True,
6F220,IndiGo,HYD,BOM,2026-04-19 10:27:41.704,2026-04-19 11:25:41.704,00:58:00,2026-09-05T16:43:03.832132+00:00,UseCase - Airlines.xlsx,True,
AI180,Air India,BOM,CCU,2026-04-19 10:19:41.703,2026-04-19 11:00:41.703,00:41:00,2026-09-05T16:43:03.832132+00:00,UseCase - Airlines.xlsx,True,
6F098,IndiGo,BLR,MAA,2026-04-19 10:18:41.702,2026-04-19 12:49:41.702,02:31:00,2026-09-05T16:43:03.832132+00:00,UseCase - Airlines.xlsx,True,
AI141,Air India,BLR,DEL,2026-04-19 10:16:41.702,2026-04-19 14:53:41.702,04:37:00,2026-09-05T16:43:03.832132+00:00,UseCase - Airlines.xlsx,True,
SJ170,SpiceJet,BLR,BOM,2026-04-19 10:11:41.703,2026-04-19 11:56:41.703,01:45:00,2026-09-05T16:43:03.832132+00:00,UseCase - Airlines.xlsx,True,
SJ178,SpiceJet,BOM,HYD,2026-04-19 09:58:41.703,2026-04-19 12:27:41.703,02:29:00,2026-09-05T16:43:03.832132+00:00,UseCase - Airlines.xlsx,True,
6F172,IndiGo,BOM,BLR,2026-04-19 09:53:41.703,2026-04-19 14:46:41.703,04:53:00,2026-09-05T16:43:03.832132+00:00,UseCase - Airlines.xlsx,True,
UK220,Vistara,BLR,BOM,2026-04-19 09:51:41.704,2026-04-19 13:25:41.704,03:34:00,2026-09-05T16:43:03.832132+00:00,UseCase - Airlines.xlsx,True,
SJ148,SpiceJet,DEL,BLR,2026-04-19 09:51:41.702,2026-04-19 13:41:41.702,03:50:00,2026-09-05T16:43:03.832132+00:00,UseCase - Airlines.xlsx,True,
UK065,Vistara,BOM,CCU,2026-04-19 09:38:41.701,2026-04-19 13:46:41.701,04:08:00,2026-09-05T16:43:03.832132+00:00,UseCase - Airlines.xlsx,True,
6F243,IndiGo,BOM,HYD,2026-04-19 09:37:41.704,2026-04-19 10:33:41.704,00:56:00,2026-09-05T16:43:03.832132+00:00,UseCase - Airlines.xlsx,True,
SJ193,SpiceJet,CCU,DEL,2026-04-19 09:37:41.703,2026-04-19 12:16:41.703,02:39:00,2026-09-05T16:43:03.832132+00:00,UseCase - Airlines.xlsx,True,
UK056,Vistara,HYD,MAA,2026-04-19 09:29:41.701,2026-04-19 10:15:41.701,00:46:00,2026-09-05T16:43:03.832132+00:00,UseCase - Airlines.xlsx,True,
AI219,,BLR,DEL,2026-04-19 09:28:41.703,2026-04-19 11:27:41.703,01:59:00,2026-09-05T16:43:03.832132+00:00,UseCase - Airlines.xlsx,True,WARN_MISSING_AIRLINE
SJ073,SpiceJet,CCU,BLR,2026-04-19 09:26:41.701,2026-04-19 11:14:41.701,01:48:00,2026-09-05T16:43:03.832132+00:00,UseCase - Airlines.xlsx,True,
6F052,IndiGo,BOM,CCU,2026-04-19 09:13:41.701,2026-04-19 12:02:41.701,02:49:00,2026-09-05T16:43:03.832132+00:00,UseCase - Airlines.xlsx,True,
SJ201,SpiceJet,BLR,DEL,2026-04-19 09:10:41.703,2026-04-19 11:12:41.703,02:02:00,2026-09-05T16:43:03.832132+00:00,UseCase - Airlines.xlsx,True,
UK028,Vistara,HYD,MAA,2026-04-19 09:02:41.701,2026-04-19 10:37:41.701,01:35:00,2026-09-05T16:43:03.832132+00:00,UseCase - Airlines.xlsx,True,
SJ119,SpiceJet,BOM,CCU,2026-04-19 08:53:41.702,2026-04-19 11:29:41.702,02:36:00,2026-09-05T16:43:03.832132+00:00,UseCase - Airlines.xlsx,True,
AI165,Air India,DEL,CCU,2026-04-19 08:51:41.703,2026-04-19 10:31:41.703,01:40:00,2026-09-05T16:43:03.832132+00:00,UseCase - Airlines.xlsx,True,
AI255,Air India,MAA,CCU,2026-04-19 08:45:41.704,2026-04-19 13:12:41.704,04:27:00,2026-09-05T16:43:03.832132+00:00,UseCase - Airlines.xlsx,True,
AI202,Air India,HYD,BLR,2026-04-19 08:44:41.703,2026-04-19 10:53:41.703,02:09:00,2026-09-05T16:43:03.832132+00:00,UseCase - Airlines.xlsx,True,
SJ039,SpiceJet,MAA,BOM,2026-04-19 08:41:41.701,2026-04-19 12:08:41.701,03:27:00,2026-09-05T16:43:03.832132+00:00,UseCase - Airlines.xlsx,True,
SJ051,,BOM,BLR,2026-04-19 08:40:41.701,2026-04-19 12:18:41.701,03:38:00,2026-09-05T16:43:03.832132+00:00,UseCase - Airlines.xlsx,True,WARN_MISSING_AIRLINE
UK024,Vistara,MAA,BLR,2026-04-19 08:29:41.701,2026-04-19 13:29:41.701,05:00:00,2026-09-05T16:43:03.832132+00:00,UseCase - Airlines.xlsx,True,
SJ006,SpiceJet,HYD,BLR,2026-04-19 08:25:41.701,2026-04-19 08:57:41.701,00:32:00,2026-09-05T16:43:03.832132+00:00,UseCase - Airlines.xlsx,True,
AI207,Air India,BOM,MAA,2026-04-19 08:24:41.703,2026-04-19 11:23:41.703,02:59:00,2026-09-05T16:43:03.832132+00:00,UseCase - Airlines.xlsx,True,
SJ168,SpiceJet,CCU,BOM,2026-04-19 08:17:41.703,2026-04-19 12:29:41.703,04:12:00,2026-09-05T16:43:03.832132+00:00,UseCase - Airlines.xlsx,True,
AI028,Air India,HYD,BOM,2026-04-19 07:53:41.701,2026-04-19 08:35:41.701,00:42:00,2026-09-05T16:43:03.832132+00:00,UseCase - Airlines.xlsx,True,
6F094,IndiGo,BLR,BOM,2026-04-19 07:37:41.702,2026-04-19 09:06:41.702,01:29:00,2026-09-05T16:43:03.832132+00:00,UseCase - Airlines.xlsx,True,
6F024,IndiGo,BOM,DEL,2026-04-19 07:31:41.701,2026-04-19 11:17:41.701,03:46:00,2026-09-05T16:43:03.832132+00:00,UseCase - Airlines.xlsx,True,
6F061,IndiGo,MAA,BOM,2026-04-19 07:28:41.701,2026-04-19 08:09:41.701,00:41:00,2026-09-05T16:43:03.832132+00:00,UseCase - Airlines.xlsx,True,
AI032,Air India,MAA,BLR,2026-04-19 07:26:41.701,2026-04-19 09:26:42.000,02:00:00.299000,2026-09-05T16:43:03.832132+00:00,UseCase - Airlines.xlsx,True,
UK163,Vistara,DEL,HYD,2026-04-19 07:22:41.703,2026-04-19 09:04:41.703,01:42:00,2026-09-05T16:43:03.832132+00:00,UseCase - Airlines.xlsx,True,
UK163,Vistara,DEL,HYD,2026-04-19 07:22:41.703,2026-04-19 09:04:41.703,01:42:00,2026-09-05T16:43:03.832132+00:00,UseCase - Airlines.xlsx,True,
SJ067,SpiceJet,MAA,BLR,2026-04-19 07:17:41.701,2026-04-19 08:16:41.701,00:59:00,2026-09-05T16:43:03.832132+00:00,UseCase - Airlines.xlsx,True,
SJ106,SpiceJet,CCU,DEL,2026-04-19 07:16:41.702,2026-04-19 09:40:41.702,02:24:00,2026-09-05T16:43:03.832132+00:00,UseCase - Airlines.xlsx,True,
AI086,Air India,CCU,HYD,2026-04-19 07:13:41.702,2026-04-19 10:09:41.702,02:56:00,2026-09-05T16:43:03.832132+00:00,UseCase - Airlines.xlsx,True,
6F263,UNKNOWN,DEL,HYD,2026-04-19 07:07:41.703,2026-04-19 08:30:41.703,01:23:00,2026-09-05T16:43:03.832132+00:00,UseCase - Airlines.xlsx,True,WARN_MISSING_AIRLINE
6F163,IndiGo,MAA,BOM,2026-04-19 06:49:41.703,2026-04-19 10:46:41.703,03:57:00,2026-09-05T16:43:03.832132+00:00,UseCase - Airlines.xlsx,True,
SJ064,SpiceJet,CCU,DEL,2026-04-19 06:29:41.701,2026-04-19 08:43:41.701,02:14:00,2026-09-05T16:43:03.832132+00:00,UseCase - Airlines.xlsx,True,
UK118,Vistara,HYD,BLR,2026-04-19 06:22:41.702,2026-04-19 07:22:42.000,01:00:00.298000,2026-09-05T16:43:03.832132+00:00,UseCase - Airlines.xlsx,True,
UK022,Vistara,DEL,HYD,2026-04-19 06:22:41.701,2026-04-19 10:59:41.701,04:37:00,2026-09-05T16:43:03.832132+00:00,UseCase - Airlines.xlsx,True,
UK099,Vistara,BOM,MAA,2026-04-19 06:16:41.702,2026-04-19 10:24:41.702,04:08:00,2026-09-05T16:43:03.832132+00:00,UseCase - Airlines.xlsx,True,
6F212,IndiGo,BLR,CCU,2026-04-19 06:10:41.703,2026-04-19 10:52:41.703,04:42:00,2026-09-05T16:43:03.832132+00:00,UseCase - Airlines.xlsx,True,
AI023,Air India,HYD,BLR,2026-04-19 06:10:41.701,2026-04-19 09:35:41.701,03:25:00,2026-09-05T16:43:03.832132+00:00,UseCase - Airlines.xlsx,True,
SJ245,SpiceJet,BOM,DEL,2026-04-19 06:07:41.704,2026-04-19 09:39:41.704,03:32:00,2026-09-05T16:43:03.832132+00:00,UseCase - Airlines.xlsx,True,
6F066,IndiGo,BLR,HYD,2026-04-19 06:07:41.701,2026-04-19 07:43:41.701,01:36:00,2026-09-05T16:43:03.832132+00:00,UseCase - Airlines.xlsx,True,
AI138,Air India,DEL,CCU,2026-04-19 05:50:41.702,2026-04-19 06:40:41.702,00:50:00,2026-09-05T16:43:03.832132+00:00,UseCase - Airlines.xlsx,True,
SJ021,SpiceJet,HYD,BLR,2026-04-19 05:48:41.701,2026-04-19 09:46:41.701,03:58:00,2026-09-05T16:43:03.832132+00:00,UseCase - Airlines.xlsx,True,
SJ136,SpiceJet,HYD,BLR,2026-04-19 05:45:41.702,2026-04-19 08:04:41.702,02:19:00,2026-09-05T16:43:03.832132+00:00,UseCase - Airlines.xlsx,True,
AI148,Air India,HYD,MAA,2026-04-19 05:41:41.703,2026-04-19 08:32:41.703,02:51:00,2026-09-05T16:43:03.832132+00:00,UseCase - Airlines.xlsx,True,
SJ014,SpiceJet,BOM,HYD,2026-04-19 05:40:41.701,2026-04-19 06:39:41.701,00:59:00,2026-09-05T16:43:03.832132+00:00,UseCase - Airlines.xlsx,True,
6F104,IndiGo,CCU,BOM,2026-04-19 05:39:41.702,2026-04-19 06:14:41.702,00:35:00,2026-09-05T16:43:03.832132+00:00,UseCase - Airlines.xlsx,True,
SJ121,SpiceJet,CCU,DEL,2026-04-19 05:32:41.702,2026-04-19 06:47:41.702,01:15:00,2026-09-05T16:43:03.832132+00:00,UseCase - Airlines.xlsx,True,
UK174,Vistara,CCU,DEL,2026-04-19 05:27:41.703,2026-04-19 07:47:41.703,02:20:00,2026-09-05T16:43:03.832132+00:00,UseCase - Airlines.xlsx,True,
AI033,Air India,MAA,CCU,2026-04-19 05:25:41.701,2026-04-19 10:21:41.701,04:56:00,2026-09-05T16:43:03.832132+00:00,UseCase - Airlines.xlsx,True,
SJ122,SpiceJet,CCU,BOM,2026-04-19 05:22:41.702,2026-04-19 10:09:41.702,04:47:00,2026-09-05T16:43:03.832132+00:00,UseCase - Airlines.xlsx,True,
UK095,Vistara,BOM,MAA,2026-04-19 05:22:41.702,2026-04-19 07:36:41.702,02:14:00,2026-09-05T16:43:03.832132+00:00,UseCase - Airlines.xlsx,True,
SJ026,SpiceJet,CCU,MAA,2026-04-19 05:22:41.701,2026-04-19 09:40:41.701,04:18:00,2026-09-05T16:43:03.832132+00:00,UseCase - Airlines.xlsx,True,
6F221,IndiGo,MAA,DEL,2026-04-19 05:20:41.704,2026-04-19 08:52:41.704,03:32:00,2026-09-05T16:43:03.832132+00:00,UseCase - Airlines.xlsx,True,
SJ103,SpiceJet,MAA,BLR,2026-04-19 05:16:41.702,2026-04-19 08:56:41.702,03:40:00,2026-09-05T16:43:03.832132+00:00,UseCase - Airlines.xlsx,True,
SJ011,SpiceJet,BOM,MAA,2026-04-19 05:14:41.701,2026-04-19 09:59:41.701,04:45:00,2026-09-05T16:43:03.832132+00:00,UseCase - Airlines.xlsx,True,
AI002,Air India,HYD,BLR,2026-04-19 05:12:41.700,2026-04-19 07:12:41.700,02:00:00,2026-09-05T16:43:03.832132+00:00,UseCase - Airlines.xlsx,True,
AI046,UNKNOWN,DEL,BOM,2026-04-19 05:09:41.701,2026-04-19 08:00:41.701,02:51:00,2026-09-05T16:43:03.832132+00:00,UseCase - Airlines.xlsx,True,WARN_MISSING_AIRLINE
SJ053,SpiceJet,CCU,DEL,2026-04-19 05:00:41.701,2026-04-19 06:38:41.701,01:38:00,2026-09-05T16:43:03.832132+00:00,UseCase - Airlines.xlsx,True,
AI236,Air India,DEL,BOM,2026-04-19 04:52:41.704,2026-04-19 09:11:41.704,04:19:00,2026-09-05T16:43:03.832132+00:00,UseCase - Airlines.xlsx,True,
AI254,Air India,CCU,HYD,2026-04-19 04:46:41.704,2026-04-19 08:06:41.704,03:20:00,2026-09-05T16:43:03.832132+00:00,UseCase - Airlines.xlsx,True,
6F063,IndiGo,DEL,HYD,2026-04-19 04:42:41.701,2026-04-19 07:31:41.701,02:49:00,2026-09-05T16:43:03.832132+00:00,UseCase - Airlines.xlsx,True,
6F115,IndiGo,MAA,BLR,2026-04-19 04:41:41.702,2026-04-19 06:23:41.702,01:42:00,2026-09-05T16:43:03.832132+00:00,UseCase - Airlines.xlsx,True,
UK070,Vistara,BOM,DEL,2026-04-19 04:36:41.701,2026-04-19 06:49:41.701,02:13:00,2026-09-05T16:43:03.832132+00:00,UseCase - Airlines.xlsx,True,
SJ147,SpiceJet,BLR,CCU,2026-04-19 04:30:41.702,2026-04-19 08:52:41.702,04:22:00,2026-09-05T16:43:03.832132+00:00,UseCase - Airlines.xlsx,True,
UK201,Vistara,HYD,BOM,2026-04-19 04:29:41.703,2026-04-19 06:42:41.703,02:13:00,2026-09-05T16:43:03.832132+00:00,UseCase - Airlines.xlsx,True,
SJ234,SpiceJet,BLR,CCU,2026-04-19 04:20:41.704,2026-04-19 06:23:41.704,02:03:00,2026-09-05T16:43:03.832132+00:00,UseCase - Airlines.xlsx,True,
AI176,Air India,BLR,DEL,2026-04-19 04:20:41.703,2026-04-19 06:25:41.703,02:05:00,2026-09-05T16:43:03.832132+00:00,UseCase - Airlines.xlsx,True,
SJ045,SpiceJet,DEL,MAA,2026-04-19 04:16:41.701,2026-04-19 09:03:41.701,04:47:00,2026-09-05T16:43:03.832132+00:00,UseCase - Airlines.xlsx,True,
SJ174,SpiceJet,CCU,DEL,2026-04-19 04:09:41.703,2026-04-19 05:04:41.703,00:55:00,2026-09-05T16:43:03.832132+00:00,UseCase - Airlines.xlsx,True,
AI007,Air India,MAA,DEL,2026-04-19 04:01:41.701,2026-04-19 06:01:42.000,02:00:00.299000,2026-09-05T16:43:03.832132+00:00,UseCase - Airlines.xlsx,True,
AI143,Air India,CCU,DEL,2026-04-19 03:58:41.702,2026-04-19 04:36:41.702,00:38:00,2026-09-05T16:43:03.832132+00:00,UseCase - Airlines.xlsx,True,
SJ241,SpiceJet,DEL,HYD,2026-04-19 03:57:41.704,2026-04-19 06:36:41.704,02:39:00,2026-09-05T16:43:03.832132+00:00,UseCase - Airlines.xlsx,True,
AI020,,BOM,BLR,2026-04-19 03:53:41.701,2026-04-19 06:21:41.701,02:28:00,2026-09-05T16:43:03.832132+00:00,UseCase - Airlines.xlsx,True,WARN_MISSING_AIRLINE
AI020,,BOM,BLR,2026-04-19 03:53:41.701,2026-04-19 06:21:41.701,02:28:00,2026-09-05T16:43:03.832132+00:00,UseCase - Airlines.xlsx,True,WARN_MISSING_AIRLINE
UK031,Vistara,CCU,DEL,2026-04-19 03:45:41.701,2026-04-19 07:20:41.701,03:35:00,2026-09-05T16:43:03.832132+00:00,UseCase - Airlines.xlsx,True,
AI013,Air India,HYD,BLR,2026-04-19 03:41:41.701,2026-04-19 04:58:41.701,01:17:00,2026-09-05T16:43:03.832132+00:00,UseCase - Airlines.xlsx,True,
AI249,Air India,BLR,HYD,2026-04-19 03:38:41.704,2026-04-19 06:27:41.704,02:49:00,2026-09-05T16:43:03.832132+00:00,UseCase - Airlines.xlsx,True,
UK046,Vistara,CCU,DEL,2026-04-19 03:37:41.701,2026-04-19 06:05:41.701,02:28:00,2026-09-05T16:43:03.832132+00:00,UseCase - Airlines.xlsx,True,
UK168,Vistara,BLR,CCU,2026-04-19 03:20:41.703,2026-04-19 04:09:41.703,00:49:00,2026-09-05T16:43:03.832132+00:00,UseCase - Airlines.xlsx,True,
AI022,Air India,BOM,MAA,2026-04-19 03:15:41.701,2026-04-19 05:10:41.701,01:55:00,2026-09-05T16:43:03.832132+00:00,UseCase - Airlines.xlsx,True,
UK218,Vistara,MAA,BLR,2026-04-19 03:12:41.704,2026-04-19 07:22:41.704,04:10:00,2026-09-05T16:43:03.832132+00:00,UseCase - Airlines.xlsx,True,
UK142,Vistara,BLR,DEL,2026-04-19 03:03:41.703,2026-04-19 07:13:41.703,04:10:00,2026-09-05T16:43:03.832132+00:00,UseCase - Airlines.xlsx,True,
6F067,IndiGo,MAA,BLR,2026-04-19 02:59:41.701,2026-04-19 06:02:41.701,03:03:00,2026-09-05T16:43:03.832132+00:00,UseCase - Airlines.xlsx,True,
SJ217,SpiceJet,BOM,CCU,2026-04-19 02:57:41.703,2026-04-19 06:04:41.703,03:07:00,2026-09-05T16:43:03.832132+00:00,UseCase - Airlines.xlsx,True,
SJ143,SpiceJet,DEL,BOM,2026-04-19 02:55:41.702,2026-04-19 03:52:41.702,00:57:00,2026-09-05T16:43:03.832132+00:00,UseCase - Airlines.xlsx,True,
AI243,,BLR,BOM,2026-04-19 02:50:41.704,2026-04-19 05:09:41.704,02:19:00,2026-09-05T16:43:03.832132+00:00,UseCase - Airlines.xlsx,True,WARN_MISSING_AIRLINE
SJ246,SpiceJet,BOM,DEL,2026-04-19 02:47:41.704,2026-04-19 03:47:42.000,01:00:00.296000,2026-09-05T16:43:03.832132+00:00,UseCase - Airlines.xlsx,True,
6F170,IndiGo,HYD,DEL,2026-04-19 02:44:41.703,2026-04-19 04:14:41.703,01:30:00,2026-09-05T16:43:03.832132+00:00,UseCase - Airlines.xlsx,True,
UK157,Vistara,CCU,BOM,2026-04-19 02:41:41.703,2026-04-19 03:41:42.000,01:00:00.297000,2026-09-05T16:43:03.832132+00:00,UseCase - Airlines.xlsx,True,
UK172,Vistara,DEL,BOM,2026-04-19 02:20:41.703,2026-04-19 05:21:41.703,03:01:00,2026-09-05T16:43:03.832132+00:00,UseCase - Airlines.xlsx,True,
SJ139,SpiceJet,DEL,BLR,2026-04-19 02:20:41.702,2026-04-19 06:02:41.702,03:42:00,2026-09-05T16:43:03.832132+00:00,UseCase - Airlines.xlsx,True,
UK085,Vistara,MAA,DEL,2026-04-19 02:15:41.702,2026-04-19 03:17:41.702,01:02:00,2026-09-05T16:43:03.832132+00:00,UseCase - Airlines.xlsx,True,
6F079,IndiGo,MAA,HYD,2026-04-19 02:14:41.702,2026-04-19 06:18:41.702,04:04:00,2026-09-05T16:43:03.832132+00:00,UseCase - Airlines.xlsx,True,
SJ032,SpiceJet,MAA,BOM,2026-04-19 02:11:41.701,2026-04-19 04:33:41.701,02:22:00,2026-09-05T16:43:03.832132+00:00,UseCase - Airlines.xlsx,True,
6F182,IndiGo,BOM,CCU,2026-04-19 02:10:41.703,2026-04-19 04:18:41.703,02:08:00,2026-09-05T16:43:03.832132+00:00,UseCase - Airlines.xlsx,True,
AI106,Air India,HYD,BLR,2026-04-19 02:07:41.702,2026-04-19 03:20:41.702,01:13:00,2026-09-05T16:43:03.832132+00:00,UseCase - Airlines.xlsx,True,
AI200,Air India,HYD,MAA,2026-04-19 02:05:41.703,2026-04-19 05:29:41.703,03:24:00,2026-09-05T16:43:03.832132+00:00,UseCase - Airlines.xlsx,True,
6F142,IndiGo,CCU,MAA,2026-04-19 02:05:41.702,2026-04-19 06:04:41.702,03:59:00,2026-09-05T16:43:03.832132+00:00,UseCase - Airlines.xlsx,True,
SJ079,SpiceJet,HYD,DEL,2026-04-19 01:58:41.702,2026-04-19 05:02:41.702,03:04:00,2026-09-05T16:43:03.832132+00:00,UseCase - Airlines.xlsx,True,
SJ082,SpiceJet,BOM,DEL,2026-04-19 01:54:41.702,2026-04-19 02:33:41.702,00:39:00,2026-09-05T16:43:03.832132+00:00,UseCase - Airlines.xlsx,True,
SJ110,SpiceJet,CCU,DEL,2026-04-19 01:47:41.702,2026-04-19 02:20:41.702,00:33:00,2026-09-05T16:43:03.832132+00:00,UseCase - Airlines.xlsx,True,
6F262,UNKNOWN,MAA,DEL,2026-04-19 01:44:41.702,2026-04-19 02:47:41.702,01:03:00,2026-09-05T16:43:03.832132+00:00,UseCase - Airlines.xlsx,True,WARN_MISSING_AIRLINE
UK143,Vistara,BLR,BOM,2026-04-19 01:34:41.703,2026-04-19 02:48:41.703,01:14:00,2026-09-05T16:43:03.832132+00:00,UseCase - Airlines.xlsx,True,
6F269,UNKNOWN,HYD,MAA,2026-04-19 01:30:41.702,2026-04-19 02:52:41.702,01:22:00,2026-09-05T16:43:03.832132+00:00,UseCase - Airlines.xlsx,True,WARN_MISSING_AIRLINE
6F214,IndiGo,BOM,CCU,2026-04-19 01:21:41.703,2026-04-19 05:20:41.703,03:59:00,2026-09-05T16:43:03.832132+00:00,UseCase - Airlines.xlsx,True,
SJ213,SpiceJet,BOM,CCU,2026-04-19 01:19:41.703,2026-04-19 04:48:41.703,03:29:00,2026-09-05T16:43:03.832132+00:00,UseCase - Airlines.xlsx,True,
SJ072,SpiceJet,DEL,HYD,2026-04-19 01:18:41.701,2026-04-19 04:08:41.701,02:50:00,2026-09-05T16:43:03.832132+00:00,UseCase - Airlines.xlsx,True,
6F059,IndiGo,BOM,DEL,2026-04-19 01:12:41.701,2026-04-19 06:02:41.701,04:50:00,2026-09-05T16:43:03.832132+00:00,UseCase - Airlines.xlsx,True,
UK202,Vistara,DEL,HYD,2026-04-19 01:11:41.703,2026-04-19 05:37:41.703,04:26:00,2026-09-05T16:43:03.832132+00:00,UseCase - Airlines.xlsx,True,
UK037,Vistara,BLR,BOM,2026-04-19 01:10:41.701,2026-04-19 05:12:41.701,04:02:00,2026-09-05T16:43:03.832132+00:00,UseCase - Airlines.xlsx,True,
UK069,Vistara,CCU,DEL,2026-04-19 01:10:41.701,2026-04-19 03:23:41.701,02:13:00,2026-09-05T16:43:03.832132+00:00,UseCase - Airlines.xlsx,True,
SJ118,SpiceJet,DEL,BOM,2026-04-19 01:08:41.702,2026-04-19 02:33:41.702,01:25:00,2026-09-05T16:43:03.832132+00:00,UseCase - Airlines.xlsx,True,
SJ118,SpiceJet,DEL,BOM,2026-04-19 01:08:41.702,2026-04-19 02:33:41.702,01:25:00,2026-09-05T16:43:03.832132+00:00,UseCase - Airlines.xlsx,True,
6F145,IndiGo,CCU,DEL,2026-04-19 01:02:41.703,2026-04-19 02:18:41.703,01:16:00,2026-09-05T16:43:03.832132+00:00,UseCase - Airlines.xlsx,True,
UK097,Vistara,HYD,BOM,2026-04-19 00:49:41.702,2026-04-19 05:00:41.702,04:11:00,2026-09-05T16:43:03.832132+00:00,UseCase - Airlines.xlsx,True,
6F117,IndiGo,CCU,DEL,2026-04-19 00:46:41.702,2026-04-19 01:51:41.702,01:05:00,2026-09-05T16:43:03.832132+00:00,UseCase - Airlines.xlsx,True,
6F226,IndiGo,DEL,BOM,2026-04-19 00:38:41.704,2026-04-19 02:55:41.704,02:17:00,2026-09-05T16:43:03.832132+00:00,UseCase - Airlines.xlsx,True,
6F050,IndiGo,DEL,BOM,2026-04-19 00:35:41.701,2026-04-19 04:32:41.701,03:57:00,2026-09-05T16:43:03.832132+00:00,UseCase - Airlines.xlsx,True,
UK196,Vistara,BOM,HYD,2026-04-19 00:32:41.703,2026-04-19 04:49:41.703,04:17:00,2026-09-05T16:43:03.832132+00:00,UseCase - Airlines.xlsx,True,
SJ086,SpiceJet,CCU,DEL,2026-04-19 00:32:41.702,2026-04-19 04:17:41.702,03:45:00,2026-09-05T16:43:03.832132+00:00,UseCase - Airlines.xlsx,True,
AI134,Air India,HYD,BOM,2026-04-19 00:28:41.702,2026-04-19 04:23:41.702,03:55:00,2026-09-05T16:43:03.832132+00:00,UseCase - Airlines.xlsx,True,
AI043,Air India,CCU,DEL,2026-04-19 00:28:41.701,2026-04-19 04:37:41.701,04:09:00,2026-09-05T16:43:03.832132+00:00,UseCase - Airlines.xlsx,True,
AI043,Air India,CCU,DEL,2026-04-19 00:28:41.701,2026-04-19 04:37:41.701,04:09:00,2026-09-05T16:43:03.832132+00:00,UseCase - Airlines.xlsx,True,
UK119,Vistara,BOM,CCU,2026-04-19 00:21:41.702,2026-04-19 04:38:41.702,04:17:00,2026-09-05T16:43:03.832132+00:00,UseCase - Airlines.xlsx,True,
SJ181,SpiceJet,BOM,BLR,2026-04-19 00:20:41.703,2026-04-19 01:49:41.703,01:29:00,2026-09-05T16:43:03.832132+00:00,UseCase - Airlines.xlsx,True,
AI070,Air India,CCU,DEL,2026-04-19 00:05:41.702,2026-04-19 01:44:41.702,01:39:00,2026-09-05T16:43:03.832132+00:00,UseCase - Airlines.xlsx,True,
AI070,Air India,CCU,DEL,2026-04-19 00:05:41.702,2026-04-19 01:44:41.702,01:39:00,2026-09-05T16:43:03.832132+00:00,UseCase - Airlines.xlsx,True,
6F233,IndiGo,BLR,BOM,2026-04-18 23:56:41.704,2026-04-19 03:53:41.704,03:57:00,2026-09-05T16:43:03.832132+00:00,UseCase - Airlines.xlsx,True,
UK013,Vistara,BOM,MAA,2026-04-18 23:52:41.701,2026-04-19 02:52:41.701,03:00:00,2026-09-05T16:43:03.832132+00:00,UseCase - Airlines.xlsx,True,
UK013,Vistara,BOM,MAA,2026-04-18 23:52:41.701,2026-04-19 02:52:41.701,03:00:00,2026-09-05T16:43:03.832132+00:00,UseCase - Airlines.xlsx,True,
6F015,IndiGo,BOM,CCU,2026-04-18 23:39:41.701,2026-04-19 02:27:41.701,02:48:00,2026-09-05T16:43:03.832132+00:00,UseCase - Airlines.xlsx,True,
SJ247,SpiceJet,DEL,BOM,2026-04-18 23:38:41.704,2026-04-19 03:43:41.704,04:05:00,2026-09-05T16:43:03.832132+00:00,UseCase - Airlines.xlsx,True,
AI067,Air India,HYD,DEL,2026-04-18 23:36:41.701,2026-04-19 03:09:41.701,03:33:00,2026-09-05T16:43:03.832132+00:00,UseCase - Airlines.xlsx,True,
AI211,Air India,DEL,CCU,2026-04-18 23:34:41.703,2026-04-19 01:21:41.703,01:47:00,2026-09-05T16:43:03.832132+00:00,UseCase - Airlines.xlsx,True,
UK029,Vistara,DEL,BOM,2026-04-18 23:26:41.701,2026-04-19 02:15:41.701,02:49:00,2026-09-05T16:43:03.832132+00:00,UseCase - Airlines.xlsx,True,
SJ200,SpiceJet,BOM,DEL,2026-04-18 23:24:41.703,2026-04-19 02:11:41.703,02:47:00,2026-09-05T16:43:03.832132+00:00,UseCase - Airlines.xlsx,True,
6F087,IndiGo,DEL,HYD,2026-04-18 23:24:41.702,2026-04-19 03:10:41.702,03:46:00,2026-09-05T16:43:03.832132+00:00,UseCase - Airlines.xlsx,True,
SJ210,SpiceJet,HYD,CCU,2026-04-18 23:21:41.703,2026-04-19 02:54:41.703,03:33:00,2026-09-05T16:43:03.832132+00:00,UseCase - Airlines.xlsx,True,
AI101,Air India,DEL,BLR,2026-04-18 23:20:41.702,2026-04-19 02:23:41.702,03:03:00,2026-09-05T16:43:03.832132+00:00,UseCase - Airlines.xlsx,True,
UK075,Vistara,MAA,CCU,2026-04-18 23:15:41.702,2026-04-19 03:54:41.702,04:39:00,2026-09-05T16:43:03.832132+00:00,UseCase - Airlines.xlsx,True,
SJ091,SpiceJet,BLR,CCU,2026-04-18 23:10:41.702,2026-04-19 00:47:41.702,01:37:00,2026-09-05T16:43:03.832132+00:00,UseCase - Airlines.xlsx,True,
AI251,Air India,MAA,DEL,2026-04-18 22:40:41.704,2026-04-18 23:24:41.704,00:44:00,2026-09-05T16:43:03.832132+00:00,UseCase - Airlines.xlsx,True,
SJ042,SpiceJet,HYD,CCU,2026-04-18 22:38:41.701,2026-04-19 02:20:41.701,03:42:00,2026-09-05T16:43:03.832132+00:00,UseCase - Airlines.xlsx,True,
UK126,Vistara,CCU,DEL,2026-04-18 22:37:41.702,2026-04-19 00:03:41.702,01:26:00,2026-09-05T16:43:03.832132+00:00,UseCase - Airlines.xlsx,True,
6F042,IndiGo,HYD,DEL,2026-04-18 22:35:41.701,2026-04-19 02:41:41.701,04:06:00,2026-09-05T16:43:03.832132+00:00,UseCase - Airlines.xlsx,True,
AI116,Air India,CCU,BOM,2026-04-18 22:30:41.702,2026-04-19 01:57:41.702,03:27:00,2026-09-05T16:43:03.832132+00:00,UseCase - Airlines.xlsx,True,
SJ209,SpiceJet,BLR,BOM,2026-04-18 22:22:41.703,2026-04-19 02:03:41.703,03:41:00,2026-09-05T16:43:03.832132+00:00,UseCase - Airlines.xlsx,True,
AI123,Air India,MAA,BOM,2026-04-18 22:19:41.702,2026-04-19 00:45:41.702,02:26:00,2026-09-05T16:43:03.832132+00:00,UseCase - Airlines.xlsx,True,
6F016,IndiGo,HYD,BOM,2026-04-18 22:18:41.701,2026-04-18 22:54:41.701,00:36:00,2026-09-05T16:43:03.832132+00:00,UseCase - Airlines.xlsx,True,
UK012,Vistara,MAA,BOM,2026-04-18 22:16:41.701,2026-04-19 00:25:41.701,02:09:00,2026-09-05T16:43:03.832132+00:00,UseCase - Airlines.xlsx,True,
SJ188,SpiceJet,BLR,BOM,2026-04-18 22:15:41.703,2026-04-18 22:55:41.703,00:40:00,2026-09-05T16:43:03.832132+00:00,UseCase - Airlines.xlsx,True,
UK096,Vistara,BLR,HYD,2026-04-18 22:11:41.702,2026-04-19 00:06:41.702,01:55:00,2026-09-05T16:43:03.832132+00:00,UseCase - Airlines.xlsx,True,
SJ046,SpiceJet,BOM,MAA,2026-04-18 22:01:41.701,2026-04-19 01:25:41.701,03:24:00,2026-09-05T16:43:03.832132+00:00,UseCase - Airlines.xlsx,True,
UK081,,BLR,DEL,2026-04-18 22:00:41.702,2026-04-18 23:00:41.702,01:00:00,2026-09-05T16:43:03.832132+00:00,UseCase - Airlines.xlsx,True,WARN_MISSING_AIRLINE
UK191,Vistara,MAA,BLR,2026-04-18 21:51:41.703,2026-04-18 22:57:41.703,01:06:00,2026-09-05T16:43:03.832132+00:00,UseCase - Airlines.xlsx,True,
6F064,IndiGo,CCU,DEL,2026-04-18 21:45:41.701,2026-04-18 22:50:41.701,01:05:00,2026-09-05T16:43:03.832132+00:00,UseCase - Airlines.xlsx,True,
AI005,Air India,DEL,CCU,2026-04-18 21:24:41.701,2026-04-18 22:11:41.701,00:47:00,2026-09-05T16:43:03.832132+00:00,UseCase - Airlines.xlsx,True,
6F021,IndiGo,BLR,MAA,2026-04-18 21:23:41.701,2026-04-19 01:25:41.701,04:02:00,2026-09-05T16:43:03.832132+00:00,UseCase - Airlines.xlsx,True,
AI169,Air India,CCU,DEL,2026-04-18 21:21:41.703,2026-04-19 01:34:41.703,04:13:00,2026-09-05T16:43:03.832132+00:00,UseCase - Airlines.xlsx,True,
UK035,Vistara,HYD,BOM,2026-04-18 21:08:41.701,2026-04-18 22:24:41.701,01:16:00,2026-09-05T16:43:03.832132+00:00,UseCase - Airlines.xlsx,True,
AI040,Air India,HYD,BLR,2026-04-18 21:01:41.701,2026-04-18 22:42:41.701,01:41:00,2026-09-05T16:43:03.832132+00:00,UseCase - Airlines.xlsx,True,
UK042,Vistara,MAA,BOM,2026-04-18 20:59:41.701,2026-04-19 01:38:41.701,04:39:00,2026-09-05T16:43:03.832132+00:00,UseCase - Airlines.xlsx,True,
SJ171,SpiceJet,DEL,HYD,2026-04-18 20:52:41.703,2026-04-18 23:52:41.703,03:00:00,2026-09-05T16:43:03.832132+00:00,UseCase - Airlines.xlsx,True,
AI250,UNKNOWN,BOM,CCU,2026-04-18 20:48:41.704,2026-04-19 00:12:41.704,03:24:00,2026-09-05T16:43:03.832132+00:00,UseCase - Airlines.xlsx,True,WARN_MISSING_AIRLINE
SJ195,SpiceJet,BOM,CCU,2026-04-18 20:41:41.703,2026-04-18 23:54:41.703,03:13:00,2026-09-05T16:43:03.832132+00:00,UseCase - Airlines.xlsx,True,
UK211,Vistara,MAA,CCU,2026-04-18 20:39:41.704,2026-04-18 22:02:41.704,01:23:00,2026-09-05T16:43:03.832132+00:00,UseCase - Airlines.xlsx,True,
UK122,Vistara,HYD,CCU,2026-04-18 20:29:42.000,2026-04-18 23:29:42.000,03:00:00,2026-09-05T16:43:03.832132+00:00,UseCase - Airlines.xlsx,True,
AI136,Air India,BLR,DEL,2026-04-18 20:29:41.702,2026-04-18 23:48:41.702,03:19:00,2026-09-05T16:43:03.832132+00:00,UseCase - Airlines.xlsx,True,
6F141,IndiGo,BOM,CCU,2026-04-18 20:26:41.702,2026-04-18 22:28:41.702,02:02:00,2026-09-05T16:43:03.832132+00:00,UseCase - Airlines.xlsx,True,
6F053,IndiGo,DEL,HYD,2026-04-18 20:26:41.701,2026-04-19 00:39:41.701,04:13:00,2026-09-05T16:43:03.832132+00:00,UseCase - Airlines.xlsx,True,
6F136,IndiGo,CCU,DEL,2026-04-18 20:24:41.702,2026-04-18 21:01:41.702,00:37:00,2026-09-05T16:43:03.832132+00:00,UseCase - Airlines.xlsx,True,
6F009,IndiGo,BLR,CCU,2026-04-18 20:21:41.701,2026-04-18 23:36:41.701,03:15:00,2026-09-05T16:43:03.832132+00:00,UseCase - Airlines.xlsx,True,
6F023,IndiGo,MAA,BLR,2026-04-18 20:18:41.701,2026-04-19 00:14:41.701,03:56:00,2026-09-05T16:43:03.832132+00:00,UseCase - Airlines.xlsx,True,
UK006,Vistara,MAA,CCU,2026-04-18 20:16:41.701,2026-04-18 21:55:41.701,01:39:00,2026-09-05T16:43:03.832132+00:00,UseCase - Airlines.xlsx,True,
SJ165,SpiceJet,CCU,BOM,2026-04-18 20:08:41.703,2026-04-18 23:18:41.703,03:10:00,2026-09-05T16:43:03.832132+00:00,UseCase - Airlines.xlsx,True,
6F189,IndiGo,MAA,BLR,2026-04-18 20:08:41.703,2026-04-18 21:51:41.703,01:43:00,2026-09-05T16:43:03.832132+00:00,UseCase - Airlines.xlsx,True,
AI131,Air India,MAA,BOM,2026-04-18 19:55:41.702,2026-04-18 22:35:41.702,02:40:00,2026-09-05T16:43:03.832132+00:00,UseCase - Airlines.xlsx,True,
6F004,IndiGo,BOM,CCU,2026-04-18 19:53:41.701,2026-04-18 23:33:41.701,03:40:00,2026-09-05T16:43:03.832132+00:00,UseCase - Airlines.xlsx,True,
AI027,Air India,BOM,MAA,2026-04-18 19:41:41.701,2026-04-18 23:23:41.701,03:42:00,2026-09-05T16:43:03.832132+00:00,UseCase - Airlines.xlsx,True,
AI238,Air India,CCU,MAA,2026-04-18 19:25:41.704,2026-04-19 00:07:41.704,04:42:00,2026-09-05T16:43:03.832132+00:00,UseCase - Airlines.xlsx,True,
SJ105,SpiceJet,BOM,HYD,2026-04-18 19:22:41.702,2026-04-18 22:48:41.702,03:26:00,2026-09-05T16:43:03.832132+00:00,UseCase - Airlines.xlsx,True,
UK088,,MAA,BLR,2026-04-18 19:16:41.702,2026-04-18 23:36:41.702,04:20:00,2026-09-05T16:43:03.832132+00:00,UseCase - Airlines.xlsx,True,WARN_MISSING_AIRLINE
6F035,IndiGo,CCU,HYD,2026-04-18 19:16:41.701,2026-04-18 23:40:41.701,04:24:00,2026-09-05T16:43:03.832132+00:00,UseCase - Airlines.xlsx,True,
AI133,Air India,DEL,CCU,2026-04-18 19:12:41.702,2026-04-18 21:32:41.702,02:20:00,2026-09-05T16:43:03.832132+00:00,UseCase - Airlines.xlsx,True,
AI001,Air India,DEL,HYD,2026-04-18 19:00:41.700,2026-04-18 22:03:41.700,03:03:00,2026-09-05T16:43:03.832132+00:00,UseCase - Airlines.xlsx,True,
SJ133,SpiceJet,BOM,CCU,2026-04-18 18:50:41.702,2026-04-18 21:29:41.702,02:39:00,2026-09-05T16:43:03.832132+00:00,UseCase - Airlines.xlsx,True,
SJ216,SpiceJet,BOM,CCU,2026-04-18 18:35:41.703,2026-04-18 21:31:41.703,02:56:00,2026-09-05T16:43:03.832132+00:00,UseCase - Airlines.xlsx,True,
SJ225,,DEL,HYD,2026-04-18 18:16:41.704,2026-04-18 20:53:41.704,02:37:00,2026-09-05T16:43:03.832132+00:00,UseCase - Airlines.xlsx,True,WARN_MISSING_AIRLINE
AI147,Air India,HYD,CCU,2026-04-18 18:14:41.703,2026-04-18 20:10:41.703,01:56:00,2026-09-05T16:43:03.832132+00:00,UseCase - Airlines.xlsx,True,
SJ054,SpiceJet,MAA,BLR,2026-04-18 18:13:41.701,2026-04-18 22:46:41.701,04:33:00,2026-09-05T16:43:03.832132+00:00,UseCase - Airlines.xlsx,True,
6F197,IndiGo,BOM,BLR,2026-04-18 17:59:41.703,2026-04-18 22:44:41.703,04:45:00,2026-09-05T16:43:03.832132+00:00,UseCase - Airlines.xlsx,True,
SJ066,SpiceJet,HYD,CCU,2026-04-18 17:47:41.701,2026-04-18 19:03:41.701,01:16:00,2026-09-05T16:43:03.832132+00:00,UseCase - Airlines.xlsx,True,
SJ183,SpiceJet,CCU,DEL,2026-04-18 17:44:41.703,2026-04-18 19:40:41.703,01:56:00,2026-09-05T16:43:03.832132+00:00,UseCase - Airlines.xlsx,True,
SJ151,SpiceJet,BOM,CCU,2026-04-18 17:44:41.702,2026-04-18 19:16:41.702,01:32:00,2026-09-05T16:43:03.832132+00:00,UseCase - Airlines.xlsx,True,
SJ071,SpiceJet,CCU,MAA,2026-04-18 17:43:41.701,2026-04-18 19:32:41.701,01:49:00,2026-09-05T16:43:03.832132+00:00,UseCase - Airlines.xlsx,True,
SJ102,SpiceJet,MAA,CCU,2026-04-18 17:26:41.702,2026-04-18 18:58:41.702,01:32:00,2026-09-05T16:43:03.832132+00:00,UseCase - Airlines.xlsx,True,
AI209,Air India,BLR,CCU,2026-04-18 17:25:41.703,2026-04-18 18:37:41.703,01:12:00,2026-09-05T16:43:03.832132+00:00,UseCase - Airlines.xlsx,True,
6F111,IndiGo,HYD,DEL,2026-04-18 17:09:41.702,2026-04-18 20:02:41.702,02:53:00,2026-09-05T16:43:03.832132+00:00,UseCase - Airlines.xlsx,True,
AI050,Air India,BLR,BOM,2026-04-18 17:07:41.701,2026-04-18 19:42:41.701,02:35:00,2026-09-05T16:43:03.832132+00:00,UseCase - Airlines.xlsx,True,
SJ189,SpiceJet,HYD,BLR,2026-04-18 17:05:41.703,2026-04-18 22:01:41.703,04:56:00,2026-09-05T16:43:03.832132+00:00,UseCase - Airlines.xlsx,True,
UK112,UNKNOWN,CCU,DEL,2026-04-18 17:05:41.702,2026-04-18 19:47:41.702,02:42:00,2026-09-05T16:43:03.832132+00:00,UseCase - Airlines.xlsx,True,WARN_MISSING_AIRLINE
6F171,IndiGo,DEL,BLR,2026-04-18 17:03:41.703,2026-04-18 18:12:41.703,01:09:00,2026-09-05T16:43:03.832132+00:00,UseCase - Airlines.xlsx,True,
AI011,Air India,CCU,BOM,2026-04-18 16:58:41.701,2026-04-18 21:01:41.701,04:03:00,2026-09-05T16:43:03.832132+00:00,UseCase - Airlines.xlsx,True,
6F027,IndiGo,BLR,DEL,2026-04-18 16:52:41.701,2026-04-18 18:21:41.701,01:29:00,2026-09-05T16:43:03.832132+00:00,UseCase - Airlines.xlsx,True,
UK082,Vistara,DEL,BOM,2026-04-18 16:50:41.702,2026-04-18 21:21:41.702,04:31:00,2026-09-05T16:43:03.832132+00:00,UseCase - Airlines.xlsx,True,
UK138,Vistara,DEL,BLR,2026-04-18 16:47:41.703,2026-04-18 19:36:41.703,02:49:00,2026-09-05T16:43:03.832132+00:00,UseCase - Airlines.xlsx,True,
UK198,Vistara,DEL,BLR,2026-04-18 16:43:41.703,2026-04-18 18:18:41.703,01:35:00,2026-09-05T16:43:03.832132+00:00,UseCase - Airlines.xlsx,True,
6F039,IndiGo,MAA,CCU,2026-04-18 16:43:41.701,2026-04-18 21:01:41.701,04:18:00,2026-09-05T16:43:03.832132+00:00,UseCase - Airlines.xlsx,True,
6F157,IndiGo,MAA,CCU,2026-04-18 16:37:41.703,2026-04-18 18:04:41.703,01:27:00,2026-09-05T16:43:03.832132+00:00,UseCase - Airlines.xlsx,True,
SJ024,SpiceJet,DEL,MAA,2026-04-18 16:29:41.701,2026-04-18 20:21:41.701,03:52:00,2026-09-05T16:43:03.832132+00:00,UseCase - Airlines.xlsx,True,
6F167,IndiGo,BLR,BOM,2026-04-18 16:26:41.703,2026-04-18 17:50:41.703,01:24:00,2026-09-05T16:43:03.832132+00:00,UseCase - Airlines.xlsx,True,
AI197,Air India,BOM,CCU,2026-04-18 16:25:41.703,2026-04-18 20:00:41.703,03:35:00,2026-09-05T16:43:03.832132+00:00,UseCase - Airlines.xlsx,True,
SJ211,SpiceJet,MAA,BOM,2026-04-18 16:22:41.703,2026-04-18 18:34:41.703,02:12:00,2026-09-05T16:43:03.832132+00:00,UseCase - Airlines.xlsx,True,
6F055,IndiGo,DEL,CCU,2026-04-18 16:21:41.701,2026-04-18 18:49:41.701,02:28:00,2026-09-05T16:43:03.832132+00:00,UseCase - Airlines.xlsx,True,
AI253,Air India,BLR,BOM,2026-04-18 16:13:41.704,2026-04-18 19:51:41.704,03:38:00,2026-09-05T16:43:03.832132+00:00,UseCase - Airlines.xlsx,True,
UK060,Vistara,BLR,CCU,2026-04-18 16:09:41.701,2026-04-18 19:42:41.701,03:33:00,2026-09-05T16:43:03.832132+00:00,UseCase - Airlines.xlsx,True,
6F257,UNKNOWN,MAA,CCU,2026-04-18 16:04:41.704,2026-04-18 19:55:41.704,03:51:00,2026-09-05T16:43:03.832132+00:00,UseCase - Airlines.xlsx,True,WARN_MISSING_AIRLINE
SJ135,SpiceJet,MAA,CCU,2026-04-18 16:03:41.702,2026-04-18 19:48:41.702,03:45:00,2026-09-05T16:43:03.832132+00:00,UseCase - Airlines.xlsx,True,
AI247,Air India,BOM,CCU,2026-04-18 15:58:41.704,2026-04-18 19:02:41.704,03:04:00,2026-09-05T16:43:03.832132+00:00,UseCase - Airlines.xlsx,True,
UK127,Vistara,BOM,HYD,2026-04-18 15:56:41.702,2026-04-18 20:00:41.702,04:04:00,2026-09-05T16:43:03.832132+00:00,UseCase - Airlines.xlsx,True,
AI109,Air India,BLR,BOM,2026-04-18 15:53:41.702,2026-04-18 20:14:41.702,04:21:00,2026-09-05T16:43:03.832132+00:00,UseCase - Airlines.xlsx,True,
AI057,Air India,BOM,CCU,2026-04-18 15:53:41.701,2026-04-18 19:22:41.701,03:29:00,2026-09-05T16:43:03.832132+00:00,UseCase - Airlines.xlsx,True,
6F103,IndiGo,CCU,MAA,2026-04-18 15:37:41.702,2026-04-18 18:32:41.702,02:55:00,2026-09-05T16:43:03.832132+00:00,UseCase - Airlines.xlsx,True,
SJ144,SpiceJet,BLR,BOM,2026-04-18 15:35:41.702,2026-04-18 19:12:41.702,03:37:00,2026-09-05T16:43:03.832132+00:00,UseCase - Airlines.xlsx,True,
6F076,IndiGo,CCU,HYD,2026-04-18 15:35:41.702,2026-04-18 16:20:41.702,00:45:00,2026-09-05T16:43:03.832132+00:00,UseCase - Airlines.xlsx,True,
6F240,IndiGo,DEL,HYD,2026-04-18 15:31:41.704,2026-04-18 19:56:41.704,04:25:00,2026-09-05T16:43:03.832132+00:00,UseCase - Airlines.xlsx,True,
UK057,Vistara,CCU,DEL,2026-04-18 15:25:41.701,2026-04-18 20:04:41.701,04:39:00,2026-09-05T16:43:03.832132+00:00,UseCase - Airlines.xlsx,True,
AI201,Air India,BLR,CCU,2026-04-18 15:19:41.703,2026-04-18 16:40:41.703,01:21:00,2026-09-05T16:43:03.832132+00:00,UseCase - Airlines.xlsx,True,
SJ242,SpiceJet,BLR,HYD,2026-04-18 14:55:41.704,2026-04-18 17:42:41.704,02:47:00,2026-09-05T16:43:03.832132+00:00,UseCase - Airlines.xlsx,True,
6F037,IndiGo,BOM,MAA,2026-04-18 14:51:41.701,2026-04-18 17:23:41.701,02:32:00,2026-09-05T16:43:03.832132+00:00,UseCase - Airlines.xlsx,True,
SJ132,SpiceJet,MAA,DEL,2026-04-18 14:44:41.702,2026-04-18 15:36:41.702,00:52:00,2026-09-05T16:43:03.832132+00:00,UseCase - Airlines.xlsx,True,
AI055,Air India,CCU,BOM,2026-04-18 14:39:41.701,2026-04-18 16:18:41.701,01:39:00,2026-09-05T16:43:03.832132+00:00,UseCase - Airlines.xlsx,True,
6F252,UNKNOWN,MAA,BLR,2026-04-18 14:25:41.701,2026-04-18 18:52:41.701,04:27:00,2026-09-05T16:43:03.832132+00:00,UseCase - Airlines.xlsx,True,WARN_MISSING_AIRLINE
AI183,Air India,DEL,CCU,2026-04-18 14:24:41.703,2026-04-18 16:06:41.703,01:42:00,2026-09-05T16:43:03.832132+00:00,UseCase - Airlines.xlsx,True,
SJ125,SpiceJet,DEL,BLR,2026-04-18 14:21:41.702,2026-04-18 16:55:41.702,02:34:00,2026-09-05T16:43:03.832132+00:00,UseCase - Airlines.xlsx,True,
SJ087,SpiceJet,BOM,DEL,2026-04-18 14:20:41.702,2026-04-18 19:09:41.702,04:49:00,2026-09-05T16:43:03.832132+00:00,UseCase - Airlines.xlsx,True,
UK182,Vistara,HYD,CCU,2026-04-18 14:19:41.703,2026-04-18 18:25:41.703,04:06:00,2026-09-05T16:43:03.832132+00:00,UseCase - Airlines.xlsx,True,
AI016,Air India,BOM,CCU,2026-04-18 14:15:41.701,2026-04-18 18:38:41.701,04:23:00,2026-09-05T16:43:03.832132+00:00,UseCase - Airlines.xlsx,True,
6F107,IndiGo,CCU,BLR,2026-04-18 14:14:41.702,2026-04-18 17:14:42.000,03:00:00.298000,2026-09-05T16:43:03.832132+00:00,UseCase - Airlines.xlsx,True,
AI026,Air India,DEL,BOM,2026-04-18 14:14:41.701,2026-04-18 15:13:41.701,00:59:00,2026-09-05T16:43:03.832132+00:00,UseCase - Airlines.xlsx,True,
AI177,Air India,CCU,HYD,2026-04-18 14:11:41.703,2026-04-18 16:26:41.703,02:15:00,2026-09-05T16:43:03.832132+00:00,UseCase - Airlines.xlsx,True,
AI041,Air India,BOM,BLR,2026-04-18 14:08:41.701,2026-04-18 15:59:41.701,01:51:00,2026-09-05T16:43:03.832132+00:00,UseCase - Airlines.xlsx,True,
6F264,,DEL,HYD,2026-04-18 14:03:41.701,2026-04-18 18:23:41.701,04:20:00,2026-09-05T16:43:03.832132+00:00,UseCase - Airlines.xlsx,True,WARN_MISSING_AIRLINE
6F222,IndiGo,HYD,MAA,2026-04-18 14:01:41.704,2026-04-18 16:11:41.704,02:10:00,2026-09-05T16:43:03.832132+00:00,UseCase - Airlines.xlsx,True,
AI004,Air India,HYD,MAA,2026-04-18 13:58:41.701,2026-04-18 18:12:41.701,04:14:00,2026-09-05T16:43:03.832132+00:00,UseCase - Airlines.xlsx,True,
SJ126,SpiceJet,DEL,BLR,2026-04-18 13:47:41.702,2026-04-18 16:31:41.702,02:44:00,2026-09-05T16:43:03.832132+00:00,UseCase - Airlines.xlsx,True,
SJ220,SpiceJet,BOM,CCU,2026-04-18 13:45:41.703,2026-04-18 15:21:41.703,01:36:00,2026-09-05T16:43:03.832132+00:00,UseCase - Airlines.xlsx,True,
AI204,Air India,CCU,MAA,2026-04-18 13:40:41.703,2026-04-18 18:38:41.703,04:58:00,2026-09-05T16:43:03.832132+00:00,UseCase - Airlines.xlsx,True,
UK098,Vistara,CCU,DEL,2026-04-18 13:38:41.702,2026-04-18 17:54:41.702,04:16:00,2026-09-05T16:43:03.832132+00:00,UseCase - Airlines.xlsx,True,
AI090,Air India,MAA,CCU,2026-04-18 13:37:41.702,2026-04-18 16:11:41.702,02:34:00,2026-09-05T16:43:03.832132+00:00,UseCase - Airlines.xlsx,True,
AI092,Air India,CCU,BOM,2026-04-18 13:36:41.702,2026-04-18 16:20:41.702,02:44:00,2026-09-05T16:43:03.832132+00:00,UseCase - Airlines.xlsx,True,
AI049,Air India,CCU,MAA,2026-04-18 13:35:41.701,2026-04-18 15:48:41.701,02:13:00,2026-09-05T16:43:03.832132+00:00,UseCase - Airlines.xlsx,True,
UK117,Vistara,BLR,BOM,2026-04-18 13:17:41.702,2026-04-18 16:54:41.702,03:37:00,2026-09-05T16:43:03.832132+00:00,UseCase - Airlines.xlsx,True,
6F227,IndiGo,MAA,BOM,2026-04-18 13:16:41.704,2026-04-18 17:41:41.704,04:25:00,2026-09-05T16:43:03.832132+00:00,UseCase - Airlines.xlsx,True,
AI228,Air India,BLR,BOM,2026-04-18 13:16:41.703,2026-04-18 17:44:41.703,04:28:00,2026-09-05T16:43:03.832132+00:00,UseCase - Airlines.xlsx,True,
SJ164,SpiceJet,CCU,MAA,2026-04-18 13:14:41.703,2026-04-18 15:14:42.000,02:00:00.297000,2026-09-05T16:43:03.832132+00:00,UseCase - Airlines.xlsx,True,
AI018,Air India,BOM,CCU,2026-04-18 13:12:41.701,2026-04-18 18:04:41.701,04:52:00,2026-09-05T16:43:03.832132+00:00,UseCase - Airlines.xlsx,True,
UK192,Vistara,HYD,DEL,2026-04-18 12:54:41.703,2026-04-18 13:54:42.000,01:00:00.297000,2026-09-05T16:43:03.832132+00:00,UseCase - Airlines.xlsx,True,
SJ224,SpiceJet,DEL,MAA,2026-04-18 12:41:41.703,2026-04-18 15:33:41.703,02:52:00,2026-09-05T16:43:03.832132+00:00,UseCase - Airlines.xlsx,True,
UK050,Vistara,BOM,DEL,2026-04-18 12:39:41.701,2026-04-18 13:18:41.701,00:39:00,2026-09-05T16:43:03.832132+00:00,UseCase - Airlines.xlsx,True,
SJ159,SpiceJet,CCU,DEL,2026-04-18 12:22:41.703,2026-04-18 14:05:41.703,01:43:00,2026-09-05T16:43:03.832132+00:00,UseCase - Airlines.xlsx,True,
UK038,Vistara,MAA,CCU,2026-04-18 12:22:41.701,2026-04-18 15:31:41.701,03:09:00,2026-09-05T16:43:03.832132+00:00,UseCase - Airlines.xlsx,True,
6F192,IndiGo,CCU,BLR,2026-04-18 12:20:41.703,2026-04-18 16:45:41.703,04:25:00,2026-09-05T16:43:03.832132+00:00,UseCase - Airlines.xlsx,True,
6F173,IndiGo,BOM,CCU,2026-04-18 12:19:41.703,2026-04-18 13:08:41.703,00:49:00,2026-09-05T16:43:03.832132+00:00,UseCase - Airlines.xlsx,True,
AI185,Air India,CCU,BOM,2026-04-18 12:16:41.703,2026-04-18 16:18:41.703,04:02:00,2026-09-05T16:43:03.832132+00:00,UseCase - Airlines.xlsx,True,
SJ152,SpiceJet,BOM,DEL,2026-04-18 12:09:41.702,2026-04-18 13:50:41.702,01:41:00,2026-09-05T16:43:03.832132+00:00,UseCase - Airlines.xlsx,True,
AI215,Air India,BLR,DEL,2026-04-18 12:07:41.703,2026-04-18 13:43:41.703,01:36:00,2026-09-05T16:43:03.832132+00:00,UseCase - Airlines.xlsx,True,
AI074,Air India,CCU,BOM,2026-04-18 12:03:41.702,2026-04-18 12:50:41.702,00:47:00,2026-09-05T16:43:03.832132+00:00,UseCase - Airlines.xlsx,True,
6F109,IndiGo,BLR,BOM,2026-04-18 12:00:41.702,2026-04-18 12:51:41.702,00:51:00,2026-09-05T16:43:03.832132+00:00,UseCase - Airlines.xlsx,True,
6F144,IndiGo,HYD,BOM,2026-04-18 11:56:41.702,2026-04-18 15:11:41.702,03:15:00,2026-09-05T16:43:03.832132+00:00,UseCase - Airlines.xlsx,True,
6F210,IndiGo,HYD,DEL,2026-04-18 11:51:41.703,2026-04-18 15:58:41.703,04:07:00,2026-09-05T16:43:03.832132+00:00,UseCase - Airlines.xlsx,True,
SJ111,SpiceJet,DEL,MAA,2026-04-18 11:47:41.702,2026-04-18 12:59:41.702,01:12:00,2026-09-05T16:43:03.832132+00:00,UseCase - Airlines.xlsx,True,
UK092,Vistara,MAA,BLR,2026-04-18 11:42:41.702,2026-04-18 13:17:41.702,01:35:00,2026-09-05T16:43:03.832132+00:00,UseCase - Airlines.xlsx,True,
UK009,Vistara,BOM,DEL,2026-04-18 11:34:41.701,2026-04-18 13:41:41.701,02:07:00,2026-09-05T16:43:03.832132+00:00,UseCase - Airlines.xlsx,True,
AI170,Air India,HYD,DEL,2026-04-18 11:27:41.703,2026-04-18 15:50:41.703,04:23:00,2026-09-05T16:43:03.832132+00:00,UseCase - Airlines.xlsx,True,
6F154,IndiGo,CCU,DEL,2026-04-18 11:26:41.703,2026-04-18 12:23:41.703,00:57:00,2026-09-05T16:43:03.832132+00:00,UseCase - Airlines.xlsx,True,
6F161,IndiGo,MAA,DEL,2026-04-18 11:24:41.703,2026-04-18 12:21:41.703,00:57:00,2026-09-05T16:43:03.832132+00:00,UseCase - Airlines.xlsx,True,
UK128,Vistara,BOM,CCU,2026-04-18 11:22:41.702,2026-04-18 14:11:41.702,02:49:00,2026-09-05T16:43:03.832132+00:00,UseCase - Airlines.xlsx,True,
AI186,Air India,DEL,BOM,2026-04-18 11:11:41.703,2026-04-18 13:05:41.703,01:54:00,2026-09-05T16:43:03.832132+00:00,UseCase - Airlines.xlsx,True,
AI099,Air India,BLR,BOM,2026-04-18 11:07:41.702,2026-04-18 13:29:41.702,02:22:00,2026-09-05T16:43:03.832132+00:00,UseCase - Airlines.xlsx,True,
6F203,IndiGo,BLR,HYD,2026-04-18 11:05:41.703,2026-04-18 12:56:41.703,01:51:00,2026-09-05T16:43:03.832132+00:00,UseCase - Airlines.xlsx,True,
UK139,,BLR,MAA,2026-04-18 10:54:41.703,2026-04-18 14:31:41.703,03:37:00,2026-09-05T16:43:03.832132+00:00,UseCase - Airlines.xlsx,True,WARN_MISSING_AIRLINE
UK139,,BLR,MAA,2026-04-18 10:54:41.703,2026-04-18 14:31:41.703,03:37:00,2026-09-05T16:43:03.832132+00:00,UseCase - Airlines.xlsx,True,WARN_MISSING_AIRLINE
SJ008,SpiceJet,HYD,BLR,2026-04-18 10:53:41.701,2026-04-18 15:48:41.701,04:55:00,2026-09-05T16:43:03.832132+00:00,UseCase - Airlines.xlsx,True,
AI171,Air India,MAA,BLR,2026-04-18 10:51:41.703,2026-04-18 13:34:41.703,02:43:00,2026-09-05T16:43:03.832132+00:00,UseCase - Airlines.xlsx,True,
6F124,IndiGo,BLR,BOM,2026-04-18 10:47:41.702,2026-04-18 15:21:41.702,04:34:00,2026-09-05T16:43:03.832132+00:00,UseCase - Airlines.xlsx,True,
6F137,IndiGo,CCU,DEL,2026-04-18 10:45:41.702,2026-04-18 15:01:41.702,04:16:00,2026-09-05T16:43:03.832132+00:00,UseCase - Airlines.xlsx,True,
AI008,Air India,BOM,CCU,2026-04-18 10:43:41.701,2026-04-18 12:43:42.000,02:00:00.299000,2026-09-05T16:43:03.832132+00:00,UseCase - Airlines.xlsx,True,
SJ140,UNKNOWN,HYD,DEL,2026-04-18 10:42:41.702,2026-04-18 14:30:41.702,03:48:00,2026-09-05T16:43:03.832132+00:00,UseCase - Airlines.xlsx,True,WARN_MISSING_AIRLINE
UK016,Vistara,DEL,CCU,2026-04-18 10:42:41.701,2026-04-18 11:22:41.701,00:40:00,2026-09-05T16:43:03.832132+00:00,UseCase - Airlines.xlsx,True,
AI127,Air India,DEL,HYD,2026-04-18 10:37:41.702,2026-04-18 13:45:41.702,03:08:00,2026-09-05T16:43:03.832132+00:00,UseCase - Airlines.xlsx,True,
SJ096,UNKNOWN,DEL,HYD,2026-04-18 10:29:41.702,2026-04-18 13:45:41.702,03:16:00,2026-09-05T16:43:03.832132+00:00,UseCase - Airlines.xlsx,True,WARN_MISSING_AIRLINE
6F048,IndiGo,HYD,DEL,2026-04-18 10:27:41.701,2026-04-18 11:18:41.701,00:51:00,2026-09-05T16:43:03.832132+00:00,UseCase - Airlines.xlsx,True,
SJ090,SpiceJet,HYD,MAA,2026-04-18 10:24:41.702,2026-04-18 13:11:41.702,02:47:00,2026-09-05T16:43:03.832132+00:00,UseCase - Airlines.xlsx,True,
AI014,Air India,HYD,MAA,2026-04-18 10:24:41.701,2026-04-18 13:51:41.701,03:27:00,2026-09-05T16:43:03.832132+00:00,UseCase - Airlines.xlsx,True,
6F131,IndiGo,BLR,HYD,2026-04-18 10:22:41.702,2026-04-18 14:20:41.702,03:58:00,2026-09-05T16:43:03.832132+00:00,UseCase - Airlines.xlsx,True,
AI130,Air India,BOM,BLR,2026-04-18 10:18:41.702,2026-04-18 12:59:41.702,02:41:00,2026-09-05T16:43:03.832132+00:00,UseCase - Airlines.xlsx,True,
UK151,,BOM,CCU,2026-04-18 10:11:41.703,2026-04-18 13:30:41.703,03:19:00,2026-09-05T16:43:03.832132+00:00,UseCase - Airlines.xlsx,True,WARN_MISSING_AIRLINE
6F165,IndiGo,BLR,BOM,2026-04-18 10:11:41.703,2026-04-18 11:09:41.703,00:58:00,2026-09-05T16:43:03.832132+00:00,UseCase - Airlines.xlsx,True,
UK161,Vistara,BLR,BOM,2026-04-18 10:05:41.703,2026-04-18 12:48:41.703,02:43:00,2026-09-05T16:43:03.832132+00:00,UseCase - Airlines.xlsx,True,
AI107,Air India,HYD,CCU,2026-04-18 10:03:41.702,2026-04-18 10:49:41.702,00:46:00,2026-09-05T16:43:03.832132+00:00,UseCase - Airlines.xlsx,True,
SJ104,SpiceJet,HYD,DEL,2026-04-18 10:00:41.702,2026-04-18 11:00:42.000,01:00:00.298000,2026-09-05T16:43:03.832132+00:00,UseCase - Airlines.xlsx,True,
AI042,Air India,CCU,DEL,2026-04-18 09:53:41.701,2026-04-18 10:57:41.701,01:04:00,2026-09-05T16:43:03.832132+00:00,UseCase - Airlines.xlsx,True,
6F266,UNKNOWN,CCU,MAA,2026-04-18 09:49:41.703,2026-04-18 11:17:41.703,01:28:00,2026-09-05T16:43:03.832132+00:00,UseCase - Airlines.xlsx,True,WARN_MISSING_AIRLINE
6F138,IndiGo,HYD,BLR,2026-04-18 09:49:41.702,2026-04-18 12:53:41.702,03:04:00,2026-09-05T16:43:03.832132+00:00,UseCase - Airlines.xlsx,True,
SJ219,SpiceJet,BOM,DEL,2026-04-18 09:32:41.703,2026-04-18 14:09:41.703,04:37:00,2026-09-05T16:43:03.832132+00:00,UseCase - Airlines.xlsx,True,
UK197,Vistara,BLR,HYD,2026-04-18 09:22:41.703,2026-04-18 10:54:41.703,01:32:00,2026-09-05T16:43:03.832132+00:00,UseCase - Airlines.xlsx,True,
6F119,IndiGo,DEL,BOM,2026-04-18 09:19:41.702,2026-04-18 11:33:41.702,02:14:00,2026-09-05T16:43:03.832132+00:00,UseCase - Airlines.xlsx,True,
SJ058,SpiceJet,DEL,HYD,2026-04-18 08:58:41.701,2026-04-18 13:14:41.701,04:16:00,2026-09-05T16:43:03.832132+00:00,UseCase - Airlines.xlsx,True,
AI218,Air India,BOM,CCU,2026-04-18 08:55:41.703,2026-04-18 11:55:41.703,03:00:00,2026-09-05T16:43:03.832132+00:00,UseCase - Airlines.xlsx,True,
SJ060,SpiceJet,HYD,CCU,2026-04-18 08:51:41.701,2026-04-18 13:46:41.701,04:55:00,2026-09-05T16:43:03.832132+00:00,UseCase - Airlines.xlsx,True,
UK121,Vistara,BLR,BOM,2026-04-18 08:36:41.702,2026-04-18 12:36:41.702,04:00:00,2026-09-05T16:43:03.832132+00:00,UseCase - Airlines.xlsx,True,
6F208,IndiGo,CCU,BOM,2026-04-18 08:27:41.703,2026-04-18 11:34:41.703,03:07:00,2026-09-05T16:43:03.832132+00:00,UseCase - Airlines.xlsx,True,
6F153,IndiGo,CCU,BLR,2026-04-18 08:23:41.703,2026-04-18 12:20:41.703,03:57:00,2026-09-05T16:43:03.832132+00:00,UseCase - Airlines.xlsx,True,
AI117,Air India,HYD,BLR,2026-04-18 08:18:41.702,2026-04-18 10:09:41.702,01:51:00,2026-09-05T16:43:03.832132+00:00,UseCase - Airlines.xlsx,True,
SJ113,SpiceJet,BLR,BOM,2026-04-18 08:10:41.702,2026-04-18 10:10:42.000,02:00:00.298000,2026-09-05T16:43:03.832132+00:00,UseCase - Airlines.xlsx,True,
AI191,Air India,BLR,MAA,2026-04-18 07:57:41.703,2026-04-18 11:58:41.703,04:01:00,2026-09-05T16:43:03.832132+00:00,UseCase - Airlines.xlsx,True,
6F267,UNKNOWN,DEL,MAA,2026-04-18 07:56:41.703,2026-04-18 11:49:41.703,03:53:00,2026-09-05T16:43:03.832132+00:00,UseCase - Airlines.xlsx,True,WARN_MISSING_AIRLINE
6F185,IndiGo,CCU,DEL,2026-04-18 07:49:41.703,2026-04-18 10:08:41.703,02:19:00,2026-09-05T16:43:03.832132+00:00,UseCase - Airlines.xlsx,True,
AI114,Air India,CCU,DEL,2026-04-18 07:48:41.702,2026-04-18 09:03:41.702,01:15:00,2026-09-05T16:43:03.832132+00:00,UseCase - Airlines.xlsx,True,
6F155,IndiGo,DEL,BLR,2026-04-18 07:47:41.703,2026-04-18 08:20:41.703,00:33:00,2026-09-05T16:43:03.832132+00:00,UseCase - Airlines.xlsx,True,
UK045,Vistara,MAA,HYD,2026-04-18 07:43:41.701,2026-04-18 09:28:41.701,01:45:00,2026-09-05T16:43:03.832132+00:00,UseCase - Airlines.xlsx,True,
AI111,Air India,MAA,CCU,2026-04-18 07:40:41.702,2026-04-18 10:39:41.702,02:59:00,2026-09-05T16:43:03.832132+00:00,UseCase - Airlines.xlsx,True,
AI156,Air India,CCU,BOM,2026-04-18 07:39:41.703,2026-04-18 09:22:41.703,01:43:00,2026-09-05T16:43:03.832132+00:00,UseCase - Airlines.xlsx,True,
SJ128,SpiceJet,CCU,BLR,2026-04-18 07:39:41.702,2026-04-18 10:42:41.702,03:03:00,2026-09-05T16:43:03.832132+00:00,UseCase - Airlines.xlsx,True,
AI104,Air India,MAA,HYD,2026-04-18 07:35:41.702,2026-04-18 09:20:41.702,01:45:00,2026-09-05T16:43:03.832132+00:00,UseCase - Airlines.xlsx,True,
6F225,IndiGo,HYD,CCU,2026-04-18 07:33:41.704,2026-04-18 12:12:41.704,04:39:00,2026-09-05T16:43:03.832132+00:00,UseCase - Airlines.xlsx,True,
6F033,IndiGo,DEL,HYD,2026-04-18 07:08:41.701,2026-04-18 09:08:41.701,02:00:00,2026-09-05T16:43:03.832132+00:00,UseCase - Airlines.xlsx,True,
6F244,IndiGo,MAA,CCU,2026-04-18 07:07:41.704,2026-04-18 08:31:41.704,01:24:00,2026-09-05T16:43:03.832132+00:00,UseCase - Airlines.xlsx,True,
UK137,Vistara,BOM,MAA,2026-04-18 07:04:41.703,2026-04-18 09:14:41.703,02:10:00,2026-09-05T16:43:03.832132+00:00,UseCase - Airlines.xlsx,True,
AI063,Air India,HYD,BLR,2026-04-18 07:03:41.701,2026-04-18 11:26:41.701,04:23:00,2026-09-05T16:43:03.832132+00:00,UseCase - Airlines.xlsx,True,
SJ156,SpiceJet,BOM,DEL,2026-04-18 06:59:41.703,2026-04-18 07:34:41.703,00:35:00,2026-09-05T16:43:03.832132+00:00,UseCase - Airlines.xlsx,True,
UK125,Vistara,HYD,BOM,2026-04-18 06:58:41.702,2026-04-18 11:44:41.702,04:46:00,2026-09-05T16:43:03.832132+00:00,UseCase - Airlines.xlsx,True,
AI232,Air India,DEL,BLR,2026-04-18 06:43:41.704,2026-04-18 10:13:41.704,03:30:00,2026-09-05T16:43:03.832132+00:00,UseCase - Airlines.xlsx,True,
AI167,Air India,BLR,DEL,2026-04-18 06:43:41.703,2026-04-18 11:10:41.703,04:27:00,2026-09-05T16:43:03.832132+00:00,UseCase - Airlines.xlsx,True,
UK160,Vistara,BLR,BOM,2026-04-18 06:42:41.703,2026-04-18 10:58:41.703,04:16:00,2026-09-05T16:43:03.832132+00:00,UseCase - Airlines.xlsx,True,
UK160,Vistara,BLR,BOM,2026-04-18 06:42:41.703,2026-04-18 10:58:41.703,04:16:00,2026-09-05T16:43:03.832132+00:00,UseCase - Airlines.xlsx,True,
UK129,Vistara,HYD,MAA,2026-04-18 06:29:41.702,2026-04-18 07:29:42.000,01:00:00.298000,2026-09-05T16:43:03.832132+00:00,UseCase - Airlines.xlsx,True,
SJ230,SpiceJet,BOM,CCU,2026-04-18 06:22:41.704,2026-04-18 10:57:41.704,04:35:00,2026-09-05T16:43:03.832132+00:00,UseCase - Airlines.xlsx,True,
SJ056,SpiceJet,HYD,DEL,2026-04-18 06:11:41.701,2026-04-18 07:10:41.701,00:59:00,2026-09-05T16:43:03.832132+00:00,UseCase - Airlines.xlsx,True,
SJ137,SpiceJet,CCU,DEL,2026-04-18 06:08:41.702,2026-04-18 10:14:41.702,04:06:00,2026-09-05T16:43:03.832132+00:00,UseCase - Airlines.xlsx,True,
6F081,IndiGo,MAA,BLR,2026-04-18 06:04:41.702,2026-04-18 07:43:41.702,01:39:00,2026-09-05T16:43:03.832132+00:00,UseCase - Airlines.xlsx,True,
6F088,IndiGo,CCU,BLR,2026-04-18 05:51:41.702,2026-04-18 08:22:41.702,02:31:00,2026-09-05T16:43:03.832132+00:00,UseCase - Airlines.xlsx,True,
6F121,IndiGo,HYD,MAA,2026-04-18 05:44:41.702,2026-04-18 10:42:41.702,04:58:00,2026-09-05T16:43:03.832132+00:00,UseCase - Airlines.xlsx,True,
UK214,Vistara,HYD,DEL,2026-04-18 05:30:41.704,2026-04-18 09:10:41.704,03:40:00,2026-09-05T16:43:03.832132+00:00,UseCase - Airlines.xlsx,True,
6F060,IndiGo,DEL,BLR,2026-04-18 05:29:41.701,2026-04-18 07:29:42.000,02:00:00.299000,2026-09-05T16:43:03.832132+00:00,UseCase - Airlines.xlsx,True,
SJ101,SpiceJet,CCU,DEL,2026-04-18 05:17:41.702,2026-04-18 06:57:41.702,01:40:00,2026-09-05T16:43:03.832132+00:00,UseCase - Airlines.xlsx,True,
AI017,Air India,CCU,BOM,2026-04-18 05:15:41.701,2026-04-18 08:48:41.701,03:33:00,2026-09-05T16:43:03.832132+00:00,UseCase - Airlines.xlsx,True,
6F120,IndiGo,BLR,BOM,2026-04-18 05:14:41.702,2026-04-18 06:14:41.702,01:00:00,2026-09-05T16:43:03.832132+00:00,UseCase - Airlines.xlsx,True,
6F217,IndiGo,BLR,BOM,2026-04-18 05:13:41.704,2026-04-18 08:01:41.704,02:48:00,2026-09-05T16:43:03.832132+00:00,UseCase - Airlines.xlsx,True,
AI194,Air India,MAA,BLR,2026-04-18 05:09:41.703,2026-04-18 09:38:41.703,04:29:00,2026-09-05T16:43:03.832132+00:00,UseCase - Airlines.xlsx,True,
AI095,Air India,DEL,MAA,2026-04-18 05:00:41.702,2026-04-18 08:18:41.702,03:18:00,2026-09-05T16:43:03.832132+00:00,UseCase - Airlines.xlsx,True,
SJ190,SpiceJet,BOM,CCU,2026-04-18 04:57:41.703,2026-04-18 09:25:41.703,04:28:00,2026-09-05T16:43:03.832132+00:00,UseCase - Airlines.xlsx,True,
6F139,IndiGo,HYD,MAA,2026-04-18 04:55:41.702,2026-04-18 08:17:41.702,03:22:00,2026-09-05T16:43:03.832132+00:00,UseCase - Airlines.xlsx,True,
6F062,IndiGo,CCU,DEL,2026-04-18 04:55:41.701,2026-04-18 06:22:41.701,01:27:00,2026-09-05T16:43:03.832132+00:00,UseCase - Airlines.xlsx,True,
UK011,Vistara,CCU,DEL,2026-04-18 04:41:41.701,2026-04-18 06:25:41.701,01:44:00,2026-09-05T16:43:03.832132+00:00,UseCase - Airlines.xlsx,True,
6F100,IndiGo,BOM,BLR,2026-04-18 04:40:41.702,2026-04-18 07:49:41.702,03:09:00,2026-09-05T16:43:03.832132+00:00,UseCase - Airlines.xlsx,True,
6F228,IndiGo,HYD,MAA,2026-04-18 04:36:41.704,2026-04-18 09:27:41.704,04:51:00,2026-09-05T16:43:03.832132+00:00,UseCase - Airlines.xlsx,True,
UK033,Vistara,HYD,DEL,2026-04-18 04:34:41.701,2026-04-18 09:18:41.701,04:44:00,2026-09-05T16:43:03.832132+00:00,UseCase - Airlines.xlsx,True,
SJ231,SpiceJet,DEL,BLR,2026-04-18 04:23:41.704,2026-04-18 05:48:41.704,01:25:00,2026-09-05T16:43:03.832132+00:00,UseCase - Airlines.xlsx,True,
AI166,Air India,BOM,CCU,2026-04-18 04:20:41.703,2026-04-18 07:23:41.703,03:03:00,2026-09-05T16:43:03.832132+00:00,UseCase - Airlines.xlsx,True,
SJ176,SpiceJet,DEL,BOM,2026-04-18 04:15:41.703,2026-04-18 06:17:41.703,02:02:00,2026-09-05T16:43:03.832132+00:00,UseCase - Airlines.xlsx,True,
SJ065,SpiceJet,MAA,BLR,2026-04-18 04:10:41.701,2026-04-18 06:54:41.701,02:44:00,2026-09-05T16:43:03.832132+00:00,UseCase - Airlines.xlsx,True,
6F160,IndiGo,MAA,BLR,2026-04-18 04:09:41.703,2026-04-18 08:26:41.703,04:17:00,2026-09-05T16:43:03.832132+00:00,UseCase - Airlines.xlsx,True,
AI089,Air India,CCU,BOM,2026-04-18 04:05:41.702,2026-04-18 04:47:41.702,00:42:00,2026-09-05T16:43:03.832132+00:00,UseCase - Airlines.xlsx,True,
UK226,Vistara,MAA,HYD,2026-04-18 03:58:41.704,2026-04-18 05:01:41.704,01:03:00,2026-09-05T16:43:03.832132+00:00,UseCase - Airlines.xlsx,True,
SJ123,SpiceJet,BOM,CCU,2026-04-18 03:57:41.702,2026-04-18 05:25:41.702,01:28:00,2026-09-05T16:43:03.832132+00:00,UseCase - Airlines.xlsx,True,
AI054,Air India,HYD,CCU,2026-04-18 03:44:41.701,2026-04-18 08:10:41.701,04:26:00,2026-09-05T16:43:03.832132+00:00,UseCase - Airlines.xlsx,True,
UK019,Vistara,BOM,HYD,2026-04-18 03:41:41.701,2026-04-18 04:35:41.701,00:54:00,2026-09-05T16:43:03.832132+00:00,UseCase - Airlines.xlsx,True,
UK032,Vistara,BLR,BOM,2026-04-18 03:31:41.701,2026-04-18 07:28:41.701,03:57:00,2026-09-05T16:43:03.832132+00:00,UseCase - Airlines.xlsx,True,
SJ100,SpiceJet,MAA,BLR,2026-04-18 03:28:41.702,2026-04-18 06:50:41.702,03:22:00,2026-09-05T16:43:03.832132+00:00,UseCase - Airlines.xlsx,True,
SJ094,SpiceJet,MAA,HYD,2026-04-18 03:23:41.702,2026-04-18 08:07:41.702,04:44:00,2026-09-05T16:43:03.832132+00:00,UseCase - Airlines.xlsx,True,
6F101,IndiGo,BOM,MAA,2026-04-18 03:18:41.702,2026-04-18 08:15:41.702,04:57:00,2026-09-05T16:43:03.832132+00:00,UseCase - Airlines.xlsx,True,
6F006,IndiGo,BOM,BLR,2026-04-18 03:06:41.701,2026-04-18 05:06:42.000,02:00:00.299000,2026-09-05T16:43:03.832132+00:00,UseCase - Airlines.xlsx,True,
AI006,Air India,BOM,BLR,2026-04-18 03:04:41.701,2026-04-18 05:54:41.701,02:50:00,2026-09-05T16:43:03.832132+00:00,UseCase - Airlines.xlsx,True,
AI195,Air India,CCU,MAA,2026-04-18 02:58:41.703,2026-04-18 04:57:41.703,01:59:00,2026-09-05T16:43:03.832132+00:00,UseCase - Airlines.xlsx,True,
UK072,Vistara,BOM,BLR,2026-04-18 02:55:41.702,2026-04-18 05:55:42.000,03:00:00.298000,2026-09-05T16:43:03.832132+00:00,UseCase - Airlines.xlsx,True,
AI244,Air India,BLR,BOM,2026-04-18 02:50:41.704,2026-04-18 03:25:41.704,00:35:00,2026-09-05T16:43:03.832132+00:00,UseCase - Airlines.xlsx,True,
SJ059,SpiceJet,CCU,DEL,2026-04-18 02:50:41.701,2026-04-18 04:06:41.701,01:16:00,2026-09-05T16:43:03.832132+00:00,UseCase - Airlines.xlsx,True,
SJ009,SpiceJet,CCU,BLR,2026-04-18 02:48:41.701,2026-04-18 04:23:41.701,01:35:00,2026-09-05T16:43:03.832132+00:00,UseCase - Airlines.xlsx,True,
AI121,Air India,HYD,MAA,2026-04-18 02:42:41.702,2026-04-18 06:11:41.702,03:29:00,2026-09-05T16:43:03.832132+00:00,UseCase - Airlines.xlsx,True,
6F265,,DEL,HYD,2026-04-18 02:27:41.703,2026-04-18 03:24:41.703,00:57:00,2026-09-05T16:43:03.832132+00:00,UseCase - Airlines.xlsx,True,WARN_MISSING_AIRLINE
6F110,IndiGo,HYD,DEL,2026-04-18 02:27:41.702,2026-04-18 05:48:41.702,03:21:00,2026-09-05T16:43:03.832132+00:00,UseCase - Airlines.xlsx,True,
UK018,Vistara,BOM,CCU,2026-04-18 02:15:41.701,2026-04-18 04:08:41.701,01:53:00,2026-09-05T16:43:03.832132+00:00,UseCase - Airlines.xlsx,True,
6F072,IndiGo,BLR,CCU,2026-04-18 02:14:41.702,2026-04-18 03:11:41.702,00:57:00,2026-09-05T16:43:03.832132+00:00,UseCase - Airlines.xlsx,True,
6F159,IndiGo,CCU,BOM,2026-04-18 02:08:41.703,2026-04-18 02:43:41.703,00:35:00,2026-09-05T16:43:03.832132+00:00,UseCase - Airlines.xlsx,True,
6F095,IndiGo,BLR,MAA,2026-04-18 01:53:41.702,2026-04-18 05:34:41.702,03:41:00,2026-09-05T16:43:03.832132+00:00,UseCase - Airlines.xlsx,True,
SJ129,SpiceJet,CCU,BOM,2026-04-18 01:48:41.702,2026-04-18 05:48:41.702,04:00:00,2026-09-05T16:43:03.832132+00:00,UseCase - Airlines.xlsx,True,
UK039,Vistara,HYD,BOM,2026-04-18 01:40:41.701,2026-04-18 02:53:41.701,01:13:00,2026-09-05T16:43:03.832132+00:00,UseCase - Airlines.xlsx,True,
6F130,IndiGo,DEL,HYD,2026-04-18 01:27:41.702,2026-04-18 02:45:41.702,01:18:00,2026-09-05T16:43:03.832132+00:00,UseCase - Airlines.xlsx,True,
6F247,IndiGo,DEL,HYD,2026-04-18 01:27:41.702,2026-04-18 02:45:41.702,01:18:00,2026-09-05T16:43:03.832132+00:00,UseCase - Airlines.xlsx,True,
SJ233,SpiceJet,DEL,HYD,2026-04-18 01:18:41.704,2026-04-18 02:56:41.704,01:38:00,2026-09-05T16:43:03.832132+00:00,UseCase - Airlines.xlsx,True,
6F231,IndiGo,HYD,MAA,2026-04-18 01:16:41.704,2026-04-18 05:43:41.704,04:27:00,2026-09-05T16:43:03.832132+00:00,UseCase - Airlines.xlsx,True,
AI125,,CCU,DEL,2026-04-18 01:12:41.702,2026-04-18 04:51:41.702,03:39:00,2026-09-05T16:43:03.832132+00:00,UseCase - Airlines.xlsx,True,WARN_MISSING_AIRLINE
6F102,IndiGo,HYD,MAA,2026-04-18 01:10:41.702,2026-04-18 02:24:41.702,01:14:00,2026-09-05T16:43:03.832132+00:00,UseCase - Airlines.xlsx,True,
UK078,Vistara,BOM,HYD,2026-04-18 01:03:41.702,2026-04-18 04:32:41.702,03:29:00,2026-09-05T16:43:03.832132+00:00,UseCase - Airlines.xlsx,True,
UK043,,DEL,HYD,2026-04-18 00:48:41.701,2026-04-18 04:52:41.701,04:04:00,2026-09-05T16:43:03.832132+00:00,UseCase - Airlines.xlsx,True,WARN_MISSING_AIRLINE
AI144,Air India,MAA,BOM,2026-04-18 00:43:41.702,2026-04-18 03:36:41.702,02:53:00,2026-09-05T16:43:03.832132+00:00,UseCase - Airlines.xlsx,True,
UK054,Vistara,BLR,BOM,2026-04-18 00:37:41.701,2026-04-18 05:30:41.701,04:53:00,2026-09-05T16:43:03.832132+00:00,UseCase - Airlines.xlsx,True,
UK108,Vistara,DEL,BLR,2026-04-18 00:28:41.702,2026-04-18 03:46:41.702,03:18:00,2026-09-05T16:43:03.832132+00:00,UseCase - Airlines.xlsx,True,
6F008,IndiGo,DEL,BOM,2026-04-18 00:14:41.701,2026-04-18 04:59:41.701,04:45:00,2026-09-05T16:43:03.832132+00:00,UseCase - Airlines.xlsx,True,
6F106,IndiGo,BOM,CCU,2026-04-18 00:10:41.702,2026-04-18 01:52:41.702,01:42:00,2026-09-05T16:43:03.832132+00:00,UseCase - Airlines.xlsx,True,
AI203,Air India,BOM,CCU,2026-04-18 00:09:41.703,2026-04-18 02:56:41.703,02:47:00,2026-09-05T16:43:03.832132+00:00,UseCase - Airlines.xlsx,True,
AI065,,MAA,BLR,2026-04-18 00:09:41.701,2026-04-18 05:00:41.701,04:51:00,2026-09-05T16:43:03.832132+00:00,UseCase - Airlines.xlsx,True,WARN_MISSING_AIRLINE
UK053,Vistara,BLR,BOM,2026-04-17 23:56:41.701,2026-04-18 02:46:41.701,02:50:00,2026-09-05T16:43:03.832132+00:00,UseCase - Airlines.xlsx,True,
UK086,Vistara,CCU,BLR,2026-04-17 23:55:41.702,2026-04-18 02:27:41.702,02:32:00,2026-09-05T16:43:03.832132+00:00,UseCase - Airlines.xlsx,True,
SJ223,SpiceJet,HYD,MAA,2026-04-17 23:54:41.703,2026-04-18 01:08:41.703,01:14:00,2026-09-05T16:43:03.832132+00:00,UseCase - Airlines.xlsx,True,
6F069,IndiGo,MAA,BLR,2026-04-17 23:44:41.701,2026-04-18 03:17:41.701,03:33:00,2026-09-05T16:43:03.832132+00:00,UseCase - Airlines.xlsx,True,
6F032,IndiGo,DEL,BOM,2026-04-17 23:43:41.701,2026-04-18 02:22:41.701,02:39:00,2026-09-05T16:43:03.832132+00:00,UseCase - Airlines.xlsx,True,
UK178,Vistara,DEL,BLR,2026-04-17 23:41:41.703,2026-04-18 04:09:41.703,04:28:00,2026-09-05T16:43:03.832132+00:00,UseCase - Airlines.xlsx,True,
6F108,IndiGo,DEL,HYD,2026-04-17 23:41:41.702,2026-04-18 03:23:41.702,03:42:00,2026-09-05T16:43:03.832132+00:00,UseCase - Airlines.xlsx,True,
UK147,Vistara,CCU,DEL,2026-04-17 23:35:41.703,2026-04-18 02:55:41.703,03:20:00,2026-09-05T16:43:03.832132+00:00,UseCase - Airlines.xlsx,True,
AI187,Air India,BLR,HYD,2026-04-17 23:32:41.703,2026-04-18 01:16:41.703,01:44:00,2026-09-05T16:43:03.832132+00:00,UseCase - Airlines.xlsx,True,
UK213,Vistara,BOM,CCU,2026-04-17 23:21:41.704,2026-04-18 01:01:41.704,01:40:00,2026-09-05T16:43:03.832132+00:00,UseCase - Airlines.xlsx,True,
AI035,Air India,DEL,MAA,2026-04-17 23:17:41.701,2026-04-18 00:48:41.701,01:31:00,2026-09-05T16:43:03.832132+00:00,UseCase - Airlines.xlsx,True,
UK186,Vistara,BOM,BLR,2026-04-17 23:05:41.703,2026-04-18 02:22:41.703,03:17:00,2026-09-05T16:43:03.832132+00:00,UseCase - Airlines.xlsx,True,
6F045,IndiGo,BOM,HYD,2026-04-17 23:04:41.701,2026-04-18 03:38:41.701,04:34:00,2026-09-05T16:43:03.832132+00:00,UseCase - Airlines.xlsx,True,
UK025,Vistara,DEL,BOM,2026-04-17 22:55:41.701,2026-04-18 02:47:41.701,03:52:00,2026-09-05T16:43:03.832132+00:00,UseCase - Airlines.xlsx,True,
UK162,Vistara,BOM,CCU,2026-04-17 22:47:41.703,2026-04-18 00:21:41.703,01:34:00,2026-09-05T16:43:03.832132+00:00,UseCase - Airlines.xlsx,True,
AI157,Air India,BLR,CCU,2026-04-17 22:45:41.703,2026-04-18 01:33:41.703,02:48:00,2026-09-05T16:43:03.832132+00:00,UseCase - Airlines.xlsx,True,
6F096,IndiGo,MAA,BLR,2026-04-17 22:45:41.702,2026-04-18 02:58:41.702,04:13:00,2026-09-05T16:43:03.832132+00:00,UseCase - Airlines.xlsx,True,
SJ229,SpiceJet,CCU,DEL,2026-04-17 22:25:41.704,2026-04-18 00:27:41.704,02:02:00,2026-09-05T16:43:03.832132+00:00,UseCase - Airlines.xlsx,True,
AI214,Air India,CCU,DEL,2026-04-17 22:23:41.703,2026-04-18 02:49:41.703,04:26:00,2026-09-05T16:43:03.832132+00:00,UseCase - Airlines.xlsx,True,
6F205,IndiGo,HYD,BOM,2026-04-17 22:16:41.703,2026-04-18 00:02:41.703,01:46:00,2026-09-05T16:43:03.832132+00:00,UseCase - Airlines.xlsx,True,
SJ157,SpiceJet,DEL,HYD,2026-04-17 22:11:41.703,2026-04-18 01:05:41.703,02:54:00,2026-09-05T16:43:03.832132+00:00,UseCase - Airlines.xlsx,True,
UK114,Vistara,HYD,CCU,2026-04-17 22:10:41.702,2026-04-17 23:58:41.702,01:48:00,2026-09-05T16:43:03.832132+00:00,UseCase - Airlines.xlsx,True,
6F054,IndiGo,HYD,BLR,2026-04-17 22:00:41.701,2026-04-18 01:25:41.701,03:25:00,2026-09-05T16:43:03.832132+00:00,UseCase - Airlines.xlsx,True,
6F216,IndiGo,BLR,DEL,2026-04-17 21:58:41.704,2026-04-18 02:51:41.704,04:53:00,2026-09-05T16:43:03.832132+00:00,UseCase - Airlines.xlsx,True,
AI231,Air India,DEL,HYD,2026-04-17 21:52:41.704,2026-04-17 23:51:41.704,01:59:00,2026-09-05T16:43:03.832132+00:00,UseCase - Airlines.xlsx,True,
UK103,Vistara,MAA,DEL,2026-04-17 21:52:41.702,2026-04-18 01:06:41.702,03:14:00,2026-09-05T16:43:03.832132+00:00,UseCase - Airlines.xlsx,True,
AI066,Air India,HYD,MAA,2026-04-17 21:51:41.701,2026-04-18 00:11:41.701,02:20:00,2026-09-05T16:43:03.832132+00:00,UseCase - Airlines.xlsx,True,
6F186,IndiGo,HYD,BOM,2026-04-17 21:48:41.703,2026-04-18 02:02:41.703,04:14:00,2026-09-05T16:43:03.832132+00:00,UseCase - Airlines.xlsx,True,
AI021,Air India,DEL,HYD,2026-04-17 21:39:41.701,2026-04-18 01:38:41.701,03:59:00,2026-09-05T16:43:03.832132+00:00,UseCase - Airlines.xlsx,True,
AI113,Air India,CCU,HYD,2026-04-17 21:21:41.702,2026-04-17 23:51:41.702,02:30:00,2026-09-05T16:43:03.832132+00:00,UseCase - Airlines.xlsx,True,
SJ031,SpiceJet,DEL,BOM,2026-04-17 21:20:41.701,2026-04-17 22:29:41.701,01:09:00,2026-09-05T16:43:03.832132+00:00,UseCase - Airlines.xlsx,True,
UK217,Vistara,MAA,CCU,2026-04-17 21:19:41.704,2026-04-17 22:14:41.704,00:55:00,2026-09-05T16:43:03.832132+00:00,UseCase - Airlines.xlsx,True,
SJ120,SpiceJet,MAA,BLR,2026-04-17 21:19:41.702,2026-04-18 00:56:41.702,03:37:00,2026-09-05T16:43:03.832132+00:00,UseCase - Airlines.xlsx,True,
UK180,Vistara,CCU,MAA,2026-04-17 21:18:41.703,2026-04-17 23:29:41.703,02:11:00,2026-09-05T16:43:03.832132+00:00,UseCase - Airlines.xlsx,True,
UK180,Vistara,CCU,MAA,2026-04-17 21:18:41.703,2026-04-17 23:29:41.703,02:11:00,2026-09-05T16:43:03.832132+00:00,UseCase - Airlines.xlsx,True,
6F242,IndiGo,BLR,MAA,2026-04-17 21:10:41.704,2026-04-18 01:04:41.704,03:54:00,2026-09-05T16:43:03.832132+00:00,UseCase - Airlines.xlsx,True,
UK080,Vistara,BLR,MAA,2026-04-17 21:09:41.702,2026-04-17 22:29:41.702,01:20:00,2026-09-05T16:43:03.832132+00:00,UseCase - Airlines.xlsx,True,
SJ124,SpiceJet,HYD,DEL,2026-04-17 21:05:41.702,2026-04-18 01:12:41.702,04:07:00,2026-09-05T16:43:03.832132+00:00,UseCase - Airlines.xlsx,True,
SJ115,SpiceJet,BOM,HYD,2026-04-17 21:05:41.702,2026-04-17 23:10:41.702,02:05:00,2026-09-05T16:43:03.832132+00:00,UseCase - Airlines.xlsx,True,
AI081,Air India,CCU,BOM,2026-04-17 21:03:41.702,2026-04-17 22:51:41.702,01:48:00,2026-09-05T16:43:03.832132+00:00,UseCase - Airlines.xlsx,True,
AI142,Air India,BOM,DEL,2026-04-17 20:49:41.702,2026-04-17 23:03:41.702,02:14:00,2026-09-05T16:43:03.832132+00:00,UseCase - Airlines.xlsx,True,
UK052,Vistara,BLR,CCU,2026-04-17 20:48:41.701,2026-04-17 21:40:41.701,00:52:00,2026-09-05T16:43:03.832132+00:00,UseCase - Airlines.xlsx,True,
UK014,Vistara,HYD,MAA,2026-04-17 20:41:41.701,2026-04-17 22:06:41.701,01:25:00,2026-09-05T16:43:03.832132+00:00,UseCase - Airlines.xlsx,True,
AI230,,CCU,BLR,2026-04-17 20:37:41.704,2026-04-18 00:22:41.704,03:45:00,2026-09-05T16:43:03.832132+00:00,UseCase - Airlines.xlsx,True,WARN_MISSING_AIRLINE
6F268,,DEL,MAA,2026-04-17 20:29:41.701,2026-04-17 21:58:41.701,01:29:00,2026-09-05T16:43:03.832132+00:00,UseCase - Airlines.xlsx,True,WARN_MISSING_AIRLINE
AI124,Air India,CCU,HYD,2026-04-17 20:28:41.702,2026-04-18 00:00:41.702,03:32:00,2026-09-05T16:43:03.832132+00:00,UseCase - Airlines.xlsx,True,
6F082,IndiGo,BOM,BLR,2026-04-17 20:26:41.702,2026-04-17 22:26:41.702,02:00:00,2026-09-05T16:43:03.832132+00:00,UseCase - Airlines.xlsx,True,
SJ035,SpiceJet,CCU,DEL,2026-04-17 20:15:41.701,2026-04-17 21:15:42.000,01:00:00.299000,2026-09-05T16:43:03.832132+00:00,UseCase - Airlines.xlsx,True,
SJ095,SpiceJet,DEL,MAA,2026-04-17 20:09:41.702,2026-04-17 23:13:41.702,03:04:00,2026-09-05T16:43:03.832132+00:00,UseCase - Airlines.xlsx,True,
UK230,Vistara,BLR,BOM,2026-04-17 20:02:41.704,2026-04-17 21:35:41.704,01:33:00,2026-09-05T16:43:03.832132+00:00,UseCase - Airlines.xlsx,True,
UK171,Vistara,HYD,CCU,2026-04-17 19:59:41.703,2026-04-17 22:53:41.703,02:54:00,2026-09-05T16:43:03.832132+00:00,UseCase - Airlines.xlsx,True,
6F147,IndiGo,HYD,MAA,2026-04-17 19:57:41.703,2026-04-18 00:31:41.703,04:34:00,2026-09-05T16:43:03.832132+00:00,UseCase - Airlines.xlsx,True,
SJ212,UNKNOWN,MAA,BLR,2026-04-17 19:49:41.703,2026-04-17 21:44:41.703,01:55:00,2026-09-05T16:43:03.832132+00:00,UseCase - Airlines.xlsx,True,WARN_MISSING_AIRLINE
6F080,IndiGo,HYD,MAA,2026-04-17 19:47:41.702,2026-04-17 23:13:41.702,03:26:00,2026-09-05T16:43:03.832132+00:00,UseCase - Airlines.xlsx,True,
UK049,Vistara,HYD,BOM,2026-04-17 19:47:41.701,2026-04-17 20:32:41.701,00:45:00,2026-09-05T16:43:03.832132+00:00,UseCase - Airlines.xlsx,True,
UK049,Vistara,HYD,BOM,2026-04-17 19:47:41.701,2026-04-17 20:32:41.701,00:45:00,2026-09-05T16:43:03.832132+00:00,UseCase - Airlines.xlsx,True,
AI152,Air India,BLR,CCU,2026-04-17 19:21:41.703,2026-04-17 20:26:41.703,01:05:00,2026-09-05T16:43:03.832132+00:00,UseCase - Airlines.xlsx,True,
AI162,Air India,MAA,DEL,2026-04-17 19:20:41.703,2026-04-17 22:40:41.703,03:20:00,2026-09-05T16:43:03.832132+00:00,UseCase - Airlines.xlsx,True,
SJ037,SpiceJet,BLR,BOM,2026-04-17 19:14:41.701,2026-04-17 22:31:41.701,03:17:00,2026-09-05T16:43:03.832132+00:00,UseCase - Airlines.xlsx,True,
SJ037,SpiceJet,BLR,BOM,2026-04-17 19:14:41.701,2026-04-17 22:31:41.701,03:17:00,2026-09-05T16:43:03.832132+00:00,UseCase - Airlines.xlsx,True,
AI172,Air India,BOM,CCU,2026-04-17 19:08:41.703,2026-04-17 19:53:41.703,00:45:00,2026-09-05T16:43:03.832132+00:00,UseCase - Airlines.xlsx,True,
UK205,Vistara,HYD,MAA,2026-04-17 18:57:41.703,2026-04-17 21:46:41.703,02:49:00,2026-09-05T16:43:03.832132+00:00,UseCase - Airlines.xlsx,True,
AI199,Air India,HYD,DEL,2026-04-17 18:47:41.703,2026-04-17 22:26:41.703,03:39:00,2026-09-05T16:43:03.832132+00:00,UseCase - Airlines.xlsx,True,
6F241,IndiGo,DEL,HYD,2026-04-17 18:27:41.704,2026-04-17 19:02:41.704,00:35:00,2026-09-05T16:43:03.832132+00:00,UseCase - Airlines.xlsx,True,
SJ041,SpiceJet,CCU,HYD,2026-04-17 18:24:41.701,2026-04-17 22:59:41.701,04:35:00,2026-09-05T16:43:03.832132+00:00,UseCase - Airlines.xlsx,True,
AI064,Air India,BLR,MAA,2026-04-17 18:24:41.701,2026-04-17 20:07:41.701,01:43:00,2026-09-05T16:43:03.832132+00:00,UseCase - Airlines.xlsx,True,
UK169,Vistara,HYD,DEL,2026-04-17 18:12:41.703,2026-04-17 23:01:41.703,04:49:00,2026-09-05T16:43:03.832132+00:00,UseCase - Airlines.xlsx,True,
UK144,Vistara,BOM,CCU,2026-04-17 18:07:41.703,2026-04-17 20:59:41.703,02:52:00,2026-09-05T16:43:03.832132+00:00,UseCase - Airlines.xlsx,True,
AI118,Air India,HYD,MAA,2026-04-17 17:50:41.702,2026-04-17 19:59:41.702,02:09:00,2026-09-05T16:43:03.832132+00:00,UseCase - Airlines.xlsx,True,
SJ145,SpiceJet,BLR,HYD,2026-04-17 17:41:41.702,2026-04-17 20:38:41.702,02:57:00,2026-09-05T16:43:03.832132+00:00,UseCase - Airlines.xlsx,True,
SJ077,SpiceJet,BLR,MAA,2026-04-17 17:32:41.701,2026-04-17 19:40:41.701,02:08:00,2026-09-05T16:43:03.832132+00:00,UseCase - Airlines.xlsx,True,
AI126,Air India,MAA,HYD,2026-04-17 17:26:41.702,2026-04-17 20:48:41.702,03:22:00,2026-09-05T16:43:03.832132+00:00,UseCase - Airlines.xlsx,True,
SJ033,SpiceJet,HYD,DEL,2026-04-17 17:26:41.701,2026-04-17 18:51:41.701,01:25:00,2026-09-05T16:43:03.832132+00:00,UseCase - Airlines.xlsx,True,
SJ180,SpiceJet,HYD,CCU,2026-04-17 17:12:41.703,2026-04-17 22:00:41.703,04:48:00,2026-09-05T16:43:03.832132+00:00,UseCase - Airlines.xlsx,True,
6F183,IndiGo,MAA,HYD,2026-04-17 17:08:41.703,2026-04-17 19:52:41.703,02:44:00,2026-09-05T16:43:03.832132+00:00,UseCase - Airlines.xlsx,True,
AI145,,DEL,BOM,2026-04-17 17:06:41.702,2026-04-17 21:31:41.702,04:25:00,2026-09-05T16:43:03.832132+00:00,UseCase - Airlines.xlsx,True,WARN_MISSING_AIRLINE
6F089,IndiGo,DEL,HYD,2026-04-17 17:06:41.702,2026-04-17 19:10:41.702,02:04:00,2026-09-05T16:43:03.832132+00:00,UseCase - Airlines.xlsx,True,
6F207,IndiGo,BOM,HYD,2026-04-17 16:59:41.703,2026-04-17 21:00:41.703,04:01:00,2026-09-05T16:43:03.832132+00:00,UseCase - Airlines.xlsx,True,
AI229,Air India,HYD,MAA,2026-04-17 16:48:41.703,2026-04-17 18:40:41.703,01:52:00,2026-09-05T16:43:03.832132+00:00,UseCase - Airlines.xlsx,True,
6F223,IndiGo,MAA,BLR,2026-04-17 16:47:41.704,2026-04-17 17:21:41.704,00:34:00,2026-09-05T16:43:03.832132+00:00,UseCase - Airlines.xlsx,True,
6F116,IndiGo,MAA,CCU,2026-04-17 16:43:41.702,2026-04-17 19:02:41.702,02:19:00,2026-09-05T16:43:03.832132+00:00,UseCase - Airlines.xlsx,True,
SJ240,SpiceJet,BOM,HYD,2026-04-17 16:42:41.704,2026-04-17 20:21:41.704,03:39:00,2026-09-05T16:43:03.832132+00:00,UseCase - Airlines.xlsx,True,
SJ184,SpiceJet,CCU,DEL,2026-04-17 16:32:41.703,2026-04-17 21:00:41.703,04:28:00,2026-09-05T16:43:03.832132+00:00,UseCase - Airlines.xlsx,True,
AI087,Air India,MAA,DEL,2026-04-17 16:32:41.702,2026-04-17 20:30:41.702,03:58:00,2026-09-05T16:43:03.832132+00:00,UseCase - Airlines.xlsx,True,
UK148,Vistara,HYD,BOM,2026-04-17 16:31:41.703,2026-04-17 18:43:41.703,02:12:00,2026-09-05T16:43:03.832132+00:00,UseCase - Airlines.xlsx,True,
AI210,Air India,BLR,BOM,2026-04-17 16:13:41.703,2026-04-17 18:50:41.703,02:37:00,2026-09-05T16:43:03.832132+00:00,UseCase - Airlines.xlsx,True,
6F093,IndiGo,CCU,DEL,2026-04-17 16:09:41.702,2026-04-17 20:00:41.702,03:51:00,2026-09-05T16:43:03.832132+00:00,UseCase - Airlines.xlsx,True,
SJ080,SpiceJet,CCU,MAA,2026-04-17 16:04:41.702,2026-04-17 17:59:41.702,01:55:00,2026-09-05T16:43:03.832132+00:00,UseCase - Airlines.xlsx,True,
SJ005,SpiceJet,DEL,MAA,2026-04-17 16:03:41.701,2026-04-17 17:24:41.701,01:21:00,2026-09-05T16:43:03.832132+00:00,UseCase - Airlines.xlsx,True,
6F040,IndiGo,HYD,CCU,2026-04-17 15:52:41.701,2026-04-17 20:33:41.701,04:41:00,2026-09-05T16:43:03.832132+00:00,UseCase - Airlines.xlsx,True,
AI212,Air India,DEL,CCU,2026-04-17 15:31:41.703,2026-04-17 20:13:41.703,04:42:00,2026-09-05T16:43:03.832132+00:00,UseCase - Airlines.xlsx,True,
AI154,Air India,HYD,MAA,2026-04-17 15:25:41.703,2026-04-17 19:16:41.703,03:51:00,2026-09-05T16:43:03.832132+00:00,UseCase - Airlines.xlsx,True,
6F239,IndiGo,CCU,BOM,2026-04-17 15:24:41.704,2026-04-17 17:37:41.704,02:13:00,2026-09-05T16:43:03.832132+00:00,UseCase - Airlines.xlsx,True,
UK199,Vistara,BOM,CCU,2026-04-17 15:24:41.703,2026-04-17 18:55:41.703,03:31:00,2026-09-05T16:43:03.832132+00:00,UseCase - Airlines.xlsx,True,
6F218,IndiGo,BLR,BOM,2026-04-17 15:16:41.704,2026-04-17 19:03:41.704,03:47:00,2026-09-05T16:43:03.832132+00:00,UseCase - Airlines.xlsx,True,
6F011,IndiGo,MAA,BLR,2026-04-17 15:16:41.701,2026-04-17 17:16:42.000,02:00:00.299000,2026-09-05T16:43:03.832132+00:00,UseCase - Airlines.xlsx,True,
UK106,Vistara,BOM,CCU,2026-04-17 15:12:41.702,2026-04-17 17:23:41.702,02:11:00,2026-09-05T16:43:03.832132+00:00,UseCase - Airlines.xlsx,True,
UK030,Vistara,CCU,DEL,2026-04-17 15:11:41.701,2026-04-17 19:38:41.701,04:27:00,2026-09-05T16:43:03.832132+00:00,UseCase - Airlines.xlsx,True,
6F090,IndiGo,HYD,BLR,2026-04-17 15:10:41.702,2026-04-17 19:22:41.702,04:12:00,2026-09-05T16:43:03.832132+00:00,UseCase - Airlines.xlsx,True,
AI184,Air India,BOM,CCU,2026-04-17 15:03:41.703,2026-04-17 17:03:42.000,02:00:00.297000,2026-09-05T16:43:03.832132+00:00,UseCase - Airlines.xlsx,True,
SJ232,SpiceJet,MAA,BLR,2026-04-17 15:02:41.704,2026-04-17 19:22:41.704,04:20:00,2026-09-05T16:43:03.832132+00:00,UseCase - Airlines.xlsx,True,
AI153,Air India,BOM,CCU,2026-04-17 15:02:41.703,2026-04-17 16:30:41.703,01:28:00,2026-09-05T16:43:03.832132+00:00,UseCase - Airlines.xlsx,True,
UK101,Vistara,DEL,HYD,2026-04-17 15:00:41.702,2026-04-17 17:43:41.702,02:43:00,2026-09-05T16:43:03.832132+00:00,UseCase - Airlines.xlsx,True,
6F200,IndiGo,HYD,DEL,2026-04-17 14:54:41.703,2026-04-17 19:41:41.703,04:47:00,2026-09-05T16:43:03.832132+00:00,UseCase - Airlines.xlsx,True,
6F162,IndiGo,CCU,BOM,2026-04-17 14:50:41.703,2026-04-17 17:44:41.703,02:54:00,2026-09-05T16:43:03.832132+00:00,UseCase - Airlines.xlsx,True,
SJ197,SpiceJet,HYD,BLR,2026-04-17 14:49:41.703,2026-04-17 17:33:41.703,02:44:00,2026-09-05T16:43:03.832132+00:00,UseCase - Airlines.xlsx,True,
AI174,Air India,DEL,CCU,2026-04-17 14:45:41.703,2026-04-17 17:01:41.703,02:16:00,2026-09-05T16:43:03.832132+00:00,UseCase - Airlines.xlsx,True,
UK090,Vistara,HYD,MAA,2026-04-17 14:44:41.702,2026-04-17 17:24:41.702,02:40:00,2026-09-05T16:43:03.832132+00:00,UseCase - Airlines.xlsx,True,
UK124,Vistara,MAA,BLR,2026-04-17 14:35:41.702,2026-04-17 17:09:41.702,02:34:00,2026-09-05T16:43:03.832132+00:00,UseCase - Airlines.xlsx,True,
AI239,Air India,BOM,HYD,2026-04-17 14:33:41.704,2026-04-17 17:47:41.704,03:14:00,2026-09-05T16:43:03.832132+00:00,UseCase - Airlines.xlsx,True,
UK002,Vistara,CCU,MAA,2026-04-17 14:28:41.700,2026-04-17 19:20:41.700,04:52:00,2026-09-05T16:43:03.832132+00:00,UseCase - Airlines.xlsx,True,
SJ055,SpiceJet,HYD,MAA,2026-04-17 14:17:41.701,2026-04-17 17:56:41.701,03:39:00,2026-09-05T16:43:03.832132+00:00,UseCase - Airlines.xlsx,True,
UK132,Vistara,BOM,DEL,2026-04-17 14:12:41.702,2026-04-17 16:19:41.702,02:07:00,2026-09-05T16:43:03.832132+00:00,UseCase - Airlines.xlsx,True,
6F002,IndiGo,BLR,MAA,2026-04-17 14:11:41.700,2026-04-17 17:34:41.700,03:23:00,2026-09-05T16:43:03.832132+00:00,UseCase - Airlines.xlsx,True,
UK005,Vistara,BOM,MAA,2026-04-17 14:02:41.701,2026-04-17 18:14:41.701,04:12:00,2026-09-05T16:43:03.832132+00:00,UseCase - Airlines.xlsx,True,
6F258,UNKNOWN,BOM,DEL,2026-04-17 13:54:41.703,2026-04-17 16:49:41.703,02:55:00,2026-09-05T16:43:03.832132+00:00,UseCase - Airlines.xlsx,True,WARN_MISSING_AIRLINE
SJ244,SpiceJet,BLR,DEL,2026-04-17 13:51:41.704,2026-04-17 15:39:41.704,01:48:00,2026-09-05T16:43:03.832132+00:00,UseCase - Airlines.xlsx,True,
AI075,Air India,CCU,DEL,2026-04-17 13:51:41.702,2026-04-17 16:49:41.702,02:58:00,2026-09-05T16:43:03.832132+00:00,UseCase - Airlines.xlsx,True,
AI160,Air India,MAA,DEL,2026-04-17 13:41:41.703,2026-04-17 17:01:41.703,03:20:00,2026-09-05T16:43:03.832132+00:00,UseCase - Airlines.xlsx,True,
UK091,Vistara,CCU,BOM,2026-04-17 13:37:41.702,2026-04-17 17:31:41.702,03:54:00,2026-09-05T16:43:03.832132+00:00,UseCase - Airlines.xlsx,True,
UK195,Vistara,HYD,BOM,2026-04-17 13:35:41.703,2026-04-17 16:35:41.703,03:00:00,2026-09-05T16:43:03.832132+00:00,UseCase - Airlines.xlsx,True,
6F044,IndiGo,DEL,HYD,2026-04-17 13:25:41.701,2026-04-17 17:36:41.701,04:11:00,2026-09-05T16:43:03.832132+00:00,UseCase - Airlines.xlsx,True,
6F248,IndiGo,DEL,HYD,2026-04-17 13:25:41.701,2026-04-17 17:36:41.701,04:11:00,2026-09-05T16:43:03.832132+00:00,UseCase - Airlines.xlsx,True,
6F204,IndiGo,DEL,CCU,2026-04-17 13:23:41.703,2026-04-17 16:04:41.703,02:41:00,2026-09-05T16:43:03.832132+00:00,UseCase - Airlines.xlsx,True,
SJ092,SpiceJet,BLR,MAA,2026-04-17 13:19:41.702,2026-04-17 17:56:41.702,04:37:00,2026-09-05T16:43:03.832132+00:00,UseCase - Airlines.xlsx,True,
AI119,Air India,MAA,BLR,2026-04-17 13:15:41.702,2026-04-17 15:57:41.702,02:42:00,2026-09-05T16:43:03.832132+00:00,UseCase - Airlines.xlsx,True,
AI151,Air India,MAA,HYD,2026-04-17 13:14:41.703,2026-04-17 14:10:41.703,00:56:00,2026-09-05T16:43:03.832132+00:00,UseCase - Airlines.xlsx,True,
UK107,Vistara,HYD,BOM,2026-04-17 13:09:41.702,2026-04-17 14:25:41.702,01:16:00,2026-09-05T16:43:03.832132+00:00,UseCase - Airlines.xlsx,True,
SJ019,SpiceJet,BLR,DEL,2026-04-17 13:07:41.701,2026-04-17 15:56:41.701,02:49:00,2026-09-05T16:43:03.832132+00:00,UseCase - Airlines.xlsx,True,
AI052,Air India,CCU,MAA,2026-04-17 13:06:41.701,2026-04-17 15:42:41.701,02:36:00,2026-09-05T16:43:03.832132+00:00,UseCase - Airlines.xlsx,True,
SJ177,SpiceJet,BOM,CCU,2026-04-17 13:04:41.703,2026-04-17 17:37:41.703,04:33:00,2026-09-05T16:43:03.832132+00:00,UseCase - Airlines.xlsx,True,
6F215,IndiGo,DEL,BLR,2026-04-17 13:00:41.703,2026-04-17 17:30:41.703,04:30:00,2026-09-05T16:43:03.832132+00:00,UseCase - Airlines.xlsx,True,
AI223,Air India,BOM,CCU,2026-04-17 12:53:41.703,2026-04-17 14:42:41.703,01:49:00,2026-09-05T16:43:03.832132+00:00,UseCase - Airlines.xlsx,True,
SJ069,SpiceJet,HYD,BLR,2026-04-17 12:53:41.701,2026-04-17 14:17:41.701,01:24:00,2026-09-05T16:43:03.832132+00:00,UseCase - Airlines.xlsx,True,
6F198,IndiGo,HYD,BLR,2026-04-17 12:40:41.703,2026-04-17 17:39:41.703,04:59:00,2026-09-05T16:43:03.832132+00:00,UseCase - Airlines.xlsx,True,
AI093,Air India,BOM,BLR,2026-04-17 12:35:41.702,2026-04-17 17:28:41.702,04:53:00,2026-09-05T16:43:03.832132+00:00,UseCase - Airlines.xlsx,True,
UK062,Vistara,HYD,DEL,2026-04-17 12:33:41.701,2026-04-17 15:35:41.701,03:02:00,2026-09-05T16:43:03.832132+00:00,UseCase - Airlines.xlsx,True,
6F057,IndiGo,MAA,DEL,2026-04-17 12:32:41.701,2026-04-17 15:50:41.701,03:18:00,2026-09-05T16:43:03.832132+00:00,UseCase - Airlines.xlsx,True,
UK064,Vistara,BOM,DEL,2026-04-17 12:25:41.701,2026-04-17 14:55:41.701,02:30:00,2026-09-05T16:43:03.832132+00:00,UseCase - Airlines.xlsx,True,
