passenger_id,first_name,last_name,age,gender,email,phone,aadhaar_id,date_of_birth
P1000,Vivaan,Chatterjee,52,F,v****e@gmail.com,****3790,99466baa9b8fe69a6f31db34c87d50f0e9a488eda788f3fdce1c00e09a316285,1974-04-08
P1001,Krishna,Reddy,15,M,k****y@hotmail.com,****2297,6d05ccbeb5011dd59948b882fff86e1a6f7fc0cf41f6598b385f58558830ac18,2011-03-07
P1002,Myra,Naidu,72,M,m****u@outlook.com,****5092,3e24ac79e2c956797c22051676644d26204cc4de0f203e1bf3aec0d9ea8e0d3f,1954-09-10
P1003,Myra,Mishra,61,F,m****a@hotmail.com,****7151,4e880723014ee24b39f0213150496f3efb9faa3f62d335c2248452b7c6ddc7e6,1965-03-12
P1004,Saanvi,Banerjee,20,M,s****e@outlook.com,****5113,3ca09c31f18da71ad2bc39cb3cbb387c38a9cd5ad37239eb8ca5ac19c8c18ac1,2005-11-11
P1005,Reyansh,Joshi,83,M,r****i@gmail.com,****3818,65d58b4376cbd17ce184315d6c330b5e6e926e15fcb9da075dcfea8f0fee1cfe,1943-03-09
P1006,Kavya,Nair,87,M,k****r@yahoo.com,****5830,2b1c48782995bca7651b32a296333e0f8719bc8b98a27877ccf03c696c89f9bb,1939-02-25
P1007,Sara,Joshi,74,M,s****i@gmail.com,****2119,13a51896795a68872c530ba9328d2a05de81c12824abd57c62fbad2a026acc33,1951-11-24
P1008,Kavya,Pillai,74,M,k****i@gmail.com,****6600,184b6d895f7c0fd560b885720ee72b5de5ee102df5f112d64c6b724d12bb24fd,1951-11-10
P1009,Sai,Kulkarni,88,M,s****i@hotmail.com,****9919,7152cf63fa78e06f15efe34fefe6158e1f8a85cb1ea49545581a0a7af42195d8,1938-04-02
P1010,Sai,Agarwal,24,M,s****l@yahoo.com,****9690,6ccbdd4d650e0d64ce86d6e145d8f2b0c07aec9989fcbf2c660d39c96f3e3114,2002-04-18
P1011,Sara,Naidu,3,M,s****u@yahoo.com,****4718,6ec260924a1a8d6aa59b677aa509e0b8d3c83744bc682bae7f4afa4b22860ddc,2023-04-19
P1012,Arjun,Patel,22,M,a****l@yahoo.com,****8245,f0eaffffe232a66363df74d13a400ee0f1cf3831fb76cec3e949c15746ccb8f9,2004-03-24
P1013,Sara,Iyer,53,M,s****r@hotmail.com,****6298,01f603c86d6008c8305f292caf52f66c75cf7cd6a4be06f8d783b728fc025429,1973-01-13
P1014,Anika,Banerjee,2,F,a****e@outlook.com,****2705,f43bad82f1ea88b19fcd0c24acd414afa64f6aabe5b57580da7857b110f5d61a,2024-09-04
P1015,Aadhya,Verma,88,F,a****a@gmail.com,****0141,d70bbd933fb62ae559b38998053c0fef4e5ea8498d7056cec5906af99cad0a16,1938-05-26
P1016,Vivaan,Naidu,30,M,v****u@rediffmail.com,****0826,b740b55080e3f5e987b1e613f84e3f5e550281a34627b8e44b8ce5926d7a2e0c,1996-01-19
P1017,Reyansh,Chatterjee,37,F,r****e@rediffmail.com,****3976,e3e68bc9aef666c21568e5d5fcbc935c05a43988620fa2122f2d4f6f77b8d1ca,1988-10-02
P1018,Ira,Ghosh,2,F,i****h@hotmail.com,****9320,dd0512da8f3fc09b12e4651f08c32fdb27d2264aa85de0eba7ba02e3068cf7b8,2024-08-11
P1019,Diya,Patel,64,M,d****l@gmail.com,****0329,27af54f85ed4ca2e1e40f09c25d1aa3bf50b51bd597e5b8cd9ef1d136ea17d06,1962-06-10
P1020,Ananya,Khan,59,M,a****n@yahoo.com,****6828,c51671e5c87fc0045a67f16cfce4c3968b99b588d4374c43980352cb041b0bbb,1966-12-18
P1021,Kavya,Naidu,21,M,k****u@yahoo.com,****3494,be8e1f9bc95f0bb62ef2eb1c73f0819d5a6feacbe8b9c25ace02400db4089a44,2005-01-01
P1022,Shaurya,Joshi,33,F,s****i@outlook.com,****5277,bdb2a0f6ff5354b4a3eef12484da771e0381b572315d732c8e52cba75e7b7bf2,1993-06-19
P1023,Aditya,Patel,75,F,a****l@hotmail.com,****9973,aae89439b255e5dfa3dee8b4efa96bbacaccda93cd681b6c29f6d392312c06e5,1950-10-24
P1024,Vivaan,Sharma,58,M,v****a@yahoo.com,****4941,5ccf28839dc58717f318474e0c64564c44295f407b7f1ff16fea2b382a63aa7f,1968-08-08
P1025,Aarav,Chatterjee,22,M,a****e@yahoo.com,****2872,3b6f062d77b2606553508ed0058dff0df66586e4f66c24560edc31f91a2d8986,2004-07-22
P1026,Ira,Ghosh,88,M,i****1@hotmail.com,****5852,c19551c77397628720f119e0fa54a4090a9a02f1e3895f7588daef5bc094efb3,1937-10-17
P1027,Reyansh,Banerjee,48,F,r****e@gmail.com,****6699,f033f74585ca0ac9ff328e651d50a74f12fcd2abd01fa7be818cb67e6c03d33f,1977-10-11
P1028,Aadhya,Mishra,58,F,a****a@gmail.com,****8647,48e69be23928a6d3b9e4732c3b2b45e4a462c35b3d868c56dec0464f379fb546,1967-10-10
P1029,Diya,Ghosh,41,F,d****h@rediffmail.com,****3245,ae8add5e2b5a7da66a875e0ffaf446030ac992bfb0f6071296f9059ff7df9415,1984-12-06
P1030,Aditya,Kulkarni,59,F,a****i@gmail.com,****2378,68c1f6cd2204ee3a45e5f076d30fa697484a95079336d01918ddaad95090db93,1966-10-28
P1031,Shaurya,Patel,79,M,s****l@gmail.com,****2643,e2305aa80905ada0cced16bb86932b8147fd7a499ae8693de18d3f59f04fe334,1946-12-17
P1032,Kavya,Gupta,15,M,k****a@rediffmail.com,****9918,38071e4c4b90feab293af43edf797bfd8ce25d25050cb36ae33b7d914081f5bb,2011-07-27
P1033,Aadhya,Kulkarni,62,M,a****i@hotmail.com,****4498,e30ec22a134adfeed3e602da01d988b819e87febfbd1c8b62620e818bfeae23a,1964-04-09
P1034,Ishaan, Iyer,62,M,i****r@outlook.com,****4033,64ddf0cc8598adad199473ea1ad0b028f19111c122162d31b7bb98b553a0a97c,1964-08-14
P1035,Vivaan,Ghosh,47,F,v****h@hotmail.com,****2414,d88fba3c8073af55d94c3ca449814cb738cd79a809055ef598e037d7b38ea379,1979-09-01
P1036,Riya,Reddy,62,F,r****y@rediffmail.com,****7896,e0f95c940d08624f1b2ca5a54608014485d97b4d5043c94a6996dae145b1c355,1964-07-09
P1037,Muhammad,Ghosh,51,M,m****h@rediffmail.com,****8772,afa962c23cad341fd185e0178421a420dc4b5786d1c9a06bbd3929c58e112331,1975-01-20
P1038,Ira,Patel,55,M,i****l@yahoo.com,****8741,6a1d05297296389e84bba7d5546c6cee2f2caf2f04f4be25ea55666d6dead569,1971-05-04
P1039,Shaurya,Agarwal,64,F,s****l@hotmail.com,****1542,3d6db7d02b273cc235d19ad50e46af859af47542267363462fab29442def7d00,1962-01-12
P1040,Muhammad,Joshi,3,M,m****i@hotmail.com,****3128,e62c04861301d5df9ae992773773845f2df7f25312add7b390711f3c39cd9a1a,2023-07-06
P1041,Shaurya,Gupta,51,F,s****a@hotmail.com,****0848,9e9092b91af8eed0b0dda010417a0e8d9bb93f23bd2ec1ff4f05fb258cb4f2b0,1975-08-19
P1042,Arjun,Kulkarni,7,M,a****i@hotmail.com,****3124,0e8e5feeacadf4a0490cf76f6cf6076f5f81ca695feb42b6d68c1f6b3ab3a1f7,2019-09-01
P1043,Arjun,Reddy,21,M,a****y@hotmail.com,****6217,028c41d63f69279d5d3288d3b3b332255a1d63ed32ca4bcb75399af70f1739d2,2005-07-23
P1044,Sai,Iyer,73,M,s****r@yahoo.com,****1644,62ff315ec95cf152890158ba5b93b75c0665895cf469c28d4e3dd4c85a85fd69,1953-05-09
P1045,Kavya,Reddy,39,M,k****y@yahoo.com,****3159,09348897270fc901944cef8228573d58fbc84250d3e8568b48284a1d42c1f7cf,1987-05-04
P1046,Saanvi,Sharma,17,M,s****a@yahoo.com,****8191,c92af55007ca65a9989d183bbfa6b3d48b2c2a6ba4e5d08ce73112559babbf86,2008-11-28
P1047,Ishaan,Chatterjee,4,M,i****e@rediffmail.com,****9872,d153d15f08bd1389b6ec42d3ea4c4d2501dd48c6a5b2e56df1b2624182f338ba,2022-07-16
P1048,Sai,Mishra,89,M,s****a@gmail.com,****5636,8b0e327bca94dce5ac6133c545b34fde8f2d6cba2808dac6322f674f6fc7eb24,1937-09-13
P1049,Aadhya,Joshi,60,F,a****i@rediffmail.com,****0490,35f9ab2c175a312ac6e7b5c2c91f8500b3092d8c2a79586b89a2ca1b751911fc,1966-03-08
P1050,Aarav,Das,13,F,a****s@yahoo.com,****5622,eb9243e683e7b27408a3b73b71d617bb3bec963003116e8badd5987feca0db99,2012-11-08
P1051,Aadhya,Chatterjee,9,F,a****e@outlook.com,****9494,3157eb47074daa84ed9fbb6a50fdf870d9aa1186726a923c4ae09e10b9223cc7,2017-05-15
P1052,Sai,Khan,52,F,s****n@gmail.com,****2365,1a6c56e0c65b72db424b16392b68294cc8b865218b6683f747e8dfde9ebbcbdd,1973-10-09
P1053,Myra,Banerjee,1,F,m****e@gmail.com,****5719,dec010b62871264a1329fc87905d2b5fc6e4d0aa91e2e79c5084ad50a4592e18,2024-10-14
P1054,Muhammad,Patel,84,M,m****l@rediffmail.com,****9821,eabf1e495650bee0ff6cfa9f5c307a7408a8f62f34901dc6e476ee25b5ace095,1942-01-15
P1055,Ishaan,Chatterjee,59,M,i****e@gmail.com,****1200,0a66fc7596354bb8c8a6b1f231a9914bf0f0172af7f58552d3e6705424d6d0d5,1966-10-25
P1056,Saanvi,Das,70,F,s****s@rediffmail.com,****3628,9be5c098c761d9fad9492301a11a8cbd2123b9d091fe373cfeaa33fa0111f49b,1955-12-06
P1057,Ishaan,Gupta,44,M,i****a@outlook.com,****5437,f7d6c5cbcdb7cd43f0671923abad05639303e8eea2a2d3c72bb9fd90528cf8b0,1982-08-16
P1058,Diya,Mehta,8,F,d****a@yahoo.com,****6368,537806a15aaa9c46452bd22f1fdf11c3ae3b52c25f2378c62aec4bcee69c5769,2018-01-10
P1059,Ishaan,Banerjee,46,F,i****e@outlook.com,****3112,0adaa2d1cb62eca01583b0c1a9b8fe0000a43ffc70506b40d93896e57d73d34c,1979-10-13
P1060,Riya,Singh,35,M,r****h@yahoo.com,****5930,399cad7e2fd246ebd7f87ae4afda8818a485db2dfdce26a9fa8ef7716c4b382a,1991-08-04
P1061,Sai,Ghosh,78,M,s****h@hotmail.com,****9358,d7168c245107c9463ca5b28bbb4cf1a09c5b77d66327db12011c8f24e23c7e81,1948-07-11
P1062,Aarav,Singh,81,M,a****h@rediffmail.com,****2051,7764065d75802fe94322e7cd4cff0eefb21c9106ab16d6d4ba3b62d0fe6c1471,1945-01-11
P1063,Shaurya,Mishra,36,F,s****a@gmail.com,****7084,740fe41b81b29f55298699870425911281b43608b6428fb1c7350f8b257b2157,1990-07-20
P1064,Kavya,Kulkarni,50,M,k****i@yahoo.com,****0204,c90d8488c1c0eff15f0ee72b60f5c39e0878adb1a7d9f688ef3ce7d745e98be2,1976-08-12
P1065,Ishaan,Kulkarni,3,F,i****i@hotmail.com,****5206,d5581e13e655e01a2565fdb7248c7ca9199474c103cca009fbc360d02f503b7e,2022-10-10
P1066,Riya,Singh,1,F,r****h@outlook.com,****6046,c0bdab2806b241befcfaf8b8b3d9b8fa887d7417f55097b4380ed54e5c6c6c50,2024-11-07
P1067,Reyansh,Pillai,5,F,r****i@hotmail.com,****4047,ef7ab22c188f57c3eed8120593d081d4cbec9f4baf53ec41b82c33df7ad248c4,2020-12-14
P1068,Sai,Banerjee,54,M,s****e@yahoo.com,****5500,860c54a3699c33c9c60e1cefcee6f9cd87768ce97cfa990bb00418a9dd390bd6,1972-02-05
P1069,Krishna,Nair,4,M,k****r@yahoo.com,****9401,9c877c2dc1e0b7e32591be87accb1af537f77c82ea24cd93e053c8b9516bcce4,2022-07-27
P1070,Ira,Sharma,54,F,i****a@outlook.com,****0232,aa88816b827f8e89600369e67556f3c6d6788a8c05b9c618b3c7790d759ea124,1972-02-05
P1071,Saanvi,Ghosh,62,M,s****h@gmail.com,****8977,a23f59ccdfcfba7e4d94f18e9038126c689a9b2fe291de4d99e85be60e951194,1963-12-24
P1072,Krishna,Banerjee,18,M,k****e@yahoo.com,****7037,7fa979583c28087962c76fdf718a8a148ed0e9cf7bb035d35b27b9225e0c0ed4,2008-02-22
P1073,Ananya,Pillai,44,M,a****i@outlook.com,****5165,eeaf371e3b1ab4b7d70d1b6a75b7b0ef4dac56c016caac497035e364a07c28bb,1982-03-26
P1074,Riya,Patel,34,F,r****l@hotmail.com,****9588,c6e381cad07a50baad8ea39c41b0fa07d9b20f5e3a65aaf30a04a2476091f421,1992-09-09
P1075,Krishna,Khan,73,F,k****n@yahoo.com,****5235,a508d4d8d56be19caf7b1122fcc587aa3b364827e993a343a11791a829dab507,1952-12-14
P1076,Kavya,Joshi,61,M,k****i@hotmail.com,****1998,1e2b124bd3be992ccc5d5c7127ca77be74c83102935cba817e50c0e5b5c77ab8,1964-12-26
P1077,Myra,Singh,14,F,m****h@hotmail.com,****9409,0c56610dfb42074d750970c97e502a17e99cfea64f3472de43be1a32f57e4271,2012-03-03
P1078,Reyansh,Reddy,47,M,r****y@yahoo.com,****5806,fd162e1f86eaabde09ee158a88fc86d463e8066676e8139ab1b9511f48079374,1978-12-04
P1079,Diya,Mishra,15,M,d****a@hotmail.com,****4080,07d6eca6b4ae5c047b9a4bb082b7e553db1754a4918dba571f088572e145c606,2011-06-05
P1080,Shaurya,Chatterjee,71,M,s****e@rediffmail.com,****1867,c73a34198b7773db87bfc6bc2ad0bb79cd0add1ed10af5ac58590acfbd1fd288,1954-11-04
P1081,Kavya,Ghosh,78,M,k****h@rediffmail.com,****3943,3f9232cdc2498959b940812e69456773e250ac18bd8f8041569d71bb752c7234,1948-04-28
P1082,Sai,Joshi,86,F,s****i@gmail.com,****5504,8036449ce28d3e6d085f09ee2269195ba2518fb8cc65277a7a3d0bcbf341bd03,1939-11-27
P1083,Arjun,Banerjee,62,F,a****e@outlook.com,****0285,142fa59a1062db224fdbce4eeea34443869bdde50a5a4b3ed40a725b754eee76,1964-02-24
P1084,Aditya,Patel,40,F,a****1@hotmail.com,****5666,be39fda3d3e047b7aac7ed70200851fd2a659d3570287c9898d9cda7bd2ce05a,1986-03-25
P1085,Diya,Naidu,85,M,d****u@hotmail.com,****8399,c3d4891554b03ac8d08a19d2b53e98edc32bfb74c74c11f2097fe03c746f924f,1941-06-14
P1086,Vivaan,Chatterjee,80,M,v****1@gmail.com,****0915,b0fa0ed1b9e980178fe96d737dfd326cb4c44d665c4805bc1d6b49d27f600250,1946-04-25
P1087,Vivaan,Sharma,81,M,v****1@yahoo.com,****1488,9e2eaf7041e29bb3e1f5c80eeaea34a6357ec73a9d2bc65ed2dcd2ea850e5a8a,1944-11-26
P1088,Ira,Chatterjee,53,F,i****e@outlook.com,****1920,83b5e3ce11de7f7b3cee16b10c5da6739906da2a38f4e9d82dd1c55cd8e697a3,1973-02-13
P1089,Ishaan,Mishra,24,M,i****a@gmail.com,****7422,ad0fd6916e746107f88585f8a671f936b6d94469e4b3465903a1862c53e9de0d,2002-07-28
P1090,Vivaan,Reddy,26,F,v****y@outlook.com,****1187,dcd54ed7c24bc383c2d134812f4ade19f871fe829ba1e36b5ca29a4cbf953d93,2000-02-05
P1091,Ira,Sharma,88,F,i****1@outlook.com,****3158,b2486d67dfedceaacab4e1f5885ff0497178296472869f390dcd38d1daa96c20,1937-11-11
P1092,Reyansh,Verma,60,F,r****a@yahoo.com,****1814,c79cb34e3742a471eb155bba49d5b04485a9f5541e1e58482f76e84d7cb2e6c0,1966-01-02
P1093,Anika,Pillai,41,F,a****i@outlook.com,****9284,ba2f2782371953d9d2c7d78549892312049c7e39c980046946c987647fc8437b,1985-06-20
P1094,Kavya,Agarwal,28,F,k****l@rediffmail.com,****6383,42a632dd3cf300354c1a1122a428f30f1230cf2752b8142296f3dd434b1da06b,1997-10-06
P1095,Anika,Verma,15,F,a****a@outlook.com,****4671,5437a0a80a284aae5c9fcf517da59f66607a067a80868359a1059a239745c81d,2011-05-24
P1096,Myra,Agarwal,44,M,m****l@hotmail.com,****4766,97a30ca5974d706fcc8ded36f4ba85b51222277d5bac42bb228b28a443b2c22b,1981-11-26
P1097,Shaurya,Mehta,65,M,s****a@outlook.com,****2005,8cda467181d793bbf6d5f00f217838df13603af868b12605d08e987c305f0f7c,1961-04-08
P1098,Reyansh,Chatterjee,89,F,r****e@yahoo.com,****5381,a24ec7a9f0c18dacc213a322232ef4fe8b5b297888bac17c7b1e3f784fc040c3,1937-03-06
P1099,Vivaan,Agarwal,71,F,v****l@hotmail.com,****4348,0eb35e002d76a27e5ec4defc1d582adbb70c3fc7da43830888898b0761a03385,1955-05-26
P1100,Muhammad,Joshi,9,M,m****i@rediffmail.com,****6219,2a2d6908068461040efa76a6234321bc55e26d05698454f04c924ddf18aa46a0,2017-05-02
P1101,Shaurya,Agarwal,88,F,s****l@rediffmail.com,****3590,9a755bbed9a06ef0ea2e8bfe50ed7773bb15805fd054a232d0881ed8977b1af0,1938-04-27
P1102,Myra,Kulkarni,1,F,m****i@rediffmail.com,****6900,c68555727b39598f5aa32464d86e2f2f7d83ea9bf947246a7ec8e70d9599732e,2025-02-27
P1103,Ishaan,Banerjee,7,M,i****e@hotmail.com,****5981,baac44b47774291033f9a7f2edca687fe8ec990af602c30e9e0b05306c02d0e6,2018-10-18
P1104,Vivaan, Verma,88,F,v****a@gmail.com,****1100,3b81408f19a70d5bf1bf311ed06518dfb625d4cb08dd07bd8af23bf435d61d88,1938-06-03
P1105,Muhammad,Singh,63,F,m****h@yahoo.com,****8427,61708f785bcdd560a9d984e9105c4bfef4830832ea22b5a2c2dd028ccce0cf15,1963-05-04
P1106,Sara,Nair,11,F,s****r@outlook.com,****0110,197ff2867f209ee640a7e27a55c5a22d11fae21dcbba4016970db85f6b26b3e4,2015-07-20
P1107,Anika,Joshi,81,M,a****i@yahoo.com,****8148,30d23413eb04a8c749b636508345c233ab4a4a7d9556855dfab5ea11f02ee26b,1945-01-24
P1108,Ishaan,Kulkarni,8,M,i****i@outlook.com,****1573,b457a31b2a6bcbc47ce201fdfc59dfb607325e97e095acaaf5a3c218196fb666,2018-02-08
P1109,Vivaan,Chatterjee,34,M,v****e@outlook.com,****8471,cfdca4f3d7400b344cde65aa3f47b91d053d9c813eb5fc6274f7c0682ebc8c4f,1991-10-10
P1110,Ira,Khan,35,F,i****n@rediffmail.com,****0929,50ae3be18a84f14b84ab4dc986f24fcaf6a1c392244ca93d7ade19014026117a,1991-05-28
P1111,Krishna,Sharma,33,F,k****a@yahoo.com,****5000,a3c57a2bec4fca838f16b34b9b9e38d50f924ecf1d38e949c741d6ca5f83a42b,1993-06-15
P1112,Sara,Mishra,4,M,s****a@hotmail.com,****4545,6d2af6fc582ed8e975908572212209028959369683250dfc9112ad1d14e0b3bb,2021-11-03
P1113,Anika,Pillai,41,F,a****i@rediffmail.com,****1466,4342c3536ceb1010b3333e9c4f4287fc846416a35e750a73a3967c9f45d74955,1985-03-10
P1114,Anika,Sharma,28,F,a****a@yahoo.com,****4337,834222f901b040f29025c6ec1b92b5334e153a846ce01b24a62febf731f30014,1998-09-03
P1115,Sara,Singh,7,F,s****h@hotmail.com,****9477,2b26abd3575ce76187ee1122b68201a816769a424831b4f96ef921bd6034784a,2019-05-21
P1116,Vivaan,Ghosh,73,F,v****h@yahoo.com,****8866,b5c43490f6f69b8a1a5a2fc11ab1176d02a85bea1c4cd1683b7a4daad8fdd396,1953-03-15
P1117,Aarav,Pillai,72,F,a****i@rediffmail.com,****0974,c2ab95e825ca1845c6e223196f15c80e642f16536c8f06d48be7af12d5cfec80,1954-02-11
P1118,Vivaan,Reddy,12,M,v****y@yahoo.com,****6899,c66fcb4e3f7b4aa7dd604ad6aaca2ae49b453150cf5ac15016dcca02ed2b84d9,2014-06-19
P1119,Aditya,Joshi,34,F,a****i@outlook.com,****5339,24e48d95db633259ccc4a68e3d92dd6658f84837195adf739b502a380e713875,1992-04-07
P1120,Aarav,Ghosh,32,M,a****h@hotmail.com,****6275,be48b689d49130a1ecd1121a870692c8f6ee8bf3817deedef01941759ade2ead,1993-12-12
P1121,Riya,Gupta,48,F,r****a@rediffmail.com,****8655,f5320a5b72679e0a312c1514b0dd1c1f7646c9e60222f10dd0a6886f92dcf0bc,1978-09-09
P1122,Ananya,Verma,23,M,a****a@hotmail.com,****1258,521c5e760c3f3c55793ad3fdccd80cbf248cfdcb47bcf32c2b343ebb4aef7766,2003-01-02
P1123,Sara,Khan,62,F,s****n@gmail.com,****3410,6674483fb00736cffa8bc4360b34890741484d429c51fcc9941372fcb1af81d9,1964-07-20
P1124,Myra,Verma,88,M,m****a@outlook.com,****5317,de22bf6e2ffcb7ae076057373d67107724259c92218095fabc2da38cc8b114c5,1938-05-26
P1125,Reyansh,Reddy,37,F,r****y@gmail.com,****1130,7a8a282d97bfd84188843c85b342e95d1e4431c8a8534d2f10b042db7a015df0,1989-01-19
P1126,Ira,Gupta,44,M,i****a@gmail.com,****3847,9c375d0fbcabf12a8a196ab003a9cd20be2aa9bfc324306889ae393268431235,1982-09-07
P1127,Myra,Singh,86,F,m****1@hotmail.com,****0614,e7dbf527c6cfd7cd493789be6233bbbd14cab6fe25ad339a58fe5671725a7c86,1940-08-07
P1128,Diya,Patel,35,M,d****l@yahoo.com,****0979,4b1074691f4654c9ae4fc791eddf561cef17bd5e83e348d07af068cf723e4ad5,1991-02-19
P1129,Vivaan,Joshi,65,F,v****i@hotmail.com,****5992,2a6c0b50dc5ae3233dcf036f84282da9251ada4259e8e73e592c0bd2fad97f66,1961-09-09
P1130,Shaurya,Sharma,47,M,s****a@hotmail.com,****5716,f25cd93261c654619259d12223854f83222ebc860c07b1521e9309fd8a8d6aa4,1979-06-23
P1131,Shaurya,Banerjee,78,M,s****e@rediffmail.com,****4323,a60ad4e93dcacf3687383f3f4bc02430aa0ef29779db8e2388777473503c23cb,1948-02-21
P1132,Ishaan,Banerjee,2,F,i****1@hotmail.com,****5376,39b0ec6156454bfa4c2b2b5d41d1acf5bb696e065253544c24b145819a1d822e,2023-10-20
P1133,Sai,Banerjee,0,F,s****e@gmail.com,****5745,1e1c9864ea4f80a9417b97fa8294e3fd321b5ae3be5d6c1019e6c8ae10d7583e,2025-12-15
P1134,Ira,Verma,4,M,i****a@outlook.com,****2787,c97d0c91a2847a6e5f7af3156deeb9e3428bb54e7ef985691f2271da9d13edfc,2021-11-04
P1135,Shaurya,Banerjee,14,F,s****e@yahoo.com,****2437,b1f484aa09d658462013fafb0de4a7ef6dcab15b8d08154096cd82d6b9154c4e,2012-01-09
P1136,Aadhya,Verma,27,M,a****a@outlook.com,****5490,0b167603a30df161651eb3cfb51fc02c1be643a01a1a8ac4c36c3c4304a5e05a,1999-04-05
P1137,Aditya,Iyer,8,M,a****r@rediffmail.com,****9624,0186a44ebb0ebda5abcb96ebfe7e0b8d1eebfe7231028dbb1b8dffaac22161e7,2017-09-23
P1138,Saanvi,Mehta,79,M,s****a@outlook.com,****1555,bc86eced81b9edae3e76b160456b87db6b8ad1f9e554e76beacf4e12fe6e78dd,1947-02-22
P1139,Aarav,Agarwal,14,F,a****l@yahoo.com,****7841,19c4f1fa329e3c3df5c34a3348f5526926ae540879637739f46fb848b1ab2cb8,2011-11-26
P1140,Shaurya,Singh,42,M,s****h@outlook.com,****6690,0cb1f2a8f30b47603647be3525b04fca2e0762ce59cc7d95a6614a508fdf3bc7,1984-08-02
P1141,Sai,Kulkarni,77,M,s****i@rediffmail.com,****1720,473d3d651eb43cda8f513a8534e1f19d7894b52b724958377f64d56907f05e23,1949-06-05
P1142,Saanvi,Naidu,51,F,s****u@gmail.com,****9930,7a97f7ea90119044e02da58c96dfdee7b5e2fb67d176a8123567f87b4be17de8,1975-06-19
P1143,Arjun,Nair,63,F,a****r@hotmail.com,****3770,187122a721f0896e9611753970c43c58fdc89f448566930151685bf5de9b15ac,1963-09-16
P1144,Aadhya,Mehta,52,F,a****a@gmail.com,****5362,a9cb779f8f3387766e098331aae5878eeb5c6f8b86e00df55a04ca3a0fd91111,1974-04-10
P1145,Ananya,Pillai,4,F,a****i@yahoo.com,****3231,f31201e899848f7e4c4017cd1b49656b571e895f9162cd6c683565e3a42c7afa,2022-08-28
P1146,Krishna,Khan,23,M,k****n@outlook.com,****4276,4b85ccf07011600deae9c10f9777877fc70ffba5ba9a5a23020b9fa89c7139c1,2003-08-07
P1147,Reyansh,Pillai,15,M,r****i@outlook.com,****4447,97d2d3757efd17ad0a72a05387154d26f76b8990080a4ff0898c72d137292387,2011-07-15
P1148,Muhammad,Chatterjee,43,M,m****e@hotmail.com,****5907,fdb3749bbaedd9aa9f5fb94dccbfc933153514a356f9024ffcc3fea7a06bf4d5,1983-01-19
P1149,Ishaan,Nair,29,M,i****r@yahoo.com,****5986,88441ee045af18c374f98f5b85cb08ec782dc3110a2f43e70cc3d7c7fc17470c,1997-04-16
P1150,Anika,Agarwal,36,F,a****l@hotmail.com,****2498,bb8e2af8955c3a3cf864fc3c0ab067e52a92ad0f354e1a87046ffecbd83c2195,1990-09-02
P1151,Krishna,Sharma,12,M,k****a@gmail.com,****2588,89ead4ab1813d87386d95fd8997d44bf2a926c3f080816b08249d9d25ff53525,2013-10-21
P1152,Diya,Joshi,32,M,d****i@hotmail.com,****1168,056a79ef92bc6ec0e117a29374b10f1267ba7cec1dbdd0a67c218ae73ccb434f,1994-01-17
P1153,Ira,Kulkarni,71,F,i****i@rediffmail.com,****8010,8e1f8b4dee71fbca3ccb0c7a76ccc39a2a2644e3bea8b5b894dcf8c9263b0664,1955-06-13
P1154,Myra,Chatterjee,58,M,m****e@rediffmail.com,****1792,c231ec1c4a2c31233d32e64fdb2e29f9e5359a558278851fefed4338fcb538a7,1967-12-06
P1155,Diya,Naidu,85,M,d****u@gmail.com,****6941,8ef15b5add861709f56f0df0303aab23d296dd23693191b0a15476cf9f27c7fd,1940-11-09
P1156,Reyansh,Mehta,28,M,r****a@hotmail.com,****0427,52262b9ec8213ddf108c8a022b42efbe7fecbb8f9ecbc58846947bde7861b9f2,1998-07-22
P1157,Arjun,Agarwal,65,M,a****l@hotmail.com,****1733,ab4a89b331a399dd9951a9d315bc84bc8de76a402e64615c0097e0b17a62ef28,1960-10-13
P1158,Muhammad,Joshi,41,M,m****i@outlook.com,****4334,0ff9931b22a04906b3bf274e1bddabb26f50cb8b0b3198069a4a30a95479196a,1984-10-10
P1159,Arjun,Banerjee,45,M,a****e@yahoo.com,****7644,3ed103be0005dc3c24a121a7790feaa7649e7165d922708f6568675f6e9dc718,1981-06-25
P1160,Ananya,Joshi,62,F,a****i@outlook.com,****8314,43ca46f59d17b572c8e86671ee0bc40ebb39ae2419c99e8d7f859f051442e171,1964-09-03
P1161,Krishna,Agarwal,57,F,k****l@hotmail.com,****6070,485c10d271d9a2d66bb33d7505a598ef12bd5c51b43ef3b034254233a0a15417,1969-03-09
P1162,Reyansh,Reddy,5,M,r****y@outlook.com,****7801,534b1f1fb22eea444e33e7197715b6dd26c415a1356fe1749434077729dce4c7,2020-12-21
P1163,Anika,Naidu,27,M,a****u@rediffmail.com,****5191,747c3422db5e6c22e6affbda236aa08b0f26c3c61ecb02ffad34097bc58f4d81,1998-11-20
P1164,Sara,Kulkarni,28,F,s****i@yahoo.com,****1586,193126b2ccd5839d2fdea90113876c3ed18b78e1510cda2c09303cb2eb94aaa5,1998-07-09
P1165,Ira,Singh,44,M,i****h@rediffmail.com,****6118,db02db056bca53ee0d443a075352a4793e91c0a4de4fb93f5673939231a06b99,1982-07-22
P1166,Krishna,Banerjee,84,M,k****e@rediffmail.com,****9397,e5e26fedc51eff190fe103715c9d40e9f240f1dfca0896e37855dec8475b54ed,1942-09-17
P1167,Riya,Mehta,30,M,r****a@rediffmail.com,****0118,8b4b39fc53ce5566a9abd5ad4d53c011acbfc8f3ca0ab2f1a039abc86cf9ba96,1996-06-26
P1168,Myra,Agarwal,62,F,m****l@rediffmail.com,****5589,c235bdbf03df8a9fc649267ebfc0f96b3040fbce55690b1f005559be04a486d9,1964-08-25
P1169,Krishna,Reddy,75,M,k****1@hotmail.com,****5910,c2b95d5e2fe462ede8af5bed3eee30908ec6d20e2fe612b880ca611cdfe3e9a2,1951-04-17
P1170,Aditya,Mehta,88,F,a****a@rediffmail.com,****5626,2c6a0cf71c2539cdd00826205e8be20cd7f08c4f612149fb63bf03be7f63e875,1937-12-08
P1171,Ishaan,Banerjee,61,M,i****2@hotmail.com,****9167,479582a6eeb9cd3b57599fa2aff430b8fe3f77938ff5815fd04a3a5c350bdce5,1964-12-20
P1172,Sara,Banerjee,1,F,s****e@yahoo.com,****3300,991f1ec8524775c7b62987098d7f2d858d42469ee93530086663bbf87e2fe7a0,2025-06-07
P1173,Aadhya,Mehta,26,F,a****a@rediffmail.com,****9808,77182c117786e10620eb466431ac9d8e45aa7baed252ace2191d53a2e7d79c62,1999-10-06
P1174,Shaurya,Naidu,61,M,s****u@outlook.com,****2704,59cd79cfb360511468436bad18d3b4401b140393f87f21d238cf0ad2f96c7922,1964-10-05
P1175,Muhammad,Mishra,76,F,m****a@hotmail.com,****4434,0b05324f4c52ed4da4fb8d7bf2df4cc1a6f554e02ea8649f69c81af9379d08c9,1949-10-02
P1176,Riya,Patel,3,M,r****l@outlook.com,****4871,43db695dcfa37b10e8a297ba82b6c0fdb12b5e149692e1e0e340218abf366923,2023-02-19
P1177,Reyansh,Patel,69,F,r****l@gmail.com,****9152,f6bcd95733f4fd36e588cea0e100b437d8d75387014d7019414b4467aefc99de,1956-10-04
P1178,Kavya,Naidu,72,M,k****u@outlook.com,****4641,5a76b34372fdebfb1d917cb7b83f6f95a84739594be88c00b5ae42049116e8b6,1954-02-15
P1179,Sai,Naidu,27,M,s****u@hotmail.com,****0416,d8e46f2689a32342f2cad2500bd15b16cd3693034978555e3286ec098a9072f3,1999-04-05
P1180,Anika,Gupta,8,F,a****a@outlook.com,****6034,f6629496e6528963ad9d7a6090791a125c8c88fe72426123fddac27545066e4e,2017-12-09
P1181,Shaurya,Chatterjee,62,M,s****e@outlook.com,****3772,3b6f4f72a597bd9c2397ba528545372cf65df451671aad5706e84eaba757e110,1964-08-09
P1182,Aarav,Das,37,M,a****s@outlook.com,****1837,39c2a189daabc81aeeb00283eececaaad8f36a3433c3f1a83d26edebd591c1e9,1989-03-15
P1183,Shaurya,Pillai,51,F,s****i@rediffmail.com,****6003,1383978cf691933167caa72509a5a0c50b319a268eec69cf32c0ff3d7214bd3a,1975-07-21
P1184,Shaurya,Singh,44,M,s****2@outlook.com,****3210,ee146d2219441919b0cde33f1ddca8633a9e4e5cfb7aeeff2bbf75625b3d0443,1982-01-23
P1185,Aditya,Kulkarni,24,M,a****i@outlook.com,****6129,a589164f9c8e62c146ccb51c223c238a58e04ebcbe7b8f1b86d9e9b27f927fb5,2002-07-25
P1186,Sara,Mishra,79,F,s****a@yahoo.com,****6403,d2e61d70503b62992b23206700ed842f0c034f4869015c38b76775ecc89a08f7,1947-04-03
P1187,Aditya,Das,58,F,a****s@gmail.com,****2366,9f7d974eb2fbefa5c76a5957b0195d9241e7e74577d31f5f99337e5fde570a57,1967-10-20
P1188,Ananya,Agarwal,32,M,a****l@hotmail.com,****2291,9166edb83d20f5ccedec5940e403e592fad69cd8e7c6fc66f7e9abd4f8d9ba71,1994-07-04
P1189,Aditya,Mehta,87,M,a****a@yahoo.com,****5687,01135728d3ac366c2141344cd2123a497a4ceb603f93a0e0ba0bf6556228e6a3,1938-11-06
P1190,Aarav,Ghosh,52,F,a****h@rediffmail.com,****0106,df936b32d7d27f28231182f9c47ea06fdad3d8cc7cd2b37d20b77d3d16356d15,1974-07-23
P1191,Aditya,Mishra,62,F,a****a@rediffmail.com,****1674,cb2161c76eebf6d29e80addb067357f43c3e419eaf65f351c0b8a8ffdc8c6097,1964-06-13
P1192,Aarav,Iyer,57,M,a****r@hotmail.com,****1955,d5915035d19711fb7e3de93e72c635d9258876f061e086d39b04f95c718812e8,1968-11-24
P1193,Ira,Das,51,F,i****s@yahoo.com,****8909,7e1f744d139efe0e65b75fd3c108a0c5360a66368e459f1530afd9e2846d1d3e,1974-12-04
P1194,Ananya,Das,12,M,a****s@gmail.com,****5455,ab083d77f67667c1e543ff962681144efb255aa5417ffff7d7fc976edf964bc5,2014-08-28
P1195,Aditya,Das,39,M,a****s@hotmail.com,****1749,daea2c399540997e3a852c0186191e75688e3baf1bf1cdf3d8ede1085232b97e,1987-08-12
P1196,Shaurya,Patel,2,M,s****l@rediffmail.com,****7835,26f7e74efe52a54031869da90dae6e3381fd96843ab5e89aa5af7d37764905d5,2024-02-17
P1197,Krishna,Nair,3,M,k****r@gmail.com,****3129,f04a3fb41be8089bb6a145f2f263fe8ba5c91a32dce223388d126e0676d646e3,2023-06-07
P1198,Kavya,Naidu,56,M,k****1@outlook.com,****3665,43c9f7490f37a1f9f852c1217cc4228e713edf9c0da120ddb0429fdd795914b7,1970-01-08
P1199,Aditya,Pillai,81,F,a****i@hotmail.com,****7348,8beed4f2923c9c3b1633ea4e83609fddc3e4f2a6e51541b70bb6def69d0e29f9,1945-03-23
P1200,Saanvi,Kulkarni,58,F,s****i@outlook.com,****7549,cbb81400dbdaa3cd489a3f1792ad5e1b3af7669997ad737ede9c2deea3a63127,1967-10-19
P1201,Myra,Reddy,2,F,m****y@gmail.com,****3744,0801b4d6d9729a8246056139b3e93722fe15d6cf6011cf27cc9e0603fca960ad,2024-04-05
P1202,Aarav,Mishra,2,F,a****a@hotmail.com,****0811,fc8f623c730257a56ee4fc3b76473ae30e1ba03748ddd6cd5a5229edd80ca3af,2024-08-09
P1203,Aadhya,Nair,53,M,a****r@gmail.com,****8221,8225bec4199fe0d8a4aef35181d36b2dcf3cc5fad832a35dd56d049cedfa943e,1972-11-10
P1204,Shaurya,Sharma,87,M,s****a@outlook.com,****4137,3676db6af29a0f37447de7dd27f4a807217170b9238f2af4dacf665eaf36d341,1939-04-05
P1205,Sai,Naidu,1,M,s****u@yahoo.com,****9381,2483cda2cdfe52782a650dbbaffe81fdb2e84949d026df2cbf91a568916c164e,2025-02-02
P1206,Diya,Banerjee,19,M,d****e@rediffmail.com,****7032,de2033cdb8f24ca2362e2925dc6591276b17d61d6a5482f97fff6d6a000388e5,2007-05-15
P1207,Sai,Ghosh,2,F,s****h@yahoo.com,****1912,48399b9b5331613198c443fd075f4b65e813bd28bbb7bff5522a62c59c43f820,2024-03-14
P1208,Aarav,Joshi,53,M,a****i@yahoo.com,****7364,30c127b31f382145aeee649383b1a4ed57cbbfef6ada679bbbe40571cc339cc6,1973-05-06
P1209,Arjun,Mishra,43,M,a****a@gmail.com,****8802,f52a825c878af0e10fdeb99062f959d501aced9de1453a54e73da0edb366f39c,1982-11-08
P1210,Saanvi,Sharma,31,F,s****a@outlook.com,****2140,df861b3f363b8267b311a98ec2e6662d663fdc814c0a377e9a9d069a7ab44c4c,1994-12-23
P1211,Ishaan,Agarwal,70,F,i****l@outlook.com,****3564,9903ae656b8e80d7bc6124e59b55e40159661b90af13f658baa966c1d344c9c4,1956-01-17
P1212,Shaurya,Joshi,31,F,s****i@rediffmail.com,****6659,614d4dc12fb636178de9472ca8944c4eb35eba2187be84d7d8e62e984ef7f286,1994-09-28
P1213,Sai,Pillai,67,F,s****i@outlook.com,****0044,c54625f6ea1e9d06a266584c0ff2c03b7878a789ade9f40806564b7121b68c35,1958-12-18
P1214,Riya,Mishra,55,M,r****a@hotmail.com,****9130,ee111306362091df4d18155a7a2e6dfa74028b427a9363aa49a483df083692a0,1971-03-20
P1215,Ira,Naidu,75,M,i****u@outlook.com,****5488,6620ac00b7766d2aa3de337afc685196b243ac9de44b66037b684a914bbaa814,1951-08-01
P1216,Riya, Sharma,56,F,r****a@outlook.com,****2460,416a226726494f4243ff61a077d70440934f131a63ece2efddf979fc943df882,1970-07-12
P1217,Krishna,Iyer,17,M,k****r@yahoo.com,****9884,b3a7cbdaf935f315079282686e4422d10e3cb4052ed74bf7a05f64d6d7aa12b9,2009-03-02
P1218,Ira,Iyer,37,M,i****r@gmail.com,****8138,e6f10d1496fcf0cd6e48ad212519f401c5d05b215dc425a2d2383edb1fa4a2a3,1988-09-27
P1219,Muhammad,Nair,23,M,m****r@rediffmail.com,****4142,dab744cea374810f3b3a2ffc2c90d37d4863f21dc0a0b9b97bca83ad6f094933,2002-11-10
P1220,Shaurya,Singh,69,F,s****h@gmail.com,****6766,dd41123cfd3cc2283984d014924383700228338ce1baef21b4cf8055ad1cfd77,1957-03-15
P1221,Diya,Nair,69,M,d****r@gmail.com,****7680,9d5e82ba4c704763a0a5a2f92cf0b14bb61952430b46f0da55f569b9274632d4,1956-10-08
P1222,Muhammad,Verma,85,F,m****a@hotmail.com,****2006,7e64633e438790397751df24801e2d7585fb9ebc4639e7bed4bae64d579407fe,1940-10-17
P1223,Sara,Das,10,M,s****s@hotmail.com,****1674,45cf4bb467a3887975c169e95d6e30a86fbbf6019a248dfd44619ccd47d4710c,2015-10-09
P1224,Aadhya,Ghosh,16,M,a****h@outlook.com,****5007,c527a609b122b251768979966fc352deb2d757a9192c5f2b41c88dd9b6fe3cf3,2010-07-04
P1225,Muhammad,Gupta,73,M,m****a@rediffmail.com,****8258,2605ebd45582cf61c005e1e4f7d22abb16aff86bdae51c6e1a90f386970bb5f7,1953-07-21
P1226,Kavya,Chatterjee,58,F,k****e@rediffmail.com,****8456,50d3945a4f03f5159be76e0ce2901a32e8c8f6d0dd60e8e1a311832e1c7f362a,1967-12-16
P1227,Aadhya,Reddy,69,M,a****y@outlook.com,****4902,f28206e79c6b3fe5940bbd242b999f1b02419c4be808a9e68b06d8fbeefa15ad,1956-12-14
P1228,Anika,Iyer,80,F,a****r@hotmail.com,****4412,bcd9e1e6a3112c74921e31d9a5cf20d3a205ef77c28c3edf2ef74959f93d0470,1946-07-05
P1229,Arjun,Das,2,F,a****s@hotmail.com,****9068,1258e273841d6528e3cbdd702c51012267969b494be41846ff40c2e0d5484ff2,2023-09-13
P1230,Kavya,Mehta,19,F,k****a@gmail.com,****9054,57e24658ca4bd0db30868799b68b29e9e383ba2a92e9bcc1ca15fbd2b2b8df31,2006-12-27
P1231,Riya,Das,58,M,r****s@gmail.com,****4736,e840f019f50bd3fa946af4691fb61550d878009c1d47a69df53e4b062cbc3f55,1967-11-01
P1232,Ishaan,Kulkarni,36,M,i****i@rediffmail.com,****9916,6fe61bb6b0985dafd2ff0313bfa4d3b46a53f432f31c92f4a3b30045afb653fa,1990-05-07
P1233,Ishaan,Agarwal,19,M,i****l@rediffmail.com,****3833,d7211a61afac2ee10690895b86cf67bf59205d92bf48eefe52491d5473bb1328,2007-05-22
P1234,Ananya,Banerjee,67,M,a****e@gmail.com,****4512,e6895f5fc57a08f9b53dd1bab8d6786458a0b40174299df860d737d0bae51f45,1959-07-22
P1235,Arjun,Ghosh,18,F,a****h@outlook.com,****1936,445d66ab7ad291341fc6e035843f205275c8469185749b0ad187d619c597b41a,2007-12-23
P1236,Myra,Sharma,20,F,m****a@yahoo.com,****3281,8666742590d725fad39991461ea252b9c0fc46c561e236b1a3c3c4d706f93249,2006-03-22
P1237,Ishaan,Kulkarni,71,F,i****1@hotmail.com,****2021,b51c6b796282bd1ab0a1f2370c9446b0eba81dbee8501a770f5c31c9509b0aa7,1955-07-19
P1238,Ishaan,Mishra,51,M,i****a@rediffmail.com,****4150,19835c6c092e1d995b1b037a27d719dbc0aeae50a210d043449ed8d8587bb875,1974-10-25
P1239,Ananya,Singh,33,F,a****h@yahoo.com,****3786,dbf30b4748faf9955c1d027af63f7ea407256b4311b83613278aac15f603d265,1993-04-24
P1240,Anika,Ghosh,39,M,a****h@outlook.com,****3716,5ba864b07d3c9539fc290c947ddd34f0351bc7b9288815cdbb8f7ef21080482f,1986-10-10
P1241,Aadhya,Chatterjee,39,F,a****e@yahoo.com,****5578,e678a8a60c3ca9f4687f1bba41ed2475702d34dc503eac277a048b583e737c9d,1987-06-25
P1242,Ishaan,Nair,81,M,i****1@yahoo.com,****7294,2e23596e4c10c4bb87945cb52d1b644b2629debb7b7e356ddc7d2fba1f3c1e21,1944-12-21
P1243,Aadhya,Chatterjee,1,M,a****e@gmail.com,****9531,5cdf97665094c4444a9f4b4341b56aafddde52e955a7370b879a6fd53cc08ac2,2025-07-04
P1244,Saanvi,Singh,11,F,s****h@hotmail.com,****9184,36013ece8708d9fa76adbe9afbf4226d7900bd430a850ed963c825d1879f3398,2015-02-17
P1245,Arjun,Chatterjee,57,F,a****e@hotmail.com,****4082,e9dce10ee6aa57ea2270bb3f6ebd7e16cae9001f95b69617fdc3984554b74492,1969-03-02
P1246,Ira,Iyer,89,F,i****r@hotmail.com,****9714,d59284ad8c4f25a9f2e033b045d1f8ef2fa7dab7e348e729658f2840044e226e,1937-02-24
P1247,Arjun,Agarwal,50,F,a****l@gmail.com,****1361,40e98881e3d7dcfd0e79e40882d46b94e1f1bc2d78e8ff0fcc0de4d08f064109,1976-07-24
P1248,Saanvi,Gupta,23,M,s****a@gmail.com,****5345,7d8681fc891c5fbea4bb60a911802912c18b4bf812d92ddd446e8e1251916ddc,2003-03-04
P1249,Kavya,Pillai,31,F,k****i@rediffmail.com,****4687,8214a769b681457b21ee4c63d1df363b438cdf0a375ecdec891806d82701142f,1995-08-26
P1250,Arjun,Singh,42,F,a****h@hotmail.com,****7041,ebb4a205d7e97d59519ab2a5be10753601556b20f1a5f701a1f2ad3bf4ecbe7c,1984-02-09
P1251,Aarav,Pillai,7,F,a****i@outlook.com,****4312,6686e33c150fdfd8c9a25b94a239611c7baebc8c92512552c3bc2e19834b4d09,2019-06-22
P1252,Aadhya,Agarwal,16,M,a****l@rediffmail.com,****0851,56344c98d89eeb17acadc9e2ff37e663e53075ef8992ee909dbd3805e0a2fbbd,2010-04-11
P1253,Aditya,Mishra,60,M,a****a@gmail.com,****4244,2d65890127dbc0ead8ea183502387cb586b6e299f8f3adce025268eb364dd090,1966-09-18
P1254,Muhammad,Khan,2,F,m****n@yahoo.com,****9408,e5e964ae0255b61e6f0d5ea34721fbed94b5421f6509c85ae60a1f02a5262b86,2024-02-25
P1255,Aadhya,Chatterjee,1,M,a****1@yahoo.com,****9415,b6d611a6bf7ed1c9ab0877413350aaeae3b5fb66549eb8b0965278c5d6a15443,2025-05-20
P1256,Krishna,Mehta,47,F,k****a@yahoo.com,****9816,99c98a3b785e6ed84515c6a9bd926b52ffa5a1c990f9921e75dae8af52b54224,1978-11-19
P1257,Ishaan,Banerjee,12,M,i****3@hotmail.com,****3177,0cda66537e5e9f2537d33f43d3083785f8bbf7dab05bf985baa388cd9fe56ab1,2014-02-13
P1258,Diya,Pillai,68,M,d****i@hotmail.com,****4117,855e7cd8ce66c84df755fc0800e1cd235925db833862cd96d613b6f8edd2f550,1957-10-23
P1259,Reyansh,Pillai,36,M,r****1@hotmail.com,****3780,3fc9cab2d510c4f2130edd001e66744b7a839f10b361ebf33196b038d50c9bb6,1989-09-23
P1260,Ananya,Mishra,32,M,a****a@outlook.com,****5967,d81a603b2c70c0aae3db60d405727017a5b45c4979e0fd209047598a9b93cc30,1994-01-13
P1261,Saanvi,Nair,9,F,s****r@yahoo.com,****9947,f975755f0b80f68e3fc8179225246c8a26beed9c4b8026a94a67bdc2fd56cc2b,2017-06-27
P1262,Vivaan,Ghosh,19,F,v****h@rediffmail.com,****1819,89fc3c3789f9c3f91f34a60f047a1dcb077e49f1f807472544772462f5747047,2007-09-02
P1263,Riya,Das,47,F,r****1@gmail.com,****3243,2334f31fa1478de6b30169a565104f16ec34c045caad42003abc2ebcde50dcf0,1978-11-03
P1264,Anika,Ghosh,80,M,a****h@yahoo.com,****5590,c9d165f37ba6dd1c138e809c0e7fcb05fa336fb471c13d92297905667169ebe2,1946-01-11
P1265,Aarav,Nair,2,F,a****r@rediffmail.com,****5885,8dc0ac2703a0661074eff9fe1787715ca79ac1fc5f0fb2a62745636bd6982cbb,2023-09-08
P1266,Aditya,Kulkarni,20,F,a****i@yahoo.com,****8354,5213fa189a1fe86f423d29bcd61dead55545ec7c8de9c5284ef37cb7d90667fc,2006-06-10
P1267,Saanvi,Khan,24,F,s****n@yahoo.com,****8525,88b8d36102a945d2fc43dda13d281bab475ec2fda830da9689d84a315aec1e4b,2002-07-09
P1268,Krishna,Kulkarni,54,M,k****i@hotmail.com,****7569,6dbe009f98604902d47a7f62ec41c0a771cbee955a8b96d16f5bc4d76eeeffc2,1972-02-06
P1269,Aarav,Verma,32,M,a****a@hotmail.com,****4268,6b57d9ec4fbf9a3cbf6841c7367d33a2f8d0bccd60a8ba9aec0117bd1d2529b2,1993-12-11
P1270,Reyansh,Nair,24,M,r****r@gmail.com,****9475,622f950d3654b4a90256a6474f1633e5cf60269aaf708814f9d7c0114b8bd108,2002-07-11
P1271,Muhammad,Pillai,74,F,m****i@gmail.com,****9013,2a3cfd40ad7d0c5f35df20fc4bc1c33d3703c9286f421d80a18d9e6146852986,1951-11-10
P1272,Sai,Chatterjee,71,F,s****e@hotmail.com,****7050,828375c13bd865a510353ec7f4682d76f0399baa35c92459cb6a319aad194f3c,1954-11-05
P1273,Kavya,Banerjee,36,F,k****e@outlook.com,****2445,af134d36b77e8aefc9eafbc442c2cb7dfd70cbccec1c2b122f8fa673af747f1e,1990-05-07
P1274,Sara,Ghosh,37,M,s****h@outlook.com,****4388,b9f820affe00e2dbf6b845b0e90b19014994123062dc90fbb1f939ef66738349,1988-09-15
P1275,Anika,Iyer,83,M,a****1@hotmail.com,****5927,23e959954c2f63fd053ec826690a353adecbf2a610dce915a5ee0c77802bc6c0,1942-10-03
P1276,Kavya,Mishra,89,F,k****a@yahoo.com,****9527,ce0834d64a87e2197a94578341bf96500b8aa4aecae5ee7a28a350accc13f38d,1937-01-11
P1277,Sai,Mishra,25,M,s****a@yahoo.com,****7990,ebb44130bf6c41c474d89f71876e14f16e7f51a13e3fdda7ed009ecc795bab64,2001-02-06
P1278,Aditya,Naidu,17,M,a****u@hotmail.com,****9071,6d224a7164c7f9aaee4ba3a4ba02cdb9d58682a4447169cb3155dc00c2ed6fdb,2008-10-07
P1279,Ira,Reddy,82,M,i****y@gmail.com,****5743,81590ff7798f9c791fe9aa0080668c0eb9b598daf45de736384a359db8b39d02,1944-02-13
P1280,Anika,Pillai,66,M,a****1@outlook.com,****5609,7220c5473770492c621ff27d8252e4d9455f0516b8bce16cb2d8b594d80a6df9,1960-06-02
P1281,Krishna,Joshi,54,F,k****i@yahoo.com,****9570,6349ffe9945535b70b0b24f75614b23a44240977eceb11df6473dfc2edfa338c,1972-01-21
P1282,Kavya,Chatterjee,35,M,k****e@outlook.com,****1043,399e06c653080734a5eb9114c368a57b855e636da17388e1d657a2c6f32bc1f1,1991-09-09
P1283,Sara,Mishra,80,M,s****a@rediffmail.com,****9982,928e5da49715b79c0eac67eefb675c24dd3ce5aa75b38af9d09b263801ee5a1f,1946-02-17
P1284,Vivaan,Mishra,61,M,v****a@outlook.com,****9410,453c006b3fd86d72a11f5bd54276efd6a150ea8eade4f91b76145eb657bb9ffc,1965-04-19
P1285,Riya,Agarwal,41,M,r****l@yahoo.com,****1254,19f6b98adae586d0ef381cca7d15b0557a2d4299dcd0d961ac977f5750f196ed,1985-03-09
P1286,Aditya,Mishra,32,F,a****a@yahoo.com,****5234,43091f5166cd862d4c95e8e49c0c80ec75f37b5bcf3a9f29b2a38d89a7c93687,1993-10-05
P1287,Ishaan,Kulkarni,68,F,i****2@hotmail.com,****8506,991cb8b238b083444be59d701846230dd1c06cdcdb9fe4408afc5217cebf744f,1958-02-01
P1288,Riya,Khan,33,M,r****n@yahoo.com,****2850,dd23f9f847b2c9c19c0ee95f9927fb842a39396987cad0d0968e6c6d54626b73,1993-08-22
P1289,Reyansh,Reddy,13,M,r****1@yahoo.com,****0779,6b462318d8209fd02d502c20ce6b3bf53b39a1672b6a0ec5267ad8a57b91634d,2012-12-25
P1290,Aditya,Mishra,20,M,a****a@hotmail.com,****5760,8b2a78e52cd1c93cd8186a0fd09f155398351db11a94c157cb5def8f4616859c,2005-12-24
P1291,Anika,Verma,48,M,a****a@gmail.com,****0039,367d93aeb417b990c5f89b53d9c5d2a4464d30e256b136ec5a3f19c27c1605cd,1978-09-14
P1292,Myra,Ghosh,20,M,m****h@hotmail.com,****1875,935067c06be3c712b8c1980c3a402b46e6b38bf8af7a1ebda952e9bacedc4841,2006-05-10
P1293,Aditya,Reddy,7,M,a****y@hotmail.com,****4997,dd2037e5097c1154dbc4791d9b88d70e28f7be763f1e6d36339c29ebb5499e17,2018-10-23
P1294,Ira,Naidu,6,F,i****u@gmail.com,****6891,9c6ae4ac4ec3a9704f4f8147f2d179f474c37628b3dc2b8ef600ef8609dc5dcc,2019-10-02
P1295,Muhammad,Agarwal,67,M,m****l@rediffmail.com,****0529,226df68f248d48e8884149950cab89963f6aa5fbfe875293dc2198416e362502,1959-01-26
P1296,Aarav,Joshi,16,F,a****i@hotmail.com,****5221,c905c005ddb388338383d2938be1e3d6b60761df74f9bfd774f43e9c65242926,2009-10-07
P1297,Anika,Khan,33,F,a****n@hotmail.com,****7770,5dab51cf50ed4d3ebf11da3cfb8f9f213764f0e936854900fc2a38d2a2232be6,1993-08-13
P1298,Ananya,Kulkarni,47,M,a****i@hotmail.com,****2052,11099eff4388d9f25f5af24770c56eaba68a962448008dafe5f0198517f25e20,1978-09-27
P1299,Aadhya,Mishra,76,F,a****a@hotmail.com,****2835,04686868b50cbcd7a20b56dd261bcb13914a6d1dded37acc2531a82fbdc17d29,1950-05-03
P1300,Vivaan,Agarwal,58,F,v****l@rediffmail.com,****9775,7db293385dfc5a4e98602cf31ea57237439fb38955e7999fc891e6b3eddb1390,1967-11-24
P1301,Reyansh,Patel,85,F,r****l@outlook.com,****5137,fa41288b93846c7f5b2e8400658375d96dd4ff953e4095b1132adf94ed0a536b,1940-12-08
P1302,Arjun,Kulkarni,22,F,a****i@outlook.com,****9712,fc03c2f23035a0558d6576ad0fa737127f8e2529c48fca532f8ae7e4d63345fb,2004-01-28
P1303,Ira,Nair,30,F,i****r@rediffmail.com,****6631,b20c25eaf3d530a2df098de43deaf0b57556f2adf10454837331de6f68b7e35a,1996-01-17
P1304,Myra,Khan,37,F,m****n@rediffmail.com,****5164,2daae2196a5707cee8054799070b7a04dd351023ce01ca4d25647f1771dbaa4a,1988-11-07
P1305,Shaurya,Kulkarni,51,M,s****i@rediffmail.com,****4459,5a822655c61d1914f5634670dbba891ca9e4d71ab5fa5acdbf2320fcc3c08704,1975-03-16
P1306,Shaurya,Verma,54,F,s****a@rediffmail.com,****7617,c4cf535d2a358705e099d79194ee0114769a371bed9fae35160b946172765263,1972-04-18
P1307,Aadhya,Iyer,8,F,a****r@rediffmail.com,****1278,afa435848d7449f94e3e478953120c8f7df491ec5fa6a281b2a9ff249030eda0,2018-05-09
P1308,Sai,Mishra,26,F,s****a@hotmail.com,****0790,9d19a48d32d4d35afdf358ad2d0c6587fe842741bbd1c38cf05ebda32fc83e6d,1999-09-18
P1309,Ananya,Agarwal,26,M,a****l@outlook.com,****8026,100c616548e38e66a2295bbf8f95145cfad46a08f29a3fbafbfb6d2fee8c5557,1999-11-17
P1310,Aarav,Singh,21,F,a****1@rediffmail.com,****9438,e2a422e74686347fd26f8b002db7c7ad7ef2ad5ef805875d292a4c5b68910ede,2005-02-06
P1311,Anika,Joshi,30,M,a****i@outlook.com,****8800,9358a50de50c90ba786eaee8cf07004998a37c8a64a7897f5083d84d221c2a53,1996-03-06
P1312,Sara,Verma,28,F,s****a@gmail.com,****9680,76579a78f2aa0b5c6b3846aca0646bea40c1418a4cafc9a2e805c7a974665423,1998-01-25
P1313,Aarav,Nair,63,M,a****1@rediffmail.com,****2272,4ae09537eba4fa6b7e0329f6a0e589c844c5da8d20733b1587119150f11dd4f8,1962-09-27
P1314,Anika,Joshi,68,M,a****1@yahoo.com,****7372,a23e5e7bea009a1d9fc5c37b1e0917d604c7bd67e8ac987582348dd491ed517e,1957-10-15
P1315,Kavya,Agarwal,61,F,k****l@hotmail.com,****0684,9c9048b0bde4b2b5d003134938258eb89c5bc84633ef94a96c97eedf6834df52,1965-03-10
P1316,Aadhya,Khan,47,F,a****n@gmail.com,****6534,45c2b286b2854caa2613bb21975ecd3cf86837a3d5e284d9f05a787bd39138b0,1978-10-08
P1317,Ananya,Chatterjee,18,M,a****e@gmail.com,****6546,22c9cd96d441340071aa4e662289dce75c144e69a45ffec5c25d4466fa6f86b3,2007-11-08
P1318,Shaurya,Ghosh,4,F,s****h@hotmail.com,****9440,1d372bcd255edfdfc0696791145e0033b6e37484c8660de30a27a4a7ff624e2d,2022-05-23
P1319,Kavya,Chatterjee,34,M,k****e@hotmail.com,****7382,c52f68aaccc8c61732810fe7d499e1f00796b0e99527c8719ee0f2e567495916,1991-12-01
P1320,Arjun,Gupta,64,M,a****a@yahoo.com,****5387,e5a21d483e04eb938bdb6749460316d62de24a2db6e753956233025bd70c386a,1962-03-02
P1321,Anika,Kulkarni,48,M,a****i@outlook.com,****8733,dff54273807e495bed8270d8b7eacda0a2b7d6312105c401cc37435619165cee,1977-12-02
P1322,Krishna,Iyer,17,M,k****1@yahoo.com,****6822,2f7d8db5e5ca9a042c3704f41d0d3deeefa1784508980b628c7bb9cffe4606ac,2009-05-16
P1323,Shaurya,Verma,44,M,s****a@outlook.com,****5172,ba7cd86b47f7c172fae152dc1235a3101659cd8fe34c49a987d0f0eeb38fb2f8,1982-04-01
P1324,Saanvi,Naidu,30,F,s****1@gmail.com,****0893,8e38ae43b2eb67e049a3f35b9db15b3fc9cf4de20d0d18a413fd007534f8b92d,1996-06-21
P1325,Ananya,Banerjee,46,M,a****e@yahoo.com,****6204,5d55c756aeabae991c35952318ce1d518fe68bcde431c9410744f2e8f602977f,1980-01-16
P1326,Anika,Kulkarni,6,M,a****i@rediffmail.com,****6272,43a5f3b9a635d89f2cf96de90db17fecf8b4717fa488fb8fcf8f7527e05f1e87,2020-02-17
P1327,Anika,Joshi,37,F,a****2@yahoo.com,****6097,ebd4e0b958e9cf2212e1f5c2a0405d89be33df058437732978adeb051de75f32,1989-04-11
P1328,Aditya,Das,23,M,a****1@gmail.com,****0775,84f6194635a30b9ec080bcef036e12a5219cd9085d82c0a795a2909292118ea6,2002-11-03
P1329,Arjun,Sharma,45,F,a****a@gmail.com,****1951,414ab4da8a8a80561025830bbaa5a928446d75c0b55f048b8fb189b3d3c92cf4,1980-12-19
P1330,Myra,Agarwal,53,F,m****l@outlook.com,****9637,361edeb47425565a2beb78cbb0bb344a57d0562e83bba12ec449a2453e65c176,1973-06-26
P1331,Aadhya,Naidu,60,F,a****u@gmail.com,****1793,50224b36282dc5e4a3c3e9087723d6d01a7955a9b30169b7dee7175670d01434,1966-04-17
P1332,Kavya,Joshi,63,M,k****i@yahoo.com,****5093,bc83ac153f2072692643380cfef1955b15f28595c2162ba00dc374f09ac68050,1963-07-25
P1333,Kavya,Sharma,85,M,k****a@hotmail.com,****6226,df7e4b7c23935738ac6ed57070b600e9343581db3657adafd4a827764964f622,1941-05-08
P1334,Myra,Iyer,32,M,m****r@yahoo.com,****1671,ca88f964945f293d8d66402fb6eb0a094eaa6a5aa916932df09a933cda73dc0b,1994-03-09
P1335,Aadhya,Pillai,86,F,a****i@outlook.com,****5561,3d2a0878b146485978609f7d040a061ef535510a4bfda9222bc3aa7b9f74bcf4,1939-12-23
P1336,Arjun,Iyer,32,M,a****r@hotmail.com,****4632,04210ff970abc8aad71f87181573764228b86b64b0d291921cd7b983b98f6afc,1993-12-21
P1337,Vivaan,Chatterjee,67,F,v****e@hotmail.com,****1093,fe497e14ecf725ba7a61bc3579d156bdac01fc8c8a96d742344cff4e8028be6b,1959-03-02
P1338,Aarav,Naidu,18,M,a****u@rediffmail.com,****6009,2c47d5d58b0d354d5b52ddfe4789ab81078de1746ef5788816c28809a9696944,2008-08-19
P1339,Shaurya,Gupta,25,F,s****a@gmail.com,****9481,96ee72d7617d97e751dc60b87a26046f8a7d63ba09ff2509d39e75fab65087b2,2001-04-18
P1340,Anika,Chatterjee,54,M,a****e@hotmail.com,****3853,d928103781956dbe521fcb0f70be56896deb330a03233814f9a39db243d1f0ba,1972-06-12
P1341,Riya,Das,58,M,r****s@hotmail.com,****8998,1508390bb12817ed7d0013e76fd719f349676f3b34b9f7161d1e2b77835342e0,1968-03-25
P1342,Reyansh,Nair,67,M,r****1@gmail.com,****9729,f682997c8ad28d7eaf07c167eb41f940805a7e17f95ff4ce0f1b4dae56c76d7a,1959-06-07
P1343,Ira,Das,46,F,i****s@hotmail.com,****0034,9b76cf07bc03c289c891652c3002163a8130ab77aa57b5925422a00ca787b2e0,1980-05-06
P1344,Aarav,Reddy,23,F,a****y@gmail.com,****5749,e38751c22e78da07b9cedb90ea58123ef8187e2771699af154ec6f7fef53b386,2002-11-13
P1345,Aarav,Das,32,M,a****1@yahoo.com,****1020,7d3496902b17a3550668b82870c39e1292d948fb001fcb5b5d207f025783d477,1994-01-08
P1346,Anika,Mishra,46,M,a****a@hotmail.com,****7668,200f97628efca3b80e07462e5816645938aa5d601696ac0533f1f487f859006b,1979-11-09
P1347,Ananya,Khan,86,F,a****n@rediffmail.com,****1587,756661335ca868b5106d056ec7912223718d8750ceadf1e71d69ec91ce32ca47,1940-04-19
P1348,Shaurya,Naidu,22,F,s****u@yahoo.com,****8436,fcd93bd33a4e4ea70127fd1fbc539554fe229e1901f57889d0e67a29482473fe,2003-12-23
P1349,Myra,Nair,66,F,m****r@hotmail.com,****8017,f38dd6a2850bffa0a0b390cdfd610c5b3bf6433a67bcce5380dbae3a110e1391,1960-06-14
P1350,Diya,Verma,26,M,d****a@rediffmail.com,****2443,8f6ad1a9a2f4841674e8c84d76353fd97f024d36dca85b8f5c870f84d647b921,1999-10-08
P1351,Arjun,Khan,2,F,a****n@hotmail.com,****0275,5e26eb97a5972bf606be87fe820709ad1c996b939b77a7d10b802efd0a5eb1e7,2024-08-05
P1352,Sai,Gupta,17,M,s****a@yahoo.com,****8848,408e65abc5ed39f9aa2e32e5849980e7a9a5186f9a9bee2321527bbe07c01058,2009-08-23
P1353,Ishaan,Kulkarni,32,F,i****1@outlook.com,****2130,088b85ad5613180c5d34d5f4d78b0a21211a4d0a0fcc492094de84141a309682,1993-11-23
P1354,Ira,Naidu,9,M,i****1@gmail.com,****2105,913356e009702d5406d727ad624f6a65f60e5bb93bf758c84853d44503a66576,2017-05-15
P1355,Ishaan,Iyer,42,F,i****r@rediffmail.com,****9364,a68db6562d56293843ca473c01acc3cab443873de0038d0972ba43da6dc25ea7,1983-12-17
P1356,Ananya,Reddy,48,F,a****y@gmail.com,****6197,f7048b9c4ed011d6e249cf11fffbb471ef82e2a19ef91ce967424057d564a3de,1978-08-03
P1357,Aditya,Verma,39,F,a****a@outlook.com,****5930,f6f3158d4d12b08afdbca9957354b0e10e2cf5b62d3754e278c076043c2e6ff3,1987-07-18
P1358,Ishaan,Banerjee,42,F,i****e@rediffmail.com,****3247,6d3fe7d198fba789af128181036f0f5bae2d49e5bdff41ac75142a189e28b033,1984-05-21
P1359,Anika,Chatterjee,26,F,a****e@yahoo.com,****3318,e12131c75ecf2ffa0e806463c15a362247fa98bfd80bb5c9ba017c79a9c0549d,2000-04-07
P1360,Diya,Verma,50,M,d****a@hotmail.com,****7988,03c0604deb9d601219b33433183df6abcc74117a9156c8249c210f2549df38a2,1976-01-06
P1361,Anika,Patel,25,F,a****l@yahoo.com,****0705,cba3ac50d1608f4bfb2829e4640a091047698d6230396264f45afc1c3e89afa8,2001-03-06
P1362,Aditya,Ghosh,24,F,a****h@outlook.com,****5267,09a2af81d1ed48c9ba70a4b3814d5e46692f8c9dc3b8b1c1c2a2d2278e90886e,2002-05-16
P1363,Sara,Iyer,13,F,s****r@yahoo.com,****1941,6bc6a8c28d1414cb187312fc59a134326ce36d91902ce1431bbd53ed34d1c346,2013-02-16
P1364,Aarav,Ghosh,59,M,a****1@hotmail.com,****5314,ee001844bc1daec8c6c2d5fc899f1d60e53621603283516b962845dcbe602009,1966-12-21
P1365,Anika,Das,7,F,a****s@rediffmail.com,****2309,57ddfdb9c238558b188faffc80c65f98a84707fd470e73dd5ff20e8aa9c9e290,2019-07-14
P1366,Myra,Gupta,57,M,m****a@gmail.com,****3873,697b9151244c00e0c9450859bdaf9684d8818b050b399d92934f34b16461d530,1969-01-04
P1367,Reyansh,Das,36,F,r****s@outlook.com,****4727,d87ba26bd574b8e3df4195ea53df8f6039d5f76d9adfb2e4cb24faa39d6b6812,1990-03-21
P1368,Myra,Pillai,45,F,m****i@rediffmail.com,****3456,95834a10a72dc8c4509cc055feadb2b830f458cc727aaff6e7c59ee4501734c1,1981-06-03
P1369,Myra,Joshi,19,M,m****i@yahoo.com,****1933,dd43a2c8d6f6d393d7b46a908617175bee4e92122459141fbcdf10dced95e323,2006-12-02
P1370,Myra,Nair,65,F,m****r@outlook.com,****8413,5457cb7ccc5c856c98d33ef1a3bb493c6c0399f3d76e1d6116b28c4185c79431,1961-04-03
P1371,Diya,Joshi,7,M,d****i@rediffmail.com,****6858,6b2dda39fb58fb95eaad08c8c545af5246392936fc7bb2438daa012200569f57,2018-11-05
P1372,Arjun,Nair,15,M,a****r@yahoo.com,****3074,425062e79f645d6c61155b6ad7649afa61c6070540bfe9a600f197067007f6f5,2010-09-25
P1373,Sara,Patel,14,F,s****l@outlook.com,****0147,81d0e8cf9360edb255013e65d10cb857c7dcab3f2f31fe28e153474d67a8fb54,2012-03-06
P1374,Aditya,Verma,75,M,a****1@outlook.com,****1768,5194da1081406c5309e0139aa06f9e9d83473abc48e5b8bd899233487402b626,1950-10-08
P1375,Krishna,Sharma,87,F,k****1@yahoo.com,****9109,c6d8baa2be5f532e60b70fa3bf9e3b486c4c1089725154e0c34d1f21b4123967,1939-02-14
P1376,Krishna,Iyer,15,F,k****r@rediffmail.com,****1801,d4478d293cdc57a599c3f69da1e73b790121d00a904289756c88e46045caf638,2011-03-03
P1377,Shaurya,Nair,66,M,s****r@rediffmail.com,****9779,b807de2b08f56cfcdb5dda5d7996d5c5156acd2aed9dd710e3a9c0186e93a48d,1960-06-15
P1378,Aditya,Iyer,32,M,a****1@rediffmail.com,****5347,7e1585e832adf6af15d8c04714888ae9e6f9b4788885e357e6966be024eff246,1994-02-13
P1379,Kavya,Sharma,87,M,k****a@gmail.com,****1367,68c5a5506b28fcf150484c8b1f6fe398938f8d31b770ceab45a605e3fc121065,1939-08-13
P1380,Reyansh,Khan,62,M,r****n@gmail.com,****4003,abc2554c651f49f41e5b95af67bbaa88870c6cf59ba78410be85a4abe53847a9,1963-10-20
P1381,Vivaan,Mehta,85,F,v****a@rediffmail.com,****0884,4f284ed88c7ac17460482e88ac5038bf199930f3e2ebaa3851a002be8467f2b1,1940-11-22
P1382,Anika,Iyer,51,F,a****r@gmail.com,****8861,527874983a59ddd478bc156440b9511e91019d40f47d5938dad08ceee97d4696,1975-04-07
P1383,Arjun,Nair,25,M,a****r@outlook.com,****9631,6806ed4114c92b1d840ec51a829d16e03c73644a344649c048d4796f81f03866,2001-06-18
P1384,Kavya,Khan,58,F,k****n@gmail.com,****0739,8b838d166fa464116a5f84d4c107a7e3644a289e582f7e0e40755b34f06e55d2,1968-07-14
P1385,Reyansh,Das,63,F,r****s@hotmail.com,****0600,7e024988a4d6b50a8349954b8dd4f2d1154865d5c6a13c0085112adaa3d9bd3b,1963-01-03
P1386,Riya,Gupta,62,F,r****a@gmail.com,****2101,bc2d7a20e149b0658040fa27eafa26efcb1777029312607f2b502af59bbcd69f,1964-09-14
P1387,Anika,Sharma,21,F,a****a@hotmail.com,****4285,6042ebe73951da5075d0ce8cc07d9ee16caf07aa00d0060cd7973d64d3a844fa,2004-09-19
P1388,Reyansh,Das,58,M,r****1@outlook.com,****7269,75d8cd8cb2c7b36b24fd3678c6a3d37ce1ef2e7f872bd26289e23ef6718affd5,1968-02-17
P1389,Muhammad,Chatterjee,58,M,m****1@hotmail.com,****5107,6f512eff912d5e5afc1d0909ff197c948004c5ac168c39b8270084c823dedc56,1968-09-16
P1390,Aarav,Mehta,86,F,a****a@hotmail.com,****2605,67ea7bd8b91a6ddc6733f9682e9a962be7e34e7bf8b4d480a80bb664d65a6477,1940-03-19
P1391,Aadhya,Mishra,49,M,a****1@gmail.com,****5231,ee26c0c5c69c2ff44cbff182c9d8697697938cc920a646ac16eaa2a8c5b6b362,1977-05-09
P1392,Riya,Iyer,51,M,r****r@outlook.com,****3507,a1fbf45e852d7acb7db506798c89ae3d144b6465529edd2ceb3acc5e92e0e053,1974-09-28
P1393,Ishaan,Reddy,42,M,i****y@gmail.com,****5378,0f3fc4f2ca22625e5a7c1b6c084fd94191a2382898eb319fc0c22055d700ad55,1984-01-21
P1394,Sara,Das,70,F,s****s@outlook.com,****6358,e6c3999b0bf7147eb8eb610ce6e29532db1ebf27ff1c2d63b7dfd9eca7aa515b,1956-03-17
P1395,Riya,Iyer,15,F,r****r@rediffmail.com,****8282,4f32eb7bae4c98071a9fcfea5e769d01f1dc06beb40b84c4ee43a6be356cd26d,2011-05-09
P1396,Vivaan,Mishra,53,F,v****a@gmail.com,****5747,0d68ecd4e646e75b440c17880c3dfc216bf8a698433d6af42ec110ec2c1c7aa7,1972-11-01
P1397,Ishaan,Patel,60,M,i****l@gmail.com,****5005,15c775c808ec82677a6ca27d023647da2eeb132dcca82b6c14566160fad66ebb,1966-02-02
P1398,Krishna,Khan,8,F,k****n@hotmail.com,****4714,734906a78068b6efab1c70f4155807b281aab903528bbc1c49f687fc138bf49e,2018-08-22
P1399,Ananya,Das,53,F,a****1@gmail.com,****4585,1b17f8aa696d133a5597e0892d0727ffeb8846e13d7977c94462177ab6ddfc96,1973-05-06
P1400,Shaurya,Agarwal,60,M,s****1@rediffmail.com,****2241,39a6baa761a98239781aa17d35d6148ffbce74f2e3858c93686d2e9496abb9ee,1966-08-23
P1401,Sai,Mehta,5,F,s****a@outlook.com,****1602,f06aa907e4b8a1f0999df772bedccc2b0ec5f5cebb5a0adbab5a7bc0814408ff,2021-03-23
P1402,Riya,Khan,68,F,r****n@outlook.com,****5275,8c2fb15914e3466d48962190ab2e8886247ee27afb85e5be4f02b930d8306dad,1958-02-19
P1403,Myra,Ghosh,6,M,m****1@hotmail.com,****8166,190fde5af21c8960018cdfc067db2d62869a7b5da8e78ec63c244befee9a79f9,2020-09-02
P1404,Muhammad,Kulkarni,47,M,m****i@rediffmail.com,****9585,6f8b3571d9c06c511b692974aac37a40556d77f1cead394948627ae8331892f3,1979-04-16
P1405,Aditya,Reddy,55,M,a****y@rediffmail.com,****7200,4fc3d470c462de4a61fbc85e24cd92d70937109bea6a18fa80c51882cc5a6b8b,1971-02-07
P1406,Kavya,Verma,40,F,k****a@hotmail.com,****0516,21eee320d5f576d3b9d0ae4587770c8e5079db734ae28ccdd4c586ad8518c662,1986-04-23
P1407,Shaurya,Kulkarni,51,F,s****i@yahoo.com,****0962,a4f42824c9b2fa201d1908f1a6837307d0001bce28c2b27b2f0b2d0e8d06a511,1974-10-08
P1408,Diya, Mishra,16,F,d****a@gmail.com,****1077,ac670e617038ff2fc593a88b73808e0ecfe45ced1256e20a329c101b9b224613,2010-06-03
P1409,Aadhya,Singh,13,M,a****h@hotmail.com,****5269,e7501d0875abf572ec742d364a1841575c6a68d653b89004c5c6ae3cad5a835f,2013-01-18
P1410,Sai,Pillai,30,M,s****i@yahoo.com,****3057,f1ec5c75750c309d5c00ae1d1f380605dcdbb4bc2c748c23b7a4d15f03b558f9,1996-02-26
P1411,Vivaan,Gupta,19,F,v****a@yahoo.com,****2492,fdc83034b2896804750c32c27d67192ac6fc435b2421fabcaf3ab3c51c803567,2007-01-04
P1412,Riya,Iyer,16,F,r****r@gmail.com,****0183,94d923a723ebfabf741cf1cf990bab88ee0dbd46091397ec39155ea0ecbf0440,2009-12-22
P1413,Shaurya, Mehta,63,M,s****1@outlook.com,****8338,090b2d87d12c850cb2267fa7eecb400717f5dee10695fb515728efd15f3888f9,1963-08-02
P1414,Muhammad,Singh,19,M,m****h@hotmail.com,****6420,909ad57d5c4c14db56a694357f683b0fad43d6dac81294f4d2a68ebab9a33a82,2007-03-19
P1415,Aadhya,Banerjee,58,M,a****e@hotmail.com,****1105,85ed7fcf7e1371cf8517128f9547e725fe11782319a280b4fce2bdda725b7b8c,1968-06-14
P1416,Reyansh,Iyer,55,M,r****r@hotmail.com,****9949,14fb349e8b26ab34c40020e9a49c515ccaf622702ed30ab0c283c0fab160bf3d,1971-08-26
P1417,Reyansh,Chatterjee,62,F,r****e@gmail.com,****8267,858e59882d15f23ba2ffc0320a0a754dd844514336f26f527c2106d3e64397c0,1964-08-22
P1418,Diya,Khan,22,M,d****n@outlook.com,****7444,afc9ff80ad3cd42daf971a4059dc9bdb70cad65794410f013f812bf3670ff0ec,2003-11-03
P1419,Krishna,Iyer,8,F,k****1@rediffmail.com,****1366,bc3329937bc9c5e478deb5b7e4a30b992ba36098422b4feb8e2326c6fbf5ef62,2017-09-22
P1420,Diya,Pillai,12,F,d****i@outlook.com,****9420,539f3bcbbf7a56b2d681fcc788875a177430c6d468a908b258b64f136790be02,2014-03-11
P1421,Ira,Naidu,1,F,i****u@yahoo.com,****9673,28bb58f0ffa8b1246e35e118ae79e63448a9ffdfa8d58ab848db0587ed6c1ba3,2025-06-12
P1422,Shaurya,Gupta,58,M,s****a@rediffmail.com,****7940,8674a0aff2d7f9560679330d968866922b92b114d280bb9392e00df743d4df18,1968-02-03
P1423,Aditya,Gupta,1,M,a****a@rediffmail.com,****7808,e6202a9353ec050db1a9dde8b171723a4097603140eafecdd22207f0dd3c6ad6,2025-07-22
P1424,Ananya,Nair,33,M,a****r@hotmail.com,****1530,d440178f6d4d838b1d25c4e3fa5475809f60fd505062839f6987f15284845f65,1992-10-11
P1425,Aarav,Gupta,48,M,a****a@outlook.com,****2501,364cc9284c15e18ca2ed5c0205ef2de2f77f0c562c5b3055c3d0aa07651eb1cf,1978-06-10
P1426,Shaurya,Iyer,89,F,s****r@gmail.com,****0679,103bb139d8609d81023bc9328e50947de599e14f5487b1a209ae6666fa18ac25,1937-02-02
P1427,Ira,Banerjee,1,M,i****e@outlook.com,****0575,c1bc7954271c3458b7e4367b456f16184b9d9fdca52a46d4b203d2cd0402a659,2025-03-18
P1428,Ishaan,Mishra,16,M,i****a@outlook.com,****3237,8e03ab739474bc37b16d5f4f9c375a7f32b4ece483d0d12301a253e59fe352ec,2010-05-25
P1429,Aadhya,Pillai,60,F,a****i@hotmail.com,****8383,a8678b1f10418633185195885d73d39c9eb6c3462c1f5467eb0165cebcb8706e,1965-10-27
P1430,Anika,Sharma,63,M,a****1@yahoo.com,****8402,462c768ef70524326f1109dd79961121c9eff403d24abdffba118398ad6ab201,1962-09-28
P1431,Ishaan,Patel,63,F,i****l@rediffmail.com,****7664,55c8b9105a7bdc0e9334baaae925ceeebb4ce4ffab4e0e4b4784b8b9c3487ee3,1963-06-13
P1432,Sai,Chatterjee,68,F,s****e@outlook.com,****1007,7cd73111b2d4855eebf192ca0380d24a25ed1d2ca5ddb4ba7a67a966fc252557,1957-12-14
P1433,Reyansh,Naidu,22,F,r****u@rediffmail.com,****3679,e84c4e777d24ccf2dfbc55aee83f0996c6522706b2c76e09d2dda528229e81f0,2004-02-01
P1434,Kavya,Reddy,67,F,k****y@rediffmail.com,****1036,8998b89f2d061eb09a85c99b163818aabd4011d52c58a742390d4626b0605fc7,1959-05-27
P1435,Aditya,Pillai,76,F,a****1@hotmail.com,****6354,1ffff2df83c718e6e81d4790f421d9bc9124e43dea26c246bbf27410ad75f0e9,1950-03-16
P1436,Myra,Reddy,26,F,m****y@yahoo.com,****6091,87994bc0cdbf7ab6ae976f68976da9248f875e10cd603abff5607c29cc9ce65e,2000-06-17
P1437,Krishna,Joshi,16,F,k****i@hotmail.com,****5934,d176cebec3ccfcd447fe4659264a48eb17eb4f83b8d08531aae497b8b9767556,2010-07-21
P1438,Reyansh,Banerjee,50,F,r****e@outlook.com,****0727,0021a0aeff717a06d55a9e78fe8b18a46973e5d36c065e8867b00e02bd80c733,1975-11-26
P1439,Aditya,Khan,86,M,a****n@outlook.com,****9586,3e8a2af96b41ab514b2134daa58b073c6a439a35eb14d37e571e989c7c9e4f5b,1940-07-11
P1440,Reyansh,Chatterjee,57,M,r****1@yahoo.com,****2807,1a34bf6b20065cac0a004f6cfae6de409904744b3a8ee99d922cb3d3fa222a12,1969-02-04
P1441,Arjun,Khan,29,M,a****n@yahoo.com,****8782,c1c1e3a03b919e432ee19b0e8e979590bcfdec5accebc8b2a8d64651ba969fee,1997-04-05
P1442,Aadhya,Nair,78,M,a****r@yahoo.com,****8648,5150c7fee6b058ee816a4c69c09aa5987f69e0d88426978ab38abb8b94aba2f6,1948-02-02
P1443,Sai,Naidu,69,F,s****1@hotmail.com,****3335,a12d752eb547ad1bc4043035b6d5f37e80cb187982611a4ece39a31a9f6f8bf5,1957-03-22
P1444,Sai,Gupta,47,M,s****a@outlook.com,****3548,d2abdc80008b73b8316d0511d69204f5e1d6ce5851e8063cd3030e9eed11061d,1979-02-27
P1445,Diya,Naidu,62,F,d****1@hotmail.com,****6278,bd27f3b24487214ffaa8c3e1cd2cdf65659d96df09d56ee0e1a18350bc168601,1964-03-15
P1446,Ishaan,Pillai,69,M,i****i@gmail.com,****7562,f4d7dc8484c5c2b862b95bb2a632c4ae3531a9e897af69836951d6a4d75618dd,1957-09-05
P1447,Ananya,Mishra,75,M,a****a@rediffmail.com,****9057,8b215d11c71adf245da1b6f05406c358a91e4f292e90b83f1de074e916e14442,1950-11-27
P1448,Diya,Joshi,16,M,d****1@rediffmail.com,****2662,bda7798fc4f38b38de4d6677a1d162dece1d6ee8b8af6854953d4cceec5f3e84,2010-08-17
P1449,Diya,Sharma,48,F,d****a@gmail.com,****9747,21182db335372d2cb329e8b3c5449e1e880bfa952c3fd82d117cd0ca2b1912cf,1978-02-08
P1450,Riya,Khan,85,M,r****n@rediffmail.com,****6778,86d30564be1ab699a11ef23b4ba026a275fb8fd6ec8a135ddd5fdb67f3196ddb,1941-08-04
P1451,Arjun,Iyer,38,F,a****r@gmail.com,****6306,fce8dfdeaae5e30432097b12023393a581a0acba91700e60f2589c3107e659ac,1987-11-11
P1452,Aadhya,Naidu,33,F,a****1@yahoo.com,****1721,13bf15968a64a60504c65183eca7fc2c6f209ad1867ab799d94a29c126a26345,1993-09-11
P1453,Diya,Iyer,22,M,d****r@hotmail.com,****1073,02d51b7f2ea902450131549eaf7926463e85ff2498f6c381dad63026620a71ab,2003-09-22
P1454,Vivaan,Ghosh,10,M,v****h@outlook.com,****2211,713a297f050667df51df51a26d1a6ee22fde1006edb6a03674430f58cf791eda,2016-08-18
P1455,Ira,Iyer,69,M,i****r@yahoo.com,****6255,bd356bee5137e646f2c51aeb75814c23ff2f786c1c625535d9f8e94761ceb8a3,1957-03-27
P1456,Arjun,Verma,34,F,a****a@outlook.com,****1370,52a5243dc0caf88f1f5f3d9abad48a1883746f6dd3c64176df3f3f23ee9bf21f,1992-04-08
P1457,Arjun,Mishra,52,M,a****a@outlook.com,****4998,fdb8116d1be2fd77eed31c0f45aed710c50c6f19ec348c17f678b29f3ea67bed,1974-09-14
P1458,Vivaan,Khan,9,F,v****n@outlook.com,****9721,e686c4aad602f47b2364fae1f0f7c125a036e37ef4acd8ce623f13cbb78a6a08,2016-12-22
P1459,Krishna,Joshi,19,F,k****1@yahoo.com,****1273,edfcf96f067b44510853a5f48d1a8807c228bcf50c2f66d67bc4652c1add3adb,2007-05-09
P1460,Kavya,Pillai,58,M,k****1@gmail.com,****3155,56cb3b3c4b19ca25c4d62c50ed9c8f03226a73efbfc05c695aba320f9b7b87b7,1968-08-14
P1461,Reyansh,Verma,0,M,r****1@yahoo.com,****4560,d34be3b4dfd02bb38d0e9c2550ad843c9b7b8a32b80b2662e145dc0f5b0fe6d7,2025-09-15
P1462,Reyansh,Kulkarni,69,F,r****i@hotmail.com,****5163,d3d172eb8c6c288ded448c93f4b7f974874acdc8bc150acb68f5b44dbf83d959,1957-09-07
P1463,Vivaan,Gupta,4,F,v****a@outlook.com,****8580,1aecae2bab3fbe053d022cffe475147fd8547fb518d64789f13d6f0078041efa,2022-05-22
P1464,Sai,Iyer,15,F,s****r@hotmail.com,****5238,36055c04ae9eec41803edaf8957f87ac4b4be29759ef9297631d72fd609c8031,2010-11-02
P1465,Vivaan,Chatterjee,23,M,v****e@yahoo.com,****2240,94c599a3bbe5215f7c412b17468434e025fa54f2ab42ca75c03f536e5ca8ae5f,2002-10-10
P1466,Aditya,Reddy,80,F,a****y@gmail.com,****4548,1ef71d9a0f865285fe08dadd9208f78a6f7e581c2c04c3d4b476e84717fee463,1946-08-03
P1467,Ishaan,Sharma,2,M,i****a@yahoo.com,****7388,584a5c849646b660a3987da21bed62fbc3ff31220a0c5d36ebd68638d40c1940,2024-08-14
P1468,Muhammad,Naidu,31,F,m****u@outlook.com,****8516,5e2e694ee4719b08d8a19afdbe2a60014f54f519ff4efe48a7f32d9e6d689cb4,1994-12-12
P1469,Aadhya,Reddy,84,F,a****1@outlook.com,****0377,34d83cbef5e5f32470b5c2421945794171bdee1009cb21235099c1fb86fed5f0,1942-08-13
P1470,Myra,Kulkarni,23,M,m****1@rediffmail.com,****7372,5658611fbb35ab1ca831eaa14028e1c0a95db3622f10dfa2220bcecfcd637686,2002-12-01
P1471,Anika,Iyer,11,F,a****1@gmail.com,****5216,7e210206e411ce44e0d40bd4b46e59ca1060388f461df57754cc8104c14d1ccd,2014-09-23
P1472,Aditya,Singh,50,M,a****h@yahoo.com,****3177,ce3a01081382a18685dd0b1de604c8c5d811b596a5fe0548bb6f4773d96392c5,1976-06-06
P1473,Vivaan,Singh,35,M,v****h@rediffmail.com,****9807,d94f1253c9cec609d8a8c4347d9ec634b2645c30d78540e26ae6933eebaa750f,1991-01-13
P1474,Shaurya,Sharma,33,F,s****1@hotmail.com,****6787,b217c05dce086181dc8186aeb324699ba3685a0a9094426ca7e34193ef69ea71,1993-02-08
P1475,Saanvi,Banerjee,33,M,s****e@yahoo.com,****4943,dcc243ec2cfc0fd995509450ae2e7a9e275e30029f95aeb7fa1415179c14f97e,1993-03-14
P1476,Vivaan,Mehta,61,M,v****a@yahoo.com,****2314,84fcfb01ceb4975523ce0f10f4b5a069dda03823329acbae21a743b77923153e,1965-06-23
P1477,Kavya,Mishra,51,F,k****a@rediffmail.com,****8642,467634d29e1a6a3ea199e8d8f2c701689021fc1c9e87b279cda71879806efad1,1975-06-20
P1478,Myra,Kulkarni,43,M,m****i@hotmail.com,****6315,26adfe4cfa1a9db16422bffe97fcb14f499625245b2ca6b6590679881460d6f1,1983-05-06
P1479,Shaurya,Pillai,12,M,s****i@hotmail.com,****8244,b2d8059995290f3e6d1217073b081e24467664c78a3f84060bd24cface8296f1,2014-08-28
P1480,Diya,Singh,66,M,d****h@outlook.com,****1350,2699f6b9e3aeb9c749492c3591c5b6c45759de3741d1416771f1cccee5cee9c2,1959-11-21
P1481,Ira,Khan,65,F,i****1@rediffmail.com,****1261,95c7558827d684c690dbe7404696fe4c2b6ffc7fe17bf12caa5d3978111e66aa,1961-01-15
P1482,Saanvi,Singh,32,M,s****h@outlook.com,****5743,5c75284d93ced48c0c2b3892d5949c74b09dd01b90e4c031b25fb8566faa2f20,1993-10-22
P1483,Arjun,Das,39,F,a****1@hotmail.com,****9237,f70cc1d2856cb3d9c66e96e4447eb95f165f1c450a700ee1a31417d9947581ac,1986-11-22
P1484,Kavya,Mishra,74,F,k****a@gmail.com,****5178,2ba4ea98ccf8a9da87c8e053a636c7c831890d275b5d78a9e3e80d04ff0a4a5d,1952-06-02
P1485,Sai,Nair,43,M,s****r@hotmail.com,****5327,56dd5195e639bdaae0a18a16aae9b4a2a6baba2b7ed355950105c53d64fedf12,1983-07-09
P1486,Vivaan,Singh,44,M,v****h@yahoo.com,****3397,997b3990d24909765c7b3383a2088967ae85f0d7701b787743015567e9ad9abf,1982-07-24
P1487,Ira,Banerjee,29,M,i****1@outlook.com,****0835,ff1e441533fe6e1592c1c334a0ceaddf86152d501a345be6d2b5034626fbbcee,1997-02-25
P1488,Aditya,Verma,12,F,a****a@rediffmail.com,****5517,1b4c8ece7830c5e61398c354f59934923d1cdf18076f298b050e8126c2758fc1,2013-11-21
P1489,Ishaan,Mehta,11,M,i****a@hotmail.com,****9994,bf7203691a2db69cc99add0f8f0531a82bc119fe7272572e9b092e5ede7a8406,2014-10-02
P1490,Ishaan,Gupta,46,M,i****a@hotmail.com,****0285,8e0381d3090d132ffe0df50da0bb0e9c972847ef44b8d51d04758db86fc9d421,1980-02-25
P1491,Shaurya,Khan,1,M,s****n@hotmail.com,****7296,d95cd20b5d527dd0f8d1766803d4bcdd6e7877ceddc88229ce75b567ecf1e7da,2024-10-26
P1492,Myra,Agarwal,35,M,m****1@outlook.com,****7332,b472abc831dd2434d34688cd76ea6672a94d9a43e54e1c9bb3e1f446c10befde,1991-02-01
P1493,Shaurya,Pillai,87,M,s****i@yahoo.com,****6279,ca1f48483e5c0c44d5b8e7e5361a17594a5997fc536697da8faef1c30cd53822,1939-01-07
P1494,Krishna,Chatterjee,81,F,k****e@gmail.com,****9140,4b9d37b10fcbaed876a4885e842dab3b470a63e05da5f3fe2946c7d27a2602d1,1945-03-16
P1495,Arjun,Nair,8,F,a****r@rediffmail.com,****6707,428c09f7e987554180c26389bd8dd7e305ef33aa9e373d822cd5c135a95903ee,2018-07-02
P1496,Shaurya,Verma,25,M,s****1@outlook.com,****4112,26adc687632e84f5ac82cdf4ce6c0078fecfd94d4fe74dfddebd9b9d8a52a1e6,2000-10-24
P1497,Ishaan,Naidu,74,M,i****u@hotmail.com,****6937,f36f3b7fcce0b2d75413853768e41d271df8cab6d884cebb2609539c9d6ba093,1952-08-20
P1498,Riya,Singh,33,M,r****1@outlook.com,****0428,6c122f96ff066d0bed62530baed0703357acb54b3662bca55538fabdf161483f,1992-11-11
P1499,Myra,Gupta,7,M,m****a@hotmail.com,****0436,83f0ddccf92a59e1b09beca97900a3b08fc21a043e9b183d89cda706ac4577bb,2019-03-07
P1500,Ananya,Sharma,68,F,a****a@yahoo.com,****4550,cbf05f7eec20e3f3cc33892456908a7676244be1c576ae30378237f6cf810212,1958-03-27
P1501,Sai,Joshi,58,M,s****i@hotmail.com,****1592,760e7487d55ff81f7f4172e593a63846dc0c7a3b5d6076c02affc734d7eef59d,1968-06-25
P1502,Vivaan,Pillai,75,F,v****i@gmail.com,****6542,ce501c105a0af1bf1c884129629185b72a450ad77a9644144c87bf8d025ba873,1951-01-17
P1503,Riya,Verma,29,F,r****a@gmail.com,****8019,78c026195a426e36449e01d3a6bcebae17d916cd869411fb746c55cfea6510d3,1997-03-04
P1504,Riya,Ghosh,35,M,r****h@yahoo.com,****7987,dc329e48c46ec282a6c530312a2ace87939de09d31713aa0b73928983e7dada0,1990-11-22
P1505,Myra,Mehta,89,F,m****a@yahoo.com,****9062,0f9dacfd5542a237c46171c41aac012f6dd02d680e940ef5a8a77f61fae7a03b,1937-03-25
P1506,Diya,Ghosh,21,F,d****h@gmail.com,****9915,7c908217f1f8e77fb78d3bf09813e9642b56ee59da92cd358b3c73da0f9c5a6f,2005-05-14
P1507,Ananya,Khan,35,F,a****1@rediffmail.com,****9532,2363092ebd3be27860b4a5d21c0fd2a4ec2800ab25a03d4427fa2da11191830e,1990-10-21
P1508,Shaurya,Reddy,10,F,s****y@rediffmail.com,****6978,46bba083ebaf5b5b103cdd198133aae7d3c8e8e4f0c777cd28a275d5f40820de,2016-04-03
P1509,Ananya,Banerjee,72,M,a****e@hotmail.com,****0124,f629b4a820a4d0962ab87a6c78c236b93e920426d3af783adccb62a1e365af94,1953-12-02
P1510,Diya,Chatterjee,23,M,d****e@outlook.com,****4887,fb9d06adb18b4ad22b9db1ab4c994cc7dd443b4dfe1b195976ccd061ad92f928,2002-12-19
P1511,Ishaan,Joshi,64,F,i****i@hotmail.com,****1636,e2679408613d5ec35feeeca4ce6429594de9be96eac0ebb425df5cf58e02e7bc,1962-06-15
P1512,Reyansh,Nair,48,M,r****2@gmail.com,****8082,2718141f27c7f07c07ca38e769964e846253ad9860256cdcc033472debf33fdc,1977-11-17
P1513,Myra,Kulkarni,36,M,m****2@rediffmail.com,****8961,0634a9616de5ebce0f8e7b50ea7ba9d5f90c29a808aa7ba98435c772c54a89f2,1990-03-23
P1514,Aditya,Kulkarni,82,M,a****i@hotmail.com,****2242,469f77e4580be8383cb20fcbf2fcad3dbd7a756f07812c32fa1760edd275858d,1944-06-19
P1515,Ishaan,Iyer,24,M,i****1@outlook.com,****8067,6a028f5250c5b49068e2751c1bfaa8ef08446a8f3a87bbed5ee9836efe8de34f,2002-07-02
P1516,Reyansh,Banerjee,22,M,r****1@outlook.com,****8831,26736da1199c600de563b16402b04609e41c25a020e4ea8a8ba72e664b7de3be,2003-10-15
P1517,Arjun,Verma,62,F,a****1@outlook.com,****1691,9912b9c54c92c3a371f84c5729a1e684d921ddd64af7fe1743c12a43e6a7d0a7,1964-07-13
P1518,Ira,Kulkarni,37,M,i****i@yahoo.com,****6201,77858cb28722df02d6705044944079afe183973008f268a08e08ac3bd7cc5860,1989-02-07
P1519,Aditya,Verma,11,M,a****a@hotmail.com,****5241,a0630c74bd795fd432b9855455809328166af11d624ac741c358a7bb777c23ed,2014-12-27
P1520,Ira,Khan,55,M,i****n@hotmail.com,****0036,d4336ab2425f4d9c961b9f7971f9d830001658fef6f30e49a41d9e9b8e17efab,1971-01-28
P1521,Krishna,Verma,13,M,k****a@hotmail.com,****1168,06f632d160d7324d2686deab672fe534fcd020257af03c6a8337948132acf9ac,2013-05-14
P1522,Reyansh,Singh,23,F,r****h@yahoo.com,****7964,0530f34fd214b75e7de72bd1574536b47ad8f32c8372c2ae4b0625b9ec210106,2003-07-27
P1523,Krishna,Verma,89,F,k****a@gmail.com,****6560,e006983e32e81a942051dd5ee4c18c122b08eb4bfd714aa4b9a2e17efa91b222,1937-08-18
P1524,Kavya,Banerjee,29,F,k****e@rediffmail.com,****5201,40142a385fffafec09f272165dd09c9c3d935796b904036fee089cd0a36571d5,1996-10-14
P1525,Kavya,Ghosh,17,F,k****1@rediffmail.com,****3973,db9d543cf190cf4dce982eb4edc55f8c9eb81112e9ddccb6d3d4e5d7e4096375,2009-01-27
P1526,Saanvi,Singh,62,M,s****h@rediffmail.com,****6599,ceabb603d2e6e5b3a4c0480b9af02c77a7797daa17c79acfb1ec0d9b9be646e0,1964-05-02
P1527,Ananya,Mehta,83,F,a****a@yahoo.com,****7973,b2f460c84d8e7d94abb987b5029680d59f16e2bde385d3393fc4da09d1ec4a1d,1942-11-09
P1528,Diya,Sharma,89,M,d****a@rediffmail.com,****3487,5790f43a78ba851dee0dce3c0698eccb47b2b250a76df00293ec841b4ad5939c,1937-01-22
P1529,Kavya,Singh,86,M,k****h@yahoo.com,****5664,f938e7dd245921f006e34dce3557fc9b00f8da4fd55ddc9fff7f5d80d8aee2d6,1940-06-13
P1530,Riya,Patel,12,M,r****l@yahoo.com,****4179,e00fa4fbea835580cf046c228861b71ab458959ba4a180233a620eaa289e7304,2013-11-10
P1531,Reyansh,Sharma,59,M,r****a@yahoo.com,****3017,15e3ad57b8b44c1a03ecf9212fe4be4a009ecfc618c0c4bfdbf94ac9fd521168,1967-09-16
P1532,Diya,Banerjee,18,M,d****e@yahoo.com,****6105,1ba06ad2e9f6928b2007a0357cc8c76334e9db83da08ce7cea252baffe7073b8,2007-09-24
P1533,Aditya,Verma,49,F,a****2@outlook.com,****4104,be0cd10a20e690b5c29e26de988d9e08a82b301430c7dfae465b1b80161d84fa,1977-05-04
P1534,Ananya,Pillai,12,F,a****i@hotmail.com,****9301,e11e1540ef90ae6283a39876eae9c4ca3221847711f08ad92b0e85b62360a27e,2014-04-11
P1535,Arjun,Pillai,61,F,a****i@gmail.com,****4663,77b5b8604c89f15ad7d6a45b18d13deeb53f415bde4f084a1bc7467769704465,1965-07-26
P1536,Riya,Nair,19,F,r****r@gmail.com,****5123,113283b845530bddf1307489a67165e7f737dd16087997f4e92bceadaacc6ad6,2007-08-25
P1537,Reyansh,Joshi,75,M,r****1@gmail.com,****6156,0b834626c969402b1bfee2ec4f8e22f268617026b3d1936ed52b266ab63e4cfd,1950-10-21
P1538,Aditya,Mehta,9,F,a****1@rediffmail.com,****6534,5c65b3134e586b9993a60be6ba2b4d4748fcd0add9ae2826d12605cb33e40c2d,2017-01-15
P1539,Anika,Nair,71,M,a****r@rediffmail.com,****1568,89d4055d9b7906a2c84d41da80515f14f3419ff51e93a6c1db7787332f203a8f,1955-02-01
P1540,Kavya,Khan,28,F,k****n@hotmail.com,****7029,f451c6bad83c1556e9b409cffd1f283f07bb19ca7237a81634eb4574650ee4a5,1998-03-26
P1541,Sai,Banerjee,77,M,s****1@gmail.com,****6167,037365d5699a82ed6ea340a503ddc84c273913d65226fe8f72744151a5bd582b,1948-10-11
P1542,Sai, Kulkarni,51,M,s****i@outlook.com,****7810,24d5dd388f717456e76bd1c517c1463506367c001c8d8ece052c0d62009fd5ce,1974-11-07
P1543,Saanvi,Naidu,83,F,s****2@gmail.com,****5271,95662bfefb5e46815d2d79b2c6c65a7372771534ab64f857264eae303ce5b3fe,1943-03-27
P1544,Vivaan,Naidu,16,M,v****u@gmail.com,****1558,3f3725f7987261aec25bd9a461d89f58a50c2580227d53758d84c0cf52e5cd43,2010-01-07
P1545,Saanvi,Reddy,69,M,s****y@yahoo.com,****8502,a6d79aa2346f685fde033206021d32213ed60e5f8696d708282356a9464482d1,1957-01-27
P1546,Aadhya,Kulkarni,11,F,a****i@yahoo.com,****0442,7aeb2b3127a3f6f2ee0cf342d7594c539e58fceb0e99538e16ad1d33ac693d39,2014-12-03
P1547,Anika,Iyer,25,M,a****2@gmail.com,****9719,6f87b84d12afca6d53a09fc2d071d5b0fdd78b77fa81d2dc5cb005681fd0792a,2001-04-28
P1548,Saanvi,Nair,51,F,s****r@hotmail.com,****3439,b4c7fa23e5468366c27ab2ed6a29a715f5e80c5d75c9af00611e3aa7ebc7de5a,1974-11-20
P1549,Vivaan,Banerjee,85,F,v****e@gmail.com,****9914,43dee17c93eb2101aea137d065e193c9c9544dae1ae62bcd8eb5e30f1907aff6,1941-08-09
P1550,Ira,Agarwal,52,F,i****l@hotmail.com,****0666,2550330b252e847806cf8156d0bcd75f8e5a2035ba701487c459183026bfb236,1973-10-06
P1551,Arjun,Agarwal,22,M,a****l@outlook.com,****0686,c33e4e4017f6e2521e5a72f6ba461a1fc51da57c796ef2de2422a2bc7d7d5c43,2003-10-11
P1552,Ananya,Patel,15,M,a****l@rediffmail.com,****9048,9d666174376072fb7e15efd72adcad12093f9e66ce00bccc34a48cea0818b119,2010-11-03
P1553,Anika,Khan,57,M,a****n@outlook.com,****6101,2c0728cab2da27ea1279cb4708e6cc3f88ccdeb9d0656b594d9b5f3754427944,1969-04-11
P1554,Diya,Mishra,39,F,d****1@yahoo.com,****0847,b9fa877fcfe98e2cb9f13da8ac62d83d3a804180bc2bea508f1301e02d21cebc,1987-07-27
P1555,Saanvi,Joshi,52,M,s****i@hotmail.com,****0427,8c452534677b37740e0cc9d8400f5def84b88adb8f55241dc46279a17b8a1249,1973-12-27
P1556,Myra,Ghosh,41,F,m****h@rediffmail.com,****2143,d5e71e2b0f8b76c4582acdb6c8fe40e188d5c21f675cb6223b55c52782bfdd46,1984-10-28
P1557,Anika,Kulkarni,58,F,a****i@yahoo.com,****2155,525be2b042aae64155ed6bd9fcef21c40def6e1d50a15adef9d3fc33e5a8677e,1968-01-19
P1558,Diya,Joshi,39,M,d****i@gmail.com,****4710,2db619250183a9a210a0e70498dd48fac003a1434b04d4cd97a13115bcbf97f4,1987-04-16
P1559,Aditya,Khan,14,F,a****n@gmail.com,****2082,e9c5bb2dbd22ab16390c06d07caa56f63d86720dc4f814820593447413df2a10,2012-04-03
P1560,Muhammad,Joshi,5,M,m****1@rediffmail.com,****5169,5509b86a3a15cc9455a9732c5d2d22d50bb10b9806862b32f611b68f03487471,2021-07-06
P1561,Aditya,Nair,34,M,a****r@gmail.com,****2047,cd1b02803d96e7511d764a12468bb7bd2c9f817de73e68d5368d0253ffbdc8f5,1991-10-10
P1562,Diya,Kulkarni,86,M,d****i@hotmail.com,****8440,34db21d330c58f5457355598c9ab2449719d01a49d841fea43043615012f6547,1939-10-16
P1563,Aarav,Pillai,74,M,a****1@rediffmail.com,****7836,1fffea378c199739635127cf60b6dfda14639cee7a3fa8f615133943f633c323,1951-10-24
P1564,Saanvi,Chatterjee,18,M,s****e@rediffmail.com,****0888,d6d2e1b0fc00e2d5fd8337ccbf0844b6ac3145254b7015b01343057c9554364a,2008-08-14
P1565,Vivaan,Naidu,76,F,v****u@hotmail.com,****3044,9d99df8c5625e98029b2728ac16bc29b364d4ba118b7708703330993a53e14d3,1950-01-03
P1566,Vivaan,Singh,9,F,v****1@rediffmail.com,****9657,f9d5c906327168b1052f257a14d1e19a38363d752ea2068605905f171619d218,2017-02-03
P1567,Sara,Mehta,73,F,s****a@hotmail.com,****2339,aa59b120b55eeb4359e81d8685939046f78581cee7dd3097bb34dd692ee4fee5,1952-09-24
P1568,Shaurya,Iyer,57,M,s****r@rediffmail.com,****6581,0cbf63706b385c2aa6b4f1597b0016fccad475ab238d44296e99ae50b4358e41,1968-11-26
P1569,Muhammad,Nair,17,M,m****r@hotmail.com,****3299,7f6c55884c861b18c997852187cf56716c9ef18e43ab0de6661c13c81e6ba13d,2009-02-01
P1570,Ananya,Reddy,7,M,a****y@rediffmail.com,****3640,f96624c8f7c5f07dc626ba97b00ff0e4d06a5356aa3abaf07a07dac6941ec7a1,2019-06-18
P1571,Diya,Joshi,46,F,d****i@yahoo.com,****8793,dd384bc42106407584b34d9790f8428e5b869db64670f0039e80f8d745dcb9bf,1980-01-13
P1572,Sara,Banerjee,12,M,s****1@yahoo.com,****6489,3f52b7d9b7938547379224691d679b969fbcfe15b9f12b710d67a33f084fbd4b,2013-12-18
P1573,Ishaan,Singh,39,F,i****h@hotmail.com,****8677,1e3d9f2e0ada9fccb05d42a533064bf377a31e416d6c9e9772ba4a2c7655cd89,1986-10-19
P1574,Shaurya,Mehta,41,F,s****1@rediffmail.com,****0142,b9054eeee60d04457ce8a862213a61caa2403cd01130adee905267d6f8274e75,1984-10-03
P1575,Ananya,Mishra,9,M,a****a@gmail.com,****1680,ef71da133f06294e2d1654e54ef1c93304d771033405620216b2317ac94c5b67,2017-05-11
P1576,Ira,Naidu,50,M,i****2@gmail.com,****4545,04fb6e725659192e7258af3c445b33b9d30688c6ce9f6253177bf19c33829f0e,1976-07-17
P1577,Shaurya,Joshi,26,F,s****1@outlook.com,****1389,e93af03a077470a0bbe936427949f5b5dcb7c1f4777e447bce23095a1fcfb8b9,1999-09-27
P1578,Shaurya,Singh,66,M,s****h@yahoo.com,****2967,b1d53bf407660d11db2848b99f42e3956c7e129b1ae30492dee5530e1cb0f7af,1960-05-19
P1579,Kavya,Nair,5,F,k****r@rediffmail.com,****8293,0fb10ac023f75c9ce956d1165eb02e897a29964cc7d50ae69a240d4127a7cfb5,2021-03-27
P1580,Krishna,Iyer,29,M,k****2@rediffmail.com,****5357,29396fd99dcf8063fd150852924d37d7cf5354193bca68475caed442e1275ca2,1997-05-15
P1581,Shaurya,Mishra,36,M,s****a@outlook.com,****5485,3b37125ffdd2594b39c75c49fb8ef293cd007fe49fd0f5e88c1220f9bba5486c,1989-12-24
P1582,Kavya,Pillai,37,F,k****i@outlook.com,****7896,8414f2561e7208b4fcce41bb83f35ec12e584db6394caa8a1dda52a0b0f38a9e,1988-10-06
P1583,Sara,Mishra,82,M,s****1@yahoo.com,****1636,01a63624bf9c3adad843a2f5b2aaad8489dd90e428caa7ef6a03f3b6fbc07e57,1943-11-23
P1584,Ananya,Iyer,8,F,a****r@gmail.com,****1699,490af01f303709fdc735bc2a863753c73fba4a4a3d86658fe3f44ddc5d26cdef,2018-07-23
P1585,Saanvi,Gupta,64,M,s****a@hotmail.com,****4907,59b74466b4707c782f7fab3c0e77c022669ba97a71338798d477fcf15a949afd,1961-12-28
P1586,Aditya,Banerjee,86,F,a****e@gmail.com,****3341,302acc9a38ba2da0c08caa1b36b590340579c5c5f6f6add76795adc351091b8c,1940-02-25
P1587,Ira,Mishra,17,F,i****a@rediffmail.com,****6783,1508b98b0a26a9ce9962eea3fbd5bd4fecae7e00623e664385a6e407d9e1c33c,2009-08-19
P1588,Sara,Singh,71,M,s****h@yahoo.com,****8599,f5ec86e6266f6450322d923b66de97d485dea4eaa7a731b75706eb88b67d4132,1955-07-04
P1589,Shaurya,Reddy,89,F,s****y@outlook.com,****2830,e462d41590b5236c7c368f2c7ab43b7a36e23eb964d444b24142f4ca3049a0bc,1937-02-07
P1590,Vivaan,Naidu,45,M,v****1@hotmail.com,****8085,3cd947785a60bf79cd10604154a73f04a85a67d79971b97c395024d62412e5fb,1981-04-12
P1591,Krishna,Mehta,4,M,k****a@rediffmail.com,****1235,2184a6a7e6e6711e78078654ca64ec1150ad068d87c1c7c81715bfafe089ae54,2022-05-23
P1592,Ananya,Reddy,36,M,a****y@yahoo.com,****3343,a7abcf7739c61ce13ad0f0b70b4f3aa270f3ed67cd2a01bab1df95a618c37a9a,1990-04-20
P1593,Myra,Iyer,69,F,m****r@rediffmail.com,****4928,834d75e6698ee5b06a4819153ec45b75dc6fe78766d07b0a3b5f1cf2320879e1,1956-10-26
P1594,Diya,Patel,31,F,d****l@hotmail.com,****0086,dbb81d9fc9dfe16b63bf87b17a90a54dc21b3ce9faddfeae8c9bdd8221d73d51,1995-04-06
P1595,Reyansh,Mishra,19,M,r****a@gmail.com,****3239,8ff522ccbae33715619869899e2cbff5d1b9d51fbe6a577c85d36c5b91a7919b,2007-02-26
P1596,Vivaan,Das,61,M,v****s@outlook.com,****5315,a6dc85d3c2d7522c6775d23972b0e1b674fb6d63e4c2525204abbe5b3eff7b9d,1965-02-04
P1597,Kavya,Agarwal,53,F,k****l@gmail.com,****3026,2d0b5379471539f3532ed6c9e066ddfd77b8f0edfe463074d354c6d0a74bdee8,1972-10-18
P1598,Aadhya,Gupta,39,M,a****a@yahoo.com,****2797,d469f9896d79e3506d4cf4318234d99ac8cf0015579e26ce39fb665b6b055af1,1987-06-05
P1599,Ira,Nair,73,M,i****r@outlook.com,****1235,7774f61a8cf2a2fd498fa1f0c6b033087943f0d3e15454dc98ddc99cfeed1ba3,1952-12-19
P1600,Sara,Agarwal,18,F,s****l@rediffmail.com,****9611,da54dd891ffdebbb471dbc9754c1d95abb7fa55ab57f4ec211bdaf5909f02906,2007-11-28
P1601,Krishna,Naidu,38,M,k****u@yahoo.com,****9223,f1b3c302d6bdc4f704affd68fed17b30b90431653a8e6cc0b33ed75bc8bf6fa5,1987-12-28
P1602,Krishna,Sharma,67,F,k****a@hotmail.com,****6093,6f8e7b9365e9ab9273053226cd5f57ae3449aaa83209bca138c3caa62c26fe56,1959-03-07
P1603,Ananya,Gupta,45,M,a****a@yahoo.com,****2655,bcbc37cbc65445f47b47395f9f3039cead525d6f833c835678b8848105b49d7d,1981-03-02
P1604,Riya,Mishra,12,F,r****a@gmail.com,****0229,2f93dca29ad27070132b01de768d6563e60d9e1b765496e199806c93a73e5d1a,2013-11-24
P1605,Anika,Kulkarni,58,M,a****1@rediffmail.com,****2100,987ad4d5916e3d0ab1149fdcb91e636edd33bca1aea9ad813852961f284e35c5,1968-04-01
P1606,Sara,Chatterjee,19,M,s****e@hotmail.com,****9769,b5531071d362cda47504d23cff1a66c8519a3c54b3bd7ac8451e968170ca7602,2006-12-28
P1607,Ira,Sharma,71,F,i****a@hotmail.com,****0327,ced80ea6a59e2c0358537ea1be4bffd3de817b335af04fa50bb8a277d3c06075,1954-11-04
P1608,Krishna,Verma,61,M,k****a@yahoo.com,****6605,d0d68181e82cf5507da32dd9b3418fedf55fefe204a0a41aff7300f3bce6ad23,1965-01-03
P1609,Vivaan,Mishra,38,F,v****1@gmail.com,****9190,99b4d39927d50d446f1335f72ebadc3cdc01d9b1ea51be831550d249aa258497,1987-10-16
P1610,Diya,Singh,0,M,d****1@outlook.com,****2368,05ade7619c2c225f0ef33c81c385539ceafe3316bfc1bf4a1702cf01cba3a81f,2025-10-18
P1611,Sai,Banerjee,3,F,s****1@yahoo.com,****1389,c880b9e6fca8b83b886e242bd11481537f3496cc0364d23d1d946101957734c0,2023-05-22
P1612,Ananya,Pillai,77,F,a****i@rediffmail.com,****2885,9a64b3fa933cdbdf3f5b419930c424ca17d53095745410ecbe538f98a0d1e28e,1949-07-13
P1613,Arjun,Singh,62,F,a****h@gmail.com,****1401,040991ba5a1a41e38c542a4c8f4ccd3f1a1d4a52b9156e6765be8ead6b831305,1964-03-28
P1614,Aarav,Reddy,63,F,a****y@yahoo.com,****0679,c6f259a32d759e1e77ba7b53f513d30ec328e7a9bee3c7707cce94c0634c6b73,1963-09-12
P1615,Kavya, Patel,25,M,k****l@hotmail.com,****3965,ae4f9f73a5adb11c14b9077d52a720f190ec0ed35dcf9e19571e0add55707c8d,2001-07-16
P1616,Anika,Kulkarni,56,M,a****2@rediffmail.com,****9715,db6bfdf57b341ab49b3e57569cdc7c62d5a14d9e4730db3bf904164c1d607684,1970-06-28
P1617,Reyansh,Ghosh,32,F,r****h@gmail.com,****8704,31c35dc6ca07d6f81ecf49e41d57a90405a17826471782ffb5ffa7b9386fedad,1993-12-05
P1618,Ishaan,Sharma,37,F,i****a@rediffmail.com,****9375,dbb741d33c0e0704b9fa5988b14311dd0edbeb68f26b1c3e31f7e7ae33424103,1988-11-20
P1619,Ananya,Banerjee,6,F,a****1@gmail.com,****0216,904746a6ff89fbe352a7d82b5b9ce693879e32eef83e968751e5c99b19a74e14,2020-03-12
P1620,Saanvi,Kulkarni,58,M,s****i@gmail.com,****8534,3ae2e92e9ec9e42bf3c8602b4f829761e7296ca17d4887e2dca3023211d6280a,1968-04-10
P1621,Aarav,Singh,44,M,a****h@hotmail.com,****3646,5b6a3901927e1af12f0f875f00025971352a2f9eb5a2831ee559328d09d27250,1982-06-24
P1622,Riya,Khan,45,M,r****1@yahoo.com,****6189,4c2afab2668201801d18940f6b7d5618302b1773479e0abbf0e73b518d1c0c17,1981-01-05
P1623,Diya,Mehta,32,M,d****a@outlook.com,****8862,742e32249c6377216c6bedabc74517d38c349b21db11919f52f7a183e7571134,1994-03-12
P1624,Riya,Naidu,45,F,r****u@rediffmail.com,****7515,b40842ed2b0ab6bdcac1ee706635d2057d5fb78b958e5b6631dc6001d4aafe07,1981-08-22
P1625,Riya,Patel,61,F,r****1@outlook.com,****7658,e7c878671246f91b101bb6b6a2635ab85b15efceef62ddf97bca53704b936d57,1965-03-05
P1626,Arjun,Kulkarni,47,F,a****1@outlook.com,****3312,fc578ede12a9957785706674045dc6044f11f1e67dc1e8d0e74cb58e61074a7c,1979-07-08
P1627,Aditya,Iyer,20,M,a****r@hotmail.com,****4695,7b3e2f27348867c295774a387bd52fd03adf330da67e030292135e711a58b83c,2005-10-06
P1628,Sara,Verma,80,M,s****a@yahoo.com,****9407,af346ffedadf63d96a2a41410f476b4e731acae535a39a7fb306234e6b43cf9a,1946-01-13
P1629,Kavya,Banerjee,85,M,k****1@rediffmail.com,****9855,6a9bf6d02ba50430ebff6299e17fcbc665707464fc8703140afe2ce2d3d4ea7b,1941-06-09
P1630,Aadhya,Chatterjee,75,F,a****1@outlook.com,****0555,4c3026c582d1fc7bab714d694761e490c775dcca6e31e7ea2e65a2f02f0e0891,1951-02-14
P1631,Muhammad,Das,36,F,m****s@outlook.com,****8840,ee3444fd92d8faa09aa8aeb6cd7adcff1a213f776cd4cabddc8534003f044235,1990-04-23
P1632,Ananya,Kulkarni,18,M,a****i@rediffmail.com,****1357,48bec4d83eb6a851a8a1dbbcdd4c752cd9f1213208ed62ea31078b2be4054720,2007-09-23
P1633,Sara,Verma,19,F,s****a@outlook.com,****2419,13dcc8e012d0122f1f262099fc59066d446327a5be57697b395bf69d82f71020,2006-12-05
P1634,Riya,Naidu,57,M,r****u@outlook.com,****5535,d4124cc31c3e4248f02f398b49c2a2bad54ecfa74608906a6b162da5ad55b169,1969-07-13
P1635,Aarav,Khan,18,M,a****n@hotmail.com,****3597,1360e77f47ccec338528f6d0935b50fc272661be90ca0b6efe636f773af3e74a,2008-05-28
P1636,Reyansh,Ghosh,47,F,r****h@yahoo.com,****2698,42368250bbe86203220c1986005f11cf1f3403334d044ac8ad27e5f01e9e540d,1979-03-09
P1637,Aditya,Nair,49,M,a****1@gmail.com,****0042,8222b66b9be5d0b67b3d55e9122ec6236d2a5aed899269a90f5becf69b268e34,1977-07-20
P1638,Krishna,Banerjee,13,F,k****e@outlook.com,****6139,4f44a15b4287ac9da1ddf936ebb13072fc484e23782407f5827ab2e99c0809e9,2012-11-21
P1639,Diya,Mishra,15,M,d****1@hotmail.com,****2820,022599ba96ec0ae4f29dbe98a83cf1cb96289047e9570c4cb48774c89b218e18,2011-03-16
P1640,Krishna,Banerjee,31,F,k****e@gmail.com,****8680,8f2c53770ce35681c59654c6322379473617c8659b4a43840384a7d498e4aa43,1995-07-22
P1641,Myra,Gupta,1,F,m****1@hotmail.com,****5794,4bb6235ca28f8675e853b5869a4b5be6eac925ae5fc9d48216f493b82140ea88,2025-07-13
P1642,Shaurya,Banerjee,53,F,s****e@gmail.com,****4459,628877ec9d1451b0d9566a67fb154b2258a50b49c8fe4fc642ae66525d751853,1972-12-27
P1643,Muhammad,Das,2,M,m****1@outlook.com,****1211,4a9a066122182c3f14f2861f8a1e14f665055e7bb88e3a627b4919c28e5b33f1,2023-12-09
P1644,Diya,Iyer,16,M,d****1@hotmail.com,****1813,ef4ce33bcf1c8cd5a5e948d53677b2703ce3d3b3e2b0670c13b9b74e13ce54e7,2010-07-13
P1645,Aditya,Singh,86,F,a****1@yahoo.com,****2376,d9d1e3bc69659949a2b646c3d9a3c27c8fdac7c1f14c0cc48683ccbe8aae0ee6,1939-10-11
P1646,Ananya,Gupta,56,F,a****a@gmail.com,****7929,f870a046aec845151d1f36abf4c65aa615cd95fa7d20586744597e7f2c98f087,1969-10-27
P1647,Anika,Nair,74,M,a****r@outlook.com,****6005,47da74814661a94c2741762c39ce7a13a48c2537275397c2d832dad2cea9d30e,1951-12-26
P1648,Arjun,Agarwal,12,M,a****l@rediffmail.com,****8953,2821f62bdf4a84a3b9afbff6fc8bef72b54f049d23d536b139336190d2fadb54,2014-07-16
P1649,Aditya,Joshi,74,M,a****i@rediffmail.com,****3965,43fb8133db273eb5c208c604e5235b73a6632bd11f5288278d30e83c6fdc8e99,1952-02-19
P1650,Aadhya,Mehta,16,F,a****1@rediffmail.com,****0701,da3981b12c75f9f595d9ec275d6295a129eb5a4553fb9ecf70b36479611ea9f8,2010-06-12
P1651,Krishna,Singh,71,M,k****h@yahoo.com,****8271,52be640e5b26c49ae645be7259c419e7412eef85da8fec39f07a6dd41ffe00a0,1954-12-14
P1652,Aarav,Chatterjee,76,M,a****e@outlook.com,****4412,234969d381378c8259ff79da721560103affbedb0a4bc62a79e74e3671133378,1950-02-01
P1653,Shaurya,Reddy,24,F,s****y@hotmail.com,****7642,781fe8a79851db09559e6df09b519fdc146003d81df535f9c037b4d7ccac46b4,2002-03-02
P1654,Ishaan,Nair,28,M,i****r@gmail.com,****9345,4aaee51413946d98aa14cd2fd38412a47ab4ab55ba74df3af255ef12dde85e86,1998-03-09
P1655,Aditya,Singh,8,M,a****h@gmail.com,****0915,87f3f4ee2477034e8305d0e99d70eb08b64c4c3ef92fd748d5094b8f36d3b88b,2018-06-21
P1656,Aarav,Chatterjee,36,M,a****e@rediffmail.com,****8815,e41c2c72b3cde9d3af887f5ac594321802f9d9bd6fc15620242641c2bc7ead90,1990-04-10
P1657,Sai,Kulkarni,7,F,s****i@yahoo.com,****5921,411b39f852f646cb8a8ae2e1c8eaa155d65cb0a8a8bd0031116f733588e78445,2018-10-02
P1658,Saanvi,Joshi,57,F,s****1@hotmail.com,****9185,a242fc41d2c8ba84026323d47c5fc34905d8067a615328c29ddc60af78217517,1968-12-12
P1659,Riya,Mishra,60,F,r****a@yahoo.com,****0197,cb2c95e00a4fc0fca2569e92d74f28fa53c6d7759bc2bd66734b932c99eabab6,1966-03-05
P1660,Anika,Das,50,F,a****1@rediffmail.com,****1616,d0d34b2fa0bfea52dfeacb0ae6cf517687714c6ca1d0e328f8c4e275fb3439f6,1976-06-10
P1661,Krishna,Nair,28,F,k****r@outlook.com,****3526,c10df894d98b17afe21cce9f8f6aa34358d24340c04c646973349471390a06bf,1998-05-18
P1662,Ira,Verma,41,F,i****a@gmail.com,****4129,e0b1dad3a3756a90215143cc6692346836b79164f5142770d57d3e0fb7a91b7e,1985-03-23
P1663,Saanvi,Das,63,F,s****1@rediffmail.com,****0077,49f2019004b0f4f4482a3c11be669785dd00c967e6605db0818c399383b0b734,1962-11-05
P1664,Myra,Naidu,26,M,m****u@rediffmail.com,****0404,c23a1d726904368730de29d57bd75e1ac6928494ae6d0aff995c18234904fed8,1999-12-27
P1665,Vivaan,Singh,63,M,v****h@hotmail.com,****9933,94528a6618471228915cb692447886f3051e536d9096b8ad5ccc7957136580cf,1963-08-15
P1666,Diya,Das,17,F,d****s@hotmail.com,****5692,64eeb86bd8ed73ee8a0da34e07533ed6bf7c58203158ea9bce045836c7be80f8,2009-08-07
P1667,Shaurya,Agarwal,73,M,s****2@rediffmail.com,****2947,a7cc53a93df803d6f265ca8cfb45a009fa1ace8761285544155896819f6fd051,1953-01-26
P1668,Ishaan,Banerjee,33,M,i****1@outlook.com,****9729,ad8d7e038279728b9b9af252f15c5a45e9a1b15d0ddfaddb69d8c91445a7be66,1993-07-03
P1669,Myra,Mehta,84,F,m****a@outlook.com,****2916,a39899a206a66810f3a18604a52eb09e300883fcae9f650775be4ecc0629aa50,1942-07-16
P1670,Aarav,Banerjee,77,M,a****e@rediffmail.com,****5282,d7e687a8b5408bc2eca523c410a6509d9aff611deaea0f60fc53d3e9d714d990,1949-06-22
P1671,Aadhya,Verma,28,M,a****1@outlook.com,****4880,fd7002f24d5ef37ec74ada8bd61efa4c8917c0f60bc47030b65a009d6fd3392c,1997-11-19
P1672,Diya,Joshi,13,M,d****1@gmail.com,****4410,c00f75d4cdff6ebcbc9e045b478deff0de5a0dff2c3220bc0605e6e23e9adcc9,2013-06-27
P1673,Muhammad,Das,46,M,m****2@outlook.com,****0400,55248fe7ea3d1aa72778a4d7661abad1cf363efa8440282bf15ea7cd01691425,1980-06-04
P1674,Myra,Agarwal,35,M,m****l@yahoo.com,****3407,81712abec2432ffc84c3d7cda51a26c521dbb0f2c1919287cc04df65ad7ec9c5,1991-02-03
P1675,Myra,Das,5,F,m****s@gmail.com,****9095,fd2aee20063dba21c4692e2c7b7890647014eb899254078ea0df8fe511916fbd,2020-11-10
P1676,Reyansh,Reddy,82,F,r****y@rediffmail.com,****4901,7654ca801744b8774e967b076227bd97b7e9f51c03a682fbfd820a62e91d95c9,1944-06-26
P1677,Diya,Naidu,68,F,d****u@yahoo.com,****3124,6c14df191a297f499d9ca5dd179052c1ee32fb0ac961a0bd4f788cb9223f32db,1957-12-20
P1678,Arjun,Joshi,46,M,a****i@outlook.com,****7147,05ada28d6858864aed029b176ebaf0fe8ff1f1a761df2183c6b8838cf0270bf8,1979-11-13
P1679,Sai,Pillai,25,F,s****1@yahoo.com,****4059,521eeb549a52c799716650c17817959db86f3de98e9f3bba8b755dc36da480ac,2001-03-11
P1680,Ira,Iyer,65,M,i****1@yahoo.com,****2973,5d466ef2d0401dacb198ce28f6eba0a2a3407c613b5ab901c48e01630ea4c69b,1960-12-24
P1681,Anika,Agarwal,10,M,a****l@yahoo.com,****9622,e01c90f9418b5cef40f9a5a70a04e168ebc5c273c8c8d676298f077ce78cb83b,2016-02-05
P1682,Krishna,Nair,56,M,k****1@gmail.com,****1815,465062afb7680aeff3f2aca882001b26b2f58358b0cf8809577cac21a647a356,1970-04-13
P1683,Arjun,Das,30,M,a****s@gmail.com,****8766,39556b9ac399ac51f2b3b0459faa4f93ab5fc938ff4446752796ad331d22321d,1996-05-01
P1684,Kavya,Banerjee,4,F,k****e@yahoo.com,****0205,641b24315ebe2f472fa49e7ecfcfc6d48faa46319bbfe1b6568e768f9c72f822,2021-10-01
P1685,Myra,Ghosh,33,F,m****2@hotmail.com,****2815,59abdd20574ffff87b07370d5b7345b64e0c3224b2198adbf9ae2423c873d8dc,1993-05-09
P1686,Ishaan,Khan,64,M,i****n@rediffmail.com,****1865,176c93a7de3c469a58ba1ee4ae7b0af27cb4179403eafc7f42ed1d741f123678,1961-11-28
P1687,Aadhya,Pillai,17,F,a****1@outlook.com,****2235,6c7aaa108d171636b8c55b38229c3d058c0f726af8f273d39fe9309b7427d431,2008-10-04
P1688,Saanvi,Gupta,49,M,s****1@hotmail.com,****1296,24457f271d580072872da9416d809205d880ac637cdc3556b27d1d057c5f27b9,1977-05-20
P1689,Ira,Patel,11,F,i****l@hotmail.com,****8529,cf52aad4d49f10891fa07b9a3ff29a37fa69a31182bb1bf2926a5cfaddc35f6b,2015-03-25
P1690,Krishna,Kulkarni,84,F,k****i@outlook.com,****3356,5294e749960db3ef42624b9439c03455bd3afe6623c8d74e28a9a22a3e4cbcbd,1941-10-07
P1691,Vivaan,Agarwal,26,M,v****1@hotmail.com,****9713,854c911dd0cd9b0ed665e402d5c1c40e6600135c1181c724fd1ae0be387fbefc,2000-08-16
P1692,Sara,Verma,63,F,s****1@gmail.com,****0048,48d78a19f743780bb41bcd0b9b2b0d3d791eda80b047ab056aa5eca4122043e2,1963-01-21
P1693,Ira,Gupta,89,M,i****a@hotmail.com,****3751,02632cb7aabce883af915d8e806e3b9925358124a932f8e3615fb8f8bc330cc8,1937-07-24
P1694,Saanvi,Patel,85,F,s****l@outlook.com,****9806,e305368568fb3fc280914ad2f44280111d1b5073b1ef8da2117bdfdb316983f2,1940-11-04
P1695,Kavya, iyer,59,M,k****r@outlook.com,****7949,4a54605b1b34ba6e00234d5f21e5371471b72b87a855f3b033b9ff74d3ffab13,1967-09-01
P1696,Riya,Sharma,27,M,r****a@gmail.com,****0849,5321393a3b8533947d8356b02fa046b70b23e010387c8f27b6b099e6410bd0bc,1999-06-25
P1697,Aditya,Nair,49,F,a****r@rediffmail.com,****8826,08be6d29c51a7f7330291fb015cf649b467f895babfb3a3c60b7aee1302c4a04,1977-01-22
P1698,Ira,Naidu,76,F,i****1@yahoo.com,****9972,459e0fa36501b54c7fd5afbf8a4e6a8693f90598b118e014bb1760b3177e3348,1949-11-05
P1699,Vivaan,Agarwal,33,M,v****2@hotmail.com,****1408,7d05c47315f3a32c20c7a076ce434201a2da8681b9241f29a353bd0540983193,1993-03-22
P1700,Kavya,Pillai,1,F,k****1@outlook.com,****1146,b516ccf801ef093d6e28e2b95683cf9dffd278cd4951e4234a32d37996639a97,2025-06-09
P1701,Aditya,Gupta,21,F,a****a@gmail.com,****2915,ec621e5e43439347aed1a8204058382d132cefc25def73d046243de0173e8901,2005-02-02
P1702,Aadhya,Mehta,54,M,a****2@rediffmail.com,****2501,bee36effe39b6d266b49f11b5e401943bedfbfede5bd1126b8a1043e4580f100,1971-11-02
P1703,Aditya,Joshi,5,M,a****i@yahoo.com,****1983,9ceb6ba7ad2b4ff2bf032f810a5b0c8670b99912f488befbf7d4dfb2b35def84,2020-12-23
P1704,Shaurya,Singh,81,F,s****h@rediffmail.com,****7514,83fe0652594ae4b79729aaf1a884eb7fdfcf0832d5d90e2684b2ffc6dd9bf595,1945-02-06
P1705,Saanvi,Sharma,69,M,s****a@hotmail.com,****2650,0d2609660ae5284712c514814e8629778e1be71d4af7c3013c46b9faf7d3d58c,1957-07-11
P1706,Arjun,Patel,5,M,a****l@gmail.com,****7655,d0967bd3ce5de9d78850a30eae1fefe11333dd8a26abdfe429dab01caff82087,2021-01-27
P1707,Saanvi,Das,2,M,s****s@gmail.com,****9935,9a9492fdb91270b669bdb5f3afe30f45b4004dee0849115974d57ac6d43f5742,2023-09-09
P1708,Anika,Ghosh,53,F,a****h@rediffmail.com,****2693,2febb13429e597223bbfc8338ba4b3db82fcca3206e46231cc6ada5512440f20,1973-03-14
P1709,Sai,Patel,22,F,s****l@yahoo.com,****4575,e63aa93d3ff05707d93963570cb530b705ee1bde00546d77695ebebb546d1e21,2003-11-22
P1710,Vivaan,Verma,52,M,v****1@hotmail.com,****1958,438c35b137b8bd2b246b5637bd69690004d7dd6dfea58a723d8c628e57e92391,1973-09-23
P1711,Ira, Joshi,36,F,i****i@outlook.com,****3722,c370b53ae23d5ea99c2d8f022e187c94f4da121707dfa0c8c3bfecaf06df70e7,1989-10-18
P1712,Krishna,Joshi,73,M,k****i@rediffmail.com,****1598,86a9bb212c1d2f900b4e95b3150fc0ea99304136fa89ec71a51583c5b36a868d,1952-12-07
P1713,Kavya,Verma,74,F,k****a@rediffmail.com,****6300,164b77d90473c5d7a8b41096297deeeb47457ec6d7c8111403e7e5b6ee7f2c7b,1952-05-06
P1714,Ira,Joshi,83,M,i****i@hotmail.com,****8247,118a13070e74b8f0db6f9e71260f9bf1c5ca7ec6f7cca6307c5bc1a983dc64af,1943-05-19
P1715,Vivaan,Mishra,17,M,v****a@rediffmail.com,****0359,bc5a09ebf43fdf4fd365946c1131c814c0c3801ca33ba9a1a7b866d81772d3d4,2009-07-14
P1716,Shaurya,Mehta,85,F,s****2@rediffmail.com,****4081,ead5331e80007495709fd567174a4ea3840fa52db6e430b49d815c01995cdbd7,1941-09-19
P1717,Arjun,Pillai,78,M,a****i@outlook.com,****4961,8551d123d523f059d364a00fb2f73358752bfa9e084f4943f9f71506b9d9fff0,1948-06-20
P1718,Aditya,Joshi,73,F,a****i@gmail.com,****0225,67eaabf7d88835f2250113ccf8c133a18c5b565fff4a001869de65cd253ffaaf,1953-03-08
P1719,Shaurya,Ghosh,1,F,s****h@yahoo.com,****6985,8cdfda521665061e62ca41d2ed92c62cb56bf4020200f9abac4a947b67daa9b0,2025-02-08
P1720,Anika,Agarwal,51,M,a****1@yahoo.com,****7033,6b556bb556dcb69efbcdf88e015bf9306359c1b150eba7415da9521a4935c4db,1975-05-27
P1721,Kavya,Kulkarni,45,M,k****i@hotmail.com,****3185,9e3afc669bf1bda40c5e38cdbfc8c814174df4e4bd652799c9b15beed5be07cd,1981-08-16
P1722,Shaurya,Naidu,77,F,s****1@outlook.com,****0816,ef2c1b8eaf25b43cd587d3d0e91ee6ea768274a07e440de3b42e8cc98db7156d,1949-01-10
P1723,Kavya,Iyer,4,M,k****r@rediffmail.com,****4893,527d08733f35f2f6524ad8ef61ccbe8d02c9521921a02f5ade8a8cdf9b342be5,2022-05-01
P1724,Myra,Patel,62,M,m****l@yahoo.com,****6364,b74daf382537f525dfbaafea84bc95eab6e82b5c6096f5dcd8b2e1267291c3b4,1964-08-23
P1725,Aadhya,Singh,65,M,a****h@yahoo.com,****5386,4a36c07e00acece14208f37df3ba63a08538e6f8b3692ba571f3fb82661e632d,1961-03-23
P1726,Muhammad,Reddy,32,M,m****y@outlook.com,****4817,17c4d285664995fde069f4126afd57ab5d67bcbc7174f171889a171c38f92287,1994-04-25
P1727,Aadhya,das,33,M,a****s@yahoo.com,****8884,5d67e75fb95ba879f3a7edf747b589159e350c8837d1a5e4c3a66562488dd7e9,1992-11-27
P1728,Ira, patel,71,F,i****1@yahoo.com,****1617,04539e7bc75486089b2b104b88776877b9c1c6ba9131ae1a93fd6150d1b13652,1954-10-18
P1729,Aarav,Naidu,39,F,a****1@rediffmail.com,****3527,e782ddd56e7c6f74bdd2a6982c35c9ff97eda085f054e61ac95180425f66259b,1987-06-01
P1730,Myra,Patel,26,M,m****1@yahoo.com,****7681,30a4c5cc33306752a99016347717fb1f3d161195ea4e9e14a13081187cab211b,2000-09-10
P1731,Krishna,Mishra,34,M,k****a@rediffmail.com,****0347,6c1f7d957a183035da545d8000fb6ce7dedd15cb0f182996cf59cac5cf4c64fb,1992-03-07
P1732,Ira,Reddy,54,M,i****y@hotmail.com,****2746,d0cd599e8929a4ae3f3c01b78ac71684cce7e6b74d117f6768150decddd4b23a,1972-02-18
P1733,Anika,Nair,3,F,a****1@rediffmail.com,****6188,33aa139803222294236119fbc1e6d49266e031b9ad00cacea6707d9f47cf5bd8,2023-01-01
P1734,Aadhya,Naidu,50,M,a****2@yahoo.com,****8806,4d0ac7cc27d7acc683b0f5461905be9156cd6b4e77d0f6b3dbfb9cd4902f03e6,1976-08-04
P1735,Aarav,Kulkarni,11,F,a****i@hotmail.com,****0669,6f3baab5bb7ec27243f8ca111063100759e8221cf3d9c44a105df5f543b90c15,2014-10-02
P1736,Aarav,Naidu,65,F,a****u@gmail.com,****6113,89e23bf1dfe4aef39516f02217e0446058fa52eb29e04d78e00c6e710e8bb2fb,1961-05-05
P1737,Ishaan,Chatterjee,54,F,i****e@hotmail.com,****1677,125bde05258e455bc1adbbeacf05071ec83bc43768b953a1762dba8ab6e0722e,1972-09-10
P1738,Ananya,Pillai,4,M,a****1@yahoo.com,****2191,6807be21fed37c1ff50792b168653bd1c365db24da9ef5bc07898d9f2f51a9f1,2021-09-08
P1739,Sai,Pillai,56,F,s****1@outlook.com,****9713,80cfd476d89d13157826a66b201740dc2d14c529c69fcadbf0d3e314031f2e98,1969-10-13
P1740,Sara,Chatterjee,17,M,s****e@outlook.com,****3910,615215556793178d3bb646527a29e255d818a4214548a77fad6519a1499bba4b,2009-03-22
P1741,Anika,Ghosh,46,F,a****1@rediffmail.com,****1742,20ea4ef8265597a13e28f23d934c1c83b47d8075a9b6afee5b5f7780884bcc95,1979-12-27
P1742,Aditya,Mehta,23,M,a****a@hotmail.com,****7447,90312d565c87e475f51f7fca2e4e4fab2dacc5ddda9b804b2eb3d8220f50e917,2003-03-13
P1743,Saanvi,Mishra,79,F,s****a@rediffmail.com,****7244,ed9f7c3750e5a10c8c61c87f8b19d01a82865245466a448b62adcf3b2ed87757,1947-05-12
P1744,Saanvi,Pillai,85,M,s****i@outlook.com,****3824,c3677613defd6e143d1c660e71f0526abbb9d6c1a158a831db1af7eb3bd38c9a,1941-01-15
P1745,Muhammad,Kulkarni,14,F,m****i@gmail.com,****9319,2c92d633bd6cc5f7e9ce5c9517db8535fd0d28fc8ed885c71d76bde807a1da76,2012-03-09
P1746,Aarav,Mishra,65,M,a****a@outlook.com,****5891,17d8c5d17bc37567989ff47433eb37655dcfd521d9f934adadfcd0371a42a425,1960-10-11
P1747,Kavya,Joshi,75,M,k****i@gmail.com,****7317,7567da9bbc1cfae161a1dea260bd78c11ad604ef1a6c40c77a8ab22a257dee3b,1951-08-04
P1748,Sara,Singh,51,M,s****1@hotmail.com,****3959,7ec0ba61e7592167666b0d33b10102b47368eab376ececa93472af87ea0793ad,1975-06-11
P1749,Sara,Agarwal,38,M,s****1@rediffmail.com,****4202,05ffb742a61c4843b78812618f04ae362d816da747b13992d2e01f98a447c4f6,1988-04-26
P1750,Ananya,Verma,63,F,a****a@outlook.com,****3535,2e31f04ff6e00e0246e12b227871a1ad1bb316d2d058fad27b600f6f60f55a89,1962-12-14
P1751,Sai,Reddy,38,F,s****y@hotmail.com,****4119,303c10690eed10df942b5db045c8327ede0f6eb5b4e2294e9335b4c2d654e3f0,1988-06-08
P1752,Ira,Singh,49,M,i****h@outlook.com,****4256,f4288e7e855eeefdb9855c5dc1ffa3cc76689ad2acf4c56601e99fb2c6c15b2a,1976-11-16
P1753,Diya,Reddy,82,F,d****y@hotmail.com,****5743,cde1b6cb9be265ebbf43b012a27aa7717d9a34a50830c08369f65e5045341571,1944-06-11
P1754,Arjun,Gupta,30,M,a****a@gmail.com,****6530,dcdb94498544ce31d45bd1610e135f27815d7c6db1d44b6606a2d0da5039c4a3,1996-05-25
P1755,Reyansh,Verma,79,M,r****a@hotmail.com,****3403,8290da15b41e936dcb68d8810da2a148319a4ad72886ae9c4f231a66cb92ed64,1947-06-05
P1756,Ira,Nair,51,F,i****1@rediffmail.com,****6473,4e19b5df1206894eed02c257efdca62c8a581949352d25bb03f8b4e45b3d0576,1975-07-21
P1757,Anika,Ghosh,63,M,a****2@rediffmail.com,****3993,ce1772f5b6bb86a5d59b24b5178c6c1aabb925c066a066ccd28d8705ba93b940,1963-07-11
P1758,Shaurya,Agarwal,51,M,s****3@rediffmail.com,****7238,6d66facbf38290e6b9b02be0c8c80395e50f9709632dbe5d80e55849480bd71a,1974-09-28
P1759,Vivaan,Pillai,38,F,v****i@rediffmail.com,****3943,2d5ec1c1c57ebe4f769124f089686b69e5337a5c56579ba942654b5aa5090961,1988-02-12
P1760,Sai,Agarwal,88,M,s****l@outlook.com,****3255,4996c1d46d0362843b93db68b44ce05796bcb3c905f42fed27ec2e8cca8b1fb5,1938-03-04
P1761,Myra,Joshi,79,M,m****1@yahoo.com,****6972,4c314669e588c52c6a07563d435bc0ea04e5470b875257eff12a1384a190a57c,1947-07-24
P1762,Sara,Nair,30,M,s****r@rediffmail.com,****0057,98512320957d707f7508f81ea4d35bf737d4e55b9537017ecc078de444080313,1996-06-26
P1763,Sara,Patel,51,M,s****l@gmail.com,****8560,e9fcbcebd823978c1239219c264c840f5a256c0a59ccc23121a65fb31c8ed39a,1975-02-23
P1764,Myra,Gupta,81,F,m****2@hotmail.com,****9023,bf7a9aa53ae2e57dc1caca22559e0eb03a00eb4847ea5c62cddc3073aaa7164f,1945-08-27
P1765,Saanvi,Gupta,4,F,s****a@yahoo.com,****9088,1a9c73cf4d86395c9472a2246f3225766c8967ac723c1cb3cbd57e9764b1aafc,2021-12-06
P1766,Ira,Banerjee,28,F,i****e@gmail.com,****4681,c888bc197f0a9ccd47bb1231267ee59c0a44615958d3e4049f15f145d935eb17,1997-11-16
P1767,Sai,Singh,3,M,s****h@rediffmail.com,****8074,2843e4eb6fd2399cc85ed601c18886041b93335ee29dd0b8d2ab27250a10c267,2022-11-14
P1768,Krishna,Ghosh,10,M,k****h@gmail.com,****6405,2af7707a78f760a85690352b8919c0e18772cc7efd9233a51a7a67e795ca7ec8,2016-05-17
P1769,Aditya,Ghosh,56,F,a****h@yahoo.com,****7000,98980555efb27dcf6f6ed31a33482e07adc2bf7f7b8dce501c2a556e410ec40f,1970-08-24
P1770,Myra,Mehta,17,M,m****1@yahoo.com,****5620,1e2df802d64c5bf009023f8db6edd1582e1c0aa7dc0463fc20dac843cb272c78,2009-06-05
P1771,Kavya,Reddy,74,M,k****y@hotmail.com,****7184,0072e1cd4978af66b242fb7921587d7ee58d0c667a1bfb8016b7a62c1a110305,1952-04-06
P1772,Sai,Chatterjee,17,M,s****1@hotmail.com,****3896,574da37515534d7c926d165505fd177cfece041843ca7f945f1c323f42d193db,2009-09-04
P1773,Saanvi,Singh,83,M,s****1@hotmail.com,****8571,04dffdc55c69d3a8c05028a30d33a79b737e3ac97017851f0cc6239cb4bee322,1942-11-13
P1774,Aditya,Ghosh,88,F,a****1@yahoo.com,****8542,377711e7a7c0acab43b44da4f5191e4d1565b4333b748e300e8d1312a5db4186,1938-04-27
P1775,Kavya,Das,69,F,k****s@hotmail.com,****2258,4863140f562e34af0a577c7717ea4cf597bfc05efa2f26901b75f1adda0fe4a4,1957-07-10
P1776,Ananya,Banerjee,34,F,a****e@rediffmail.com,****2289,542de9c3ed10213e3baf705c9a734eeefdba84444e337a8f805e0e3fb54e92c2,1992-06-25
P1777,Arjun,Sharma,6,M,a****a@hotmail.com,****1597,4aa09cff60077fbc51892cb6f99a87cbed90070a0695bab10232cd9462639b68,2020-03-26
P1778,Krishna,Verma,53,F,k****1@gmail.com,****6140,c9f9ad1fa70fd0ea6eead332e4435555f0a7fb16ded8d00ff40c47fde5fcaa58,1973-04-02
P1779,Muhammad,Naidu,66,F,m****u@rediffmail.com,****9789,ed6d184bc85181055f01454eb27880941197d765799215556d224c8e0c699874,1960-08-18
P1780,Reyansh,Naidu,77,M,r****1@rediffmail.com,****8933,beb82f5eb71a1029df41bb20e77983152ed8cdcb90786e1ff15cc69b41646df2,1949-01-06
P1781,Arjun,Singh,43,M,a****1@hotmail.com,****2642,ac79f4bd89c4dd3235d992e06a1682bcf5667e4640f5a9db5a8814b1407f5dbc,1983-07-01
P1782,Sara,Nair,75,F,s****1@outlook.com,****4290,75ad28d6a18e2e2247b7fb98166f3f8796b26d88df20066a2374826b9533fda6,1951-08-03
P1783,Anika,Kulkarni,23,F,a****i@gmail.com,****1918,dc9b632af343af7c2e05a64b1a5314d858817186f7c8f90de090b9699b03a159,2003-02-12
P1784,Ira,Kulkarni,54,F,i****i@hotmail.com,****5234,ccc09ef6bed12065d0bed35abfbde3c0abc4bf76c993c3f8dcb41ced4a7d27f3,1971-09-21
P1785,Aadhya,Kulkarni,80,F,a****1@yahoo.com,****1420,cc6744f39004d4ae79c1de7831ce75a72de27acd7ad8dadb42b4ddd28911c806,1946-06-19
P1786,Krishna,Verma,75,M,k****1@hotmail.com,****1325,16e20e4de286dcfcb97f339ec171c3b2925b14f0bc3118b6d19e52f034d025b6,1951-08-28
P1787,Reyansh,Mehta,16,F,r****a@gmail.com,****3612,65ded7bfc5c516804769e08a033fac81d8e7720e81c5a87c71a28fe184d40260,2010-07-13
P1788,Reyansh,Mishra,8,F,r****a@rediffmail.com,****9366,0da0cb2fc8b3fc4eba256f51e3ae1169beeaec5a8e6e6a504183a4b53d106be8,2018-08-16
P1789,Anika,Ghosh,4,M,a****1@outlook.com,****6021,af90f07a398c4129bfb181e5612e198d1540f4c2cc400341a3336c5026924046,2022-07-12
P1790,Sai,Banerjee,4,F,s****2@yahoo.com,****7395,1476521c88a07985c5e19661fdb1356f6c8991e06a725e32a91f47a44d05b1ba,2022-01-20
P1791,Ananya,Joshi,56,M,a****1@outlook.com,****5166,2c5e9a3b8b46d547bae1feb99d7b1ea1aedb8381c448d2524012e92595a5241c,1970-08-06
P1792,Ishaan,Chatterjee,25,M,i****1@rediffmail.com,****0063,12b74c46ee8610f81f413e2f51c0895fdd72c7836c81ed1318db57b0bff15bc5,2001-06-04
P1793,Anika,Joshi,67,M,a****i@hotmail.com,****1740,da8e4cb5b871da6d14cf3cc833a5a334778fbbbceab70f692a791edb48a89c58,1959-02-07
P1794,Krishna,Joshi,67,F,k****1@hotmail.com,****1695,ec4ab477fe30d414d25aa6126b2636f54ba4480a735cf6757f4569995f335646,1959-05-09
P1795,Sara,Chatterjee,27,F,s****1@hotmail.com,****5063,0f9fea4fefa46122138e9ba4936355f83850e20a2ae13673216eb49df63215d9,1999-06-19
P1796,Diya,Agarwal,31,M,d****l@gmail.com,****9566,16f80be00ffa2e78419644d28fe7dc940dcb92657965b880d0ce805c7e31fb73,1994-12-10
P1797,Anika,Joshi,50,F,a****3@yahoo.com,****1347,919351c5babdcc70ab2aba75457bc7bb120ac4148c52bdbd1b28fd49eb9209b3,1976-02-16
P1798,Aarav,Mishra,60,F,a****1@outlook.com,****4710,d8584f94027bc44b073dd27d57b91a49e339428ebb828d3e218688adb8302236,1965-11-26
P1799,Muhammad,Singh,50,M,m****h@outlook.com,****4224,8e59c24bd9105603c8f0b1fcee9edb30fd270529afbeaa80122006186a3d0a0c,1975-09-22
P1800,Reyansh,Joshi,19,M,r****i@yahoo.com,****5515,4909a7886452ce7e7951b1ee6b0ea4d84a1d2801ee99b5386225d98543012d37,2007-03-14
P1801,Arjun,Sharma,20,F,a****a@rediffmail.com,****8632,ffbbca6e67734c2e3d896d592106e763d8c0b5b10792fbe5ae44527c27f27636,2005-10-19
P1802,Myra,Gupta,5,M,m****a@rediffmail.com,****4141,526b528cd8bc12474118a2a6b6f53d207850c25cf49fc91d36cb8536094ece31,2021-07-14
P1803,Krishna,Singh,82,F,k****h@outlook.com,****0563,e8e48b9bdf2fe29c68a97ab5763e70a557ce6eec94e1ce443f8fd793c66d95d9,1944-01-03
P1804,Muhammad,Banerjee,42,F,m****e@outlook.com,****2930,007fee4561ae91072a51947db8c5055ab7b2b15abcfb57bcf5db240b783ff626,1984-03-08
P1805,Kavya,Patel,60,F,k****l@yahoo.com,****5965,826e2d54eff561ba12b8a2911c4c7bb072fe14bc125fc6400b1b3c06774a989e,1965-12-07
P1806,Sai,Ghosh,22,F,s****h@rediffmail.com,****2034,4888c8dd640c675b9a5420c5ed00d9fc34db96c52abc737959b26c3349a358c7,2004-07-18
P1807,Aadhya,Kulkarni,20,M,a****i@gmail.com,****8145,15e473a34cb4ecca63452979d13849991b5e9c96bc07304b97e2c48ea04e7f93,2005-10-25
P1808,Aditya,Joshi,69,M,a****1@outlook.com,****9993,dd14a5d7adec1b00962a0010b64345f78d91c566e3aa432ff60fec7aa249a381,1956-11-24
P1809,Diya,Mishra,1,M,d****2@gmail.com,****5514,e4f765e1518506075cf5bdac2e01fdf302a27c68048672be9df57fcce55e6387,2025-01-10
P1810,Ishaan,Naidu,4,M,i****u@rediffmail.com,****6236,5b047513f42568058c0a74f0aa029b5bf80fa040750d3f86663e11e2aae1c06e,2021-09-25
P1811,Muhammad, Banerjee,12,F,m****e@rediffmail.com,****7051,3fc7c8490a02540337f339f09c28557f195442d6e90e91a9e82f3a8ce3bc0c9e,2014-01-04
P1812,Muhammad,Patel,46,F,m****l@yahoo.com,****0681,2a1e9f52e0499201e74d294e8824948b648e038719b1dc2c8064ffb0b76770f6,1980-01-05
P1813,Kavya,Joshi,34,M,k****1@hotmail.com,****5954,b63668286d324ae8c79c815b4ebcc9cf87ad6916bdcb762393fbc6b43a152bd5,1992-04-19
P1814,Reyansh,Pillai,48,F,r****1@outlook.com,****5575,fbed8e8e06a727302995ca799bc695d98067a815ab738a857f3fd21ae52c2031,1977-09-22
P1815,Myra,Agarwal,77,F,m****l@gmail.com,****6885,9d8de516faf68c97396eb3c818ba52e8c2ad7ef06efe0f1d1e349160549ca09c,1948-11-11
P1816,Shaurya,Joshi,45,F,s****i@gmail.com,****3760,d8a388660430f5ff0a6d1d877ee3ccb28c3b9c7dc72627c937c1e935b4d3a3a5,1981-09-13
P1817,Reyansh,Patel,27,M,r****l@rediffmail.com,****0534,dce3d61ed7f4fe2e86369ff451c80e3da3ad1e76dbdc76611904747f95f5a526,1999-07-02
P1818,Aditya,Das,73,M,a****1@hotmail.com,****3476,5496438b55fbf19d503e9ee0c9601642bbbf237e2c794588594cce92de4c6d92,1953-01-05
P1819,Vivaan,Joshi,26,M,v****1@hotmail.com,****9588,a3c2c768ef24185987cdc7870db3d3a34b6df9ef181bc0271a1cca643c1134de,2000-07-20
P1820,Myra,Banerjee,47,F,m****1@gmail.com,****3004,b19c1c38f11b85cc0465b104b1676f432eb8a580b8320deff514f08ddc2ca795,1979-07-20
P1821,Aadhya,Pillai,86,M,a****2@outlook.com,****7727,60f536d50101aac6d02674d79bbd3b0c6baa35691d1cd2e3c7cb4e6e5f77c1f2,1940-08-06
P1822,Ira,Agarwal,55,M,i****l@yahoo.com,****5531,02fdcc3715d2b105f0cd024e8df0d7d7261da98d03d0f4b1f66f825180243d2c,1970-11-01
P1823,Reyansh,Banerjee,62,M,r****e@hotmail.com,****0594,00375994ec55a4738a12445b1ed2e4d47cc671093f95a9417cb05605258d65aa,1963-10-21
P1824,Ira,Agarwal,47,M,i****l@rediffmail.com,****2212,44435b9f4bf9b6ebee1c1f74baebe91fb9daba67254041ec6eaa8408d268016d,1978-12-07
P1825,Ishaan,Iyer,60,M,i****2@outlook.com,****6943,13d9f5e8e7271fe5a9abd5e8441b9e60d0ae020a6d16a0db50000064b9cdb5ec,1965-09-21
P1826,Ananya,Agarwal,80,M,a****l@gmail.com,****1192,bd84e92914f57644b2244fe8fcd8af6a8250b04d6a7dd158ce8e4e88b087cd67,1945-12-18
P1827,Ananya,Khan,26,F,a****n@gmail.com,****8471,3fa83970406c24fc78349c5e95b7d132bed8f87df484e2bd4248a820b2dbd830,2000-03-28
P1828,Reyansh,Banerjee,36,F,r****2@outlook.com,****5388,037e594e3c9a1f11d607219a3ade1256107afd2a647b4ad4671bc3e47cb76b49,1990-08-23
P1829,Ananya,Reddy,1,M,a****1@rediffmail.com,****1709,cc6ec9d306e6d8ecaafda797ed53255d72dbc29579af6c68a9bc0a5aa6a696ae,2025-03-17
P1830,Myra,Joshi,7,M,m****i@outlook.com,****0065,ba87fda435e6880140cb1aaa4597807a3a99ed5bcb5314713f4140e9acb97ca3,2018-12-26
P1831,Diya,Banerjee,52,F,d****1@yahoo.com,****3849,7d88bbf8a99f62e8d9c2b74b9c62efa1b87ab9d302d71c926189d71090a7d425,1974-06-24
P1832,Kavya,Banerjee,79,F,k****e@hotmail.com,****7289,077bf2fddfdf7a42e0153010946c147f02ca5aa27db5894954b44b4ed837eddf,1947-09-16
P1833,Aadhya,Das,47,M,a****1@yahoo.com,****4854,b2b7bae6dd2de68a9b652ef080699b8b74aaaa4a30431d0fdc7f6f00e0656e51,1979-06-16
P1834,Riya,Singh,55,M,r****h@rediffmail.com,****6903,1a9a7568761a639743588a7c34a082ba02f27b5a99d735212f653a2a1a793927,1970-09-28
P1835,Ishaan,Naidu,86,M,i****1@hotmail.com,****7726,0f080a92bc5f54c340cfef0d8969df3483f3ea8a8e50aa756e7db4a688c9c570,1940-01-20
P1836,Saanvi,Chatterjee,14,M,s****e@outlook.com,****6189,abfad1bb2a35aca832855816b668ce20cad52b3c29fe41fc0271fffd89bbad17,2012-08-04
P1837,Ananya,Gupta,27,F,a****a@hotmail.com,****1535,00f3f20056109ce0bd5aa9a3f8e3f32ef8deb77401263009a3e50d40bf3add92,1998-10-16
P1838,Ishaan,Kulkarni,87,M,i****2@outlook.com,****0167,b4739e96ef51ce91aaf40415066d2d166685b9c40f52b9125ece35ddc2b40d6e,1939-08-21
P1839,Ishaan,Nair,77,M,i****2@yahoo.com,****1690,1aa8bfbebbf5feba728b7518cf38a479053034ca46df6e6d0c0eb3722fd0074f,1948-11-15
P1840,Aditya,Joshi,88,M,a****1@gmail.com,****5512,44dfe72885264ec0583e15609579944feb6e063cdf9c3affd1d9c0adddfe80bf,1938-06-21
P1841,Diya,Das,2,M,d****1@hotmail.com,****1584,c309f9ed5572063376863c2a87c7addd45a50311726f389cee8922efdc28375a,2024-04-19
P1842,Ira,Banerjee,26,F,i****e@yahoo.com,****0042,066498aca94ba0ca78fd5fe5ce16e1ac64a34abd05361159d6d8826b71c7f2d4,2000-04-09
P1843,Vivaan,Patel,14,F,v****l@rediffmail.com,****3949,beda29e250ec0fddf6db9fee3665cf7048ac4fe5eada9847326076d9045a344c,2012-07-02
P1844,Vivaan,Pillai,59,F,v****1@rediffmail.com,****4641,7b301a07d8022fcbaf92006f9790e4e5c3d0302bc06997b2e3548e54dd841738,1967-07-11
P1845,Aadhya,Sharma,56,M,a****a@hotmail.com,****1850,d64734b6359744c6e69ce861373a126d62bd1185c9af1c9c6ae0e5b7b4bc0d03,1970-08-02
P1846,Vivaan,Verma,7,M,v****a@rediffmail.com,****0238,0872a0fff17f75c097bb7780855746a8e48a776288391dd8a2f165e78b3f989b,2019-05-04
P1847,Ananya,Agarwal,3,F,a****l@rediffmail.com,****9762,957569d431e433cfe96cc153610b841696ffd19338901d4c590e12ad8088d332,2023-04-11
P1848,Kavya,Reddy,23,M,k****1@hotmail.com,****4623,e55bec97bfa513872751f1f0d86736706bc438c42761b16b9df9b2c70dfaea03,2003-04-15
P1849,Anika,Nair,18,M,a****1@outlook.com,****8711,e053b32de0f0fa124fe52cf4d1d9c8802b868b08d4e24cf441f5904be55557bc,2008-01-17
P1850,Aarav,Agarwal,38,F,a****l@outlook.com,****1423,bd4b51657d2b5e1a44e14abfff140cdde319b1825d74851aded542bc391d3160,1988-02-18
P1851,Reyansh,Patel,14,F,r****1@gmail.com,****0532,022ee7a7770cfbc0a4455e496b00c638584f5b84c5adbe9267a29f23fea968aa,2011-11-11
P1852,Sai,Gupta,64,F,s****a@gmail.com,****2752,2d0fd110afa50e02fb706452d3f3c4359ac5100a69f7c612a6eb63e74a359385,1962-01-01
P1853,Diya,Agarwal,89,F,d****l@yahoo.com,****8441,5ed6fea9e2bad332ad86bc024a0f80c538c10b9dd5ff96ef2ce43fa784d37d8b,1937-04-25
P1854,Kavya,Banerjee,28,M,k****1@yahoo.com,****9665,456d06e3218c900ce8a4a82d9e4bd14b384faa54c41633fd2e39c7d78ad30ac2,1998-04-22
P1855,Muhammad,Naidu,74,M,m****u@yahoo.com,****8081,664b37f5eaf3e2901b9d7fd53a8e9d1a65951e1f9862b9aca3a49a260efdcf84,1952-08-28
P1856,Diya,Khan,38,F,d****n@yahoo.com,****3440,0a664d22e287a58da712987dac383388ba6166ac345e201221356a303cacb4c9,1987-12-17
P1857,Ira,Khan,57,M,i****n@gmail.com,****9890,ac38fc9d94c2f0ff21660652f58c064a9c24e23591583147fd1bab6d633bdd54,1969-08-09
P1858,Myra,Gupta,17,F,m****3@hotmail.com,****0359,be6847e040eba9089475793923fe04d30a3022c05f42665d2ed6e369a5d64679,2009-04-23
P1859,Shaurya,Khan,85,F,s****n@rediffmail.com,****3093,8b3cd10a067568438e95896feb895472310215a42dfebb7972250eef78d1e141,1940-12-26
P1860,Sara,Chatterjee,44,M,s****e@yahoo.com,****8307,394173bad5e482fc1daf2ed2fb990f65c790011737bacb2c2378cff1aac740b3,1982-06-01
P1861,Ananya,Mishra,25,F,a****1@rediffmail.com,****7448,5f99d850f49c28e4c09611bae50a0106bc088b217bc44d148300a97b624ac63b,2001-04-03
P1862,Diya,Joshi,17,M,d****2@rediffmail.com,****9944,1565f7389b441a27fb34dfc385805a0337fdde3104059af76db9117a7773ebcf,2009-03-11
P1863,Diya,Agarwal,12,M,d****l@hotmail.com,****8259,eb0828d06f2f89d3cbaec66da566f34e3a4932ded73da4c03aad82fa181e730d,2013-12-04
P1864,Anika,Singh,84,M,a****h@rediffmail.com,****6848,149156d956f955d1d4e0da3be95c070a9d981ece795b0bb0c1ee963dbda05d7e,1942-05-25
P1865,Ishaan,Mehta,25,M,i****a@yahoo.com,****1549,cc7df9a6e97344aa4d063c16330b7e167ba7f1b9e4ab06cd80f35f089c5452cc,2001-03-13
P1866,Ishaan,Gupta,68,F,i****1@outlook.com,****3453,ba5d8076e8adf37b4bb17f0f609cf092807ddd52e6a389fe2a7feb2a1fb40839,1958-08-04
P1867,Kavya,Das,10,M,k****s@outlook.com,****4359,5f8fc016512a111f7537872c036884a64009164312edfee0698b615c50cc43ad,2016-07-21
P1868,Myra,Patel,67,F,m****l@gmail.com,****8281,b7baec84190c4da2124c2a51fd968e5b47508020ebb49dd364b26a2826603061,1959-02-28
P1869,Ira,Reddy,18,F,i****1@hotmail.com,****4753,3d08f584480a58cc0adee5d9c6aab9d09995e7d82669fee470eb9dafa79a60a3,2008-09-02
P1870,Reyansh,Patel,86,F,r****l@hotmail.com,****7767,2c6ce05d29cdbfff03d348e47bbfbceb3ddc15a469c6b04e6b2d04d30b7407e4,1940-07-28
P1871,Ananya,Kulkarni,34,F,a****i@yahoo.com,****9054,5070bd3d0a0696bf470d273141ffdf8370fe2fa9ad5886b3b06bdcdc7040e55d,1992-05-23
P1872,Krishna,Joshi,7,M,k****2@hotmail.com,****8755,d57ffa1704ee050e6d7b0503f5f3b085bf7ecb935a0c1e666e0cdda64e5f734e,2018-11-14
P1873,Shaurya,Reddy,39,M,s****1@rediffmail.com,****3551,2ac493e3562d1b00738240dcb9815dc2f87d5a98cb8af33404e9ea96df9d2f11,1986-11-09
P1874,Muhammad,Naidu,82,F,m****1@outlook.com,****2200,dd6f77e91a77c179ae359f9f7de1d70fddde9185adccfc351a03010fb8b0702f,1943-12-20
P1875,Ishaan, Agarwal,42,F,i****1@rediffmail.com,****4355,3040282dfa7f23b63993e8d27546c15f8bb08adfd7306a22bcd06aa4f2de5e97,1984-04-17
P1876,Arjun,Ghosh,40,M,a****1@outlook.com,****2690,6cecf6d86efede3696ca873d90c360eae9204b0c8600114f3a4731c437e28da2,1985-11-09
P1877,Ananya,Khan,6,F,a****1@gmail.com,****5640,fae82b72bf1999c676535f712e9c32a0906c8a04dc5891471a88f9a7a42743f6,2020-02-04
P1878,Kavya,Sharma,51,M,k****a@yahoo.com,****1319,9113d03ce2efc2ff862dd8957db70a5e5bc095e71674fa7367888a8339c31d0b,1974-11-01
P1879,Arjun,Kulkarni,26,F,a****i@yahoo.com,****4873,cb887778d25fbd0133ea7de7ae69fc9b1a6cd79bba53e4958b171006b0fd4509,2000-08-26
P1880,Reyansh,Khan,64,M,r****1@gmail.com,****3412,e77f78f606a5fff70b6b7923daac92586efa735b9f5daf97fe275af14ac9936f,1962-06-20
P1881,Shaurya,Gupta,59,F,s****1@hotmail.com,****5950,40ccaeb1b855d00a8101b2a4995bc425d9655191ebf40a6f2b38a2584e6c3413,1967-06-11
P1882,Krishna,Ghosh,56,F,k****h@rediffmail.com,****9026,ba9a913596fb0f3dffd058bbb67d301dba9fffc84f288d719c9c54a3536f322e,1970-09-06
P1883,Riya,Chatterjee,59,M,r****e@rediffmail.com,****6186,02f27614925024b57fbe6b309747f28c530348afbd10d18ad04dacd50eeeaee4,1967-02-28
P1884,Ananya,Chatterjee,70,F,a****e@outlook.com,****6573,73265e0eb7d564e50d6abd83e7781366ff5e6370ba458807ac7b5b7059f7d378,1956-04-15
P1885,Ira,Chatterjee,33,F,i****e@yahoo.com,****4107,7393ab5296812081040ff980c92277a461c20ed96817ef6e1231eb921d622143,1993-03-28
P1886,Diya,Pillai,53,M,d****1@hotmail.com,****0042,bedb5db4982ca36987d966b9f4ebc1627de53f3e594d834034deb89103be1a4c,1973-02-23
P1887,Ira,Gupta,21,F,i****a@yahoo.com,****5406,69972d4428c04f68f97f0eb121387f6366a73159c0e500fb1cf99f0055656b8e,2004-12-12
P1888,Muhammad,Naidu,20,M,m****u@hotmail.com,****7507,4f95fec2e6bb5a546e5ad22b8ac27619cfe16b77f20d891dde69c2374f6b9200,2005-09-15
P1889,Aadhya,Patel,69,M,a****l@hotmail.com,****5986,257e320d6a08206b388bc786501288de029d895011bacbf3894c2550025ab418,1956-12-25
P1890,Reyansh,Sharma,70,F,r****a@gmail.com,****6275,c37220d8d4c4d7753c95a68004968c018a3a68a28dbaa5ba7e7de2c88b8f2223,1956-03-27
P1891,Shaurya,Banerjee,4,F,s****1@yahoo.com,****5469,8163c14057cea288b8e3edc7150c3f277ef49aa8d440a14a8ff4b5a2b70f2ea9,2022-06-06
P1892,Aadhya,Mehta,75,F,a****1@gmail.com,****6877,c2e59403d71b2cfa57fa45a9eaf6ab19c64e541e1b6bc2ed94e1d080cc683874,1951-06-15
P1893,Ananya,Nair,62,F,a****r@gmail.com,****5151,5d4cb2d7cd03e077c297828e485d2ecdaff534a0e08897ea133d9634d570c82b,1964-07-10
P1894,Krishna,Naidu,61,F,k****u@gmail.com,****6118,fc12037e0d58e6e6e71422e8ca38b019bca368d34838c26342684075aea9489e,1964-10-06
P1895,Riya,Kulkarni,23,F,r****i@rediffmail.com,****0074,e5e5c19a71681d89d0d6ba2e48f42d14839f8710aa84cae2a61a0bf8be821c3c,2002-10-17
P1896,Saanvi,Khan,55,F,s****1@yahoo.com,****8745,e001c9e0547819a886ad167a3a565e3194a0a97b1fe17f3811ba6456e687e90d,1971-06-08
P1897,Krishna,Mehta,8,M,k****a@outlook.com,****8928,f2c05516ee415b2cc467f01a6f30747dabf8341d6f57de7162a9f44758fae7fc,2017-09-19
P1898,Shaurya,Singh,3,F,s****h@hotmail.com,****0386,7342b58cf92095fae7375605a34f3a03b1da3820620dea5738673c42ebf4c8cb,2023-02-16
P1899,Shaurya,Ghosh,31,M,s****h@gmail.com,****1137,4bede47af4a73e6204e19c834bcc3fc84855c22600f7f18fe88d0cff19e36403,1995-02-10
P1900,Riya,Iyer,39,F,r****r@hotmail.com,****5959,a3d124937940b13a6b5a121466531ad0d8bd88a8d61e38835826263222453eed,1986-12-17
P1901,Aarav,Patel,35,F,a****l@hotmail.com,****1415,eda5d46dcfcc5f916e4afe51bee478e038fd062371992eacb58bd06ee57ceb2c,1990-10-21
P1902,Vivaan,Pillai,24,M,v****i@hotmail.com,****9511,556adaa11abf2a354e36985ada4f996d954770bea834a1cf0303aa4027af984a,2002-01-05
P1903,Aarav,Nair,6,F,a****r@yahoo.com,****3742,b2da7ba33d2056f16374f9ac702405b8285236dcfb4bf4d49311d81291308f17,2020-04-27
P1904,Shaurya,Joshi,66,F,s****1@rediffmail.com,****4283,bb20c2a756151aa6a9a8ad58e38affdf2866235c71505b05572856ee30899e41,1960-03-18
P1905,Vivaan, Pillai,84,M,v****i@outlook.com,****8747,854b3d281126bd942d8acaa275eb39645d9187b5577b0c887f09d9d0666a5260,1942-02-18
P1906,Sai,Chatterjee,75,F,s****2@hotmail.com,****5484,7d9ac4f2d178b02e04d667906c4dbf188b8beb375b4ef84eb75b927f40c5200a,1951-06-28
P1907,Sai,Sharma,4,F,s****a@outlook.com,****5498,db06579554e246473326736cad8fb9762748550cde5a283a6d83599b053860c8,2022-06-22
P1908,Aadhya,Sharma,78,F,a****a@rediffmail.com,****6016,39c13f10a22d60da281ad32a1c5a5915be966fb22cb878d19cab806db32a8d5f,1947-11-03
P1909,Ananya,Chatterjee,6,M,a****e@rediffmail.com,****1903,e2afb8e4feafe47ab00409934af0051ed00c102ada5f44b3d3fb044aa5d0ec84,2020-07-25
P1910,Krishna,Sharma,50,F,k****1@hotmail.com,****4444,df8ab0b210a1ddcb9b7b07eb740f1342a04ef9d117a6981ca54730eed25f8f59,1975-12-08
P1911,Shaurya,Joshi,62,F,s****2@rediffmail.com,****7962,88bd845dc0f85f03a601682d6cb294448ca5aa3da0da7e226721092ca3b1798a,1964-03-12
P1912,Diya, kulkarni,57,F,d****i@gmail.com,****5867,c191b14a555375a2f58aa756bd579a10944ebff8a455ab569a828d920d76393f,1969-07-14
P1913,Ananya,Nair,65,F,a****1@hotmail.com,****6118,987859ac4690e276d3c0315c251779bf60f9cc31040c55acec92b6d7de95d358,1960-10-14
P1914,Diya,Banerjee,78,M,d****e@gmail.com,****3248,9a3e38ebe889bb8822006da2f71748b641efa0cc901c588f28307464203e4214,1947-11-06
P1915,Sai,Patel,74,M,s****l@outlook.com,****4209,ad61303fcc8221074c8df4e72bbc2d7f9ced908f418baf18a74cc5dc9da34b6f,1951-10-17
P1916,Myra,Das,8,F,m****1@gmail.com,****4295,b21f6c9d42b08210d1d6125e9dc3774923967ed7a6c1c97ff380be97f2cd67b2,2018-05-27
P1917,Krishna,Gupta,26,F,k****a@gmail.com,****9920,a3ccbcc17867cc92e91916f683aba6e2197e4575f628a68d07b6a5094ea0065c,2000-03-14
P1918,Ananya,Ghosh,51,M,a****h@gmail.com,****2308,7c5a6e3c9b52d615a0cc908370ed0abcfff0016ec329658371527a9bb1deaac9,1975-08-13
P1919,Aarav,Iyer,45,M,a****r@rediffmail.com,****8262,5e9fe4b07648aa8424e825aaa74ef8bb30df03a9162329a8e80d1cec6839376a,1981-06-03
P1920,Reyansh,Agarwal,44,F,r****l@outlook.com,****5140,2f74cc257643e00543c86b362fd38a1f610099ed82b285b358e849d31f55aa3a,1982-08-01
P1921,Ishaan,Chatterjee,4,M,i****1@hotmail.com,****6961,e0f65046e76f3d652ab9f5bee190267c810474e56c6fa39a73eb98dae8d86d01,2021-12-10
P1922,Aditya,Ghosh,70,F,a****1@outlook.com,****6172,2ec9108bf2a374f840b213064012d9b9800a9576497d34ffef3758e5bf337f62,1956-01-10
P1923,Sai,Gupta,26,M,s****a@rediffmail.com,****8545,73f62a4b319bf634b20d5b069f70fe14b7dc73d95788471be772abc9048da88e,2000-06-24
P1924,Anika,Reddy,68,M,a****y@outlook.com,****7670,26c636b87356ff003c40e08b60282711f5c865660e75b3b7a45bd610cef7f04c,1958-02-06
P1925,Diya,Naidu,18,M,d****u@outlook.com,****2816,92f5a92dc30776d6e02c03146eda0eab144450023fafa4fc13eacf88b2fad07f,2007-11-28
P1926,Krishna,Iyer,84,M,k****r@outlook.com,****6858,b73cff3596c438b5e496e28e35772e7076313a494bb7c2c8fe688358540ddfd0,1942-01-23
P1927,Sai,Reddy,20,F,s****y@gmail.com,****2199,3dc584f9ef18b361f1031ecd381f370d6ad99f0ab8dfc86ecd361f1447e25d87,2006-03-17
P1928,Shaurya,Agarwal,12,M,s****l@gmail.com,****8473,e882f77028ca1240187b91e17cdf627852db6826df3cbe36d9dc47652caf95ce,2014-03-13
P1929,Aarav,Sharma,47,M,a****a@hotmail.com,****3649,4d97981390db68302c98bedffbd6ad8016373e28a3b1dbb8e24cb36d858dc651,1979-03-03
P1930,Vivaan,Gupta,0,F,v****a@gmail.com,****5834,2b29803a16f27b1bed50b9f0d5599b3f0e51cab87a34f13953d52c1c637a1947,2025-11-03
P1931,Arjun, Verma,13,M,a****a@hotmail.com,****0209,053ab559ce7bec934749f42386366f9623e4286eadeec5229ca655ccd2153b04,2012-10-06
P1932,Ira,Gupta,64,M,i****a@outlook.com,****2108,a994799129757ccfb3153f9b4b58bbfa909ee7f62b75e8b5a207f549b355267e,1962-07-16
P1933,Ira,Khan,37,F,i****n@yahoo.com,****9456,a693dc753116c43a87df53e9318d296d9def5d925a86652fab16f889f4dc8c38,1988-12-16
P1934,Shaurya,Verma,37,M,s****1@rediffmail.com,****6116,d12ca3c9418919c496f81dcc62efb91123688281116d27ac67696bf336516834,1989-08-26
P1935,Myra,Kulkarni,11,F,m****i@yahoo.com,****7747,ee7a1fd518b6f9d30e57087bae492c3836def2d984e3033d93b9f94d7c4adeea,2015-05-11
P1936,Riya,Verma,76,F,r****a@outlook.com,****0123,985a624db5972af12c432bc14afac26e6d8f8f48cb39beafe677d2fe8c1a465f,1949-11-16
P1937,Anika,Gupta,3,F,a****1@outlook.com,****5036,a649ee8a9392107f408327af34a1c91a03f499ee7375cde09d29e2bf10a46683,2023-08-01
P1938,Reyansh,Joshi,33,F,r****i@outlook.com,****0771,09bf794e73709fa09f110b2dc922e7fcfcc630ddfd1c089de44dcf3a15d6a89d,1993-04-26
P1939,Reyansh,Mishra,6,M,r****a@outlook.com,****8439,e0b9ff3fbdcae4af9a95b738df196e04381f2f7c4886aab9dc5106ba256632e1,2020-06-16
P1940,Reyansh,Reddy,50,F,r****1@outlook.com,****9762,332fc70931f585886e4b6a5f56d3e55d8a51863c6826b4823630f7d0c2d89230,1976-07-23
P1941,Riya,Naidu,10,M,r****u@gmail.com,****3602,820ebde14f90890e8b0c2c2fdd86dcee45f5f127699c6cac0de17d71082034ee,2016-09-06
P1942,Riya,Pillai,5,M,r****i@hotmail.com,****1910,752d5e077f72ec3f9fb979a1b1ae2d71529ed1fdb08b1964eca33ff1e833750b,2021-06-01
P1943,Shaurya,Naidu,23,M,s****u@gmail.com,****7550,eb6953203dadc424805d249efab56654e9bc9d8031a343493e7179295686d3c6,2003-06-20
P1944,Riya,Gupta,10,M,r****1@gmail.com,****7555,3c7f5f37ca520e3e259f19fa5cde9acb9a288d07ca110426cdb55bd3774dbdca,2016-09-06
P1945,Riya,Verma,43,M,r****a@rediffmail.com,****5227,02d3a52cde2284f1d3a9c2285c3f14fa58be7885849081ebabe0f64e7d87ca8d,1982-11-27
P1946,Aditya,Mehta,2,M,a****1@yahoo.com,****1106,86834322dc45ca8dfd6e245235520dcaf8a632f07205be64f923302ccfe03887,2024-05-16
P1947,Muhammad,Sharma,12,M,m****a@gmail.com,****1380,8251f2c16657485f665d8e71bf5f50f890b9a898349de5170ba2b1476462d55e,2013-10-12
P1948,Ishaan,Verma,40,M,i****a@hotmail.com,****0378,b18671256e77a9e812441ddad7ecc7f46af90d6f986345ad256fd8b294a0ad14,1986-04-25
P1949,Saanvi,Ghosh,2,M,s****h@hotmail.com,****1333,0ed5c64d61f8c7f12b02edac1df9ac3f4332511aa6dd01585ee992b4a2376c80,2024-04-06
P1950,Arjun,Mehta,83,M,a****a@gmail.com,****3480,81673ef0f7e230b02f2f3aaa4a21209c42d9e7b6d3b2f10df5f48af1483849cc,1942-10-27
P1951,Vivaan,Banerjee,64,F,v****e@outlook.com,****8785,3365e6c3cfe26fbfd808ae07d45a04eb46a24b7fe58d5f1e4ede7e8387cf6a65,1961-10-25
P1952,Myra,Das,63,F,m****s@yahoo.com,****4596,068d660468859d178dc8644d0472ca9f63fc65996d8922febd309a0a6f25932e,1963-05-01
P1953,Kavya,Iyer,72,F,k****1@outlook.com,****7590,18091c91180f122716b5325ce0753307d28494992f8f0d061fcca24f7f0e6d4f,1953-11-01
P1954,Anika,Agarwal,16,M,a****l@outlook.com,****1181,45371c4fa6bd5fc9d3963dddb0a3a71024420b6738c3a3c386fb202897228893,2009-12-08
P1955,Aarav,Das,9,F,a****s@rediffmail.com,****2059,d92dd9d615fc9742cc550501b380a12677c0e5bcfe3a05e41a9c928f3b07bc84,2017-07-27
P1956,Aarav,Iyer,75,F,a****1@rediffmail.com,****9395,ea5ecceb2e0d2106e7164d50494f1454290cf9c299542a17daf7f4983b586e79,1951-04-23
P1957,Ishaan,Verma,15,F,i****a@rediffmail.com,****7845,890183231ecb7dde30f65f8c32bf93611d81c3d3d1860bd130592d3e492e7164,2011-08-27
P1958,Arjun,Ghosh,24,M,a****h@rediffmail.com,****2887,f45c5a2547e377b2b8aa441ee0439f56861c08f0580a56afe33adb714f7fb729,2002-06-25
P1959,Sai,Khan,38,M,s****n@outlook.com,****0101,a219f9c062899e65b06a5ee68ad6a9a6e1f0c2bc8bcaabbe57202120aece937c,1988-08-25
P1960,Kavya,Mishra,35,M,k****a@hotmail.com,****8616,050a5260bc8b7a77df5dc8e0c3de849a87d7c92d757d752f56fe4549e5184ae0,1991-07-04
P1961,Muhammad,Iyer,49,M,m****r@hotmail.com,****2800,e41db1fa5da3c077157de8ced6592e7a2115c61709d703ef43a0811ef2e165ca,1977-09-13
P1962,Krishna,Singh,69,F,k****h@hotmail.com,****6149,548036dec2491ab9251db67592075e929017684a0a98b93270576a444b5a97f3,1957-03-03
P1963,Sara,Pillai,62,F,s****i@outlook.com,****4685,7ee76e8bbed7020f68cf1c4570df30e5dd9f9f06f604d2b5a75eea36f299b6a0,1964-03-27
P1964,Shaurya,Verma,60,F,s****a@gmail.com,****2580,4fbe703f223bbe9e33c152b384b7f4440e13dd8ad84361e84cbe9faebe26edfb,1966-05-14
P1965,Aarav,Banerjee,49,F,a****e@hotmail.com,****1852,bd0279ec5560afb9d403ec1e9f3defcf0c1a1f4d0b7d135cc944fa6d71308dfc,1976-09-25
P1966,Riya,Singh,78,M,r****h@gmail.com,****9106,49107a14179e2aa2eb58f468b3b6cc7ed75f5e70dbc8f2a09afc109077341156,1948-02-03
P1967,Ananya,Iyer,75,M,a****r@yahoo.com,****5591,815d1bce75f9c3642431324a2da3ecc3631904ab591c9c48d1d8a3830a566bd4,1951-07-04
P1968,Shaurya,Patel,9,M,s****1@gmail.com,****9607,89ec35e7f03d3402396f15ec57e5ac965e931b6aeab06a277a9e5a51cae2a799,2017-05-19
P1969,Shaurya,Chatterjee,34,F,s****e@gmail.com,****3752,6d8eb173b4d6010f54d43394532af6fa780a41a0882b8358717821c90170fda1,1992-08-16
P1970,Vivaan,Verma,76,M,v****a@yahoo.com,****4153,deefacf187cc5d3f2464da7f1441b6d3ec6d3d73ad796dc3949d81b693c38044,1950-02-06
P1971,Vivaan,Ghosh,35,M,v****1@yahoo.com,****1620,026c11422e7e66068af5743528d5cccbe0ac1d8465fe41f6c16508c583ac9e1e,1991-07-16
P1972,Aditya,Joshi,1,F,a****2@gmail.com,****4025,2ca042849a9d94aec6535a1637b9ea831ac6a093af68b5e8f94ec81724059cc0,2025-02-01
P1973,Kavya,Mishra,40,F,k****1@yahoo.com,****4480,dc2b555b92baa6110cae9c13840668b67978f75173e11f5d07bddc911fd306c8,1986-02-18
P1974,Kavya,Mishra,63,M,k****1@gmail.com,****6098,b221c4ec9b96bc099a89c4b63c560c0db5c50850dae0b8c929bbad8331438cb4,1962-10-17
P1975,Riya,Patel,22,M,r****l@gmail.com,****0408,2763b9faba19df5d92790a43a4e15abbbc651920dc8890e0bf9a56df3835d09f,2004-07-18
P1976,Reyansh,Khan,60,M,r****n@hotmail.com,****6986,d5d7165ab204f4bfc03ac7a4ae3326bec1218fd8dc1e2b8ebe54e6b1d5a57c60,1966-04-27
P1977,Shaurya,Joshi,64,M,s****2@outlook.com,****3412,a4e62d2f18c4ec1716589702d7cd29e3678f8a39757ea0fe79d02bda5ae3917f,1962-08-20
P1978,Vivaan,Sharma,72,M,v****a@hotmail.com,****1192,953b567dda1c9864cc82325a9e235967737c5fddfab164cba159cbb3c83d9faa,1954-09-03
P1979,Kavya,Gupta,11,M,k****a@yahoo.com,****0295,c29fc11a61ceba02532d4f40bf61f1a1a6d53d0093a39169061144398378fccb,2015-08-13
P1980,Arjun,Ghosh,13,F,a****h@hotmail.com,****7212,aa37139f6849048c4e8fd2958792f001c6272bc2acb5c2c691ff1746c4d9a47f,2012-10-17
P1981,Diya,Gupta,60,F,d****a@yahoo.com,****8818,df6b7f445a15aad15025ac6d3e977a1174eea591e6055ebc9949c7edade1bbc1,1966-07-22
P1982,Aadhya,Das,29,F,a****2@yahoo.com,****3389,c31b1b8389131977090708b991c0a6c3e7906a0897181421b89ca9fae70f9507,1996-12-24
P1983,Muhammad,Khan,35,M,m****n@outlook.com,****8137,7f886e319fb0134e960d3a49aa07fef3f029461d589f73aa0dfff3bd411e16ea,1991-05-17
P1984,Ishaan,Singh,85,F,i****1@hotmail.com,****8650,4011ea4d2df4d7f88fa0b119ce4dc0b704c5d0591ee0475c4b850fd337514db2,1941-03-04
P1985,Aadhya,Nair,37,M,a****r@outlook.com,****0578,01fe7fb61ba2808a500990cf5db0c07cfd83f560d923e4a6e3cb8ba9509a9099,1989-01-01
P1986,Diya,Khan,5,M,d****n@gmail.com,****8394,470ab29fc2d4acf4f9548b2966185fbfb556883bab85df10b4d3e8a14edbf30c,2021-08-04
P1987,Saanvi,Patel,83,F,s****l@gmail.com,****1041,66e06eb24de9085c414dc8c2dde8b55b3b3843c40a81731f4dc3ad727d518c4f,1943-07-19
P1988,Kavya,Iyer,77,M,k****r@hotmail.com,****6243,1e1621b7c43a42a90c5694d2fd00fb2512fbe0e3902c2983b1083e95849b5729,1948-09-25
P1989,Reyansh,Chatterjee,26,M,r****e@outlook.com,****2352,44c9e3c045b6bb56693f1b750c2566ed1fb34c781714823c22b1809c0b6f8a84,2000-04-12
P1990,Arjun,Agarwal,62,F,a****l@yahoo.com,****8953,408bb5de22823d0d21c1460c0ffc0916779d0a460b80ee15e6b1b76a3a450cc4,1964-07-20
P1991,Aarav,Sharma,4,F,a****a@rediffmail.com,****5354,acd017088865ff4fc15b10e662d19db20cfdc35b908227b419f50ad2bbf95294,2022-07-24
P1992,Diya,Singh,89,F,d****h@hotmail.com,****9636,758836bf958752fb654061f4e777c2615a943c45e68c39e04834524526885712,1937-09-09
P1993,Muhammad,Naidu,41,M,m****1@rediffmail.com,****0435,390d09719a79b4899443c13c9cffd1cc34b6d1128a8433aa847b3730643764b5,1984-10-02
P1994,Diya,Kulkarni,89,F,d****1@hotmail.com,****8553,53e93a05fd30c90bdd4b70bf76727067417fb6f5ba512fb1583829597d76bf9a,1937-03-18
P1995,Arjun,Verma,18,F,a****1@gmail.com,****0502,e9a0ca0bf5f20c24c0880e76c33d131483fdcfa811f39b6add3aae9384e13ef3,2008-08-06
P1996,Ira,Nair,39,M,i****r@gmail.com,****9487,a99bf74d494323fc11a2ab99dce183ff86c0172888154c747feb689fc9b8aea4,1986-09-24
P1997,Aadhya,Reddy,72,F,a****y@rediffmail.com,****0262,d30b6054df63061484dcaf9b2619d847d2f2ab7ae47bd53d1e420fbd725e80f3,1954-01-07
P1998,Shaurya,Kulkarni,39,F,s****i@gmail.com,****9851,abf1ca9d3729c1867f6ff5a63989571a6df9474af77af11240db14e7797f0126,1987-04-14
P1999,Ananya,Pillai,13,F,a****2@yahoo.com,****9290,fcc1c9874b9f34835fc3aa169eccfd1953f43c8f3fa3646cb5f1fa746c95c8de,2012-12-15
