booking_id,passenger_id,flight_id,booking_date,status,passport_number,seat_number,emergency_contact_name,emergency_contact_phone,payment_id,amount,payment_method,airline,source,destination,departure_time,arrival_time,duration_minutes,route,first_name,last_name,age,gender,email,phone,aadhaar_id,date_of_birth
B1000,P1591,AI192,2025-06-14 11:37:36.951,CANCELLED,59e7e7738c8711b2f49be2c355b25b9bd41b780392aa2151796e8b52aaa0a056,3D,Isaac Bakshi,****5128,,,,Air India,MAA,BOM,2026-04-20 23:05:41.703,2026-04-21 04:04:41.703,299.0,MAA -> BOM,Krishna,Mehta,4,M,k****a@rediffmail.com,****1235,2184a6a7e6e6711e78078654ca64ec1150ad068d87c1c7c81715bfafe089ae54,2022-05-23
B1001,P1803,6F026,2025-11-02 11:37:36.951,CANCELLED,6a95f336b866dc4d580b61301c1a96016a5ec24e056b4062fcb7eb48c0e14578,18A,Anvi Konda,****8662,,,,IndiGo,BOM,CCU,2026-04-20 22:46:42.000,2026-04-21 03:13:42.000,267.0,BOM -> CCU,Krishna,Singh,82,F,k****h@outlook.com,****0563,e8e48b9bdf2fe29c68a97ab5763e70a557ce6eec94e1ce443f8fd793c66d95d9,1944-01-03
B1002,P1083,SJ010,2025-08-25 11:37:36.951,CANCELLED,8d413701d70b517478f82789245fa033726307ec10b14c2c18fc6f6deb940931,30C,Udant Dewan,****8220,PAY1305,6087.22,UPI,SpiceJet,CCU,MAA,2026-04-20 23:38:41.701,2026-04-21 02:32:41.701,174.0,CCU -> MAA,Arjun,Banerjee,62,F,a****e@outlook.com,****0285,142fa59a1062db224fdbce4eeea34443869bdde50a5a4b3ed40a725b754eee76,1964-02-24
B1002,P1083,SJ010,2025-08-25 11:37:36.951,CANCELLED,8d413701d70b517478f82789245fa033726307ec10b14c2c18fc6f6deb940931,30C,Udant Dewan,****8220,PAY1912,2505.86,NETBANKING,SpiceJet,CCU,MAA,2026-04-20 23:38:41.701,2026-04-21 02:32:41.701,174.0,CCU -> MAA,Arjun,Banerjee,62,F,a****e@outlook.com,****0285,142fa59a1062db224fdbce4eeea34443869bdde50a5a4b3ed40a725b754eee76,1964-02-24
B1003,P1364,AI069,2025-12-30 11:37:36.951,CONFIRMED,19c4a665e8bc1266b54aee9a9925f0d4179044fbc7be190242d1b89272a91bff,33A,Harsh Chahal,****6839,,,,Air India,DEL,BOM,2026-04-20 22:43:41.702,2026-04-21 02:29:41.702,226.0,DEL -> BOM,Aarav,Ghosh,59,M,a****1@hotmail.com,****5314,ee001844bc1daec8c6c2d5fc899f1d60e53621603283516b962845dcbe602009,1966-12-21
B1004,P1885,UK003,2025-10-02 11:37:36.951,PENDING,d9157c803314e083e13c0307a6e506c2beaa8c6e96140c318f3a5626acdbf658,25C,Pahal Balay,****8266,PAY1738,12222.48,UPI,Vistara,HYD,DEL,2026-04-20 21:41:41.700,2026-04-21 02:19:41.700,278.0,HYD -> DEL,Ira,Chatterjee,33,F,i****e@yahoo.com,****4107,7393ab5296812081040ff980c92277a461c20ed96817ef6e1231eb921d622143,1993-03-28
B1005,P1548,AI048,2025-08-31 11:37:36.951,CONFIRMED,caabc2281b0da4c39b0a3b311e88f27b268a54a206f841d415910424688d7c97,13D,Ayushman Chander,****2726,PAY1122,13378.9,UPI,Air India,CCU,DEL,2026-04-20 22:23:41.701,2026-04-21 02:15:41.701,232.0,CCU -> DEL,Saanvi,Nair,51,F,s****r@hotmail.com,****3439,b4c7fa23e5468366c27ab2ed6a29a715f5e80c5d75c9af00611e3aa7ebc7de5a,1974-11-20
B1006,P1341,AI140,2025-06-29 11:37:36.951,CANCELLED,819d0525b412722fb313faf87f81a43b74df29a993116bd79095a97e202b44a5,17F,Tejas Kaul,****7864,PAY1206,14980.37,NETBANKING,Air India,BOM,DEL,2026-04-20 22:25:41.702,2026-04-21 02:08:41.702,223.0,BOM -> DEL,Riya,Das,58,M,r****s@hotmail.com,****8998,1508390bb12817ed7d0013e76fd719f349676f3b34b9f7161d1e2b77835342e0,1968-03-25
B1007,P1838,UK167,2026-03-12 11:37:36.951,CONFIRMED,481f342177d3cec469338517a9902c34973ae3e01e73170d054a2a22e8fed7a7,22E,Yashasvi Bala,****5776,,,,Vistara,DEL,MAA,2026-04-20 22:45:41.703,2026-04-21 01:46:41.703,181.0,DEL -> MAA,Ishaan,Kulkarni,87,M,i****2@outlook.com,****0167,b4739e96ef51ce91aaf40415066d2d166685b9c40f52b9125ece35ddc2b40d6e,1939-08-21
B1008,P1406,AI245,2025-09-07 11:37:36.951,PENDING,8c98a8c9d9ef366ea590a63c5fda7f9b38e3d7fd7cc2e1a664b318ac10d81116,34F,Rushil Saini,****8807,,,,Air India,BOM,CCU,2026-04-20 23:07:41.704,2026-04-21 01:43:41.704,156.0,BOM -> CCU,Kavya,Verma,40,F,k****a@hotmail.com,****0516,21eee320d5f576d3b9d0ae4587770c8e5079db734ae28ccdd4c586ad8518c662,1986-04-23
B1009,P1424,SJ158,2025-04-28 11:37:36.951,CANCELLED,16d60fe92f5a58498240b07d1f06756c4004ccb8ac1a35e2805525d1a10f4bd5,33C,Thomas Sen,****6278,,,,SpiceJet,DEL,HYD,2026-04-20 23:05:41.703,2026-04-21 01:24:41.703,139.0,DEL -> HYD,Ananya,Nair,33,M,a****r@hotmail.com,****1530,d440178f6d4d838b1d25c4e3fa5475809f60fd505062839f6987f15284845f65,1992-10-11
B1010,P1743,AI155,2025-11-24 11:37:36.951,CONFIRMED,9b8bc958eb99de8fb7b16058960d026a06b3e7d596f3a18533a6dc3e4ff6331d,15B,Arunima Ahuja,****9414,,,,Air India,BOM,CCU,2026-04-20 23:35:41.703,2026-04-21 01:23:41.703,108.0,BOM -> CCU,Saanvi,Mishra,79,F,s****a@rediffmail.com,****7244,ed9f7c3750e5a10c8c61c87f8b19d01a82865245466a448b62adcf3b2ed87757,1947-05-12
B1011,P1092,AI179,2025-10-25 11:37:36.951,CONFIRMED,2c38e171d27dcd125c6913f4d1c146a8da98219f63f72633e64e7bc3f19ef100,22C,Nathaniel Sami,****6153,PAY1537,2115.18,CARD,Air India,HYD,BOM,2026-04-20 20:41:41.703,2026-04-21 01:19:41.703,278.0,HYD -> BOM,Reyansh,Verma,60,F,r****a@yahoo.com,****1814,c79cb34e3742a471eb155bba49d5b04485a9f5541e1e58482f76e84d7cb2e6c0,1966-01-02
B1012,P1847,AI137,2025-08-15 11:37:36.951,PENDING,e6d22eaeb25269dd78b2086a7fbc88ea5604221f886dccec006c8c8cd13d8487,28B,Harini Mall,****6860,PAY1050,4074.67,CARD,Air India,BOM,DEL,2026-04-20 22:49:41.702,2026-04-21 01:17:41.702,148.0,BOM -> DEL,Ananya,Agarwal,3,F,a****l@rediffmail.com,****9762,957569d431e433cfe96cc153610b841696ffd19338901d4c590e12ad8088d332,2023-04-11
B1012,P1847,AI137,2025-08-15 11:37:36.951,PENDING,e6d22eaeb25269dd78b2086a7fbc88ea5604221f886dccec006c8c8cd13d8487,28B,Harini Mall,****6860,PAY1274,12647.86,CARD,Air India,BOM,DEL,2026-04-20 22:49:41.702,2026-04-21 01:17:41.702,148.0,BOM -> DEL,Ananya,Agarwal,3,F,a****l@rediffmail.com,****9762,957569d431e433cfe96cc153610b841696ffd19338901d4c590e12ad8088d332,2023-04-11
B1012,P1847,AI137,2025-08-15 11:37:36.951,PENDING,e6d22eaeb25269dd78b2086a7fbc88ea5604221f886dccec006c8c8cd13d8487,28B,Harini Mall,****6860,PAY1407,6979.86,CARD,Air India,BOM,DEL,2026-04-20 22:49:41.702,2026-04-21 01:17:41.702,148.0,BOM -> DEL,Ananya,Agarwal,3,F,a****l@rediffmail.com,****9762,957569d431e433cfe96cc153610b841696ffd19338901d4c590e12ad8088d332,2023-04-11
B1013,P1613,SJ001,2025-07-20 11:37:36.951,CONFIRMED,fab85083e9f77799da2810373757ab2bcaba789e60580d046078a73a50453c99,26E,Nachiket Kale,****6561,PAY1185,1176.33,UPI,SpiceJet,BOM,MAA,2026-04-20 20:28:41.700,2026-04-21 01:15:41.700,287.0,BOM -> MAA,Arjun,Singh,62,F,a****h@gmail.com,****1401,040991ba5a1a41e38c542a4c8f4ccd3f1a1d4a52b9156e6765be8ead6b831305,1964-03-28
B1014,P1411,SJ172,2025-09-15 11:37:36.951,PENDING,ce79ecb116713ff5346d04d528e0b69c111ddb29f89f71c7489847f9def6277f,21E,Gayathri Chaudry,****9979,,,,SpiceJet,CCU,DEL,2026-04-20 21:58:41.703,2026-04-21 01:14:41.703,196.0,CCU -> DEL,Vivaan,Gupta,19,F,v****a@yahoo.com,****2492,fdc83034b2896804750c32c27d67192ac6fc435b2421fabcaf3ab3c51c803567,2007-01-04
B1015,P1431,UK094,2025-10-21 11:37:36.951,PENDING,e80647128945b84453cc832b9d012cca149f24816051350fa337a4774bb9f73b,6F,George Rai,****5012,PAY1339,12008.1,CARD,Vistara,BOM,CCU,2026-04-20 23:26:41.702,2026-04-21 01:11:41.702,105.0,BOM -> CCU,Ishaan,Patel,63,F,i****l@rediffmail.com,****7664,55c8b9105a7bdc0e9334baaae925ceeebb4ce4ffab4e0e4b4784b8b9c3487ee3,1963-06-13
B1015,P1431,UK094,2025-10-21 11:37:36.951,PENDING,e80647128945b84453cc832b9d012cca149f24816051350fa337a4774bb9f73b,6F,George Rai,****5012,PAY1694,7601.56,CARD,Vistara,BOM,CCU,2026-04-20 23:26:41.702,2026-04-21 01:11:41.702,105.0,BOM -> CCU,Ishaan,Patel,63,F,i****l@rediffmail.com,****7664,55c8b9105a7bdc0e9334baaae925ceeebb4ce4ffab4e0e4b4784b8b9c3487ee3,1963-06-13
B1016,P1677,UK027,2026-01-13 11:37:36.951,CANCELLED,45ac44b766f544618147856de9f9ccef98e3e4a1cba38f6935f57ff86e03e8ea,6A,Gunbir Parmer,****0204,PAY1577,14076.51,CARD,Vistara,BOM,CCU,2026-04-20 22:44:41.701,2026-04-21 01:05:41.701,141.0,BOM -> CCU,Diya,Naidu,68,F,d****u@yahoo.com,****3124,6c14df191a297f499d9ca5dd179052c1ee32fb0ac961a0bd4f788cb9223f32db,1957-12-20
B1016,P1677,UK027,2026-01-13 11:37:36.951,CANCELLED,45ac44b766f544618147856de9f9ccef98e3e4a1cba38f6935f57ff86e03e8ea,6A,Gunbir Parmer,****0204,PAY1824,9724.26,NETBANKING,Vistara,BOM,CCU,2026-04-20 22:44:41.701,2026-04-21 01:05:41.701,141.0,BOM -> CCU,Diya,Naidu,68,F,d****u@yahoo.com,****3124,6c14df191a297f499d9ca5dd179052c1ee32fb0ac961a0bd4f788cb9223f32db,1957-12-20
B1017,P1158,UK067,2026-04-04 11:37:36.951,CONFIRMED,f27605d14d86e057ee7d1bb667412de210b87865cc6b2b19d6cf9c9030fc6f52,13B,Hemangini Lalla,****8257,,,,Vistara,BOM,CCU,2026-04-20 21:36:41.701,2026-04-21 01:02:41.701,206.0,BOM -> CCU,Muhammad,Joshi,41,M,m****i@outlook.com,****4334,0ff9931b22a04906b3bf274e1bddabb26f50cb8b0b3198069a4a30a95479196a,1984-10-10
B1018,P1013,6F196,2026-03-25 11:37:36.951,CANCELLED,f08afc002842ef6c16197f0905029ce91549bdec0d015e96e30190fc31969a97,19B,Caleb Sharaf,****0106,PAY1141,2588.63,UPI,IndiGo,CCU,MAA,2026-04-20 23:04:41.703,2026-04-21 00:47:41.703,103.0,CCU -> MAA,Sara,Iyer,53,M,s****r@hotmail.com,****6298,01f603c86d6008c8305f292caf52f66c75cf7cd6a4be06f8d783b728fc025429,1973-01-13
B1019,P1372,6F164,2025-07-31 11:37:36.951,CANCELLED,451e03d407510f4369ae3ce78672045ebc6e9a3a6fdee26b568e98bb183b3930,19A,Jeet Radhakrishnan,****0835,PAY1162,14810.27,UPI,IndiGo,BLR,BOM,2026-04-20 22:18:41.703,2026-04-21 00:45:41.703,147.0,BLR -> BOM,Arjun,Nair,15,M,a****r@yahoo.com,****3074,425062e79f645d6c61155b6ad7649afa61c6070540bfe9a600f197067007f6f5,2010-09-25
B1019,P1372,6F164,2025-07-31 11:37:36.951,CANCELLED,451e03d407510f4369ae3ce78672045ebc6e9a3a6fdee26b568e98bb183b3930,19A,Jeet Radhakrishnan,****0835,PAY1911,3810.73,CARD,IndiGo,BLR,BOM,2026-04-20 22:18:41.703,2026-04-21 00:45:41.703,147.0,BLR -> BOM,Arjun,Nair,15,M,a****r@yahoo.com,****3074,425062e79f645d6c61155b6ad7649afa61c6070540bfe9a600f197067007f6f5,2010-09-25
B1020,P1224,SJ112,2025-12-06 11:37:36.951,CONFIRMED,548bb24f886551bdb139f2dd77f8d6f472d18d3fd99a207204fc30e6ad2c5a90,27B,Farhan Memon,****6249,PAY1367,8150.35,NETBANKING,SpiceJet,HYD,DEL,2026-04-20 22:20:41.702,2026-04-21 00:40:41.702,140.0,HYD -> DEL,Aadhya,Ghosh,16,M,a****h@outlook.com,****5007,c527a609b122b251768979966fc352deb2d757a9192c5f2b41c88dd9b6fe3cf3,2010-07-04
B1021,P1504,6F190,2025-12-07 11:37:36.951,CANCELLED,a81b91b550af858b5813b47037200dedd33d200c4448b11e296e408de35de8df,4E,Janaki Handa,****0161,PAY1455,6949.93,UPI,IndiGo,DEL,MAA,2026-04-20 20:02:41.703,2026-04-21 00:36:41.703,274.0,DEL -> MAA,Riya,Ghosh,35,M,r****h@yahoo.com,****7987,dc329e48c46ec282a6c530312a2ace87939de09d31713aa0b73928983e7dada0,1990-11-22
B1022,P1072,AI080,2026-03-25 11:37:36.951,CONFIRMED,d10b00994471367e9ef55092ad4fdad4c157e38636d7981e73d0271f0f4b9562,16F,Ekaraj Bath,****7221,,,,Air India,BOM,HYD,2026-04-20 23:03:41.702,2026-04-21 00:35:41.702,92.0,BOM -> HYD,Krishna,Banerjee,18,M,k****e@yahoo.com,****7037,7fa979583c28087962c76fdf718a8a148ed0e9cf7bb035d35b27b9225e0c0ed4,2008-02-22
B1023,P1248,6F213,2026-02-03 11:37:36.951,PENDING,baf43ee0438d2412221049ea57b7cc8ae12e72fb43e4330b1dac75ca683c41b0,24B,Vedant Mann,****9325,PAY1905,13057.27,CARD,IndiGo,BLR,BOM,2026-04-20 21:05:41.703,2026-04-21 00:32:41.703,207.0,BLR -> BOM,Saanvi,Gupta,23,M,s****a@gmail.com,****5345,7d8681fc891c5fbea4bb60a911802912c18b4bf812d92ddd446e8e1251916ddc,2003-03-04
B1024,P1510,AI115,2025-06-21 11:37:36.951,PENDING,93992d112475cbf9a55b714ec62eeec9e22502e58494767bc38df2389738e843,30F,Fariq Kaul,****8072,PAY1415,4857.79,UPI,Air India,MAA,BLR,2026-04-20 19:37:41.702,2026-04-21 00:26:41.702,289.0,MAA -> BLR,Diya,Chatterjee,23,M,d****e@outlook.com,****4887,fb9d06adb18b4ad22b9db1ab4c994cc7dd443b4dfe1b195976ccd061ad92f928,2002-12-19
B1025,P1602,SJ049,2026-03-18 11:37:36.951,PENDING,1012f26ddc18bc3edf4a8ec464d0c27061f88c4b6af0e1a474b1b4b7e1a1798c,1B,Harrison Rai,****2966,PAY1628,9721.62,CARD,SpiceJet,CCU,DEL,2026-04-20 20:26:41.701,2026-04-21 00:26:41.701,240.0,CCU -> DEL,Krishna,Sharma,67,F,k****a@hotmail.com,****6093,6f8e7b9365e9ab9273053226cd5f57ae3449aaa83209bca138c3caa62c26fe56,1959-03-07
B1025,P1602,SJ049,2026-03-18 11:37:36.951,PENDING,1012f26ddc18bc3edf4a8ec464d0c27061f88c4b6af0e1a474b1b4b7e1a1798c,1B,Harrison Rai,****2966,PAY1658,11899.89,UPI,SpiceJet,CCU,DEL,2026-04-20 20:26:41.701,2026-04-21 00:26:41.701,240.0,CCU -> DEL,Krishna,Sharma,67,F,k****a@hotmail.com,****6093,6f8e7b9365e9ab9273053226cd5f57ae3449aaa83209bca138c3caa62c26fe56,1959-03-07
B1025,P1602,SJ049,2026-03-18 11:37:36.951,PENDING,1012f26ddc18bc3edf4a8ec464d0c27061f88c4b6af0e1a474b1b4b7e1a1798c,1B,Harrison Rai,****2966,PAY1663,14501.45,CARD,SpiceJet,CCU,DEL,2026-04-20 20:26:41.701,2026-04-21 00:26:41.701,240.0,CCU -> DEL,Krishna,Sharma,67,F,k****a@hotmail.com,****6093,6f8e7b9365e9ab9273053226cd5f57ae3449aaa83209bca138c3caa62c26fe56,1959-03-07
B1026,P1215,AI058,2025-06-27 11:37:36.951,CONFIRMED,56b08f0dbe81e0fd17a2f4fcf51d07e3893bf17d4a3de4b43cf344fcd3932fae,32C,Arunima Setty,****6345,PAY1235,2015.66,NETBANKING,Air India,BOM,CCU,2026-04-20 22:40:41.701,2026-04-21 00:18:41.701,98.0,BOM -> CCU,Ira,Naidu,75,M,i****u@outlook.com,****5488,6620ac00b7766d2aa3de337afc685196b243ac9de44b66037b684a914bbaa814,1951-08-01
B1026,P1215,AI058,2025-06-27 11:37:36.951,CONFIRMED,56b08f0dbe81e0fd17a2f4fcf51d07e3893bf17d4a3de4b43cf344fcd3932fae,32C,Arunima Setty,****6345,PAY1841,11188.7,UPI,Air India,BOM,CCU,2026-04-20 22:40:41.701,2026-04-21 00:18:41.701,98.0,BOM -> CCU,Ira,Naidu,75,M,i****u@outlook.com,****5488,6620ac00b7766d2aa3de337afc685196b243ac9de44b66037b684a914bbaa814,1951-08-01
B1027,P1972,UK036,2025-07-25 11:37:36.951,CONFIRMED,5739e14cea5a14e268d82ad903d9cafa002c471187ff90bfaf9eb056abc7e070,22A,Janya Gaba,****0795,PAY1306,7503.17,UPI,Vistara,CCU,BLR,2026-04-20 19:48:41.701,2026-04-21 00:12:41.701,264.0,CCU -> BLR,Aditya,Joshi,1,F,a****2@gmail.com,****4025,2ca042849a9d94aec6535a1637b9ea831ac6a093af68b5e8f94ec81724059cc0,2025-02-01
B1028,P1601,SJ239,2025-05-25 11:37:36.951,CANCELLED,807a50e4d654f4cea485c6ebd7274f050195fed06f879b3f975a2ea1102d1213,26E,Kamala Pant,****0757,,,,SpiceJet,BOM,CCU,2026-04-20 22:24:41.704,2026-04-21 00:10:41.704,106.0,BOM -> CCU,Krishna,Naidu,38,M,k****u@yahoo.com,****9223,f1b3c302d6bdc4f704affd68fed17b30b90431653a8e6cc0b33ed75bc8bf6fa5,1987-12-28
B1029,P1540,6F025,2025-06-06 11:37:36.951,CANCELLED,47899709761c35e8690311381c256b2ace1142579dbfbabbd5611fe4847d60b4,19C,Shaurya Loke,****4016,,,,IndiGo,BLR,BOM,2026-04-20 23:02:41.701,2026-04-20 23:57:41.701,55.0,BLR -> BOM,Kavya,Khan,28,F,k****n@hotmail.com,****7029,f451c6bad83c1556e9b409cffd1f283f07bb19ca7237a81634eb4574650ee4a5,1998-03-26
B1030,P1946,6F236,2026-03-18 11:37:36.951,CANCELLED,d307a6378262c7c97a0e60c8f2f05e982b98a6d02bf77945a704c32d11bcac24,21E,Ekbal Garg,****1429,,,,IndiGo,BOM,DEL,2026-04-20 20:35:41.704,2026-04-20 23:54:41.704,199.0,BOM -> DEL,Aditya,Mehta,2,M,a****1@yahoo.com,****1106,86834322dc45ca8dfd6e245235520dcaf8a632f07205be64f923302ccfe03887,2024-05-16
B1031,P1816,AI060,2025-11-16 11:37:36.951,CANCELLED,62954bcb007746dbaec8db12bda3bb7a0172e448d87fb8570bf3aea1f29eb383,1E,Yash Gade,****3949,PAY1268,7056.42,CARD,Air India,DEL,HYD,2026-04-20 21:58:41.701,2026-04-20 23:51:41.701,113.0,DEL -> HYD,Shaurya,Joshi,45,F,s****i@gmail.com,****3760,d8a388660430f5ff0a6d1d877ee3ccb28c3b9c7dc72627c937c1e935b4d3a3a5,1981-09-13
B1032,P1938,UK021,2025-09-03 11:37:36.951,CANCELLED,718575c7b7ffd0a23741e5ffd212fb012588f8db1b7b54f2e002d3792df04927,18E,Turvi Raghavan,****8599,,,,Vistara,HYD,MAA,2026-04-20 22:00:41.701,2026-04-20 23:50:41.701,110.0,HYD -> MAA,Reyansh,Joshi,33,F,r****i@outlook.com,****0771,09bf794e73709fa09f110b2dc922e7fcfcc630ddfd1c089de44dcf3a15d6a89d,1993-04-26
B1033,P1987,UK026,2025-05-06 11:37:36.951,PENDING,a52d3cb89e597a683b8e4923f892a18b9cc227fa05208424f920f164b5149ef6,19A,Anamika Kanda,****4041,PAY1189,9352.83,CARD,Vistara,HYD,MAA,2026-04-20 21:38:41.701,2026-04-20 23:44:41.701,126.0,HYD -> MAA,Saanvi,Patel,83,F,s****l@gmail.com,****1041,66e06eb24de9085c414dc8c2dde8b55b3b3843c40a81731f4dc3ad727d518c4f,1943-07-19
B1033,P1987,UK026,2025-05-06 11:37:36.951,PENDING,a52d3cb89e597a683b8e4923f892a18b9cc227fa05208424f920f164b5149ef6,19A,Anamika Kanda,****4041,PAY1930,7723.56,UPI,Vistara,HYD,MAA,2026-04-20 21:38:41.701,2026-04-20 23:44:41.701,126.0,HYD -> MAA,Saanvi,Patel,83,F,s****l@gmail.com,****1041,66e06eb24de9085c414dc8c2dde8b55b3b3843c40a81731f4dc3ad727d518c4f,1943-07-19
B1034,P1219,SJ179,2025-12-31 11:37:36.951,CONFIRMED,151e90282739e28aa3bcac20bd2620783b9466e601c1ebd3a504fdd82c37fab6,22F,Ekta Bhalla,****0606,,,,SpiceJet,DEL,HYD,2026-04-20 20:09:41.703,2026-04-20 23:39:41.703,210.0,DEL -> HYD,Muhammad,Nair,23,M,m****r@rediffmail.com,****4142,dab744cea374810f3b3a2ffc2c90d37d4863f21dc0a0b9b97bca83ad6f094933,2002-11-10
B1035,P1839,6F251,2025-08-21 11:37:36.951,PENDING,b20f5000d5f6615e42319e1f83503e20184791399b293b54e72a70c98fe7cccb,11D,Veer Balay,****1517,,,,IndiGo,DEL,BLR,2026-04-20 22:56:41.703,2026-04-20 23:37:41.703,41.0,DEL -> BLR,Ishaan,Nair,77,M,i****2@yahoo.com,****1690,1aa8bfbebbf5feba728b7518cf38a479053034ca46df6e6d0c0eb3722fd0074f,1948-11-15
B1036,P1726,SJ149,2025-11-24 11:37:36.951,PENDING,138ba87501deb785f7f1ca7bf1f15783178fc5b5d828e5f569b9aa7c8bf32d58,5B,Diya Rattan,****3647,PAY1271,5144.89,CARD,SpiceJet,HYD,MAA,2026-04-20 21:20:41.702,2026-04-20 23:20:42.000,120.00496666666666,HYD -> MAA,Muhammad,Reddy,32,M,m****y@outlook.com,****4817,17c4d285664995fde069f4126afd57ab5d67bcbc7174f171889a171c38f92287,1994-04-25
B1037,P1220,AI188,2026-03-20 11:37:36.951,PENDING,f583dd86ac1ab40cb5a19a1a3361bb223d0bfe35d9aef8f50d06436cb0051cf2,33E,Amrita Bhatti,****5418,,,,Air India,CCU,HYD,2026-04-20 20:16:41.703,2026-04-20 23:02:41.703,166.0,CCU -> HYD,Shaurya,Singh,69,F,s****h@gmail.com,****6766,dd41123cfd3cc2283984d014924383700228338ce1baef21b4cf8055ad1cfd77,1957-03-15
B1038,P1388,SJ093,2026-01-01 11:37:36.951,PENDING,2269d969b6195ed518ce51572ce2699f9ff19ba2195a691dc4ecb3eb6a2b62b7,12D,Siddharth Murty,****6192,,,,SpiceJet,BLR,BOM,2026-04-20 21:55:41.702,2026-04-20 23:01:41.702,66.0,BLR -> BOM,Reyansh,Das,58,M,r****1@outlook.com,****7269,75d8cd8cb2c7b36b24fd3678c6a3d37ce1ef2e7f872bd26289e23ef6718affd5,1968-02-17
B1039,P1553,SJ205,2025-08-21 11:37:36.951,CONFIRMED,f29a77a8a97066be9719ce5f8afac04532cb302ae465eeaa9e72ad183d193d22,11E,Simon Tata,****9854,PAY1441,6604.98,CARD,SpiceJet,HYD,CCU,2026-04-20 21:56:41.703,2026-04-20 23:00:41.703,64.0,HYD -> CCU,Anika,Khan,57,M,a****n@outlook.com,****6101,2c0728cab2da27ea1279cb4708e6cc3f88ccdeb9d0656b594d9b5f3754427944,1969-04-11
B1039,P1553,SJ205,2025-08-21 11:37:36.951,CONFIRMED,f29a77a8a97066be9719ce5f8afac04532cb302ae465eeaa9e72ad183d193d22,11E,Simon Tata,****9854,PAY1457,8185.34,UPI,SpiceJet,HYD,CCU,2026-04-20 21:56:41.703,2026-04-20 23:00:41.703,64.0,HYD -> CCU,Anika,Khan,57,M,a****n@outlook.com,****6101,2c0728cab2da27ea1279cb4708e6cc3f88ccdeb9d0656b594d9b5f3754427944,1969-04-11
B1039,P1553,SJ205,2025-08-21 11:37:36.951,CONFIRMED,f29a77a8a97066be9719ce5f8afac04532cb302ae465eeaa9e72ad183d193d22,11E,Simon Tata,****9854,PAY1889,9866.37,CARD,SpiceJet,HYD,CCU,2026-04-20 21:56:41.703,2026-04-20 23:00:41.703,64.0,HYD -> CCU,Anika,Khan,57,M,a****n@outlook.com,****6101,2c0728cab2da27ea1279cb4708e6cc3f88ccdeb9d0656b594d9b5f3754427944,1969-04-11
B1040,P1646,6F099,2025-08-08 11:37:36.951,CONFIRMED,bcd1bf6246a8cf6477aa216c1deb2f96288f371bb92207024ee28f4c3b5758e1,26B,Meghana Shanker,****5230,,,,IndiGo,MAA,DEL,2026-04-20 22:24:41.702,2026-04-20 22:59:41.702,35.0,MAA -> DEL,Ananya,Gupta,56,F,a****a@gmail.com,****7929,f870a046aec845151d1f36abf4c65aa615cd95fa7d20586744597e7f2c98f087,1969-10-27
B1041,P1041,UK176,2025-05-28 11:37:36.951,CONFIRMED,86e67dbe9d95297aa5cdd7d7430bac23c7c85f7b1094844241d74ea65dd7c047,25C,Luke Lanka,****6035,PAY1614,13829.91,UPI,Vistara,HYD,BLR,2026-04-20 18:41:41.703,2026-04-20 22:49:41.703,248.0,HYD -> BLR,Shaurya,Gupta,51,F,s****a@hotmail.com,****0848,9e9092b91af8eed0b0dda010417a0e8d9bb93f23bd2ec1ff4f05fb258cb4f2b0,1975-08-19
B1041,P1041,UK176,2025-05-28 11:37:36.951,CONFIRMED,86e67dbe9d95297aa5cdd7d7430bac23c7c85f7b1094844241d74ea65dd7c047,25C,Luke Lanka,****6035,PAY1894,9750.27,NETBANKING,Vistara,HYD,BLR,2026-04-20 18:41:41.703,2026-04-20 22:49:41.703,248.0,HYD -> BLR,Shaurya,Gupta,51,F,s****a@hotmail.com,****0848,9e9092b91af8eed0b0dda010417a0e8d9bb93f23bd2ec1ff4f05fb258cb4f2b0,1975-08-19
B1042,P1675,UK200,2025-12-02 11:37:36.951,CANCELLED,8e2d9b98b2af010a6674cd2be08b1dee592135a6d9f3e13e3d44518d1e531a12,24F,Liam Koshy,****5890,PAY1048,14402.39,CARD,Vistara,CCU,DEL,2026-04-20 20:54:41.703,2026-04-20 22:45:41.703,111.0,CCU -> DEL,Myra,Das,5,F,m****s@gmail.com,****9095,fd2aee20063dba21c4692e2c7b7890647014eb899254078ea0df8fe511916fbd,2020-11-10
B1043,P1872,6F195,2025-11-22 11:37:36.951,CANCELLED,af93a48a3274117cf67cda9e45fa3099ebf7c73e5d88b05f9e7bb825909489a8,8E,Adya Sangha,****1388,PAY1007,8291.6,UPI,IndiGo,CCU,DEL,2026-04-20 21:44:41.703,2026-04-20 22:39:41.703,55.0,CCU -> DEL,Krishna,Joshi,7,M,k****2@hotmail.com,****8755,d57ffa1704ee050e6d7b0503f5f3b085bf7ecb935a0c1e666e0cdda64e5f734e,2018-11-14
B1044,P1282,6F174,2026-04-12 11:37:36.951,PENDING,16e174d0fb53c3ef2600c14f80d1b1dbc2b2ea88a664ec0d44404c7f2489a05a,16C,Mohini Pathak,****0954,PAY1225,1199.88,UPI,IndiGo,DEL,HYD,2026-04-20 21:36:41.703,2026-04-20 22:16:41.703,40.0,DEL -> HYD,Kavya,Chatterjee,35,M,k****e@outlook.com,****1043,399e06c653080734a5eb9114c368a57b855e636da17388e1d657a2c6f32bc1f1,1991-09-09
B1045,P1057,SJ214,2026-03-19 11:37:36.951,PENDING,fb7a1818d6acdfde779a7d20c0b6a295a36f4307df85ca80e7523565d13b1245,18C,Theodore Devi,****3432,PAY1281,2330.65,NETBANKING,SpiceJet,BOM,MAA,2026-04-20 20:54:41.703,2026-04-20 22:10:41.703,76.0,BOM -> MAA,Ishaan,Gupta,44,M,i****a@outlook.com,****5437,f7d6c5cbcdb7cd43f0671923abad05639303e8eea2a2d3c72bb9fd90528cf8b0,1982-08-16
B1045,P1057,SJ214,2026-03-19 11:37:36.951,PENDING,fb7a1818d6acdfde779a7d20c0b6a295a36f4307df85ca80e7523565d13b1245,18C,Theodore Devi,****3432,PAY1296,4401.56,UPI,SpiceJet,BOM,MAA,2026-04-20 20:54:41.703,2026-04-20 22:10:41.703,76.0,BOM -> MAA,Ishaan,Gupta,44,M,i****a@outlook.com,****5437,f7d6c5cbcdb7cd43f0671923abad05639303e8eea2a2d3c72bb9fd90528cf8b0,1982-08-16
B1046,P1813,UK059,2025-10-14 11:37:36.951,CONFIRMED,ec8af10a02df2459541944cd23a5bc1c5aef5a9bc6b6bf4f0c9ebbcdbbecf36d,2C,Yashodhara Tak,****1874,PAY1112,13689.48,UPI,Vistara,HYD,MAA,2026-04-20 20:33:41.701,2026-04-20 22:10:41.701,97.0,HYD -> MAA,Kavya,Joshi,34,M,k****1@hotmail.com,****5954,b63668286d324ae8c79c815b4ebcc9cf87ad6916bdcb762393fbc6b43a152bd5,1992-04-19
B1046,P1813,UK059,2025-10-14 11:37:36.951,CONFIRMED,ec8af10a02df2459541944cd23a5bc1c5aef5a9bc6b6bf4f0c9ebbcdbbecf36d,2C,Yashodhara Tak,****1874,PAY1942,12592.83,UPI,Vistara,HYD,MAA,2026-04-20 20:33:41.701,2026-04-20 22:10:41.701,97.0,HYD -> MAA,Kavya,Joshi,34,M,k****1@hotmail.com,****5954,b63668286d324ae8c79c815b4ebcc9cf87ad6916bdcb762393fbc6b43a152bd5,1992-04-19
B1047,P1833,6F151,2025-12-29 11:37:36.951,PENDING,06fc223a46a46707a35e6a4569ecc688e8b1d80c03429bc85488c65cec015883,7C,Gavin Batta,****4608,,,,IndiGo,CCU,HYD,2026-04-20 19:44:41.703,2026-04-20 22:04:41.703,140.0,CCU -> HYD,Aadhya,Das,47,M,a****1@yahoo.com,****4854,b2b7bae6dd2de68a9b652ef080699b8b74aaaa4a30431d0fdc7f6f00e0656e51,1979-06-16
B1048,P1536,SJ236,2025-09-19 11:37:36.951,PENDING,8ca1865bfad8bc2ffa1453cd4ace62ef09e95e70ee7716c66e2aa2d21bdbb85c,18C,Imaran Dua,****4278,,,,SpiceJet,MAA,BOM,2026-04-20 18:03:41.704,2026-04-20 22:02:41.704,239.0,MAA -> BOM,Riya,Nair,19,F,r****r@gmail.com,****5123,113283b845530bddf1307489a67165e7f737dd16087997f4e92bceadaacc6ad6,2007-08-25
B1050,P1884,AI220,2026-01-15 11:37:36.951,PENDING,0d72266c43031d8075a9ca2122f0e9b2a82cdf0c31185daa56e2456ab262f4e9,7D,Devansh Rajan,****4482,PAY1606,13350.33,NETBANKING,Air India,BOM,DEL,2026-04-20 20:19:41.703,2026-04-20 21:57:41.703,98.0,BOM -> DEL,Ananya,Chatterjee,70,F,a****e@outlook.com,****6573,73265e0eb7d564e50d6abd83e7781366ff5e6370ba458807ac7b5b7059f7d378,1956-04-15
B1051,P1922,6F028,2025-07-05 11:37:36.951,CANCELLED,720bfb736136a3f49714ae69486aa3516a34fca8fa71c12b03b2a9c1a7c44c4c,16A,Lakshmi Sidhu,****6443,PAY1135,10875.08,CARD,IndiGo,HYD,CCU,2026-04-20 19:49:41.701,2026-04-20 21:49:41.701,120.0,HYD -> CCU,Aditya,Ghosh,70,F,a****1@outlook.com,****6172,2ec9108bf2a374f840b213064012d9b9800a9576497d34ffef3758e5bf337f62,1956-01-10
B1052,P1128,UK209,2025-12-30 11:37:36.951,CANCELLED,733cfebca1a82851626f27e20efa6e86b139c080846fc19239d822e20136f779,33B,Zayan Apte,****6326,PAY1688,9827.3,CARD,Vistara,MAA,BLR,2026-04-20 19:02:41.704,2026-04-20 21:47:41.704,165.0,MAA -> BLR,Diya,Patel,35,M,d****l@yahoo.com,****0979,4b1074691f4654c9ae4fc791eddf561cef17bd5e83e348d07af068cf723e4ad5,1991-02-19
B1053,P1598,UK216,2026-04-01 11:37:36.951,PENDING,399a80b00d6a0a5806b1cefc245c3b406657819c79017d6d7fad319c09211dab,28B,Ishwar Yadav,****5009,PAY1082,4621.1,UPI,Vistara,MAA,HYD,2026-04-20 18:33:41.704,2026-04-20 21:47:41.704,194.0,MAA -> HYD,Aadhya,Gupta,39,M,a****a@yahoo.com,****2797,d469f9896d79e3506d4cf4318234d99ac8cf0015579e26ce39fb665b6b055af1,1987-06-05
B1053,P1598,UK216,2026-04-01 11:37:36.951,PENDING,399a80b00d6a0a5806b1cefc245c3b406657819c79017d6d7fad319c09211dab,28B,Ishwar Yadav,****5009,PAY1219,3081.42,CARD,Vistara,MAA,HYD,2026-04-20 18:33:41.704,2026-04-20 21:47:41.704,194.0,MAA -> HYD,Aadhya,Gupta,39,M,a****a@yahoo.com,****2797,d469f9896d79e3506d4cf4318234d99ac8cf0015579e26ce39fb665b6b055af1,1987-06-05
B1054,P1841,AI132,2026-04-11 11:37:36.951,CANCELLED,92064bfc79f8368f0179b8de82d8781456f621569b8d34f5014231604f2a3dc1,19C,Amara Oak,****8191,,,,Air India,BLR,BOM,2026-04-20 19:32:41.702,2026-04-20 21:41:41.702,129.0,BLR -> BOM,Diya,Das,2,M,d****1@hotmail.com,****1584,c309f9ed5572063376863c2a87c7addd45a50311726f389cee8922efdc28375a,2024-04-19
B1055,P1425,6F012,2025-10-14 11:37:36.951,CANCELLED,08dbe884a6f408988d6490a34f80a501df250aed0c238ee8e4d692b3b693d6ed,13F,Isaac Memon,****7684,,,,IndiGo,CCU,HYD,2026-04-20 18:06:41.701,2026-04-20 21:31:41.701,205.0,CCU -> HYD,Aarav,Gupta,48,M,a****a@outlook.com,****2501,364cc9284c15e18ca2ed5c0205ef2de2f77f0c562c5b3055c3d0aa07651eb1cf,1978-06-10
B1056,P1947,UK173,2026-03-24 11:37:36.951,CANCELLED,f380fadf17567f8778a48f283ec28410a2d8ef3c35823b648832eb4df71bf780,15B,Radhika Dugar,****6381,PAY1616,3173.87,NETBANKING,Vistara,MAA,BLR,2026-04-20 17:06:41.703,2026-04-20 21:22:41.703,256.0,MAA -> BLR,Muhammad,Sharma,12,M,m****a@gmail.com,****1380,8251f2c16657485f665d8e71bf5f50f890b9a898349de5170ba2b1476462d55e,2013-10-12
B1057,P1664,SJ047,2025-08-20 11:37:36.951,CANCELLED,a40b7e364b4f13f0557857ca6cc75203dc689c4fa8af12869370a73f5ee484a1,14F,Sudiksha Aggarwal,****4263,PAY1170,1987.07,UPI,SpiceJet,HYD,BOM,2026-04-20 20:44:41.701,2026-04-20 21:21:41.701,37.0,HYD -> BOM,Myra,Naidu,26,M,m****u@rediffmail.com,****0404,c23a1d726904368730de29d57bd75e1ac6928494ae6d0aff995c18234904fed8,1999-12-27
B1057,P1664,SJ047,2025-08-20 11:37:36.951,CANCELLED,a40b7e364b4f13f0557857ca6cc75203dc689c4fa8af12869370a73f5ee484a1,14F,Sudiksha Aggarwal,****4263,PAY1566,10224.13,CARD,SpiceJet,HYD,BOM,2026-04-20 20:44:41.701,2026-04-20 21:21:41.701,37.0,HYD -> BOM,Myra,Naidu,26,M,m****u@rediffmail.com,****0404,c23a1d726904368730de29d57bd75e1ac6928494ae6d0aff995c18234904fed8,1999-12-27
B1058,P1693,SJ043,2025-12-07 11:37:36.951,PENDING,f93fc5b8f41c836b896bf9d7b20c5ffc6bbf0f35a4f18571c04f350279b06663,8C,Adya Tella,****4081,,,,SpiceJet,MAA,DEL,2026-04-20 18:59:41.701,2026-04-20 21:08:41.701,129.0,MAA -> DEL,Ira,Gupta,89,M,i****a@hotmail.com,****3751,02632cb7aabce883af915d8e806e3b9925358124a932f8e3615fb8f8bc330cc8,1937-07-24
B1059,P1124,UK140,2026-01-03 11:37:36.951,CONFIRMED,932065e04863f4c659e279065df5b3b5fc99642c2f6f90291f1326916fa126a7,23B,Pranav Tripathi,****0433,PAY1844,10839.07,UPI,Vistara,MAA,BLR,2026-04-20 19:37:41.703,2026-04-20 21:00:41.703,83.0,MAA -> BLR,Myra,Verma,88,M,m****a@outlook.com,****5317,de22bf6e2ffcb7ae076057373d67107724259c92218095fabc2da38cc8b114c5,1938-05-26
B1060,P1066,6F086,2025-12-30 11:37:36.951,CONFIRMED,05f3d6b7a3517179f6b637c01087312a8eaae27562b862a9f26de0dd2bc6f683,11A,Hitesh Misra,****7113,PAY1571,11681.98,UPI,IndiGo,MAA,HYD,2026-04-20 20:23:41.702,2026-04-20 21:00:41.702,37.0,MAA -> HYD,Riya,Singh,1,F,r****h@outlook.com,****6046,c0bdab2806b241befcfaf8b8b3d9b8fa887d7417f55097b4380ed54e5c6c6c50,2024-11-07
B1061,P1005,6F114,2026-04-05 11:37:36.951,CANCELLED,0296cf4c371c103a8f75c9777a19d515d8f20157481c61d628027c01bba7d41b,19C,Yashica Issac,****7530,PAY1621,12021.5,CARD,IndiGo,BOM,MAA,2026-04-20 20:10:41.702,2026-04-20 21:00:41.702,50.0,BOM -> MAA,Reyansh,Joshi,83,M,r****i@gmail.com,****3818,65d58b4376cbd17ce184315d6c330b5e6e926e15fcb9da075dcfea8f0fee1cfe,1943-03-09
B1061,P1005,6F114,2026-04-05 11:37:36.951,CANCELLED,0296cf4c371c103a8f75c9777a19d515d8f20157481c61d628027c01bba7d41b,19C,Yashica Issac,****7530,PAY1796,6835.68,CARD,IndiGo,BOM,MAA,2026-04-20 20:10:41.702,2026-04-20 21:00:41.702,50.0,BOM -> MAA,Reyansh,Joshi,83,M,r****i@gmail.com,****3818,65d58b4376cbd17ce184315d6c330b5e6e926e15fcb9da075dcfea8f0fee1cfe,1943-03-09
B1061,P1005,6F114,2026-04-05 11:37:36.951,CANCELLED,0296cf4c371c103a8f75c9777a19d515d8f20157481c61d628027c01bba7d41b,19C,Yashica Issac,****7530,PAY1907,12722.62,NETBANKING,IndiGo,BOM,MAA,2026-04-20 20:10:41.702,2026-04-20 21:00:41.702,50.0,BOM -> MAA,Reyansh,Joshi,83,M,r****i@gmail.com,****3818,65d58b4376cbd17ce184315d6c330b5e6e926e15fcb9da075dcfea8f0fee1cfe,1943-03-09
B1062,P1636,UK153,2025-06-12 11:37:36.951,CANCELLED,cdfa84a9b9646477d516d38ebc6afa6d79aa71c4737459149388ccd94f0feca8,15D,Michael Prakash,****7050,,,,Vistara,CCU,HYD,2026-04-20 16:52:41.703,2026-04-20 20:53:41.703,241.0,CCU -> HYD,Reyansh,Ghosh,47,F,r****h@yahoo.com,****2698,42368250bbe86203220c1986005f11cf1f3403334d044ac8ad27e5f01e9e540d,1979-03-09
B1063,P1313,6F149,2025-05-19 11:37:36.951,CANCELLED,26fe229152e764c4f33a03c4ed954509e4866712a76e13c10746934acb1f2dcd,9A,Neel Zacharia,****0081,,,,IndiGo,BLR,CCU,2026-04-20 17:57:41.703,2026-04-20 20:42:41.703,165.0,BLR -> CCU,Aarav,Nair,63,M,a****1@rediffmail.com,****2272,4ae09537eba4fa6b7e0329f6a0e589c844c5da8d20733b1587119150f11dd4f8,1962-09-27
B1064,P1325,UK145,2025-09-14 11:37:36.951,CONFIRMED,da6bd392194e07308054e475433f6af7458f9e3a631aaeb15a6abcb45deeb01d,24E,Aadi Naik,****2918,PAY1899,14413.72,UPI,Vistara,BOM,HYD,2026-04-20 18:30:41.703,2026-04-20 20:41:41.703,131.0,BOM -> HYD,Ananya,Banerjee,46,M,a****e@yahoo.com,****6204,5d55c756aeabae991c35952318ce1d518fe68bcde431c9410744f2e8f602977f,1980-01-16
B1065,P1564,UK010,2026-03-06 11:37:36.951,CANCELLED,4b8e984326743f031008e8ac68017ce6cd5d936c14192a39ff48ec4a04d632fb,7B,Vrinda Bahl,****8991,,,,Vistara,MAA,HYD,2026-04-20 17:53:41.701,2026-04-20 20:40:41.701,167.0,MAA -> HYD,Saanvi,Chatterjee,18,M,s****e@rediffmail.com,****0888,d6d2e1b0fc00e2d5fd8337ccbf0844b6ac3145254b7015b01343057c9554364a,2008-08-14
B1066,P1577,SJ003,2025-11-05 11:37:36.951,PENDING,3cb2c86e89a96e355b86d03374a383c704f3c626d6ee69c7516433df53760d87,1B,Isaac Patil,****8025,,,,SpiceJet,MAA,CCU,2026-04-20 19:50:41.701,2026-04-20 20:32:41.701,42.0,MAA -> CCU,Shaurya,Joshi,26,F,s****1@outlook.com,****1389,e93af03a077470a0bbe936427949f5b5dcb7c1f4777e447bce23095a1fcfb8b9,1999-09-27
B1067,P1825,SJ160,2025-07-23 11:37:36.951,PENDING,c25bf736040d96af978f325b73e2f2a38cd64416781667c401b9f6c4c1730ec7,7F,Damyanti Khatri,****9825,PAY1611,4488.44,UPI,SpiceJet,MAA,BLR,2026-04-20 19:45:41.703,2026-04-20 20:30:41.703,45.0,MAA -> BLR,Ishaan,Iyer,60,M,i****2@outlook.com,****6943,13d9f5e8e7271fe5a9abd5e8441b9e60d0ae020a6d16a0db50000064b9cdb5ec,1965-09-21
B1067,P1825,SJ160,2025-07-23 11:37:36.951,PENDING,c25bf736040d96af978f325b73e2f2a38cd64416781667c401b9f6c4c1730ec7,7F,Damyanti Khatri,****9825,PAY1825,7570.06,UPI,SpiceJet,MAA,BLR,2026-04-20 19:45:41.703,2026-04-20 20:30:41.703,45.0,MAA -> BLR,Ishaan,Iyer,60,M,i****2@outlook.com,****6943,13d9f5e8e7271fe5a9abd5e8441b9e60d0ae020a6d16a0db50000064b9cdb5ec,1965-09-21
B1067,P1825,SJ160,2025-07-23 11:37:36.951,PENDING,c25bf736040d96af978f325b73e2f2a38cd64416781667c401b9f6c4c1730ec7,7F,Damyanti Khatri,****9825,PAY1871,5374.84,NETBANKING,SpiceJet,MAA,BLR,2026-04-20 19:45:41.703,2026-04-20 20:30:41.703,45.0,MAA -> BLR,Ishaan,Iyer,60,M,i****2@outlook.com,****6943,13d9f5e8e7271fe5a9abd5e8441b9e60d0ae020a6d16a0db50000064b9cdb5ec,1965-09-21
B1068,P1505,UK224,2025-11-22 11:37:36.951,PENDING,4e6c0aada89e3523e1c4cd6c37eda829bbe01cb720cf505c725b4c686c471d84,23A,Dalbir Khosla,****9882,PAY1584,5274.94,NETBANKING,Vistara,CCU,MAA,2026-04-20 16:25:41.704,2026-04-20 20:24:41.704,239.0,CCU -> MAA,Myra,Mehta,89,F,m****a@yahoo.com,****9062,0f9dacfd5542a237c46171c41aac012f6dd02d680e940ef5a8a77f61fae7a03b,1937-03-25
B1069,P1081,UK152,2025-08-02 11:37:36.951,CONFIRMED,a62394e2c13ca2315ea394f03b587a3489bef477d9588ca0f4881b23ce4310c0,16E,Farhan Chada,****6369,PAY1214,14992.95,UPI,Vistara,BOM,CCU,2026-04-20 17:24:41.703,2026-04-20 20:13:41.703,169.0,BOM -> CCU,Kavya,Ghosh,78,M,k****h@rediffmail.com,****3943,3f9232cdc2498959b940812e69456773e250ac18bd8f8041569d71bb752c7234,1948-04-28
B1070,P1598,SJ034,2025-09-22 11:37:36.951,CANCELLED,460fb46958bd358e33d19bf2d0781731e88c4d4ff6bee3674d4da035a45b49a4,15D,Vedika Biswas,****3428,PAY1043,5631.13,NETBANKING,SpiceJet,MAA,BOM,2026-04-20 15:20:41.701,2026-04-20 20:11:41.701,291.0,MAA -> BOM,Aadhya,Gupta,39,M,a****a@yahoo.com,****2797,d469f9896d79e3506d4cf4318234d99ac8cf0015579e26ce39fb665b6b055af1,1987-06-05
B1071,P1001,UK215,2025-12-21 11:37:36.951,CANCELLED,3908c87404af101bb95eb2af92c157053dca2b0c71fc115cb1f977dcd0b49320,15F,Jeremiah Dave,****0870,,,,Vistara,BOM,DEL,2026-04-20 17:38:41.704,2026-04-20 19:50:41.704,132.0,BOM -> DEL,Krishna,Reddy,15,M,k****y@hotmail.com,****2297,6d05ccbeb5011dd59948b882fff86e1a6f7fc0cf41f6598b385f58558830ac18,2011-03-07
B1072,P1203,UK089,2025-08-10 11:37:36.951,CANCELLED,829a5131166353efc36e4b1f9d3ca72ba4d24379164ba1fa6757e3bd9c2eb1c2,18F,Vaishnavi Gandhi,****2708,,,,Vistara,BOM,HYD,2026-04-20 15:38:41.702,2026-04-20 19:50:41.702,252.0,BOM -> HYD,Aadhya,Nair,53,M,a****r@gmail.com,****8221,8225bec4199fe0d8a4aef35181d36b2dcf3cc5fad832a35dd56d049cedfa943e,1972-11-10
B1073,P1661,6F180,2025-12-04 11:37:36.951,CONFIRMED,2f3fda6f401627a4f10cdc01f10605473c1bb1c281f501912116a2d72e2ac3bc,16A,Alka Wable,****4571,,,,IndiGo,MAA,BLR,2026-04-20 15:24:41.703,2026-04-20 19:48:41.703,264.0,MAA -> BLR,Krishna,Nair,28,F,k****r@outlook.com,****3526,c10df894d98b17afe21cce9f8f6aa34358d24340c04c646973349471390a06bf,1998-05-18
B1074,P1804,6F188,2025-09-25 11:37:36.951,CONFIRMED,2b7e5c29878ccee9576d9888bbee5ee8f6fab614742d2f5c6c5bd8c80334f512,7A,Pallavi Kakar,****6104,,,,IndiGo,DEL,HYD,2026-04-20 14:57:41.703,2026-04-20 19:39:41.703,282.0,DEL -> HYD,Muhammad,Banerjee,42,F,m****e@outlook.com,****2930,007fee4561ae91072a51947db8c5055ab7b2b15abcfb57bcf5db240b783ff626,1984-03-08
B1075,P1403,UK131,2026-01-03 11:37:36.951,CONFIRMED,5a8625975fd85a292cbd06dbc38d7d26e047e4ae096b728163dd891967ba07b5,2F,Sai Muni,****7796,,,,Vistara,BOM,DEL,2026-04-20 15:33:41.702,2026-04-20 19:39:41.702,246.0,BOM -> DEL,Myra,Ghosh,6,M,m****1@hotmail.com,****8166,190fde5af21c8960018cdfc067db2d62869a7b5da8e78ec63c244befee9a79f9,2020-09-02
B1076,P1102,UK055,2025-05-04 11:37:36.951,CONFIRMED,dab6677257e0df4d2575951ff59115be6d0dfa8437c7c2100529a7df0904e3e8,12B,Mohini Prakash,****9350,PAY1523,8247.5,CARD,Vistara,HYD,DEL,2026-04-20 16:48:41.701,2026-04-20 19:31:41.701,163.0,HYD -> DEL,Myra,Kulkarni,1,F,m****i@rediffmail.com,****6900,c68555727b39598f5aa32464d86e2f2f7d83ea9bf947246a7ec8e70d9599732e,2025-02-27
B1077,P1535,UK181,2025-05-03 11:37:36.951,PENDING,d6789f8b10569f0b1c1a0792e158d54a3618262807fed1ccbfe675bedf73d16f,3A,Raksha Varughese,****9292,PAY1198,2981.73,NETBANKING,Vistara,MAA,DEL,2026-04-20 16:44:41.703,2026-04-20 19:26:41.703,162.0,MAA -> DEL,Arjun,Pillai,61,F,a****i@gmail.com,****4663,77b5b8604c89f15ad7d6a45b18d13deeb53f415bde4f084a1bc7467769704465,1965-07-26
B1077,P1535,UK181,2025-05-03 11:37:36.951,PENDING,d6789f8b10569f0b1c1a0792e158d54a3618262807fed1ccbfe675bedf73d16f,3A,Raksha Varughese,****9292,PAY1381,8279.97,CARD,Vistara,MAA,DEL,2026-04-20 16:44:41.703,2026-04-20 19:26:41.703,162.0,MAA -> DEL,Arjun,Pillai,61,F,a****i@gmail.com,****4663,77b5b8604c89f15ad7d6a45b18d13deeb53f415bde4f084a1bc7467769704465,1965-07-26
B1078,P1367,6F077,2025-09-21 11:37:36.951,CONFIRMED,daeb52205df087feada170916b6244d00107ecd2266e588b7fb4eed40899c9f7,1B,Siya Dara,****0016,,,,IndiGo,CCU,DEL,2026-04-20 14:55:41.702,2026-04-20 19:13:41.702,258.0,CCU -> DEL,Reyansh,Das,36,F,r****s@outlook.com,****4727,d87ba26bd574b8e3df4195ea53df8f6039d5f76d9adfb2e4cb24faa39d6b6812,1990-03-21
B1079,P1211,SJ085,2025-06-03 11:37:36.951,CONFIRMED,04dd042c1e1ab3ff68ba723e43e89deed7eaac83a5a09a6c50950f1ddfbd6ae6,10D,Yug Kar,****8019,,,,SpiceJet,BLR,MAA,2026-04-20 14:41:41.702,2026-04-20 19:11:41.702,270.0,BLR -> MAA,Ishaan,Agarwal,70,F,i****l@outlook.com,****3564,9903ae656b8e80d7bc6124e59b55e40159661b90af13f658baa966c1d344c9c4,1956-01-17
B1080,P1576,SJ023,2025-06-05 11:37:36.951,CONFIRMED,ed6b7590cce5d1cf929d7e7a9dc8bf82120f7e9abdcc42f478669c79ef27d4b4,22D,Devansh Nigam,****0958,PAY1640,6604.5,UPI,SpiceJet,HYD,MAA,2026-04-20 17:27:41.701,2026-04-20 19:09:41.701,102.0,HYD -> MAA,Ira,Naidu,50,M,i****2@gmail.com,****4545,04fb6e725659192e7258af3c445b33b9d30688c6ce9f6253177bf19c33829f0e,1976-07-17
B1080,P1576,SJ023,2025-06-05 11:37:36.951,CONFIRMED,ed6b7590cce5d1cf929d7e7a9dc8bf82120f7e9abdcc42f478669c79ef27d4b4,22D,Devansh Nigam,****0958,PAY1676,14564.92,CARD,SpiceJet,HYD,MAA,2026-04-20 17:27:41.701,2026-04-20 19:09:41.701,102.0,HYD -> MAA,Ira,Naidu,50,M,i****2@gmail.com,****4545,04fb6e725659192e7258af3c445b33b9d30688c6ce9f6253177bf19c33829f0e,1976-07-17
B1081,P1960,SJ202,2025-11-13 11:37:36.951,CANCELLED,fc5693cfa4ecd4c4169ae4146eb4cd50c46d977fcabd6fae936f04cb2c65dd6e,29C,Ansh Karpe,****8400,,,,SpiceJet,CCU,HYD,2026-04-20 17:21:41.703,2026-04-20 19:08:41.703,107.0,CCU -> HYD,Kavya,Mishra,35,M,k****a@hotmail.com,****8616,050a5260bc8b7a77df5dc8e0c3de849a87d7c92d757d752f56fe4549e5184ae0,1991-07-04
B1082,P1208,SJ150,2025-09-09 11:37:36.951,CANCELLED,8d8e07d18c560ccc64998306492c429138dcb592202f3528e8d15e3b0ae49d3e,30A,Thomas Amble,****4669,,,,SpiceJet,BOM,HYD,2026-04-20 15:33:41.702,2026-04-20 19:03:41.702,210.0,BOM -> HYD,Aarav,Joshi,53,M,a****i@yahoo.com,****7364,30c127b31f382145aeee649383b1a4ed57cbbfef6ada679bbbe40571cc339cc6,1973-05-06
B1083,P1762,SJ116,2025-05-12 11:37:36.951,CANCELLED,7692ebdaa67d0145af8800d55d19e4f5cc7b15fa640536b30e6fd05c6783fcd4,9A,Ekavir Bhargava,****4087,PAY1467,6777.38,NETBANKING,SpiceJet,HYD,CCU,2026-04-20 17:33:41.702,2026-04-20 19:02:41.702,89.0,HYD -> CCU,Sara,Nair,30,M,s****r@rediffmail.com,****0057,98512320957d707f7508f81ea4d35bf737d4e55b9537017ecc078de444080313,1996-06-26
B1084,P1896,6F270,2025-06-14 11:37:36.951,PENDING,a73f4fb59b6adb795facf290c7ed40ee09e7b2e549c3801315fab3501284fe55,16E,Veer Bir,****8688,,,,IndiGo,HYD,MAA,2026-04-20 18:14:41.701,2026-04-20 19:02:41.701,48.0,HYD -> MAA,Saanvi,Khan,55,F,s****1@yahoo.com,****8745,e001c9e0547819a886ad167a3a565e3194a0a97b1fe17f3811ba6456e687e90d,1971-06-08
B1085,P1116,UK150,2026-03-24 11:37:36.951,PENDING,b5445c25a22ff18266161cffe871f660364a294ff5ad901e15961e3e920a0c8b,12A,Azad Narayanan,****9329,PAY1976,11410.8,NETBANKING,Vistara,DEL,CCU,2026-04-20 18:31:41.703,2026-04-20 19:01:41.703,30.0,DEL -> CCU,Vivaan,Ghosh,73,F,v****h@yahoo.com,****8866,b5c43490f6f69b8a1a5a2fc11ab1176d02a85bea1c4cd1683b7a4daad8fdd396,1953-03-15
B1086,P1627,SJ237,2026-02-16 11:37:36.951,CONFIRMED,353ce93dac98d0e1fe3daea08524868a077864020801fe4fed7b873911e26bcd,5D,Ekavir Varkey,****3483,PAY1421,3704.21,UPI,SpiceJet,BOM,CCU,2026-04-20 16:32:41.704,2026-04-20 19:00:41.704,148.0,BOM -> CCU,Aditya,Iyer,20,M,a****r@hotmail.com,****4695,7b3e2f27348867c295774a387bd52fd03adf330da67e030292135e711a58b83c,2005-10-06
B1086,P1627,SJ237,2026-02-16 11:37:36.951,CONFIRMED,353ce93dac98d0e1fe3daea08524868a077864020801fe4fed7b873911e26bcd,5D,Ekavir Varkey,****3483,PAY1610,1169.75,UPI,SpiceJet,BOM,CCU,2026-04-20 16:32:41.704,2026-04-20 19:00:41.704,148.0,BOM -> CCU,Aditya,Iyer,20,M,a****r@hotmail.com,****4695,7b3e2f27348867c295774a387bd52fd03adf330da67e030292135e711a58b83c,2005-10-06
B1087,P1748,AI221,2025-05-08 11:37:36.951,CANCELLED,b5b24442fce4fc3e4c47c334e5aafda02cad58497dd565ba95194ee25a76de21,2F,Wazir Mallick,****8674,PAY1183,1154.4,NETBANKING,Air India,MAA,HYD,2026-04-20 16:18:41.703,2026-04-20 18:54:41.703,156.0,MAA -> HYD,Sara,Singh,51,M,s****1@hotmail.com,****3959,7ec0ba61e7592167666b0d33b10102b47368eab376ececa93472af87ea0793ad,1975-06-11
B1087,P1748,AI221,2025-05-08 11:37:36.951,CANCELLED,b5b24442fce4fc3e4c47c334e5aafda02cad58497dd565ba95194ee25a76de21,2F,Wazir Mallick,****8674,PAY1278,2037.52,UPI,Air India,MAA,HYD,2026-04-20 16:18:41.703,2026-04-20 18:54:41.703,156.0,MAA -> HYD,Sara,Singh,51,M,s****1@hotmail.com,****3959,7ec0ba61e7592167666b0d33b10102b47368eab376ececa93472af87ea0793ad,1975-06-11
B1088,P1477,SJ081,2026-03-25 11:37:36.951,PENDING,787ca2cc91810d7a593c9a3f8790425f9de3c537a5036212e39ed11d114f0712,31A,Vedika Kala,****7433,PAY1940,7375.1,UPI,SpiceJet,BOM,BLR,2026-04-20 17:04:41.702,2026-04-20 18:53:41.702,109.0,BOM -> BLR,Kavya,Mishra,51,F,k****a@rediffmail.com,****8642,467634d29e1a6a3ea199e8d8f2c701689021fc1c9e87b279cda71879806efad1,1975-06-20
B1089,P1104,UK189,2025-09-03 11:37:36.951,CANCELLED,9fe4832e466051710b143e91a6643907017d4554ae77e31fdd4147b57dcad8b0,25F,Kevin Solanki,****1422,,,,Vistara,BLR,MAA,2026-04-20 15:07:41.703,2026-04-20 18:51:41.703,224.0,BLR -> MAA,Vivaan, Verma,88,F,v****a@gmail.com,****1100,3b81408f19a70d5bf1bf311ed06518dfb625d4cb08dd07bd8af23bf435d61d88,1938-06-03
B1090,P1494,SJ068,2025-05-16 11:37:36.951,PENDING,7839eaee1278bad25669ee52fa112e4613f33625938f198a2c7e5da28f65288a,31C,Xavier Solanki,****1775,,,,SpiceJet,BLR,BOM,2026-04-20 16:44:41.701,2026-04-20 18:48:41.701,124.0,BLR -> BOM,Krishna,Chatterjee,81,F,k****e@gmail.com,****9140,4b9d37b10fcbaed876a4885e842dab3b470a63e05da5f3fe2946c7d27a2602d1,1945-03-16
B1091,P1770,6F043,2025-08-18 11:37:36.951,PENDING,dc742f97ecc693fb1c1711a3f47c48f970b04e254c884f5fc16b4200f8a8ef15,25D,Niharika Gupta,****1387,,,,IndiGo,BOM,HYD,2026-04-20 17:17:41.701,2026-04-20 18:43:41.701,86.0,BOM -> HYD,Myra,Mehta,17,M,m****1@yahoo.com,****5620,1e2df802d64c5bf009023f8db6edd1582e1c0aa7dc0463fc20dac843cb272c78,2009-06-05
B1092,P1045,UK187,2026-03-18 11:37:36.951,CONFIRMED,eeefb195c43465650e41222d8ec02280cbfa2d906e7b9e21af76d5308ac9485e,16D,Girindra Chatterjee,****6973,PAY1171,9120.54,UPI,Vistara,BLR,BOM,2026-04-20 16:52:41.703,2026-04-20 18:42:41.703,110.0,BLR -> BOM,Kavya,Reddy,39,M,k****y@yahoo.com,****3159,09348897270fc901944cef8228573d58fbc84250d3e8568b48284a1d42c1f7cf,1987-05-04
B1092,P1045,UK187,2026-03-18 11:37:36.951,CONFIRMED,eeefb195c43465650e41222d8ec02280cbfa2d906e7b9e21af76d5308ac9485e,16D,Girindra Chatterjee,****6973,PAY1786,5439.03,CARD,Vistara,BLR,BOM,2026-04-20 16:52:41.703,2026-04-20 18:42:41.703,110.0,BLR -> BOM,Kavya,Reddy,39,M,k****y@yahoo.com,****3159,09348897270fc901944cef8228573d58fbc84250d3e8568b48284a1d42c1f7cf,1987-05-04
B1092,P1045,UK187,2026-03-18 11:37:36.951,CONFIRMED,eeefb195c43465650e41222d8ec02280cbfa2d906e7b9e21af76d5308ac9485e,16D,Girindra Chatterjee,****6973,PAY1893,1339.36,NETBANKING,Vistara,BLR,BOM,2026-04-20 16:52:41.703,2026-04-20 18:42:41.703,110.0,BLR -> BOM,Kavya,Reddy,39,M,k****y@yahoo.com,****3159,09348897270fc901944cef8228573d58fbc84250d3e8568b48284a1d42c1f7cf,1987-05-04
B1093,P1822,UK074,2025-05-11 11:37:36.951,CONFIRMED,c6dfeae13ecd8e6996b85377bb6310f13e68dfd2cf3cb1d3e88fdcd90ba886b1,25E,Raagini Pandya,****0231,,,,Vistara,BOM,DEL,2026-04-20 16:44:41.702,2026-04-20 18:41:41.702,117.0,BOM -> DEL,Ira,Agarwal,55,M,i****l@yahoo.com,****5531,02fdcc3715d2b105f0cd024e8df0d7d7261da98d03d0f4b1f66f825180243d2c,1970-11-01
B1094,P1330,UK004,2026-01-07 11:37:36.951,PENDING,95c4cf1c17f97b6f005ab9388c5dbd699c0322a48599e6583859784d51fc5367,24C,Pallavi Roy,****7557,PAY1400,6923.06,CARD,Vistara,BOM,CCU,2026-04-20 17:56:41.700,2026-04-20 18:30:41.700,34.0,BOM -> CCU,Myra,Agarwal,53,F,m****l@outlook.com,****9637,361edeb47425565a2beb78cbb0bb344a57d0562e83bba12ec449a2453e65c176,1973-06-26
B1094,P1330,UK004,2026-01-07 11:37:36.951,PENDING,95c4cf1c17f97b6f005ab9388c5dbd699c0322a48599e6583859784d51fc5367,24C,Pallavi Roy,****7557,PAY1412,10637.23,CARD,Vistara,BOM,CCU,2026-04-20 17:56:41.700,2026-04-20 18:30:41.700,34.0,BOM -> CCU,Myra,Agarwal,53,F,m****l@outlook.com,****9637,361edeb47425565a2beb78cbb0bb344a57d0562e83bba12ec449a2453e65c176,1973-06-26
B1095,P1215,6F194,2025-07-30 11:37:36.951,CONFIRMED,3780979a5959ac4faa776a59f56c65b366f92e3d05c07fbe37b67c4b3074aa35,14B,Unni Bhagat,****2655,,,,IndiGo,BOM,CCU,2026-04-20 16:29:41.703,2026-04-20 18:27:41.703,118.0,BOM -> CCU,Ira,Naidu,75,M,i****u@outlook.com,****5488,6620ac00b7766d2aa3de337afc685196b243ac9de44b66037b684a914bbaa814,1951-08-01
B1096,P1981,UK068,2026-01-03 11:37:36.951,PENDING,b80bb2ec148699cb0a5dc2f100eb3af521e99b0b5b32ceb4a78b26ce3c02df54,12B,Guneet Bhat,****8767,PAY1336,9995.45,NETBANKING,Vistara,BLR,MAA,2026-04-20 16:28:41.701,2026-04-20 18:09:41.701,101.0,BLR -> MAA,Diya,Gupta,60,F,d****a@yahoo.com,****8818,df6b7f445a15aad15025ac6d3e977a1174eea591e6055ebc9949c7edade1bbc1,1966-07-22
B1096,P1981,UK068,2026-01-03 11:37:36.951,PENDING,b80bb2ec148699cb0a5dc2f100eb3af521e99b0b5b32ceb4a78b26ce3c02df54,12B,Guneet Bhat,****8767,PAY1834,8168.44,UPI,Vistara,BLR,MAA,2026-04-20 16:28:41.701,2026-04-20 18:09:41.701,101.0,BLR -> MAA,Diya,Gupta,60,F,d****a@yahoo.com,****8818,df6b7f445a15aad15025ac6d3e977a1174eea591e6055ebc9949c7edade1bbc1,1966-07-22
B1097,P1959,6F017,2025-08-26 11:37:36.951,PENDING,f7e02a56d9f1abe890dbafe442a14b1660fc9b577d164ddf3ba99ce2b77fdffa,34F,Neha Nori,****9257,,,,IndiGo,CCU,BOM,2026-04-20 15:25:41.701,2026-04-20 18:06:41.701,161.0,CCU -> BOM,Sai,Khan,38,M,s****n@outlook.com,****0101,a219f9c062899e65b06a5ee68ad6a9a6e1f0c2bc8bcaabbe57202120aece937c,1988-08-25
B1098,P1491,6F245,2025-10-15 11:37:36.951,PENDING,fb89aebe8aba117049d91464dd47586b549d7d7f03aca0dd4f7b4390eebad7cc,13D,Ikbal Kothari,****0675,PAY1768,10455.66,CARD,IndiGo,CCU,BOM,2026-04-20 15:25:41.701,2026-04-20 18:06:41.701,161.0,CCU -> BOM,Shaurya,Khan,1,M,s****n@hotmail.com,****7296,d95cd20b5d527dd0f8d1766803d4bcdd6e7877ceddc88229ce75b567ecf1e7da,2024-10-26
B1099,P1812,6F254,2025-12-07 11:37:36.951,CONFIRMED,693da76722da27aea25f7aba4cebcb0690a886150638ba2eebbab7940d415d0f,26E,Rehaan Gupta,****5408,,,,IndiGo,MAA,BLR,2026-04-20 14:26:41.703,2026-04-20 18:01:41.703,215.0,MAA -> BLR,Muhammad,Patel,46,F,m****l@yahoo.com,****0681,2a1e9f52e0499201e74d294e8824948b648e038719b1dc2c8064ffb0b76770f6,1980-01-05
B1100,P1921,UK077,2026-03-05 11:37:36.951,CONFIRMED,eb419af2876a17e8da966fc8cddd2979c490e492aa67c9e0ce32bb667be34bcc,16D,Saumya Dey,****2423,,,,Vistara,HYD,BOM,2026-04-20 16:22:41.702,2026-04-20 18:00:41.702,98.0,HYD -> BOM,Ishaan,Chatterjee,4,M,i****1@hotmail.com,****6961,e0f65046e76f3d652ab9f5bee190267c810474e56c6fa39a73eb98dae8d86d01,2021-12-10
B1101,P1844,AI029,2025-07-19 11:37:36.951,CONFIRMED,2b318a4903e34f1dc87206c36862559a5b0509e15db3d18b36ffa4e093f535ed,3D,Pahal Goswami,****0041,PAY1853,2214.47,CARD,Air India,MAA,DEL,2026-04-20 13:29:41.701,2026-04-20 17:53:41.701,264.0,MAA -> DEL,Vivaan,Pillai,59,F,v****1@rediffmail.com,****4641,7b301a07d8022fcbaf92006f9790e4e5c3d0302bc06997b2e3548e54dd841738,1967-07-11
B1103,P1535,AI242,2025-08-08 11:37:36.951,CANCELLED,da51ed01fc777418bd54cbd22abb9679cbaefa928a792346da5bbbac7e4c90b2,20D,Zaid Borra,****0195,PAY1217,10750.13,NETBANKING,Air India,BLR,CCU,2026-04-20 16:41:41.704,2026-04-20 17:43:41.704,62.0,BLR -> CCU,Arjun,Pillai,61,F,a****i@gmail.com,****4663,77b5b8604c89f15ad7d6a45b18d13deeb53f415bde4f084a1bc7467769704465,1965-07-26
B1103,P1535,AI242,2025-08-08 11:37:36.951,CANCELLED,da51ed01fc777418bd54cbd22abb9679cbaefa928a792346da5bbbac7e4c90b2,20D,Zaid Borra,****0195,PAY1398,3312.42,NETBANKING,Air India,BLR,CCU,2026-04-20 16:41:41.704,2026-04-20 17:43:41.704,62.0,BLR -> CCU,Arjun,Pillai,61,F,a****i@gmail.com,****4663,77b5b8604c89f15ad7d6a45b18d13deeb53f415bde4f084a1bc7467769704465,1965-07-26
B1104,P1510,AI242,2025-09-12 11:37:36.951,CANCELLED,c2b4835877d40b7a2f74add8237548e055a054b31dcfee5c65a727f549b8bfa7,16E,Saanvi Chaudhari,****1992,,,,Air India,BLR,CCU,2026-04-20 16:41:41.704,2026-04-20 17:43:41.704,62.0,BLR -> CCU,Diya,Chatterjee,23,M,d****e@outlook.com,****4887,fb9d06adb18b4ad22b9db1ab4c994cc7dd443b4dfe1b195976ccd061ad92f928,2002-12-19
B1105,P1457,SJ044,2025-09-11 11:37:36.951,CONFIRMED,1d3dac43b1594a125129d3589980032e017addb2af0d76cbcdb6970d3cffed4a,19F,Chandresh Zachariah,****2865,PAY1635,14294.21,UPI,SpiceJet,DEL,CCU,2026-04-20 15:06:41.701,2026-04-20 17:43:41.701,157.0,DEL -> CCU,Arjun,Mishra,52,M,a****a@outlook.com,****4998,fdb8116d1be2fd77eed31c0f45aed710c50c6f19ec348c17f678b29f3ea67bed,1974-09-14
B1106,P1546,UK063,2025-09-01 11:37:36.951,CONFIRMED,60b7af71e1bbb27bcfa3e329467ab95b4f47075c13b129a2c7f77acdffd970b5,21F,Alexander Chander,****7368,,,,Vistara,DEL,BOM,2026-04-20 16:29:41.701,2026-04-20 17:41:41.701,72.0,DEL -> BOM,Aadhya,Kulkarni,11,F,a****i@yahoo.com,****0442,7aeb2b3127a3f6f2ee0cf342d7594c539e58fceb0e99538e16ad1d33ac693d39,2014-12-03
B1107,P1535,AI056,2025-05-19 11:37:36.951,CONFIRMED,6a1fb7f1be0bccc719128235c39490c426edc0e75bffc7ccedef555c58ef7fe3,30F,Warjas Ganesan,****1339,,,,Air India,DEL,MAA,2026-04-20 13:44:41.701,2026-04-20 17:39:41.701,235.0,DEL -> MAA,Arjun,Pillai,61,F,a****i@gmail.com,****4663,77b5b8604c89f15ad7d6a45b18d13deeb53f415bde4f084a1bc7467769704465,1965-07-26
B1108,P1539,UK207,2025-10-11 11:37:36.951,CANCELLED,324fbc9c9b6f4a77972f5f7155e1baf03209043f5b91233edb2ad37b8b76c2d4,14B,Niharika Sunder,****0049,,,,Vistara,MAA,CCU,2026-04-20 16:21:41.703,2026-04-20 17:36:41.703,75.0,MAA -> CCU,Anika,Nair,71,M,a****r@rediffmail.com,****1568,89d4055d9b7906a2c84d41da80515f14f3419ff51e93a6c1db7787332f203a8f,1955-02-01
B1109,P1483,UK166,2025-12-03 11:37:36.951,CANCELLED,320a00e4dcb1563612c50d8a3682de94cbfb905cbe279cc8f304278ac007eace,33D,Vasana Kala,****1363,PAY1602,13080.08,NETBANKING,Vistara,HYD,MAA,2026-04-20 12:39:41.703,2026-04-20 17:32:41.703,293.0,HYD -> MAA,Arjun,Das,39,F,a****1@hotmail.com,****9237,f70cc1d2856cb3d9c66e96e4447eb95f165f1c450a700ee1a31417d9947581ac,1986-11-22
B1110,P1975,6F261,2025-12-17 11:37:36.951,PENDING,3f1988a5001b2e1bc8660720ab460f52b397a7dcdd1678cdfd6c28322a2d06c2,12B,Nandini Bhargava,****8743,,,,IndiGo,CCU,DEL,2026-04-20 14:31:41.703,2026-04-20 17:29:41.703,178.0,CCU -> DEL,Riya,Patel,22,M,r****l@gmail.com,****0408,2763b9faba19df5d92790a43a4e15abbbc651920dc8890e0bf9a56df3835d09f,2004-07-18
B1111,P1999,UK134,2025-12-25 11:37:36.951,CANCELLED,931436b7fc1d5cfffc56146a26515320beb07e248cee82efadb991d9f3a83c5e,34A,Nitesh Raghavan,****0327,,,,Vistara,HYD,CCU,2026-04-20 13:44:41.702,2026-04-20 17:26:41.702,222.0,HYD -> CCU,Ananya,Pillai,13,F,a****2@yahoo.com,****9290,fcc1c9874b9f34835fc3aa169eccfd1953f43c8f3fa3646cb5f1fa746c95c8de,2012-12-15
B1112,P1015,6F152,2025-10-02 11:37:36.951,PENDING,549b6d9a573b2201670570152d6aaf9917953310122c1fd0f5f1b8136998daae,27A,Aarnav Ramakrishnan,****0611,PAY1331,10855.19,UPI,IndiGo,CCU,DEL,2026-04-20 15:21:41.703,2026-04-20 17:25:41.703,124.0,CCU -> DEL,Aadhya,Verma,88,F,a****a@gmail.com,****0141,d70bbd933fb62ae559b38998053c0fef4e5ea8498d7056cec5906af99cad0a16,1938-05-26
B1112,P1015,6F152,2025-10-02 11:37:36.951,PENDING,549b6d9a573b2201670570152d6aaf9917953310122c1fd0f5f1b8136998daae,27A,Aarnav Ramakrishnan,****0611,PAY1499,9807.59,NETBANKING,IndiGo,CCU,DEL,2026-04-20 15:21:41.703,2026-04-20 17:25:41.703,124.0,CCU -> DEL,Aadhya,Verma,88,F,a****a@gmail.com,****0141,d70bbd933fb62ae559b38998053c0fef4e5ea8498d7056cec5906af99cad0a16,1938-05-26
B1113,P1570,SJ089,2025-11-23 11:37:36.951,CONFIRMED,789f60f2609362220be53b346448ec96e5328b933250c83673c8127d067060f2,5A,Alka Sha,****3389,PAY1316,9457.62,UPI,SpiceJet,HYD,CCU,2026-04-20 12:42:41.702,2026-04-20 17:15:41.702,273.0,HYD -> CCU,Ananya,Reddy,7,M,a****y@rediffmail.com,****3640,f96624c8f7c5f07dc626ba97b00ff0e4d06a5356aa3abaf07a07dac6941ec7a1,2019-06-18
B1114,P1976,6F123,2025-09-26 11:37:36.951,CANCELLED,8dfedddcce75255575c53951ce274f62d6a5dfb6bba9f99cd1d497dda63f7a54,2E,Bhavika Sampath,****8435,PAY1061,8187.33,NETBANKING,IndiGo,DEL,HYD,2026-04-20 15:26:41.702,2026-04-20 17:12:41.702,106.0,DEL -> HYD,Reyansh,Khan,60,M,r****n@hotmail.com,****6986,d5d7165ab204f4bfc03ac7a4ae3326bec1218fd8dc1e2b8ebe54e6b1d5a57c60,1966-04-27
B1115,P1242,AI025,2025-08-23 11:37:36.951,CONFIRMED,26050249f05f3f74ae93aecaf8510fd8f754273786b36f388d7b6756c60f32f3,10A,Vidhi Dubey,****1024,PAY1136,8185.02,UPI,Air India,HYD,DEL,2026-04-20 14:46:41.701,2026-04-20 17:11:41.701,145.0,HYD -> DEL,Ishaan,Nair,81,M,i****1@yahoo.com,****7294,2e23596e4c10c4bb87945cb52d1b644b2629debb7b7e356ddc7d2fba1f3c1e21,1944-12-21
B1116,P1949,6F030,2025-12-05 11:37:36.951,CONFIRMED,89c9ea9c8f3c9e814c565ec654ca76141debb09154b451792001424a3669062b,19B,Ranveer Minhas,****1177,PAY1000,9883.49,NETBANKING,IndiGo,BOM,DEL,2026-04-20 14:20:41.701,2026-04-20 17:10:41.701,170.0,BOM -> DEL,Saanvi,Ghosh,2,M,s****h@hotmail.com,****1333,0ed5c64d61f8c7f12b02edac1df9ac3f4332511aa6dd01585ee992b4a2376c80,2024-04-06
B1117,P1206,SJ222,2025-09-02 11:37:36.951,CONFIRMED,872278f4b558af07da25e8c83ddb0b4f2b5d47e01ea7f86cf70f9e2ca2703e4a,28F,Teerth Bhardwaj,****6273,PAY1737,11125.21,CARD,SpiceJet,BOM,DEL,2026-04-20 14:15:41.703,2026-04-20 17:09:41.703,174.0,BOM -> DEL,Diya,Banerjee,19,M,d****e@rediffmail.com,****7032,de2033cdb8f24ca2362e2925dc6591276b17d61d6a5482f97fff6d6a000388e5,2007-05-15
B1117,P1206,SJ222,2025-09-02 11:37:36.951,CONFIRMED,872278f4b558af07da25e8c83ddb0b4f2b5d47e01ea7f86cf70f9e2ca2703e4a,28F,Teerth Bhardwaj,****6273,PAY1926,13517.5,UPI,SpiceJet,BOM,DEL,2026-04-20 14:15:41.703,2026-04-20 17:09:41.703,174.0,BOM -> DEL,Diya,Banerjee,19,M,d****e@rediffmail.com,****7032,de2033cdb8f24ca2362e2925dc6591276b17d61d6a5482f97fff6d6a000388e5,2007-05-15
B1118,P1911,UK109,2026-04-03 11:37:36.951,CONFIRMED,fc3df106b0b211795b8d39ff375b53dce925e9080ec53a4af57a0f4d733148b2,34B,Darsh Murthy,****2542,,,,Vistara,BLR,BOM,2026-04-20 16:06:41.702,2026-04-20 17:06:42.000,60.00496666666666,BLR -> BOM,Shaurya,Joshi,62,F,s****2@rediffmail.com,****7962,88bd845dc0f85f03a601682d6cb294448ca5aa3da0da7e226721092ca3b1798a,1964-03-12
B1119,P1270,SJ117,2025-11-25 11:37:36.951,CANCELLED,11657afab1fb6dc9b513a3f42617d9e039ee25b915dad9f4a6ea448c16c90c2d,21F,Dakshesh Bedi,****5920,PAY1764,14344.34,NETBANKING,SpiceJet,MAA,BLR,2026-04-20 13:10:41.702,2026-04-20 17:06:41.702,236.0,MAA -> BLR,Reyansh,Nair,24,M,r****r@gmail.com,****9475,622f950d3654b4a90256a6474f1633e5cf60269aaf708814f9d7c0114b8bd108,2002-07-11
B1119,P1270,SJ117,2025-11-25 11:37:36.951,CANCELLED,11657afab1fb6dc9b513a3f42617d9e039ee25b915dad9f4a6ea448c16c90c2d,21F,Dakshesh Bedi,****5920,PAY1933,7924.37,CARD,SpiceJet,MAA,BLR,2026-04-20 13:10:41.702,2026-04-20 17:06:41.702,236.0,MAA -> BLR,Reyansh,Nair,24,M,r****r@gmail.com,****9475,622f950d3654b4a90256a6474f1633e5cf60269aaf708814f9d7c0114b8bd108,2002-07-11
B1120,P1760,SJ142,2025-08-12 11:37:36.951,CONFIRMED,b84615456a996ebe5853dd99e9bbd2d5efa4e92e9c7b1906800e7687f7414715,12D,Vansha Thakkar,****9377,PAY1267,1037.82,CARD,SpiceJet,CCU,BOM,2026-04-20 15:14:41.702,2026-04-20 16:56:41.702,102.0,CCU -> BOM,Sai,Agarwal,88,M,s****l@outlook.com,****3255,4996c1d46d0362843b93db68b44ce05796bcb3c905f42fed27ec2e8cca8b1fb5,1938-03-04
B1120,P1760,SJ142,2025-08-12 11:37:36.951,CONFIRMED,b84615456a996ebe5853dd99e9bbd2d5efa4e92e9c7b1906800e7687f7414715,12D,Vansha Thakkar,****9377,PAY1573,1533.66,UPI,SpiceJet,CCU,BOM,2026-04-20 15:14:41.702,2026-04-20 16:56:41.702,102.0,CCU -> BOM,Sai,Agarwal,88,M,s****l@outlook.com,****3255,4996c1d46d0362843b93db68b44ce05796bcb3c905f42fed27ec2e8cca8b1fb5,1938-03-04
B1121,P1993,SJ142,2025-06-01 11:37:36.951,PENDING,d6c9529c06c807cbd2b93128349d63a1ddc1158acaad1ad9e1fc2ff26388e1c7,17C,Nakul Bhandari,****9980,,,,SpiceJet,CCU,BOM,2026-04-20 15:14:41.702,2026-04-20 16:56:41.702,102.0,CCU -> BOM,Muhammad,Naidu,41,M,m****1@rediffmail.com,****0435,390d09719a79b4899443c13c9cffd1cc34b6d1128a8433aa847b3730643764b5,1984-10-02
B1122,P1778,AI030,2025-05-02 11:37:36.951,CANCELLED,14b099409634db76e54dd2740662d7fdf53e6ee427db166ef74d444e3fd8d123,20B,Yashoda Buch,****0459,,,,Air India,CCU,HYD,2026-04-20 13:33:41.701,2026-04-20 16:52:41.701,199.0,CCU -> HYD,Krishna,Verma,53,F,k****1@gmail.com,****6140,c9f9ad1fa70fd0ea6eead332e4435555f0a7fb16ded8d00ff40c47fde5fcaa58,1973-04-02
B1123,P1704,6F097,2025-09-23 11:37:36.951,CONFIRMED,84b99269d7259fde4f6cc144fabcc29e82433a2ed4f5ca68aeffb158142f79bb,8A,Quincy Biswas,****3440,PAY1745,6074.04,UPI,IndiGo,BLR,BOM,2026-04-20 15:32:41.702,2026-04-20 16:49:41.702,77.0,BLR -> BOM,Shaurya,Singh,81,F,s****h@rediffmail.com,****7514,83fe0652594ae4b79729aaf1a884eb7fdfcf0832d5d90e2684b2ffc6dd9bf595,1945-02-06
B1123,P1704,6F097,2025-09-23 11:37:36.951,CONFIRMED,84b99269d7259fde4f6cc144fabcc29e82433a2ed4f5ca68aeffb158142f79bb,8A,Quincy Biswas,****3440,PAY1880,8451.44,NETBANKING,IndiGo,BLR,BOM,2026-04-20 15:32:41.702,2026-04-20 16:49:41.702,77.0,BLR -> BOM,Shaurya,Singh,81,F,s****h@rediffmail.com,****7514,83fe0652594ae4b79729aaf1a884eb7fdfcf0832d5d90e2684b2ffc6dd9bf595,1945-02-06
B1124,P1846,6F129,2025-05-23 11:37:36.951,CANCELLED,789b2151d973ab83196726feb632ac5789d32c504f0fe0cc23d232eee93c006b,5C,Ekansh Keer,****1753,PAY1498,2030.14,UPI,IndiGo,DEL,CCU,2026-04-20 14:28:41.702,2026-04-20 16:47:41.702,139.0,DEL -> CCU,Vivaan,Verma,7,M,v****a@rediffmail.com,****0238,0872a0fff17f75c097bb7780855746a8e48a776288391dd8a2f165e78b3f989b,2019-05-04
B1124,P1846,6F129,2025-05-23 11:37:36.951,CANCELLED,789b2151d973ab83196726feb632ac5789d32c504f0fe0cc23d232eee93c006b,5C,Ekansh Keer,****1753,PAY1860,13723.54,UPI,IndiGo,DEL,CCU,2026-04-20 14:28:41.702,2026-04-20 16:47:41.702,139.0,DEL -> CCU,Vivaan,Verma,7,M,v****a@rediffmail.com,****0238,0872a0fff17f75c097bb7780855746a8e48a776288391dd8a2f165e78b3f989b,2019-05-04
B1125,P1729,6F181,2026-01-15 11:37:36.951,PENDING,a0cab12df09a40743a1fc7ce3ed9fb2a1e34ac04ffe01dd12371d254642e679d,27E,Netra Dar,****5564,,,,IndiGo,BOM,MAA,2026-04-20 14:55:41.703,2026-04-20 16:43:41.703,108.0,BOM -> MAA,Aarav,Naidu,39,F,a****1@rediffmail.com,****3527,e782ddd56e7c6f74bdd2a6982c35c9ff97eda085f054e61ac95180425f66259b,1987-06-01
B1126,P1114,AI072,2025-10-20 11:37:36.951,CONFIRMED,1662c7047ff4c2abcd8d6f075904881a62dcd6cfa8bf5029254e7c3dd6832489,10E,Yatin Baral,****6718,,,,Air India,BLR,CCU,2026-04-20 15:34:41.702,2026-04-20 16:32:41.702,58.0,BLR -> CCU,Anika,Sharma,28,F,a****a@yahoo.com,****4337,834222f901b040f29025c6ec1b92b5334e153a846ce01b24a62febf731f30014,1998-09-03
B1127,P1579,SJ154,2025-06-29 11:37:36.951,PENDING,e8cfa1e951a826718bed6fba2eb04abaf6f73e9d871a8f955b3b3f2707306a09,2E,Finn Saini,****6141,,,,SpiceJet,BLR,HYD,2026-04-20 14:47:41.702,2026-04-20 16:26:41.702,99.0,BLR -> HYD,Kavya,Nair,5,F,k****r@rediffmail.com,****8293,0fb10ac023f75c9ce956d1165eb02e897a29964cc7d50ae69a240d4127a7cfb5,2021-03-27
B1128,P1298,AI031,2026-04-08 11:37:36.951,CONFIRMED,742f734c2767995416630cc08e1d30bf669cc7e129c65bdc006aadd0a9e78a0e,10D,Diya Lal,****9264,,,,Air India,DEL,MAA,2026-04-20 13:05:41.701,2026-04-20 16:11:41.701,186.0,DEL -> MAA,Ananya,Kulkarni,47,M,a****i@hotmail.com,****2052,11099eff4388d9f25f5af24770c56eaba68a962448008dafe5f0198517f25e20,1978-09-27
B1129,P1836,AI031,2025-09-18 11:37:36.951,PENDING,c410880c10b4e3fc7564b09a079906272d778905c35de2fea445a7588fb7724f,26F,Samarth Murthy,****4894,PAY1046,12008.51,UPI,Air India,DEL,MAA,2026-04-20 13:05:41.701,2026-04-20 16:11:41.701,186.0,DEL -> MAA,Saanvi,Chatterjee,14,M,s****e@outlook.com,****6189,abfad1bb2a35aca832855816b668ce20cad52b3c29fe41fc0271fffd89bbad17,2012-08-04
B1130,P1482,6F158,2025-12-26 11:37:36.951,CONFIRMED,f09c0a93b6e2e17f6d074be07ea4737344d3cc00dc7f0e25cb34d16c37f9e0e4,34E,William Lanka,****1553,,,,IndiGo,CCU,MAA,2026-04-20 11:58:41.703,2026-04-20 16:04:41.703,246.0,CCU -> MAA,Saanvi,Singh,32,M,s****h@outlook.com,****5743,5c75284d93ced48c0c2b3892d5949c74b09dd01b90e4c031b25fb8566faa2f20,1993-10-22
B1131,P1396,6F184,2025-06-16 11:37:36.951,CANCELLED,2b93216a02a743cebeffd49b6bc7e3fea828e5bdd95db47fffa084819d325ef7,1C,Meghana Deep,****6703,PAY1553,3592.91,UPI,IndiGo,MAA,BOM,2026-04-20 13:05:41.703,2026-04-20 16:04:41.703,179.0,MAA -> BOM,Vivaan,Mishra,53,F,v****a@gmail.com,****5747,0d68ecd4e646e75b440c17880c3dfc216bf8a698433d6af42ec110ec2c1c7aa7,1972-11-01
B1132,P1393,UK141,2025-06-20 11:37:36.951,CONFIRMED,706954c03a671001c7fba577294209a25b6c020b641dd8fb2efeaf52e7ba92f4,10D,Charita Shankar,****2875,PAY1462,2045.26,UPI,Vistara,HYD,MAA,2026-04-20 13:38:41.703,2026-04-20 15:59:41.703,141.0,HYD -> MAA,Ishaan,Reddy,42,M,i****y@gmail.com,****5378,0f3fc4f2ca22625e5a7c1b6c084fd94191a2382898eb319fc0c22055d700ad55,1984-01-21
B1132,P1393,UK141,2025-06-20 11:37:36.951,CONFIRMED,706954c03a671001c7fba577294209a25b6c020b641dd8fb2efeaf52e7ba92f4,10D,Charita Shankar,****2875,PAY1826,2632.44,UPI,Vistara,HYD,MAA,2026-04-20 13:38:41.703,2026-04-20 15:59:41.703,141.0,HYD -> MAA,Ishaan,Reddy,42,M,i****y@gmail.com,****5378,0f3fc4f2ca22625e5a7c1b6c084fd94191a2382898eb319fc0c22055d700ad55,1984-01-21
B1133,P1074,6F168,2025-12-29 11:37:36.951,CANCELLED,d378f468ed0457718dd6adc6ce43a1e1d97ec4e93ffeac715a5c81c61ccee85f,23D,Diya Bora,****2496,PAY1395,12903.74,NETBANKING,IndiGo,HYD,DEL,2026-04-20 12:18:41.703,2026-04-20 15:58:41.703,220.0,HYD -> DEL,Riya,Patel,34,F,r****l@hotmail.com,****9588,c6e381cad07a50baad8ea39c41b0fa07d9b20f5e3a65aaf30a04a2476091f421,1992-09-09
B1133,P1074,6F168,2025-12-29 11:37:36.951,CANCELLED,d378f468ed0457718dd6adc6ce43a1e1d97ec4e93ffeac715a5c81c61ccee85f,23D,Diya Bora,****2496,PAY1951,1296.69,NETBANKING,IndiGo,HYD,DEL,2026-04-20 12:18:41.703,2026-04-20 15:58:41.703,220.0,HYD -> DEL,Riya,Patel,34,F,r****l@hotmail.com,****9588,c6e381cad07a50baad8ea39c41b0fa07d9b20f5e3a65aaf30a04a2476091f421,1992-09-09
B1134,P1977,6F051,2025-07-28 11:37:36.951,CONFIRMED,0a9256c654868404800f4c10c90b883a74f577a5d58aa5cc846c6698fa305cb0,34C,Aditya Shanker,****9254,,,,IndiGo,BLR,BOM,2026-04-20 13:58:41.701,2026-04-20 15:58:41.701,120.0,BLR -> BOM,Shaurya,Joshi,64,M,s****2@outlook.com,****3412,a4e62d2f18c4ec1716589702d7cd29e3678f8a39757ea0fe79d02bda5ae3917f,1962-08-20
B1135,P1481,6F047,2025-12-02 11:37:36.951,CONFIRMED,19675c77c0ce2ef17d8dbe293f974b9e9878b220f3e00a2dced8a1e7c7cfdccd,20E,Harish Borah,****6706,PAY1918,10501.09,CARD,IndiGo,MAA,DEL,2026-04-20 13:50:41.701,2026-04-20 15:55:41.701,125.0,MAA -> DEL,Ira,Khan,65,F,i****1@rediffmail.com,****1261,95c7558827d684c690dbe7404696fe4c2b6ffc7fe17bf12caa5d3978111e66aa,1961-01-15
B1136,P1102,UK156,2025-10-26 11:37:36.951,PENDING,1a8e2ee9604dd7baf434702843922d7d093a7539b1b628a0986fd311763d1d39,28E,Tanay Toor,****2968,PAY1501,2857.01,NETBANKING,Vistara,MAA,BLR,2026-04-20 11:50:41.703,2026-04-20 15:54:41.703,244.0,MAA -> BLR,Myra,Kulkarni,1,F,m****i@rediffmail.com,****6900,c68555727b39598f5aa32464d86e2f2f7d83ea9bf947246a7ec8e70d9599732e,2025-02-27
B1137,P1296,AI094,2025-09-01 11:37:36.951,PENDING,3ffce22827c5a12c076c6e39d5512e0f37e323e1e3c80526292cb1a9f0db1ed0,13E,Alka Deo,****1393,PAY1666,6179.22,CARD,Air India,DEL,BLR,2026-04-20 14:44:41.702,2026-04-20 15:44:42.000,60.00496666666666,DEL -> BLR,Aarav,Joshi,16,F,a****i@hotmail.com,****5221,c905c005ddb388338383d2938be1e3d6b60761df74f9bfd774f43e9c65242926,2009-10-07
B1137,P1296,AI094,2025-09-01 11:37:36.951,PENDING,3ffce22827c5a12c076c6e39d5512e0f37e323e1e3c80526292cb1a9f0db1ed0,13E,Alka Deo,****1393,PAY1816,3913.54,UPI,Air India,DEL,BLR,2026-04-20 14:44:41.702,2026-04-20 15:44:42.000,60.00496666666666,DEL -> BLR,Aarav,Joshi,16,F,a****i@hotmail.com,****5221,c905c005ddb388338383d2938be1e3d6b60761df74f9bfd774f43e9c65242926,2009-10-07
B1138,P1177,AI038,2025-07-14 11:37:36.951,PENDING,d55b6e72cb263db97dc387952fd9715fc0d732c4f2ead83eda0eb6de44852f69,6C,Ikshita Biswas,****1934,,,,Air India,HYD,MAA,2026-04-20 11:05:41.701,2026-04-20 15:44:41.701,279.0,HYD -> MAA,Reyansh,Patel,69,F,r****l@gmail.com,****9152,f6bcd95733f4fd36e588cea0e100b437d8d75387014d7019414b4467aefc99de,1956-10-04
B1139,P1214,6F255,2026-01-19 11:37:36.951,CONFIRMED,bbae7556e98aab266b76d0ed93074d60e1157aa75fe7a0be96edcef35e1ad151,29F,Yash Pingle,****2157,PAY1385,6016.05,UPI,IndiGo,DEL,BOM,2026-04-20 11:59:41.703,2026-04-20 15:33:41.703,214.0,DEL -> BOM,Riya,Mishra,55,M,r****a@hotmail.com,****9130,ee111306362091df4d18155a7a2e6dfa74028b427a9363aa49a483df083692a0,1971-03-20
B1140,P1966,SJ025,2026-01-23 11:37:36.951,CONFIRMED,f8f7cdc9ecb48ca59a0a47659d7090a4dec094dc8f70ae76792ad3b3c4424b0a,29D,Bhavani Dugar,****1700,PAY1430,8447.38,NETBANKING,SpiceJet,BOM,CCU,2026-04-20 12:02:41.701,2026-04-20 15:29:41.701,207.0,BOM -> CCU,Riya,Singh,78,M,r****h@gmail.com,****9106,49107a14179e2aa2eb58f468b3b6cc7ed75f5e70dbc8f2a09afc109077341156,1948-02-03
B1141,P1314,SJ185,2025-10-28 11:37:36.951,CONFIRMED,49d97b1c4c7dc5b601c293d854421aa2372849e9e60dbb3a0ce0f1f085886468,9C,Raksha Mittal,****5455,,,,SpiceJet,BOM,CCU,2026-04-20 14:21:41.703,2026-04-20 15:21:41.703,60.0,BOM -> CCU,Anika,Joshi,68,M,a****1@yahoo.com,****7372,a23e5e7bea009a1d9fc5c37b1e0917d604c7bd67e8ac987582348dd491ed517e,1957-10-15
B1142,P1038,6F259,2026-01-21 11:37:36.951,CANCELLED,fcde0e2b5da25ae6222d8984a093525203d8cb65521060a26d25984d886bba42,5C,Abhiram Mistry,****4971,PAY1963,4506.21,CARD,IndiGo,BOM,DEL,2026-04-20 14:10:41.703,2026-04-20 15:21:41.703,71.0,BOM -> DEL,Ira,Patel,55,M,i****l@yahoo.com,****8741,6a1d05297296389e84bba7d5546c6cee2f2caf2f04f4be25ea55666d6dead569,1971-05-04
B1143,P1258,6F073,2026-04-07 11:37:36.951,CANCELLED,afdc34ca2d557c15ccea4f595211b06ba5aea4227c1c1e58ec171f60eb6cfa15,15A,Hemang Desai,****9840,PAY1124,6360.73,NETBANKING,IndiGo,DEL,CCU,2026-04-20 11:38:41.702,2026-04-20 15:18:41.702,220.0,DEL -> CCU,Diya,Pillai,68,M,d****i@hotmail.com,****4117,855e7cd8ce66c84df755fc0800e1cd235925db833862cd96d613b6f8edd2f550,1957-10-23
B1144,P1715,AI091,2025-09-26 11:37:36.951,CONFIRMED,7d87c96db5c0306d4222f2386deb1d02d31a0a7af1921c8ff502f31c8c1153b2,6D,Aishani D’Alia,****7996,,,,Air India,CCU,MAA,2026-04-20 10:52:41.702,2026-04-20 15:15:41.702,263.0,CCU -> MAA,Vivaan,Mishra,17,M,v****a@rediffmail.com,****0359,bc5a09ebf43fdf4fd365946c1131c814c0c3801ca33ba9a1a7b866d81772d3d4,2009-07-14
B1145,P1006,6F191,2025-08-23 11:37:36.951,PENDING,c42e261739311d312793d72db4aa9e2c888f3e72fe587c2ebd50382d863bfbf3,15D,Hredhaan Dugal,****6715,,,,IndiGo,BLR,DEL,2026-04-20 14:41:41.703,2026-04-20 15:11:41.703,30.0,BLR -> DEL,Kavya,Nair,87,M,k****r@yahoo.com,****5830,2b1c48782995bca7651b32a296333e0f8719bc8b98a27877ccf03c696c89f9bb,1939-02-25
B1146,P1048,UK228,2025-08-30 11:37:36.951,PENDING,b7639e905434a697b08b0dd3937856bc2dedf1b077c32ff2c5756668827f5581,25A,Anita Manda,****8150,,,,Vistara,DEL,MAA,2026-04-20 11:58:41.704,2026-04-20 15:08:41.704,190.0,DEL -> MAA,Sai,Mishra,89,M,s****a@gmail.com,****5636,8b0e327bca94dce5ac6133c545b34fde8f2d6cba2808dac6322f674f6fc7eb24,1937-09-13
B1147,P1537,6F146,2026-03-25 11:37:36.951,PENDING,50a1a04ea43fe448fc8c2fc25bcbe1574063ef166b710e7c5c9f040538b4b599,11E,Shivansh Oza,****9430,,,,IndiGo,HYD,MAA,2026-04-20 13:51:41.703,2026-04-20 15:07:41.703,76.0,HYD -> MAA,Reyansh,Joshi,75,M,r****1@gmail.com,****6156,0b834626c969402b1bfee2ec4f8e22f268617026b3d1936ed52b266ab63e4cfd,1950-10-21
B1148,P1160,6F068,2025-10-13 11:37:36.951,CONFIRMED,1824f7428d639b2813364e445436dedd9fcdae36a4f4b6236a9b5ecb9bd67f37,19A,Samar Lalla,****0672,,,,IndiGo,BLR,HYD,2026-04-20 11:17:41.701,2026-04-20 15:06:41.701,229.0,BLR -> HYD,Ananya,Joshi,62,F,a****i@outlook.com,****8314,43ca46f59d17b572c8e86671ee0bc40ebb39ae2419c99e8d7f859f051442e171,1964-09-03
B1149,P1868,SJ218,2026-01-08 11:37:36.951,PENDING,1070d881d49cf2af367820fdfc0a701fef3825e11cf40852b0c33931378f52c2,30F,Yashasvi Suresh,****2528,PAY1505,3280.83,UPI,SpiceJet,DEL,HYD,2026-04-20 11:58:41.703,2026-04-20 15:03:41.703,185.0,DEL -> HYD,Myra,Patel,67,F,m****l@gmail.com,****8281,b7baec84190c4da2124c2a51fd968e5b47508020ebb49dd364b26a2826603061,1959-02-28
B1149,P1868,SJ218,2026-01-08 11:37:36.951,PENDING,1070d881d49cf2af367820fdfc0a701fef3825e11cf40852b0c33931378f52c2,30F,Yashasvi Suresh,****2528,PAY1761,9112.92,CARD,SpiceJet,DEL,HYD,2026-04-20 11:58:41.703,2026-04-20 15:03:41.703,185.0,DEL -> HYD,Myra,Patel,67,F,m****l@gmail.com,****8281,b7baec84190c4da2124c2a51fd968e5b47508020ebb49dd364b26a2826603061,1959-02-28
B1150,P1175,UK083,2025-09-25 11:37:36.951,CONFIRMED,3b18d93f584be98b315591447e52842cbc96bb65475165c52d60b73be5f4a453,12A,Zayan Behl,****2234,PAY1719,12535.73,NETBANKING,Vistara,DEL,HYD,2026-04-20 14:10:41.702,2026-04-20 14:59:41.702,49.0,DEL -> HYD,Muhammad,Mishra,76,F,m****a@hotmail.com,****4434,0b05324f4c52ed4da4fb8d7bf2df4cc1a6f554e02ea8649f69c81af9379d08c9,1949-10-02
B1151,P1590,SJ007,2026-01-18 11:37:36.951,CANCELLED,14689b785bc985f0532befadaee10d858e5f410759b91bc61f46bb4a80bec0c6,29B,George Sampath,****9085,,,,SpiceJet,BOM,CCU,2026-04-20 10:03:41.701,2026-04-20 14:53:41.701,290.0,BOM -> CCU,Vivaan,Naidu,45,M,v****1@hotmail.com,****8085,3cd947785a60bf79cd10604154a73f04a85a67d79971b97c395024d62412e5fb,1981-04-12
B1152,P1001,AI077,2025-08-14 11:37:36.951,PENDING,9fbb2208f976683265b49c7e742f5ce3043bdb2b93f6f711ca080266af97058a,27A,Aradhana Basu,****8402,,,,Air India,CCU,HYD,2026-04-20 13:45:41.702,2026-04-20 14:51:41.702,66.0,CCU -> HYD,Krishna,Reddy,15,M,k****y@hotmail.com,****2297,6d05ccbeb5011dd59948b882fff86e1a6f7fc0cf41f6598b385f58558830ac18,2011-03-07
B1153,P1894,UK017,2025-12-20 11:37:36.951,CANCELLED,27fa8ad298e54db4d32b9a720396c0a605dafc7c85cb1df36c2cb9e571b585f6,8D,Aarush Nath,****9050,PAY1836,5774.24,NETBANKING,Vistara,BLR,HYD,2026-04-20 13:14:41.701,2026-04-20 14:49:41.701,95.0,BLR -> HYD,Krishna,Naidu,61,F,k****u@gmail.com,****6118,fc12037e0d58e6e6e71422e8ca38b019bca368d34838c26342684075aea9489e,1964-10-06
B1154,P1454,6F229,2026-02-17 11:37:36.951,PENDING,3c315599a219a4238a63f57f70ce0ecc1e3a2837a9b094479575876402c7e0b3,24A,Kalpit Lala,****7005,PAY1196,9979.51,UPI,IndiGo,MAA,DEL,2026-04-20 13:10:41.704,2026-04-20 14:30:41.704,80.0,MAA -> DEL,Vivaan,Ghosh,10,M,v****h@outlook.com,****2211,713a297f050667df51df51a26d1a6ee22fde1006edb6a03674430f58cf791eda,2016-08-18
B1155,P1927,6F074,2025-10-08 11:37:36.951,CONFIRMED,ab2ce452d61eed454d17f351dd066f2e8fd87705bdc14dfabd92740f770007c6,6D,Neel Sathe,****5900,,,,IndiGo,HYD,BOM,2026-04-20 11:09:41.702,2026-04-20 14:29:41.702,200.0,HYD -> BOM,Sai,Reddy,20,F,s****y@gmail.com,****2199,3dc584f9ef18b361f1031ecd381f370d6ad99f0ab8dfc86ecd361f1447e25d87,2006-03-17
B1156,P1643,SJ088,2026-03-25 11:37:36.951,CONFIRMED,18105491da73b71e3b58f9eef13af92656c66ab882b94c03f3d265591c4ee9f4,5E,Prisha Andra,****8235,PAY1308,3413.47,NETBANKING,SpiceJet,CCU,MAA,2026-04-20 13:54:41.702,2026-04-20 14:26:41.702,32.0,CCU -> MAA,Muhammad,Das,2,M,m****1@outlook.com,****1211,4a9a066122182c3f14f2861f8a1e14f665055e7bb88e3a627b4919c28e5b33f1,2023-12-09
B1157,P1275,SJ167,2025-06-28 11:37:36.951,CONFIRMED,d05f1dac37acdbb5bbbba2a6f923cb43bb571849a5acd831ac9765f96726fee7,18B,Isaac Borra,****0380,PAY1096,7902.25,NETBANKING,SpiceJet,MAA,CCU,2026-04-20 13:18:41.703,2026-04-20 14:12:41.703,54.0,MAA -> CCU,Anika,Iyer,83,M,a****1@hotmail.com,****5927,23e959954c2f63fd053ec826690a353adecbf2a610dce915a5ee0c77802bc6c0,1942-10-03
B1158,P1497,6F234,2025-07-20 11:37:36.951,CONFIRMED,02e620d5c290a3973a601298568b6fac9d0b54195fa66d36239fbe832769df0e,22A,Manthan Banik,****3787,PAY1098,14265.47,UPI,IndiGo,BOM,DEL,2026-04-20 11:20:41.704,2026-04-20 14:11:41.704,171.0,BOM -> DEL,Ishaan,Naidu,74,M,i****u@hotmail.com,****6937,f36f3b7fcce0b2d75413853768e41d271df8cab6d884cebb2609539c9d6ba093,1952-08-20
B1159,P1628,UK071,2025-12-10 11:37:36.951,PENDING,37f83968179dbd01c8c89f7be02004ad23b8f340c09cb6db33eebf02ff651f20,22F,Kala Divan,****1686,PAY1156,8897.78,CARD,Vistara,DEL,HYD,2026-04-20 10:50:41.701,2026-04-20 14:06:41.701,196.0,DEL -> HYD,Sara,Verma,80,M,s****a@yahoo.com,****9407,af346ffedadf63d96a2a41410f476b4e731acae535a39a7fb306234e6b43cf9a,1946-01-13
B1159,P1628,UK071,2025-12-10 11:37:36.951,PENDING,37f83968179dbd01c8c89f7be02004ad23b8f340c09cb6db33eebf02ff651f20,22F,Kala Divan,****1686,PAY1811,8064.97,CARD,Vistara,DEL,HYD,2026-04-20 10:50:41.701,2026-04-20 14:06:41.701,196.0,DEL -> HYD,Sara,Verma,80,M,s****a@yahoo.com,****9407,af346ffedadf63d96a2a41410f476b4e731acae535a39a7fb306234e6b43cf9a,1946-01-13
B1160,P1675,AI178,2025-11-21 11:37:36.951,CANCELLED,f60d6ae35bcbee280b4cff2229c6adce3485684bfb6e4c0c24199828eedf76de,29A,Qushi Datta,****5204,PAY1586,5267.38,UPI,Air India,CCU,BLR,2026-04-20 13:04:41.703,2026-04-20 14:03:41.703,59.0,CCU -> BLR,Myra,Das,5,F,m****s@gmail.com,****9095,fd2aee20063dba21c4692e2c7b7890647014eb899254078ea0df8fe511916fbd,2020-11-10
B1161,P1799,UK104,2025-11-14 11:37:36.951,CONFIRMED,704cb660916331780a62ebf82fb4b42443fb7a7e9f58766f5a2701b26882e382,12A,Benjamin Morar,****1674,PAY1763,7144.72,UPI,Vistara,DEL,BOM,2026-04-20 12:30:41.702,2026-04-20 13:52:41.702,82.0,DEL -> BOM,Muhammad,Singh,50,M,m****h@outlook.com,****4224,8e59c24bd9105603c8f0b1fcee9edb30fd270529afbeaa80122006186a3d0a0c,1975-09-22
B1161,P1799,UK104,2025-11-14 11:37:36.951,CONFIRMED,704cb660916331780a62ebf82fb4b42443fb7a7e9f58766f5a2701b26882e382,12A,Benjamin Morar,****1674,PAY1867,9652.61,UPI,Vistara,DEL,BOM,2026-04-20 12:30:41.702,2026-04-20 13:52:41.702,82.0,DEL -> BOM,Muhammad,Singh,50,M,m****h@outlook.com,****4224,8e59c24bd9105603c8f0b1fcee9edb30fd270529afbeaa80122006186a3d0a0c,1975-09-22
B1161,P1799,UK104,2025-11-14 11:37:36.951,CONFIRMED,704cb660916331780a62ebf82fb4b42443fb7a7e9f58766f5a2701b26882e382,12A,Benjamin Morar,****1674,PAY1882,7842.91,CARD,Vistara,DEL,BOM,2026-04-20 12:30:41.702,2026-04-20 13:52:41.702,82.0,DEL -> BOM,Muhammad,Singh,50,M,m****h@outlook.com,****4224,8e59c24bd9105603c8f0b1fcee9edb30fd270529afbeaa80122006186a3d0a0c,1975-09-22
B1163,P1332,SJ235,2025-11-10 11:37:36.951,CANCELLED,c4d3ee9b910c5e48e3a17c0f495f1eeadb7925899a36633b28b7b65a63621a11,13D,Ishita Kade,****2987,,,,SpiceJet,BOM,DEL,2026-04-20 09:57:41.704,2026-04-20 13:45:41.704,228.0,BOM -> DEL,Kavya,Joshi,63,M,k****i@yahoo.com,****5093,bc83ac153f2072692643380cfef1955b15f28595c2162ba00dc374f09ac68050,1963-07-25
B1164,P1000,6F209,2025-04-24 11:37:36.951,CONFIRMED,fbd36eb2eaea50ed0e5863fca6b487802ade1eb478dd9919c77eed3a3c758223,24A,Zaid Chauhan,****2471,PAY1010,2684.77,UPI,IndiGo,MAA,CCU,2026-04-20 08:40:41.703,2026-04-20 13:40:41.703,300.0,MAA -> CCU,Vivaan,Chatterjee,52,F,v****e@gmail.com,****3790,99466baa9b8fe69a6f31db34c87d50f0e9a488eda788f3fdce1c00e09a316285,1974-04-08
B1165,P1187,AI129,2025-08-20 11:37:36.951,CANCELLED,7e1e2b1f17b8b4b57068ef1c98c58d068086b448c2fd9d1e8280472a6f331730,2F,Irya Ray,****2367,PAY1236,10424.86,NETBANKING,Air India,BOM,CCU,2026-04-20 10:29:41.702,2026-04-20 13:38:41.702,189.0,BOM -> CCU,Aditya,Das,58,F,a****s@gmail.com,****2366,9f7d974eb2fbefa5c76a5957b0195d9241e7e74577d31f5f99337e5fde570a57,1967-10-20
B1165,P1187,AI129,2025-08-20 11:37:36.951,CANCELLED,7e1e2b1f17b8b4b57068ef1c98c58d068086b448c2fd9d1e8280472a6f331730,2F,Irya Ray,****2367,PAY1418,9442.05,UPI,Air India,BOM,CCU,2026-04-20 10:29:41.702,2026-04-20 13:38:41.702,189.0,BOM -> CCU,Aditya,Das,58,F,a****s@gmail.com,****2366,9f7d974eb2fbefa5c76a5957b0195d9241e7e74577d31f5f99337e5fde570a57,1967-10-20
B1165,P1187,AI129,2025-08-20 11:37:36.951,CANCELLED,7e1e2b1f17b8b4b57068ef1c98c58d068086b448c2fd9d1e8280472a6f331730,2F,Irya Ray,****2367,PAY1476,13603.29,CARD,Air India,BOM,CCU,2026-04-20 10:29:41.702,2026-04-20 13:38:41.702,189.0,BOM -> CCU,Aditya,Das,58,F,a****s@gmail.com,****2366,9f7d974eb2fbefa5c76a5957b0195d9241e7e74577d31f5f99337e5fde570a57,1967-10-20
B1165,P1187,AI129,2025-08-20 11:37:36.951,CANCELLED,7e1e2b1f17b8b4b57068ef1c98c58d068086b448c2fd9d1e8280472a6f331730,2F,Irya Ray,****2367,PAY1813,9627.79,CARD,Air India,BOM,CCU,2026-04-20 10:29:41.702,2026-04-20 13:38:41.702,189.0,BOM -> CCU,Aditya,Das,58,F,a****s@gmail.com,****2366,9f7d974eb2fbefa5c76a5957b0195d9241e7e74577d31f5f99337e5fde570a57,1967-10-20
B1166,P1055,SJ141,2026-01-23 11:37:36.951,CONFIRMED,afd59be446e44c9a4e522bfbaaa8d523bab389aa0059e280f1820d599fa3eeb0,34D,Mohammed Khalsa,****7690,PAY1769,5530.81,NETBANKING,SpiceJet,CCU,DEL,2026-04-20 10:00:41.702,2026-04-20 13:37:41.702,217.0,CCU -> DEL,Ishaan,Chatterjee,59,M,i****e@gmail.com,****1200,0a66fc7596354bb8c8a6b1f231a9914bf0f0172af7f58552d3e6705424d6d0d5,1966-10-25
B1167,P1546,SJ018,2026-02-02 11:37:36.951,CANCELLED,25c9918012ccad8a3386a7166e4e66401571fae8ff949e2322ce8b2e090a195a,9F,Nicholas Goel,****6854,PAY1563,7043.11,CARD,SpiceJet,BOM,CCU,2026-04-20 10:58:41.701,2026-04-20 13:31:41.701,153.0,BOM -> CCU,Aadhya,Kulkarni,11,F,a****i@yahoo.com,****0442,7aeb2b3127a3f6f2ee0cf342d7594c539e58fceb0e99538e16ad1d33ac693d39,2014-12-03
B1167,P1546,SJ018,2026-02-02 11:37:36.951,CANCELLED,25c9918012ccad8a3386a7166e4e66401571fae8ff949e2322ce8b2e090a195a,9F,Nicholas Goel,****6854,PAY1673,12224.46,UPI,SpiceJet,BOM,CCU,2026-04-20 10:58:41.701,2026-04-20 13:31:41.701,153.0,BOM -> CCU,Aadhya,Kulkarni,11,F,a****i@yahoo.com,****0442,7aeb2b3127a3f6f2ee0cf342d7594c539e58fceb0e99538e16ad1d33ac693d39,2014-12-03
B1167,P1546,SJ018,2026-02-02 11:37:36.951,CANCELLED,25c9918012ccad8a3386a7166e4e66401571fae8ff949e2322ce8b2e090a195a,9F,Nicholas Goel,****6854,PAY1997,8032.22,NETBANKING,SpiceJet,BOM,CCU,2026-04-20 10:58:41.701,2026-04-20 13:31:41.701,153.0,BOM -> CCU,Aadhya,Kulkarni,11,F,a****i@yahoo.com,****0442,7aeb2b3127a3f6f2ee0cf342d7594c539e58fceb0e99538e16ad1d33ac693d39,2014-12-03
B1168,P1111,UK120,2025-10-14 11:37:36.951,CANCELLED,b2a4552d3e133305abe236cc941605a71e3705ac6264183724fd14221a09efeb,11C,Nitara Bakshi,****3269,PAY1250,5435.83,CARD,Vistara,HYD,DEL,2026-04-20 09:19:41.702,2026-04-20 13:30:41.702,251.0,HYD -> DEL,Krishna,Sharma,33,F,k****a@yahoo.com,****5000,a3c57a2bec4fca838f16b34b9b9e38d50f924ecf1d38e949c741d6ca5f83a42b,1993-06-15
B1169,P1797,AI078,2025-11-15 11:37:36.951,CONFIRMED,ed1edafa73bc76f891088b2d9e70ddda8ce18a10c69c4c5a1b0892c6084d1a24,11E,Praneel Natarajan,****7397,PAY1481,3795.6,NETBANKING,Air India,DEL,BOM,2026-04-20 08:58:41.702,2026-04-20 13:28:41.702,270.0,DEL -> BOM,Anika,Joshi,50,F,a****3@yahoo.com,****1347,919351c5babdcc70ab2aba75457bc7bb120ac4148c52bdbd1b28fd49eb9209b3,1976-02-16
B1170,P1309,AI079,2025-09-14 11:37:36.951,PENDING,b89fef1bedb516d1e80082fd5e7ed0797e74168ed7a3341750db3498b4637b4e,15E,Nisha Kothari,****4039,,,,Air India,CCU,BLR,2026-04-20 11:04:41.702,2026-04-20 13:19:41.702,135.0,CCU -> BLR,Ananya,Agarwal,26,M,a****l@outlook.com,****8026,100c616548e38e66a2295bbf8f95145cfad46a08f29a3fbafbfb6d2fee8c5557,1999-11-17
B1171,P1035,UK087,2025-09-19 11:37:36.951,CANCELLED,5587d350cca62364308403b46323688c7ff3a9051b2c90c1f4a05acab620d65f,21A,Amara Dutta,****5830,PAY1074,7227.28,UPI,Vistara,HYD,MAA,2026-04-20 09:49:41.702,2026-04-20 13:17:41.702,208.0,HYD -> MAA,Vivaan,Ghosh,47,F,v****h@hotmail.com,****2414,d88fba3c8073af55d94c3ca449814cb738cd79a809055ef598e037d7b38ea379,1979-09-01
B1171,P1035,UK087,2025-09-19 11:37:36.951,CANCELLED,5587d350cca62364308403b46323688c7ff3a9051b2c90c1f4a05acab620d65f,21A,Amara Dutta,****5830,PAY1199,12677.76,UPI,Vistara,HYD,MAA,2026-04-20 09:49:41.702,2026-04-20 13:17:41.702,208.0,HYD -> MAA,Vivaan,Ghosh,47,F,v****h@hotmail.com,****2414,d88fba3c8073af55d94c3ca449814cb738cd79a809055ef598e037d7b38ea379,1979-09-01
B1171,P1035,UK087,2025-09-19 11:37:36.951,CANCELLED,5587d350cca62364308403b46323688c7ff3a9051b2c90c1f4a05acab620d65f,21A,Amara Dutta,****5830,PAY1654,3406.0,UPI,Vistara,HYD,MAA,2026-04-20 09:49:41.702,2026-04-20 13:17:41.702,208.0,HYD -> MAA,Vivaan,Ghosh,47,F,v****h@hotmail.com,****2414,d88fba3c8073af55d94c3ca449814cb738cd79a809055ef598e037d7b38ea379,1979-09-01
B1172,P1438,UK133,2026-01-17 11:37:36.951,CONFIRMED,c4cd72969b5315c5d119557109775cc6fbd411dc34a29bda0f7174e981fe2ed3,8F,Hritik Raja,****9600,PAY1458,9220.51,NETBANKING,Vistara,BOM,DEL,2026-04-20 10:04:41.702,2026-04-20 13:16:41.702,192.0,BOM -> DEL,Reyansh,Banerjee,50,F,r****e@outlook.com,****0727,0021a0aeff717a06d55a9e78fe8b18a46973e5d36c065e8867b00e02bd80c733,1975-11-26
B1172,P1438,UK133,2026-01-17 11:37:36.951,CONFIRMED,c4cd72969b5315c5d119557109775cc6fbd411dc34a29bda0f7174e981fe2ed3,8F,Hritik Raja,****9600,PAY1527,10384.47,NETBANKING,Vistara,BOM,DEL,2026-04-20 10:04:41.702,2026-04-20 13:16:41.702,192.0,BOM -> DEL,Reyansh,Banerjee,50,F,r****e@outlook.com,****0727,0021a0aeff717a06d55a9e78fe8b18a46973e5d36c065e8867b00e02bd80c733,1975-11-26
B1172,P1438,UK133,2026-01-17 11:37:36.951,CONFIRMED,c4cd72969b5315c5d119557109775cc6fbd411dc34a29bda0f7174e981fe2ed3,8F,Hritik Raja,****9600,PAY1872,5872.42,UPI,Vistara,BOM,DEL,2026-04-20 10:04:41.702,2026-04-20 13:16:41.702,192.0,BOM -> DEL,Reyansh,Banerjee,50,F,r****e@outlook.com,****0727,0021a0aeff717a06d55a9e78fe8b18a46973e5d36c065e8867b00e02bd80c733,1975-11-26
B1173,P1728,AI222,2025-06-01 11:37:36.951,CANCELLED,2826a2e130e92edeb0bf8b4e98da6c75b987e022b74e670c5fae9d5affaf3044,22E,Balvan Singhal,****0197,,,,Air India,BOM,DEL,2026-04-20 12:10:41.703,2026-04-20 13:14:41.703,64.0,BOM -> DEL,Ira, patel,71,F,i****1@yahoo.com,****1617,04539e7bc75486089b2b104b88776877b9c1c6ba9131ae1a93fd6150d1b13652,1954-10-18
B1174,P1591,6F049,2026-04-12 11:37:36.951,CANCELLED,29e92ad39b5d6a5cf51948e1b57fe41074ecc0d65935624f7105e39f154db768,19D,Tristan Iyengar,****4287,,,,IndiGo,HYD,DEL,2026-04-20 10:00:41.701,2026-04-20 13:13:41.701,193.0,HYD -> DEL,Krishna,Mehta,4,M,k****a@rediffmail.com,****1235,2184a6a7e6e6711e78078654ca64ec1150ad068d87c1c7c81715bfafe089ae54,2022-05-23
B1175,P1825,6F105,2026-01-29 11:37:36.951,PENDING,466c0cb9c65667489de2ed27cbfad00f77dcca37315db91e7d1797018c8015d3,27D,Triveni Palla,****0363,PAY1957,10654.9,UPI,IndiGo,BLR,BOM,2026-04-20 11:46:41.702,2026-04-20 12:58:41.702,72.0,BLR -> BOM,Ishaan,Iyer,60,M,i****2@outlook.com,****6943,13d9f5e8e7271fe5a9abd5e8441b9e60d0ae020a6d16a0db50000064b9cdb5ec,1965-09-21
B1176,P1594,SJ226,2025-04-17 11:37:36.951,CANCELLED,25b0176f8e2de949f4e17ebf1bbe2e6e1c61da8fe1212e880fa6a46da33e72ad,7C,Dalaja Kari,****7327,,,,SpiceJet,HYD,BOM,2026-04-20 08:47:41.704,2026-04-20 12:54:41.704,247.0,HYD -> BOM,Diya,Patel,31,F,d****l@hotmail.com,****0086,dbb81d9fc9dfe16b63bf87b17a90a54dc21b3ce9faddfeae8c9bdd8221d73d51,1995-04-06
B1177,P1576,SJ227,2025-07-29 11:37:36.951,CANCELLED,1faa946c34da555ba823e261f3cba33578d947a9f17e966ef0889e3cbbdf8c89,34D,Udant Bajwa,****0863,PAY1626,12412.89,NETBANKING,SpiceJet,BOM,CCU,2026-04-20 08:32:41.704,2026-04-20 12:53:41.704,261.0,BOM -> CCU,Ira,Naidu,50,M,i****2@gmail.com,****4545,04fb6e725659192e7258af3c445b33b9d30688c6ce9f6253177bf19c33829f0e,1976-07-17
B1178,P1324,6F034,2026-02-05 11:37:36.951,CONFIRMED,0e2f11d40ecb3e76d3a30cb8174630196db9fa74b29d965c3c8ef71b6e435a70,34E,Reyansh Rastogi,****2098,,,,IndiGo,BOM,DEL,2026-04-20 11:53:41.701,2026-04-20 12:49:41.701,56.0,BOM -> DEL,Saanvi,Naidu,30,F,s****1@gmail.com,****0893,8e38ae43b2eb67e049a3f35b9db15b3fc9cf4de20d0d18a413fd007534f8b92d,1996-06-21
B1179,P1639,SJ078,2025-10-03 11:37:36.951,CONFIRMED,70e7a5fb17d65d4fb88119cc1c6da0833d2cb160b6b1e78bda5c91285567fd66,33D,Falguni Mallick,****5466,PAY1161,3495.66,UPI,SpiceJet,DEL,HYD,2026-04-20 09:41:41.701,2026-04-20 12:49:41.701,188.0,DEL -> HYD,Diya,Mishra,15,M,d****1@hotmail.com,****2820,022599ba96ec0ae4f29dbe98a83cf1cb96289047e9570c4cb48774c89b218e18,2011-03-16
B1179,P1639,SJ078,2025-10-03 11:37:36.951,CONFIRMED,70e7a5fb17d65d4fb88119cc1c6da0833d2cb160b6b1e78bda5c91285567fd66,33D,Falguni Mallick,****5466,PAY1440,4786.25,NETBANKING,SpiceJet,DEL,HYD,2026-04-20 09:41:41.701,2026-04-20 12:49:41.701,188.0,DEL -> HYD,Diya,Mishra,15,M,d****1@hotmail.com,****2820,022599ba96ec0ae4f29dbe98a83cf1cb96289047e9570c4cb48774c89b218e18,2011-03-16
B1179,P1639,SJ078,2025-10-03 11:37:36.951,CONFIRMED,70e7a5fb17d65d4fb88119cc1c6da0833d2cb160b6b1e78bda5c91285567fd66,33D,Falguni Mallick,****5466,PAY1565,2337.61,UPI,SpiceJet,DEL,HYD,2026-04-20 09:41:41.701,2026-04-20 12:49:41.701,188.0,DEL -> HYD,Diya,Mishra,15,M,d****1@hotmail.com,****2820,022599ba96ec0ae4f29dbe98a83cf1cb96289047e9570c4cb48774c89b218e18,2011-03-16
B1180,P1306,AI240,2026-04-10 11:37:36.951,PENDING,a64c6645c82fe4ffc23ec6ea7c130e8367d6bd70ecd25f18b56ece385196170e,22F,Ekaraj Mallick,****9558,,,,Air India,MAA,DEL,2026-04-20 10:19:41.704,2026-04-20 12:46:41.704,147.0,MAA -> DEL,Shaurya,Verma,54,F,s****a@rediffmail.com,****7617,c4cf535d2a358705e099d79194ee0114769a371bed9fae35160b946172765263,1972-04-18
B1181,P1533,SJ002,2026-03-29 11:37:36.951,CANCELLED,77e39000ffec842565748bc0508ebb84d541dc0722f76377dd6bde1b643994db,12E,Indali Upadhyay,****9169,,,,SpiceJet,DEL,BOM,2026-04-20 07:54:41.701,2026-04-20 12:40:41.701,286.0,DEL -> BOM,Aditya,Verma,49,F,a****2@outlook.com,****4104,be0cd10a20e690b5c29e26de988d9e08a82b301430c7dfae465b1b80161d84fa,1977-05-04
B1182,P1727,AI044,2025-08-11 11:37:36.951,CANCELLED,4b02215cb1568771014a68abffbcd6ec51fe62d69e4298f13f6527b168e8faa6,3A,Mugdha Yadav,****4521,PAY1275,9005.88,UPI,Air India,MAA,BLR,2026-04-20 09:03:41.701,2026-04-20 12:36:41.701,213.0,MAA -> BLR,Aadhya,das,33,M,a****s@yahoo.com,****8884,5d67e75fb95ba879f3a7edf747b589159e350c8837d1a5e4c3a66562488dd7e9,1992-11-27
B1183,P1618,UK076,2025-06-22 11:37:36.951,CANCELLED,86829e1ac6a1acf36d7da0fd603c944f246c12f0f24d15eff3f3fe36cfd572f4,8C,Garima Bala,****8652,,,,Vistara,MAA,CCU,2026-04-20 08:03:41.702,2026-04-20 12:26:41.702,263.0,MAA -> CCU,Ishaan,Sharma,37,F,i****a@rediffmail.com,****9375,dbb741d33c0e0704b9fa5988b14311dd0edbeb68f26b1c3e31f7e7ae33424103,1988-11-20
B1184,P1108,6F232,2025-08-01 11:37:36.951,PENDING,62190f4d1de67f08bf3ff0998afd6f4621df5a0e70262d6aafac5cd78318e105,28E,Jack Lal,****6490,,,,IndiGo,MAA,BLR,2026-04-20 10:39:41.704,2026-04-20 12:22:41.704,103.0,MAA -> BLR,Ishaan,Kulkarni,8,M,i****i@outlook.com,****1573,b457a31b2a6bcbc47ce201fdfc59dfb607325e97e095acaaf5a3c218196fb666,2018-02-08
B1185,P1371,SJ228,2025-08-16 11:37:36.951,CANCELLED,287a4af8dd539be3c956e8e81df69800906e485061ff034901f29aaacc2faaec,25E,Pranav Lanka,****6542,PAY1152,13080.31,CARD,SpiceJet,BOM,CCU,2026-04-20 08:29:41.704,2026-04-20 12:16:41.704,227.0,BOM -> CCU,Diya,Joshi,7,M,d****i@rediffmail.com,****6858,6b2dda39fb58fb95eaad08c8c545af5246392936fc7bb2438daa012200569f57,2018-11-05
B1186,P1356,SJ074,2026-04-04 11:37:36.951,CONFIRMED,d05484ef6ee594fd089629328a74779f1792600441d472b34cb8c2c77ce1debe,1B,Balvan Chopra,****4213,,,,SpiceJet,DEL,CCU,2026-04-20 11:21:41.701,2026-04-20 12:02:41.701,41.0,DEL -> CCU,Ananya,Reddy,48,F,a****y@gmail.com,****6197,f7048b9c4ed011d6e249cf11fffbb471ef82e2a19ef91ce967424057d564a3de,1978-08-03
B1187,P1180,UK229,2025-08-04 11:37:36.951,PENDING,e41475699a6d3c201ad9db963898e75e8fbd8213261b8c894406d9c6e94c7e78,7F,Radha Pai,****5908,PAY1031,6625.76,NETBANKING,Vistara,HYD,DEL,2026-04-20 07:40:41.704,2026-04-20 11:57:41.704,257.0,HYD -> DEL,Anika,Gupta,8,F,a****a@outlook.com,****6034,f6629496e6528963ad9d7a6090791a125c8c88fe72426123fddac27545066e4e,2017-12-09
B1188,P1355,AI208,2026-04-04 11:37:36.951,CONFIRMED,7a099f39ae7927f371494f99bfb4b5fcb2bf45de0b3224616ecb26e74db6675a,6A,Dipta Sarin,****9782,,,,Air India,BLR,BOM,2026-04-20 08:38:41.703,2026-04-20 11:52:41.703,194.0,BLR -> BOM,Ishaan,Iyer,42,F,i****r@rediffmail.com,****9364,a68db6562d56293843ca473c01acc3cab443873de0038d0972ba43da6dc25ea7,1983-12-17
B1189,P1675,AI019,2025-11-23 11:37:36.951,CONFIRMED,1e0b58e9054391e824729c00bd9a72ed93c6016a23b0072fbd154e99ee2f65a2,14F,Yasti D’Alia,****8556,,,,Air India,BOM,CCU,2026-04-20 10:49:41.701,2026-04-20 11:51:41.701,62.0,BOM -> CCU,Myra,Das,5,F,m****s@gmail.com,****9095,fd2aee20063dba21c4692e2c7b7890647014eb899254078ea0df8fe511916fbd,2020-11-10
B1190,P1067,6F029,2025-05-23 11:37:36.951,PENDING,fb4608a3ca51111db2f3dcfb274b8330443f1146ecbc7da52f6b4eea2896fb78,12B,Lekha Gupta,****1523,,,,IndiGo,BOM,BLR,2026-04-20 07:31:41.701,2026-04-20 11:45:41.701,254.0,BOM -> BLR,Reyansh,Pillai,5,F,r****i@hotmail.com,****4047,ef7ab22c188f57c3eed8120593d081d4cbec9f4baf53ec41b82c33df7ad248c4,2020-12-14
B1191,P1291,6F018,2025-04-27 11:37:36.951,CONFIRMED,667823d76db39ff394497f42abbbda47df86d5f594f022706be101b6cda79e54,25B,Aachal Basu,****2358,,,,IndiGo,DEL,BLR,2026-04-20 10:57:41.701,2026-04-20 11:43:41.701,46.0,DEL -> BLR,Anika,Verma,48,M,a****a@gmail.com,****0039,367d93aeb417b990c5f89b53d9c5d2a4464d30e256b136ec5a3f19c27c1605cd,1978-09-14
B1192,P1691,AI059,2025-06-23 11:37:36.951,CANCELLED,6fc5ff2593b645cd9d045c7fc5f7d08cab180cd780a34ee4b0520d666f14cd9c,7D,Rajata Agarwal,****5924,,,,Air India,CCU,DEL,2026-04-20 09:16:41.701,2026-04-20 11:43:41.701,147.0,CCU -> DEL,Vivaan,Agarwal,26,M,v****1@hotmail.com,****9713,854c911dd0cd9b0ed665e402d5c1c40e6600135c1181c724fd1ae0be387fbefc,2000-08-16
B1193,P1180,AI159,2025-05-22 11:37:36.951,PENDING,afa5b00ae8c19c0b068862b335350ef61024325ff0b31108358e43d01852aa0b,13D,Zinal Yohannan,****0978,,,,Air India,HYD,BLR,2026-04-20 09:23:41.703,2026-04-20 11:36:41.703,133.0,HYD -> BLR,Anika,Gupta,8,F,a****a@outlook.com,****6034,f6629496e6528963ad9d7a6090791a125c8c88fe72426123fddac27545066e4e,2017-12-09
B1194,P1465,6F091,2025-07-11 11:37:36.951,CONFIRMED,21772342d60b2d2012e4b6962542c080e1ca1487037d6b8239896ed6cb6b76c3,14F,Ronith Patla,****6626,,,,IndiGo,BLR,CCU,2026-04-20 10:10:41.702,2026-04-20 11:36:41.702,86.0,BLR -> CCU,Vivaan,Chatterjee,23,M,v****e@yahoo.com,****2240,94c599a3bbe5215f7c412b17468434e025fa54f2ab42ca75c03f536e5ca8ae5f,2002-10-10
B1195,P1433,6F084,2025-07-20 11:37:36.951,CANCELLED,7a5de755198c824b76ea8202754ee9c71c41497cb1622c9709856ffcc2c531e9,10B,Raagini Boase,****6166,PAY1351,13205.17,UPI,IndiGo,CCU,HYD,2026-04-20 10:34:41.702,2026-04-20 11:34:42.000,60.00496666666666,CCU -> HYD,Reyansh,Naidu,22,F,r****u@rediffmail.com,****3679,e84c4e777d24ccf2dfbc55aee83f0996c6522706b2c76e09d2dda528229e81f0,2004-02-01
B1195,P1433,6F084,2025-07-20 11:37:36.951,CANCELLED,7a5de755198c824b76ea8202754ee9c71c41497cb1622c9709856ffcc2c531e9,10B,Raagini Boase,****6166,PAY1618,6019.11,CARD,IndiGo,CCU,HYD,2026-04-20 10:34:41.702,2026-04-20 11:34:42.000,60.00496666666666,CCU -> HYD,Reyansh,Naidu,22,F,r****u@rediffmail.com,****3679,e84c4e777d24ccf2dfbc55aee83f0996c6522706b2c76e09d2dda528229e81f0,2004-02-01
B1196,P1463,UK170,2026-01-15 11:37:36.951,CANCELLED,410a1643c227b32811dc1f1054358bb88c2f6a08f88628e7abb23199a9c11964,20C,Ganga Murthy,****4596,,,,Vistara,BOM,BLR,2026-04-20 09:42:41.703,2026-04-20 11:32:41.703,110.0,BOM -> BLR,Vivaan,Gupta,4,F,v****a@outlook.com,****8580,1aecae2bab3fbe053d022cffe475147fd8547fb518d64789f13d6f0078041efa,2022-05-22
B1197,P1680,UK212,2025-05-19 11:37:36.951,CONFIRMED,b4308a23ef27362101f51341aeca9c05d744a1b4da95a3b8c228ec1a5108bb39,2E,Jeet Mital,****7338,PAY1227,8876.86,CARD,Vistara,HYD,MAA,2026-04-20 10:46:41.704,2026-04-20 11:31:41.704,45.0,HYD -> MAA,Ira,Iyer,65,M,i****1@yahoo.com,****2973,5d466ef2d0401dacb198ce28f6eba0a2a3407c613b5ab901c48e01630ea4c69b,1960-12-24
B1199,P1533,SJ075,2025-12-13 11:37:36.951,PENDING,e44d23e29f0e31c6ae6853ad5afc49a40854067ae095e5b2893409474990366b,30E,Nilima Narain,****7632,PAY1035,12300.69,NETBANKING,SpiceJet,MAA,BLR,2026-04-20 09:26:41.701,2026-04-20 11:03:41.701,97.0,MAA -> BLR,Aditya,Verma,49,F,a****2@outlook.com,****4104,be0cd10a20e690b5c29e26de988d9e08a82b301430c7dfae465b1b80161d84fa,1977-05-04
B1199,P1533,SJ075,2025-12-13 11:37:36.951,PENDING,e44d23e29f0e31c6ae6853ad5afc49a40854067ae095e5b2893409474990366b,30E,Nilima Narain,****7632,PAY1363,1198.83,CARD,SpiceJet,MAA,BLR,2026-04-20 09:26:41.701,2026-04-20 11:03:41.701,97.0,MAA -> BLR,Aditya,Verma,49,F,a****2@outlook.com,****4104,be0cd10a20e690b5c29e26de988d9e08a82b301430c7dfae465b1b80161d84fa,1977-05-04
B1200,P1065,UK177,2025-09-17 11:37:36.951,CONFIRMED,d5b06c9879e936525d55e9d22dd1e877f5ae1cd005dce516184b8a85d1cf10b3,16B,Neha Merchant,****8921,PAY1492,10067.38,NETBANKING,Vistara,DEL,HYD,2026-04-20 06:21:41.703,2026-04-20 10:50:41.703,269.0,DEL -> HYD,Ishaan,Kulkarni,3,F,i****i@hotmail.com,****5206,d5581e13e655e01a2565fdb7248c7ca9199474c103cca009fbc360d02f503b7e,2022-10-10
B1200,P1065,UK177,2025-09-17 11:37:36.951,CONFIRMED,d5b06c9879e936525d55e9d22dd1e877f5ae1cd005dce516184b8a85d1cf10b3,16B,Neha Merchant,****8921,PAY1529,14034.27,CARD,Vistara,DEL,HYD,2026-04-20 06:21:41.703,2026-04-20 10:50:41.703,269.0,DEL -> HYD,Ishaan,Kulkarni,3,F,i****i@hotmail.com,****5206,d5581e13e655e01a2565fdb7248c7ca9199474c103cca009fbc360d02f503b7e,2022-10-10
B1200,P1065,UK177,2025-09-17 11:37:36.951,CONFIRMED,d5b06c9879e936525d55e9d22dd1e877f5ae1cd005dce516184b8a85d1cf10b3,16B,Neha Merchant,****8921,PAY1883,6711.92,NETBANKING,Vistara,DEL,HYD,2026-04-20 06:21:41.703,2026-04-20 10:50:41.703,269.0,DEL -> HYD,Ishaan,Kulkarni,3,F,i****i@hotmail.com,****5206,d5581e13e655e01a2565fdb7248c7ca9199474c103cca009fbc360d02f503b7e,2022-10-10
B1201,P1020,UK206,2026-02-01 11:37:36.951,CANCELLED,3e29f2cb2f8234e9a7756ff746a2123fb275da166d8c30cd10af66676551361e,3A,Joshua Handa,****4055,PAY1845,7338.75,CARD,Vistara,MAA,BLR,2026-04-20 06:01:41.703,2026-04-20 10:34:41.703,273.0,MAA -> BLR,Ananya,Khan,59,M,a****n@yahoo.com,****6828,c51671e5c87fc0045a67f16cfce4c3968b99b588d4374c43980352cb041b0bbb,1966-12-18
B1202,P1611,UK079,2025-04-29 11:37:36.951,CANCELLED,69fda9e79160beb599b6b5c9715e63fe520f6ee51068c37a6a40169c60e40e31,29C,Osha Raghavan,****6263,PAY1223,1973.12,UPI,Vistara,DEL,BLR,2026-04-20 06:43:41.702,2026-04-20 10:34:41.702,231.0,DEL -> BLR,Sai,Banerjee,3,F,s****1@yahoo.com,****1389,c880b9e6fca8b83b886e242bd11481537f3496cc0364d23d1d946101957734c0,2023-05-22
B1203,P1383,UK040,2025-06-21 11:37:36.951,CONFIRMED,0a16a9bbb8a5b9ee36598ca89c4cd865d579b853dcfdd46a5bee787bf3b038ed,3B,Owen Mitra,****0009,PAY1022,12774.63,NETBANKING,Vistara,HYD,CCU,2026-04-20 09:15:41.701,2026-04-20 10:32:41.701,77.0,HYD -> CCU,Arjun,Nair,25,M,a****r@outlook.com,****9631,6806ed4114c92b1d840ec51a829d16e03c73644a344649c048d4796f81f03866,2001-06-18
B1204,P1811,AI034,2025-07-25 11:37:36.951,CONFIRMED,814d6c12e4912cffb6a2df504af504a16c6f9de1434f921402e798e7b56717ff,30A,Nidra Acharya,****2075,PAY1814,14106.07,CARD,Air India,DEL,BOM,2026-04-20 05:48:41.701,2026-04-20 10:31:41.701,283.0,DEL -> BOM,Muhammad, Banerjee,12,F,m****e@rediffmail.com,****7051,3fc7c8490a02540337f339f09c28557f195442d6e90e91a9e82f3a8ce3bc0c9e,2014-01-04
B1205,P1614,UK034,2025-10-18 11:37:36.951,CONFIRMED,ee04af9da49bffa256b08ef986c1d0b2af336bd8323613a185905965f9b898c7,23F,Daksha Mangat,****4339,PAY1888,10452.65,UPI,Vistara,DEL,BLR,2026-04-20 06:47:41.701,2026-04-20 10:11:41.701,204.0,DEL -> BLR,Aarav,Reddy,63,F,a****y@yahoo.com,****0679,c6f259a32d759e1e77ba7b53f513d30ec328e7a9bee3c7707cce94c0634c6b73,1963-09-12
B1206,P1558,AI088,2025-07-02 11:37:36.951,CONFIRMED,92b485c38fbce3d1a40af3b43d935b3b727791be8875f8e28cacc868d0aad180,13A,Shivansh Sani,****2395,,,,Air India,MAA,DEL,2026-04-20 06:34:41.702,2026-04-20 10:10:41.702,216.0,MAA -> DEL,Diya,Joshi,39,M,d****i@gmail.com,****4710,2db619250183a9a210a0e70498dd48fac003a1434b04d4cd97a13115bcbf97f4,1987-04-16
B1207,P1038,AI128,2025-06-11 11:37:36.951,PENDING,469b6ab25310994bf9eb7db6513f5f6d565bddd4dd41830fa75da066a1966a5c,26A,Ekanta Shroff,****6415,PAY1191,10823.99,CARD,Air India,BOM,CCU,2026-04-20 06:07:41.702,2026-04-20 10:03:41.702,236.0,BOM -> CCU,Ira,Patel,55,M,i****l@yahoo.com,****8741,6a1d05297296389e84bba7d5546c6cee2f2caf2f04f4be25ea55666d6dead569,1971-05-04
B1209,P1821,AI233,2025-12-15 11:37:36.951,PENDING,d4b8065ae6c579acd7c338d72e51095dd9715a3f625eb019d57072ac1e28a3e1,3A,Tanay Vaidya,****6064,PAY1168,10307.2,NETBANKING,Air India,BLR,BOM,2026-04-20 08:04:41.704,2026-04-20 09:52:41.704,108.0,BLR -> BOM,Aadhya,Pillai,86,M,a****2@outlook.com,****7727,60f536d50101aac6d02674d79bbd3b0c6baa35691d1cd2e3c7cb4e6e5f77c1f2,1940-08-06
B1210,P1601,AI012,2026-01-20 11:37:36.951,PENDING,4c431f72d5d04d2f7eb54b9bcfd055d7a838af448282727ad5f98a15a7bf9bd8,3C,Urvashi Gara,****4358,,,,Air India,BOM,CCU,2026-04-20 05:44:41.701,2026-04-20 09:47:41.701,243.0,BOM -> CCU,Krishna,Naidu,38,M,k****u@yahoo.com,****9223,f1b3c302d6bdc4f704affd68fed17b30b90431653a8e6cc0b33ed75bc8bf6fa5,1987-12-28
B1211,P1596,AI084,2025-07-07 11:37:36.951,CONFIRMED,023ae20162c2f3178bd4afd815c1f6538d442639481ec353e661efa23d9a8066,34A,Frado Mander,****5378,,,,Air India,BOM,HYD,2026-04-20 08:31:41.702,2026-04-20 09:46:41.702,75.0,BOM -> HYD,Vivaan,Das,61,M,v****s@outlook.com,****5315,a6dc85d3c2d7522c6775d23972b0e1b674fb6d63e4c2525204abbe5b3eff7b9d,1965-02-04
B1212,P1784,6F126,2025-07-08 11:37:36.951,PENDING,3af066e17c571ac5b0bfece9ea56058e0524ed72ad0ba644da1b790c696e6716,34B,Yutika Nayak,****6819,PAY1113,8421.62,NETBANKING,IndiGo,CCU,MAA,2026-04-20 08:21:41.702,2026-04-20 09:39:41.702,78.0,CCU -> MAA,Ira,Kulkarni,54,F,i****i@hotmail.com,****5234,ccc09ef6bed12065d0bed35abfbde3c0abc4bf76c993c3f8dcb41ced4a7d27f3,1971-09-21
B1213,P1335,SJ061,2025-06-16 11:37:36.951,CONFIRMED,6de19bcd15edd069bf30647a26e17387ce2b95d756451c3a86d97c0f59593e54,2E,Girik Keer,****1107,,,,SpiceJet,MAA,BLR,2026-04-20 06:38:41.701,2026-04-20 09:35:41.701,177.0,MAA -> BLR,Aadhya,Pillai,86,F,a****i@outlook.com,****5561,3d2a0878b146485978609f7d040a061ef535510a4bfda9222bc3aa7b9f74bcf4,1939-12-23
B1214,P1187,UK194,2025-08-14 11:37:36.951,PENDING,c88d65fea3680e5f9d1f71ed7ed3d9f186af7c4cfedadf768ea8c93a57f2c25f,23B,Dayita Kar,****9571,,,,Vistara,CCU,BOM,2026-04-20 08:26:41.703,2026-04-20 09:26:42.000,60.00495,CCU -> BOM,Aditya,Das,58,F,a****s@gmail.com,****2366,9f7d974eb2fbefa5c76a5957b0195d9241e7e74577d31f5f99337e5fde570a57,1967-10-20
B1215,P1670,AI135,2025-08-08 11:37:36.951,CANCELLED,a4ccb4cebf51d991d78c8cf77077e243f5155e04690a07d20d8b8b3c6c1d09ae,28C,Rushil Din,****3317,PAY1216,9065.13,NETBANKING,Air India,BLR,BOM,2026-04-20 06:40:41.702,2026-04-20 09:21:41.702,161.0,BLR -> BOM,Aarav,Banerjee,77,M,a****e@rediffmail.com,****5282,d7e687a8b5408bc2eca523c410a6509d9aff611deaea0f60fc53d3e9d714d990,1949-06-22
B1215,P1670,AI135,2025-08-08 11:37:36.951,CANCELLED,a4ccb4cebf51d991d78c8cf77077e243f5155e04690a07d20d8b8b3c6c1d09ae,28C,Rushil Din,****3317,PAY1228,2886.02,NETBANKING,Air India,BLR,BOM,2026-04-20 06:40:41.702,2026-04-20 09:21:41.702,161.0,BLR -> BOM,Aarav,Banerjee,77,M,a****e@rediffmail.com,****5282,d7e687a8b5408bc2eca523c410a6509d9aff611deaea0f60fc53d3e9d714d990,1949-06-22
B1216,P1242,6F238,2025-12-09 11:37:36.951,CONFIRMED,9e7c2e3450410e8a398b07b4ab3cd22eb4a90d3c7f309250034def2619afce0d,10A,Aryan Batra,****5129,PAY1346,1149.69,CARD,IndiGo,BOM,DEL,2026-04-20 08:31:41.704,2026-04-20 09:19:41.704,48.0,BOM -> DEL,Ishaan,Nair,81,M,i****1@yahoo.com,****7294,2e23596e4c10c4bb87945cb52d1b644b2629debb7b7e356ddc7d2fba1f3c1e21,1944-12-21
B1216,P1242,6F238,2025-12-09 11:37:36.951,CONFIRMED,9e7c2e3450410e8a398b07b4ab3cd22eb4a90d3c7f309250034def2619afce0d,10A,Aryan Batra,****5129,PAY1530,12779.83,UPI,IndiGo,BOM,DEL,2026-04-20 08:31:41.704,2026-04-20 09:19:41.704,48.0,BOM -> DEL,Ishaan,Nair,81,M,i****1@yahoo.com,****7294,2e23596e4c10c4bb87945cb52d1b644b2629debb7b7e356ddc7d2fba1f3c1e21,1944-12-21
B1216,P1242,6F238,2025-12-09 11:37:36.951,CONFIRMED,9e7c2e3450410e8a398b07b4ab3cd22eb4a90d3c7f309250034def2619afce0d,10A,Aryan Batra,****5129,PAY1878,5236.29,NETBANKING,IndiGo,BOM,DEL,2026-04-20 08:31:41.704,2026-04-20 09:19:41.704,48.0,BOM -> DEL,Ishaan,Nair,81,M,i****1@yahoo.com,****7294,2e23596e4c10c4bb87945cb52d1b644b2629debb7b7e356ddc7d2fba1f3c1e21,1944-12-21
B1217,P1072,6F092,2026-03-19 11:37:36.951,CANCELLED,6dc3d57d8ab76aa9d73c5f9badbce0d740d7308ab94ec1c650c31d41547f0b33,32C,Yash Soman,****8927,,,,IndiGo,MAA,BLR,2026-04-20 08:39:41.702,2026-04-20 09:15:41.702,36.0,MAA -> BLR,Krishna,Banerjee,18,M,k****e@yahoo.com,****7037,7fa979583c28087962c76fdf718a8a148ed0e9cf7bb035d35b27b9225e0c0ed4,2008-02-22
B1218,P1478,AI213,2025-11-13 11:37:36.951,PENDING,f1b8efb28ccf874abcceafa0c060b1597785842c7a2da8e94f1b35b149a1da81,2D,Elijah Shah,****3132,,,,Air India,HYD,CCU,2026-04-20 08:03:41.703,2026-04-20 09:14:41.703,71.0,HYD -> CCU,Myra,Kulkarni,43,M,m****i@hotmail.com,****6315,26adfe4cfa1a9db16422bffe97fcb14f499625245b2ca6b6590679881460d6f1,1983-05-06
B1219,P1973,UK193,2026-02-15 11:37:36.951,CANCELLED,e6f7c7df80fc633fa4ac30338eff62f929800f2643569257433955042331a89f,1B,Oeshi Hayer,****0964,,,,Vistara,HYD,DEL,2026-04-20 08:39:41.703,2026-04-20 09:14:41.703,35.0,HYD -> DEL,Kavya,Mishra,40,F,k****1@yahoo.com,****4480,dc2b555b92baa6110cae9c13840668b67978f75173e11f5d07bddc911fd306c8,1986-02-18
B1220,P1560,6F178,2026-04-04 11:37:36.951,PENDING,2a111245db330168e7329b3680eda2702026242b1d14da346a34b2292688f555,29C,Leena Talwar,****2559,PAY1172,11075.72,UPI,IndiGo,BOM,CCU,2026-04-20 04:48:41.703,2026-04-20 09:11:41.703,263.0,BOM -> CCU,Muhammad,Joshi,5,M,m****1@rediffmail.com,****5169,5509b86a3a15cc9455a9732c5d2d22d50bb10b9806862b32f611b68f03487471,2021-07-06
B1221,P1100,AI158,2026-03-06 11:37:36.951,CONFIRMED,43dd69fe388e42171af5ac09ef66076abd3c2e1cad609508618bc88ed4902104,19D,Mugdha Kohli,****5218,PAY1094,13658.68,UPI,Air India,CCU,DEL,2026-04-20 06:04:41.703,2026-04-20 09:01:41.703,177.0,CCU -> DEL,Muhammad,Joshi,9,M,m****i@rediffmail.com,****6219,2a2d6908068461040efa76a6234321bc55e26d05698454f04c924ddf18aa46a0,2017-05-02
B1221,P1100,AI158,2026-03-06 11:37:36.951,CONFIRMED,43dd69fe388e42171af5ac09ef66076abd3c2e1cad609508618bc88ed4902104,19D,Mugdha Kohli,****5218,PAY1134,5138.43,UPI,Air India,CCU,DEL,2026-04-20 06:04:41.703,2026-04-20 09:01:41.703,177.0,CCU -> DEL,Muhammad,Joshi,9,M,m****i@rediffmail.com,****6219,2a2d6908068461040efa76a6234321bc55e26d05698454f04c924ddf18aa46a0,2017-05-02
B1222,P1513,UK208,2026-03-30 11:37:36.951,PENDING,b36b5e62db340ae2441a54ace93d3fb457e313ef26b5f4f1db594ea6912ab2cd,8A,Manbir Ahluwalia,****5907,,,,Vistara,DEL,CCU,2026-04-20 03:54:41.704,2026-04-20 08:51:41.704,297.0,DEL -> CCU,Myra,Kulkarni,36,M,m****2@rediffmail.com,****8961,0634a9616de5ebce0f8e7b50ea7ba9d5f90c29a808aa7ba98435c772c54a89f2,1990-03-23
B1223,P1755,6F056,2026-04-09 11:37:36.951,PENDING,102bf3cf727cb98767a5fd7b0a2795fb68b856bfe71a490945a40be3d72f0134,15A,Hredhaan Sandal,****4660,PAY1159,1794.08,UPI,IndiGo,BOM,MAA,2026-04-20 07:00:41.701,2026-04-20 08:49:41.701,109.0,BOM -> MAA,Reyansh,Verma,79,M,r****a@hotmail.com,****3403,8290da15b41e936dcb68d8810da2a148319a4ad72886ae9c4f231a66cb92ed64,1947-06-05
B1224,P1175,UK185,2025-10-26 11:37:36.951,CONFIRMED,52bb409870cf2f6bd7eeab38acdd21f5ba9684edbf010194a59e84f28bc5802d,1E,Theodore Goda,****9317,,,,Vistara,DEL,MAA,2026-04-20 07:31:41.703,2026-04-20 08:48:41.703,77.0,DEL -> MAA,Muhammad,Mishra,76,F,m****a@hotmail.com,****4434,0b05324f4c52ed4da4fb8d7bf2df4cc1a6f554e02ea8649f69c81af9379d08c9,1949-10-02
B1225,P1237,AI163,2026-01-13 11:37:36.951,PENDING,6c2608bc4b6a8e04f0ba56e37e4d68cd55501b8b2ce1161d64b39ec8019b6b96,4D,Zarna Shetty,****1229,PAY1480,3894.65,CARD,Air India,HYD,MAA,2026-04-20 07:45:41.703,2026-04-20 08:46:41.703,61.0,HYD -> MAA,Ishaan,Kulkarni,71,F,i****1@hotmail.com,****2021,b51c6b796282bd1ab0a1f2370c9446b0eba81dbee8501a770f5c31c9509b0aa7,1955-07-19
B1226,P1909,AI112,2025-08-23 11:37:36.951,CONFIRMED,7c9b8796ace1872c7799723a905197a51d319c92391649ae6457f017208fbe45,15C,Chandresh Krish,****3124,PAY1730,8968.11,NETBANKING,Air India,DEL,BLR,2026-04-20 04:41:41.702,2026-04-20 08:24:41.702,223.0,DEL -> BLR,Ananya,Chatterjee,6,M,a****e@rediffmail.com,****1903,e2afb8e4feafe47ab00409934af0051ed00c102ada5f44b3d3fb044aa5d0ec84,2020-07-25
B1227,P1058,AI227,2025-10-23 11:37:36.951,CANCELLED,53d5b02c4ececebc0679f0567c73dc3ceb5871e6097d281812cc3fb18698caa4,12A,Jairaj Shan,****8218,,,,Air India,BLR,MAA,2026-04-20 04:31:41.703,2026-04-20 08:17:41.703,226.0,BLR -> MAA,Diya,Mehta,8,F,d****a@yahoo.com,****6368,537806a15aaa9c46452bd22f1fdf11c3ae3b52c25f2378c62aec4bcee69c5769,2018-01-10
B1228,P1864,SJ083,2026-04-17 11:37:36.951,CONFIRMED,5cea9f976a13567d82650e259a45fe934c19447efee2dc6a69b5f0ab77cc26b3,29D,Kiaan Shetty,****2235,PAY1859,4629.36,CARD,SpiceJet,MAA,BLR,2026-04-20 05:13:41.702,2026-04-20 08:17:41.702,184.0,MAA -> BLR,Anika,Singh,84,M,a****h@rediffmail.com,****6848,149156d956f955d1d4e0da3be95c070a9d981ece795b0bb0c1ee963dbda05d7e,1942-05-25
B1228,P1864,SJ083,2026-04-17 11:37:36.951,CONFIRMED,5cea9f976a13567d82650e259a45fe934c19447efee2dc6a69b5f0ab77cc26b3,29D,Kiaan Shetty,****2235,PAY1910,7087.22,UPI,SpiceJet,MAA,BLR,2026-04-20 05:13:41.702,2026-04-20 08:17:41.702,184.0,MAA -> BLR,Anika,Singh,84,M,a****h@rediffmail.com,****6848,149156d956f955d1d4e0da3be95c070a9d981ece795b0bb0c1ee963dbda05d7e,1942-05-25
B1229,P1098,UK073,2026-02-07 11:37:36.951,CONFIRMED,e7d8dac664c7741b9af68ab674ae2bde534a8e5d4effcd52866422b42d8eab7b,13F,Edhitha Savant,****1227,,,,Vistara,BLR,CCU,2026-04-20 03:59:41.702,2026-04-20 08:09:41.702,250.0,BLR -> CCU,Reyansh,Chatterjee,89,F,r****e@yahoo.com,****5381,a24ec7a9f0c18dacc213a322232ef4fe8b5b297888bac17c7b1e3f784fc040c3,1937-03-06
B1230,P1953,6F169,2025-04-29 11:37:36.951,PENDING,c07e950faded43375baf567f1e65af499ac3566a42c06d8daaa40dbec2432a46,6C,Yamini Sandhu,****2051,PAY1358,4531.77,CARD,IndiGo,BOM,DEL,2026-04-20 03:27:41.703,2026-04-20 08:06:41.703,279.0,BOM -> DEL,Kavya,Iyer,72,F,k****1@outlook.com,****7590,18091c91180f122716b5325ce0753307d28494992f8f0d061fcca24f7f0e6d4f,1953-11-01
B1231,P1870,UK154,2026-04-06 11:37:36.951,CANCELLED,56faa0947b399988d74a3593596fbf7402db998ca43e14fd6831bad1cb659498,27D,Sanaya Dutt,****5590,PAY1129,6547.3,UPI,Vistara,MAA,HYD,2026-04-20 04:00:41.703,2026-04-20 07:57:41.703,237.0,MAA -> HYD,Reyansh,Patel,86,F,r****l@hotmail.com,****7767,2c6ce05d29cdbfff03d348e47bbfbceb3ddc15a469c6b04e6b2d04d30b7407e4,1940-07-28
B1231,P1870,UK154,2026-04-06 11:37:36.951,CANCELLED,56faa0947b399988d74a3593596fbf7402db998ca43e14fd6831bad1cb659498,27D,Sanaya Dutt,****5590,PAY1175,5009.12,UPI,Vistara,MAA,HYD,2026-04-20 04:00:41.703,2026-04-20 07:57:41.703,237.0,MAA -> HYD,Reyansh,Patel,86,F,r****l@hotmail.com,****7767,2c6ce05d29cdbfff03d348e47bbfbceb3ddc15a469c6b04e6b2d04d30b7407e4,1940-07-28
B1232,P1953,SJ169,2025-10-06 11:37:36.951,CONFIRMED,01707546bff7edec03c00172018ff1957511e12f110ca6db1d04aa8adb589f2a,32F,Vaishnavi Sengupta,****1252,,,,SpiceJet,BOM,MAA,2026-04-20 03:10:41.703,2026-04-20 07:56:41.703,286.0,BOM -> MAA,Kavya,Iyer,72,F,k****1@outlook.com,****7590,18091c91180f122716b5325ce0753307d28494992f8f0d061fcca24f7f0e6d4f,1953-11-01
B1233,P1494,6F187,2025-05-13 11:37:36.951,CANCELLED,bb896c0cbe48a46d20eb8be711a12e37cef6612cf4602106e44c0cc7eda92858,5F,Aashi Kota,****9119,PAY1325,1617.29,NETBANKING,IndiGo,BOM,MAA,2026-04-20 03:19:41.703,2026-04-20 07:37:41.703,258.0,BOM -> MAA,Krishna,Chatterjee,81,F,k****e@gmail.com,****9140,4b9d37b10fcbaed876a4885e842dab3b470a63e05da5f3fe2946c7d27a2602d1,1945-03-16
B1234,P1946,UK210,2025-11-21 11:37:36.951,CANCELLED,39097a96fd52f1ab575064b84aea1a1cf7d1f292f1a1f0a78a3ff315753ac594,33A,Aradhana Verma,****4349,PAY1102,7984.22,CARD,Vistara,DEL,CCU,2026-04-20 06:35:41.704,2026-04-20 07:30:41.704,55.0,DEL -> CCU,Aditya,Mehta,2,M,a****1@yahoo.com,****1106,86834322dc45ca8dfd6e245235520dcaf8a632f07205be64f923302ccfe03887,2024-05-16
B1235,P1979,6F250,2025-12-23 11:37:36.951,PENDING,6cb9395cb1c9c17e4f07ec2f249cc94a53e00817798604d12edabe92ffe2ae51,13D,Vedhika Khare,****0345,PAY1866,1236.74,CARD,IndiGo,DEL,BLR,2026-04-20 03:26:41.701,2026-04-20 07:30:41.701,244.0,DEL -> BLR,Kavya,Gupta,11,M,k****a@yahoo.com,****0295,c29fc11a61ceba02532d4f40bf61f1a1a6d53d0093a39169061144398378fccb,2015-08-13
B1235,P1979,6F250,2025-12-23 11:37:36.951,PENDING,6cb9395cb1c9c17e4f07ec2f249cc94a53e00817798604d12edabe92ffe2ae51,13D,Vedhika Khare,****0345,PAY1866,1236.74,CARD,IndiGo,CCU,BLR,2026-04-20 02:23:41.702,2026-04-20 02:56:41.702,33.0,CCU -> BLR,Kavya,Gupta,11,M,k****a@yahoo.com,****0295,c29fc11a61ceba02532d4f40bf61f1a1a6d53d0093a39169061144398378fccb,2015-08-13
B1236,P1513,AI062,2025-07-05 11:37:36.951,CONFIRMED,271679179d225d9003b9302fdba69f47c23566780d5e4f906ea5203eb24d005e,25A,Anvi Sarraf,****2732,,,,Air India,MAA,DEL,2026-04-20 06:49:41.701,2026-04-20 07:25:41.701,36.0,MAA -> DEL,Myra,Kulkarni,36,M,m****2@rediffmail.com,****8961,0634a9616de5ebce0f8e7b50ea7ba9d5f90c29a808aa7ba98435c772c54a89f2,1990-03-23
B1237,P1754,AI047,2025-11-16 11:37:36.951,PENDING,121b9f591e6061df87f87d4d26b0ad0cccc70d64b7807a15ac348256b4da8d3c,15B,Faras Mangal,****1042,,,,Air India,CCU,MAA,2026-04-20 06:36:41.701,2026-04-20 07:23:41.701,47.0,CCU -> MAA,Arjun,Gupta,30,M,a****a@gmail.com,****6530,dcdb94498544ce31d45bd1610e135f27815d7c6db1d44b6606a2d0da5039c4a3,1996-05-25
B1238,P1296,SJ186,2025-10-20 11:37:36.951,PENDING,ad635b7764298da4a1ba1517a21fe4c375f57ac073e34ff7e32a508c29f6a51f,8E,Wahab Magar,****4048,PAY1324,3231.46,UPI,SpiceJet,CCU,DEL,2026-04-20 05:11:41.703,2026-04-20 07:22:41.703,131.0,CCU -> DEL,Aarav,Joshi,16,F,a****i@hotmail.com,****5221,c905c005ddb388338383d2938be1e3d6b60761df74f9bfd774f43e9c65242926,2009-10-07
B1239,P1210,AI217,2025-11-17 11:37:36.951,CANCELLED,bfcfa5d90de2ed500ae6db328dbf58f7f9eeeca47def190af8fcb2f37471d9ce,30A,Gautami Nagarajan,****8284,PAY1208,8821.9,UPI,Air India,CCU,BLR,2026-04-20 04:57:41.703,2026-04-20 07:14:41.703,137.0,CCU -> BLR,Saanvi,Sharma,31,F,s****a@outlook.com,****2140,df861b3f363b8267b311a98ec2e6662d663fdc814c0a377e9a9d069a7ab44c4c,1994-12-23
B1240,P1122,UK100,2025-12-31 11:37:36.951,CONFIRMED,cba42f3eeb784d654c1b82b776ab102f87a52844746981a5aa8b795658b60481,17A,Faris Devi,****5606,PAY1406,12241.53,UPI,Vistara,CCU,BLR,2026-04-20 04:40:41.702,2026-04-20 07:12:41.702,152.0,CCU -> BLR,Ananya,Verma,23,M,a****a@hotmail.com,****1258,521c5e760c3f3c55793ad3fdccd80cbf248cfdcb47bcf32c2b343ebb4aef7766,2003-01-02
B1241,P1228,UK116,2025-12-16 11:37:36.951,CONFIRMED,3908b31871d0dc99ce6c5c6f9400b196be23f1b17da44490dce921d0e5c19530,10A,Matthew Kashyap,****1868,,,,Vistara,CCU,BOM,2026-04-20 03:18:41.702,2026-04-20 07:06:41.702,228.0,CCU -> BOM,Anika,Iyer,80,F,a****r@hotmail.com,****4412,bcd9e1e6a3112c74921e31d9a5cf20d3a205ef77c28c3edf2ef74959f93d0470,1946-07-05
B1242,P1593,6F036,2025-12-01 11:37:36.951,CANCELLED,35124f879d9bdc9c7bd6151647e05e93c1e68285744adc7d56ac67bf6490e180,26C,Leela Dua,****3494,,,,IndiGo,CCU,BLR,2026-04-20 02:14:41.701,2026-04-20 06:57:41.701,283.0,CCU -> BLR,Myra,Iyer,69,F,m****r@rediffmail.com,****4928,834d75e6698ee5b06a4819153ec45b75dc6fe78766d07b0a3b5f1cf2320879e1,1956-10-26
B1243,P1655,AI175,2026-01-22 11:37:36.951,CANCELLED,f01fed20d615bfb1395af50e6501d30d5cd0f5c31654a5bfb892674c9ab720ba,29E,Tanish Bhatt,****2271,,,,Air India,BOM,HYD,2026-04-20 03:08:41.703,2026-04-20 06:55:41.703,227.0,BOM -> HYD,Aditya,Singh,8,M,a****h@gmail.com,****0915,87f3f4ee2477034e8305d0e99d70eb08b64c4c3ef92fd748d5094b8f36d3b88b,2018-06-21
B1244,P1387,UK051,2025-08-18 11:37:36.951,CONFIRMED,a096da9604312585bae2f16bbe292163cc231001d4421ea0cea2460cbd47a7a5,27D,Oeshi Reddy,****5439,PAY1248,4953.56,CARD,Vistara,HYD,DEL,2026-04-20 03:55:41.701,2026-04-20 06:55:41.701,180.0,HYD -> DEL,Anika,Sharma,21,F,a****a@hotmail.com,****4285,6042ebe73951da5075d0ce8cc07d9ee16caf07aa00d0060cd7973d64d3a844fa,2004-09-19
B1245,P1139,6F201,2026-04-17 11:37:36.951,PENDING,158444325e6a5961f2b246310e9967f157aed4d5f6f173c85ec59324eaeab8ca,26A,Ganga Shukla,****9724,PAY1639,3162.91,CARD,IndiGo,CCU,BOM,2026-04-20 02:09:41.703,2026-04-20 06:49:41.703,280.0,CCU -> BOM,Aarav,Agarwal,14,F,a****l@yahoo.com,****7841,19c4f1fa329e3c3df5c34a3348f5526926ae540879637739f46fb848b1ab2cb8,2011-11-26
B1246,P1540,6F230,2026-04-09 11:37:36.951,CONFIRMED,0da0daebff36ffa79c7e6d9d18e839fa46452b26d7320921cccc19ce880ae953,33B,Ojasvi Bhatia,****7156,PAY1784,11516.06,CARD,IndiGo,CCU,BLR,2026-04-20 03:34:41.704,2026-04-20 06:47:41.704,193.0,CCU -> BLR,Kavya,Khan,28,F,k****n@hotmail.com,****7029,f451c6bad83c1556e9b409cffd1f283f07bb19ca7237a81634eb4574650ee4a5,1998-03-26
B1247,P1390,SJ138,2025-08-13 11:37:36.951,CANCELLED,29e7e007c93225f8a5e240d0f8789e31feb99b80da4984f106dc3f9120f385e1,15F,Samuel Salvi,****4867,PAY1953,7658.69,CARD,SpiceJet,BLR,BOM,2026-04-20 05:55:41.702,2026-04-20 06:43:41.702,48.0,BLR -> BOM,Aarav,Mehta,86,F,a****a@hotmail.com,****2605,67ea7bd8b91a6ddc6733f9682e9a962be7e34e7bf8b4d480a80bb664d65a6477,1940-03-19
B1248,P1269,AI246,2026-03-04 11:37:36.951,PENDING,983f6a394bfa18dcd892074686c0d0998d7359181eec8494c72a92c740c5eb48,16B,Lopa Bahri,****8805,,,,Air India,BOM,BLR,2026-04-20 03:22:41.704,2026-04-20 06:41:41.704,199.0,BOM -> BLR,Aarav,Verma,32,M,a****a@hotmail.com,****4268,6b57d9ec4fbf9a3cbf6841c7367d33a2f8d0bccd60a8ba9aec0117bd1d2529b2,1993-12-11
B1249,P1758,6F179,2025-06-06 11:37:36.951,CANCELLED,48fd39716a1b09b8013a46ceee6df87753fe3f7cd028a2fc90ffbe4e1a3db18a,26B,Lajita Sood,****3294,PAY1320,1969.22,UPI,IndiGo,HYD,MAA,2026-04-20 02:25:41.703,2026-04-20 06:40:41.703,255.0,HYD -> MAA,Shaurya,Agarwal,51,M,s****3@rediffmail.com,****7238,6d66facbf38290e6b9b02be0c8c80395e50f9709632dbe5d80e55849480bd71a,1974-09-28
B1249,P1758,6F179,2025-06-06 11:37:36.951,CANCELLED,48fd39716a1b09b8013a46ceee6df87753fe3f7cd028a2fc90ffbe4e1a3db18a,26B,Lajita Sood,****3294,PAY1494,3055.22,NETBANKING,IndiGo,HYD,MAA,2026-04-20 02:25:41.703,2026-04-20 06:40:41.703,255.0,HYD -> MAA,Shaurya,Agarwal,51,M,s****3@rediffmail.com,****7238,6d66facbf38290e6b9b02be0c8c80395e50f9709632dbe5d80e55849480bd71a,1974-09-28
B1250,P1011,6F031,2026-01-28 11:37:36.951,CANCELLED,b05acaaa26ffe2cfd7f1540caa0b6cdd669041bcf7a9f7627542d2d867b18fbd,16F,Abeer Pandey,****9472,PAY1758,6497.92,NETBANKING,IndiGo,BOM,BLR,2026-04-20 02:00:41.701,2026-04-20 06:37:41.701,277.0,BOM -> BLR,Sara,Naidu,3,M,s****u@yahoo.com,****4718,6ec260924a1a8d6aa59b677aa509e0b8d3c83744bc682bae7f4afa4b22860ddc,2023-04-19
B1251,P1866,UK015,2025-08-30 11:37:36.951,PENDING,ad3874deb14adcb7c55ed1ad0275141741910c25688c46c97e917ec4ba13363d,29A,Chanchal Ramakrishnan,****0000,PAY1521,6952.65,UPI,Vistara,BLR,BOM,2026-04-20 04:46:41.701,2026-04-20 06:33:41.701,107.0,BLR -> BOM,Ishaan,Gupta,68,F,i****1@outlook.com,****3453,ba5d8076e8adf37b4bb17f0f609cf092807ddd52e6a389fe2a7feb2a1fb40839,1958-08-04
B1252,P1388,UK001,2025-04-21 11:37:36.951,CANCELLED,72295d408d5005a6471d7caa3ffddf7d7edc3a2e630f954b96b54754cfebe6f8,27C,Oni Yohannan,****8619,PAY1805,1480.08,CARD,Vistara,CCU,DEL,2026-04-20 05:06:41.700,2026-04-20 06:31:41.700,85.0,CCU -> DEL,Reyansh,Das,58,M,r****1@outlook.com,****7269,75d8cd8cb2c7b36b24fd3678c6a3d37ce1ef2e7f872bd26289e23ef6718affd5,1968-02-17
B1253,P1336,6F133,2026-02-27 11:37:36.951,CANCELLED,ea593d2c3b9d9ab76a4a702e2105a747d3f773561532472e36e3624ba948299f,15E,Thomas Sura,****2911,PAY1266,2152.89,NETBANKING,IndiGo,MAA,BLR,2026-04-20 04:38:41.702,2026-04-20 06:25:41.702,107.0,MAA -> BLR,Arjun,Iyer,32,M,a****r@hotmail.com,****4632,04210ff970abc8aad71f87181573764228b86b64b0d291921cd7b983b98f6afc,1993-12-21
B1253,P1336,6F133,2026-02-27 11:37:36.951,CANCELLED,ea593d2c3b9d9ab76a4a702e2105a747d3f773561532472e36e3624ba948299f,15E,Thomas Sura,****2911,PAY1439,14029.28,NETBANKING,IndiGo,MAA,BLR,2026-04-20 04:38:41.702,2026-04-20 06:25:41.702,107.0,MAA -> BLR,Arjun,Iyer,32,M,a****r@hotmail.com,****4632,04210ff970abc8aad71f87181573764228b86b64b0d291921cd7b983b98f6afc,1993-12-21
B1254,P1505,6F143,2025-07-22 11:37:36.951,CANCELLED,47682f6856f8cd6f968a693fc5b4f7174f44f40b7efa11d9c3525e9edd080630,5D,Theodore Mahajan,****7840,,,,IndiGo,CCU,DEL,2026-04-20 02:09:41.702,2026-04-20 06:08:41.702,239.0,CCU -> DEL,Myra,Mehta,89,F,m****a@yahoo.com,****9062,0f9dacfd5542a237c46171c41aac012f6dd02d680e940ef5a8a77f61fae7a03b,1937-03-25
B1255,P1105,UK165,2025-09-22 11:37:36.951,CANCELLED,219bef4831f829eba13ef950bb31040d50925853855124b6e147fdeaff799216,23F,Rajata Sunder,****1946,PAY1160,1412.67,CARD,Vistara,DEL,BLR,2026-04-20 01:51:41.703,2026-04-20 06:04:41.703,253.0,DEL -> BLR,Muhammad,Singh,63,F,m****h@yahoo.com,****8427,61708f785bcdd560a9d984e9105c4bfef4830832ea22b5a2c2dd028ccce0cf15,1963-05-04
B1256,P1031,6F083,2025-08-10 11:37:36.951,CANCELLED,48493a1e456195504efc37245c15adf5e014422138e19c6a152b175b89eae6e8,22B,Ayush Ramachandran,****0072,PAY1105,2040.64,NETBANKING,IndiGo,BLR,DEL,2026-04-20 05:24:41.702,2026-04-20 06:03:41.702,39.0,BLR -> DEL,Shaurya,Patel,79,M,s****l@gmail.com,****2643,e2305aa80905ada0cced16bb86932b8147fd7a499ae8693de18d3f59f04fe334,1946-12-17
B1257,P1073,AI082,2025-08-19 11:37:36.951,CANCELLED,b9d993e38146c100a794784374ec2e297cb1fb852088bf82b1e08c3f4743f23c,11C,Gayathri Ravel,****7961,PAY1390,13028.65,NETBANKING,Air India,DEL,CCU,2026-04-20 03:19:41.702,2026-04-20 06:01:41.702,162.0,DEL -> CCU,Ananya,Pillai,44,M,a****i@outlook.com,****5165,eeaf371e3b1ab4b7d70d1b6a75b7b0ef4dac56c016caac497035e364a07c28bb,1982-03-26
B1258,P1170,AI164,2025-10-28 11:37:36.951,CANCELLED,d42f09f610f9243a5d615f5ae0bc93909893393f65af728b03bb56c0d655891a,21F,Noah Sibal,****9118,,,,Air India,DEL,BLR,2026-04-20 03:57:41.703,2026-04-20 05:45:41.703,108.0,DEL -> BLR,Aditya,Mehta,88,F,a****a@rediffmail.com,****5626,2c6a0cf71c2539cdd00826205e8be20cd7f08c4f612149fb63bf03be7f63e875,1937-12-08
B1259,P1848,SJ155,2026-01-19 11:37:36.951,CANCELLED,4b77e15ca9a67f1445ad49750ca3e95e4f953556307d6a8d2b3f2d0bc4e30c70,31F,Joshua Walla,****8041,PAY1348,12805.67,CARD,SpiceJet,DEL,CCU,2026-04-20 00:38:41.702,2026-04-20 05:38:41.702,300.0,DEL -> CCU,Kavya,Reddy,23,M,k****1@hotmail.com,****4623,e55bec97bfa513872751f1f0d86736706bc438c42761b16b9df9b2c70dfaea03,2003-04-15
B1260,P1068,AI189,2026-01-04 11:37:36.951,CANCELLED,4523ef270407c19e4f086d29234321e612e68c190279f639f1bc790d54d08b88,1D,Avi Ramesh,****9063,PAY1126,9458.88,NETBANKING,Air India,CCU,DEL,2026-04-20 03:44:41.703,2026-04-20 05:32:41.703,108.0,CCU -> DEL,Sai,Banerjee,54,M,s****e@yahoo.com,****5500,860c54a3699c33c9c60e1cefcee6f9cd87768ce97cfa990bb00418a9dd390bd6,1972-02-05
B1260,P1068,AI189,2026-01-04 11:37:36.951,CANCELLED,4523ef270407c19e4f086d29234321e612e68c190279f639f1bc790d54d08b88,1D,Avi Ramesh,****9063,PAY1153,2117.99,NETBANKING,Air India,CCU,DEL,2026-04-20 03:44:41.703,2026-04-20 05:32:41.703,108.0,CCU -> DEL,Sai,Banerjee,54,M,s****e@yahoo.com,****5500,860c54a3699c33c9c60e1cefcee6f9cd87768ce97cfa990bb00418a9dd390bd6,1972-02-05
B1260,P1068,AI189,2026-01-04 11:37:36.951,CANCELLED,4523ef270407c19e4f086d29234321e612e68c190279f639f1bc790d54d08b88,1D,Avi Ramesh,****9063,PAY1877,4716.99,NETBANKING,Air India,CCU,DEL,2026-04-20 03:44:41.703,2026-04-20 05:32:41.703,108.0,CCU -> DEL,Sai,Banerjee,54,M,s****e@yahoo.com,****5500,860c54a3699c33c9c60e1cefcee6f9cd87768ce97cfa990bb00418a9dd390bd6,1972-02-05
B1261,P1812,SJ057,2025-12-21 11:37:36.951,CONFIRMED,8b12b9b6c47a74bc099d5cab1ebfa24bb47dc6dbe718b757ec605d61bb733c95,34A,Avi Chacko,****0909,,,,SpiceJet,BOM,CCU,2026-04-20 02:17:41.701,2026-04-20 05:29:41.701,192.0,BOM -> CCU,Muhammad,Patel,46,F,m****l@yahoo.com,****0681,2a1e9f52e0499201e74d294e8824948b648e038719b1dc2c8064ffb0b76770f6,1980-01-05
B1262,P1361,SJ198,2025-05-07 11:37:36.951,CONFIRMED,93b683f45f63e7161753160421b56aa7818051e3b9e39b57e6491af9e3694512,16F,Priya Deshmukh,****8944,PAY1475,3896.83,UPI,SpiceJet,CCU,BOM,2026-04-20 00:47:41.703,2026-04-20 05:28:41.703,281.0,CCU -> BOM,Anika,Patel,25,F,a****l@yahoo.com,****0705,cba3ac50d1608f4bfb2829e4640a091047698d6230396264f45afc1c3e89afa8,2001-03-06
B1262,P1361,SJ198,2025-05-07 11:37:36.951,CONFIRMED,93b683f45f63e7161753160421b56aa7818051e3b9e39b57e6491af9e3694512,16F,Priya Deshmukh,****8944,PAY1622,6722.37,UPI,SpiceJet,CCU,BOM,2026-04-20 00:47:41.703,2026-04-20 05:28:41.703,281.0,CCU -> BOM,Anika,Patel,25,F,a****l@yahoo.com,****0705,cba3ac50d1608f4bfb2829e4640a091047698d6230396264f45afc1c3e89afa8,2001-03-06
B1263,P1648,6F122,2026-01-03 11:37:36.951,CANCELLED,363b9fb8fce1194f32f7ea4f43e23e713f3724b8f21ec8408afde36934413c25,6C,Triya Gopal,****8359,PAY1648,1483.05,NETBANKING,IndiGo,DEL,BLR,2026-04-20 01:44:41.702,2026-04-20 05:28:41.702,224.0,DEL -> BLR,Arjun,Agarwal,12,M,a****l@rediffmail.com,****8953,2821f62bdf4a84a3b9afbff6fc8bef72b54f049d23d536b139336190d2fadb54,2014-07-16
B1263,P1648,6F122,2026-01-03 11:37:36.951,CANCELLED,363b9fb8fce1194f32f7ea4f43e23e713f3724b8f21ec8408afde36934413c25,6C,Triya Gopal,****8359,PAY1665,10997.85,UPI,IndiGo,DEL,BLR,2026-04-20 01:44:41.702,2026-04-20 05:28:41.702,224.0,DEL -> BLR,Arjun,Agarwal,12,M,a****l@rediffmail.com,****8953,2821f62bdf4a84a3b9afbff6fc8bef72b54f049d23d536b139336190d2fadb54,2014-07-16
B1264,P1432,SJ097,2026-04-15 11:37:36.951,CONFIRMED,d2eaa1f0d671e6fe921ad536c4ac241d35c79cd91442d83e8012f0dc3d9402cb,12A,Chandresh Lad,****0179,PAY1277,3936.86,NETBANKING,SpiceJet,BOM,CCU,2026-04-20 02:37:41.702,2026-04-20 05:27:41.702,170.0,BOM -> CCU,Sai,Chatterjee,68,F,s****e@outlook.com,****1007,7cd73111b2d4855eebf192ca0380d24a25ed1d2ca5ddb4ba7a67a966fc252557,1957-12-14
B1264,P1432,SJ097,2026-04-15 11:37:36.951,CONFIRMED,d2eaa1f0d671e6fe921ad536c4ac241d35c79cd91442d83e8012f0dc3d9402cb,12A,Chandresh Lad,****0179,PAY1655,4662.75,UPI,SpiceJet,BOM,CCU,2026-04-20 02:37:41.702,2026-04-20 05:27:41.702,170.0,BOM -> CCU,Sai,Chatterjee,68,F,s****e@outlook.com,****1007,7cd73111b2d4855eebf192ca0380d24a25ed1d2ca5ddb4ba7a67a966fc252557,1957-12-14
B1265,P1928,UK203,2025-08-06 11:37:36.951,PENDING,9042ffc6235420bc16844f9582e7d5fdc82f072ba166f1db543ce1b1c8521315,28F,Ladli Narang,****3723,,,,Vistara,BLR,HYD,2026-04-20 04:12:41.703,2026-04-20 05:24:41.703,72.0,BLR -> HYD,Shaurya,Agarwal,12,M,s****l@gmail.com,****8473,e882f77028ca1240187b91e17cdf627852db6826df3cbe36d9dc47652caf95ce,2014-03-13
B1266,P1995,UK093,2026-01-16 11:37:36.951,CONFIRMED,73908b01d924b10c68b3844ae60834c81ea6cb86ca144d7cad49b075d3f4c45b,27F,Siddharth Sha,****3106,PAY1815,14431.32,UPI,Vistara,HYD,CCU,2026-04-20 04:31:41.702,2026-04-20 05:21:41.702,50.0,HYD -> CCU,Arjun,Verma,18,F,a****1@gmail.com,****0502,e9a0ca0bf5f20c24c0880e76c33d131483fdcfa811f39b6add3aae9384e13ef3,2008-08-06
B1267,P1099,AI205,2025-05-21 11:37:36.951,CANCELLED,eb44b7a5311fd8e71596b4925d7e6fbc8df8a35a38634283e5f8d904b1699a60,32A,Eta Nazareth,****0019,PAY1718,2158.29,CARD,Air India,BLR,BOM,2026-04-20 03:26:41.703,2026-04-20 05:14:41.703,108.0,BLR -> BOM,Vivaan,Agarwal,71,F,v****l@hotmail.com,****4348,0eb35e002d76a27e5ec4defc1d582adbb70c3fc7da43830888898b0761a03385,1955-05-26
B1267,P1099,AI205,2025-05-21 11:37:36.951,CANCELLED,eb44b7a5311fd8e71596b4925d7e6fbc8df8a35a38634283e5f8d904b1699a60,32A,Eta Nazareth,****0019,PAY1787,14150.69,UPI,Air India,BLR,BOM,2026-04-20 03:26:41.703,2026-04-20 05:14:41.703,108.0,BLR -> BOM,Vivaan,Agarwal,71,F,v****l@hotmail.com,****4348,0eb35e002d76a27e5ec4defc1d582adbb70c3fc7da43830888898b0761a03385,1955-05-26
B1269,P1008,6F046,2025-09-06 11:37:36.951,CONFIRMED,8739a392d975ad68d40e3505b336a8ecac430bc2aed3b5b6348321f6de0d3703,4C,Oviya Krishnan,****0807,PAY1130,6692.76,UPI,IndiGo,DEL,BLR,2026-04-20 01:27:41.701,2026-04-20 05:08:41.701,221.0,DEL -> BLR,Kavya,Pillai,74,M,k****i@gmail.com,****6600,184b6d895f7c0fd560b885720ee72b5de5ee102df5f112d64c6b724d12bb24fd,1951-11-10
B1269,P1008,6F046,2025-09-06 11:37:36.951,CONFIRMED,8739a392d975ad68d40e3505b336a8ecac430bc2aed3b5b6348321f6de0d3703,4C,Oviya Krishnan,****0807,PAY1394,14606.94,CARD,IndiGo,DEL,BLR,2026-04-20 01:27:41.701,2026-04-20 05:08:41.701,221.0,DEL -> BLR,Kavya,Pillai,74,M,k****i@gmail.com,****6600,184b6d895f7c0fd560b885720ee72b5de5ee102df5f112d64c6b724d12bb24fd,1951-11-10
B1270,P1573,SJ017,2025-06-02 11:37:36.951,PENDING,5cfcbbb44314e2ad5a8778bdb200f9fb146db654372473549fb07012ee96d3cd,22E,Finn Singhal,****2228,,,,SpiceJet,DEL,MAA,2026-04-20 02:57:41.701,2026-04-20 05:00:41.701,123.0,DEL -> MAA,Ishaan,Singh,39,F,i****h@hotmail.com,****8677,1e3d9f2e0ada9fccb05d42a533064bf377a31e416d6c9e9772ba4a2c7655cd89,1986-10-19
B1271,P1696,6F156,2025-10-20 11:37:36.951,PENDING,d8ba4d5d252f7b48c9bd83043b496aeaac83a708891e7ebdf750da7ddc68d280,28B,Anirudh Zacharia,****3662,PAY1416,12211.33,NETBANKING,IndiGo,MAA,BOM,2026-04-20 02:23:41.703,2026-04-20 04:57:41.703,154.0,MAA -> BOM,Riya,Sharma,27,M,r****a@gmail.com,****0849,5321393a3b8533947d8356b02fa046b70b23e010387c8f27b6b099e6410bd0bc,1999-06-25
B1272,P1028,AI068,2025-07-18 11:37:36.951,PENDING,640500d978ddaa98d31fb112c1563d1f47258c81e6d0d7a162ac0537fecdd92e,19A,Charles Palla,****8311,PAY1155,7902.41,UPI,Air India,BOM,BLR,2026-04-20 02:48:41.702,2026-04-20 04:48:42.000,120.00496666666666,BOM -> BLR,Aadhya,Mishra,58,F,a****a@gmail.com,****8647,48e69be23928a6d3b9e4732c3b2b45e4a462c35b3d868c56dec0464f379fb546,1967-10-10
B1272,P1028,AI068,2025-07-18 11:37:36.951,PENDING,640500d978ddaa98d31fb112c1563d1f47258c81e6d0d7a162ac0537fecdd92e,19A,Charles Palla,****8311,PAY1546,12486.95,UPI,Air India,BOM,BLR,2026-04-20 02:48:41.702,2026-04-20 04:48:42.000,120.00496666666666,BOM -> BLR,Aadhya,Mishra,58,F,a****a@gmail.com,****8647,48e69be23928a6d3b9e4732c3b2b45e4a462c35b3d868c56dec0464f379fb546,1967-10-10
B1272,P1028,AI068,2025-07-18 11:37:36.951,PENDING,640500d978ddaa98d31fb112c1563d1f47258c81e6d0d7a162ac0537fecdd92e,19A,Charles Palla,****8311,PAY1909,10043.5,CARD,Air India,BOM,BLR,2026-04-20 02:48:41.702,2026-04-20 04:48:42.000,120.00496666666666,BOM -> BLR,Aadhya,Mishra,58,F,a****a@gmail.com,****8647,48e69be23928a6d3b9e4732c3b2b45e4a462c35b3d868c56dec0464f379fb546,1967-10-10
B1273,P1892,AI150,2025-06-05 11:37:36.951,PENDING,069b2c7abe450ba5f6ba863da4de7bb0be1c05c94659d3fdafc3737d63063116,28B,Udarsh Biswas,****6375,PAY1238,5268.31,UPI,Air India,BOM,DEL,2026-04-20 03:51:41.703,2026-04-20 04:38:41.703,47.0,BOM -> DEL,Aadhya,Mehta,75,F,a****1@gmail.com,****6877,c2e59403d71b2cfa57fa45a9eaf6ab19c64e541e1b6bc2ed94e1d080cc683874,1951-06-15
B1273,P1892,AI150,2025-06-05 11:37:36.951,PENDING,069b2c7abe450ba5f6ba863da4de7bb0be1c05c94659d3fdafc3737d63063116,28B,Udarsh Biswas,****6375,PAY1651,3873.81,CARD,Air India,BOM,DEL,2026-04-20 03:51:41.703,2026-04-20 04:38:41.703,47.0,BOM -> DEL,Aadhya,Mehta,75,F,a****1@gmail.com,****6877,c2e59403d71b2cfa57fa45a9eaf6ab19c64e541e1b6bc2ed94e1d080cc683874,1951-06-15
B1274,P1113,UK008,2025-10-15 11:37:36.951,PENDING,df9df1cea85fc191751add8bf025303f021ea73c73043298127f23ad838899e5,20D,Banjeet Balasubramanian,****3571,PAY1887,8582.34,NETBANKING,Vistara,CCU,BLR,2026-04-20 03:57:41.701,2026-04-20 04:34:41.701,37.0,CCU -> BLR,Anika,Pillai,41,F,a****i@rediffmail.com,****1466,4342c3536ceb1010b3333e9c4f4287fc846416a35e750a73a3967c9f45d74955,1985-03-10
B1275,P1461,6F166,2025-07-11 11:37:36.951,PENDING,d7881e02ec5c14d4da7f2f97908c12ffbf840118b6daed488ed58ba998da7649,18F,Yug Iyengar,****6536,,,,IndiGo,BOM,CCU,2026-04-20 00:03:41.703,2026-04-20 04:33:41.703,270.0,BOM -> CCU,Reyansh,Verma,0,M,r****1@yahoo.com,****4560,d34be3b4dfd02bb38d0e9c2550ad843c9b7b8a32b80b2662e145dc0f5b0fe6d7,2025-09-15
B1276,P1920,6F177,2025-07-15 11:37:36.951,CONFIRMED,00e170dec3f39461ba6e53903b1a87e14b35bb0045d7c7ee93433766342ea30c,1A,Anmol Dua,****9840,PAY1747,9396.07,UPI,IndiGo,HYD,MAA,2026-04-20 02:03:41.703,2026-04-20 04:25:41.703,142.0,HYD -> MAA,Reyansh,Agarwal,44,F,r****l@outlook.com,****5140,2f74cc257643e00543c86b362fd38a1f610099ed82b285b358e849d31f55aa3a,1982-08-01
B1277,P1142,AI196,2026-01-19 11:37:36.951,PENDING,142f5cb76d1edde195fade290aba8156708b312316962f5d0a3e56055eeb8f84,12E,William Date,****6223,,,,Air India,MAA,HYD,2026-04-20 02:52:41.703,2026-04-20 04:25:41.703,93.0,MAA -> HYD,Saanvi,Naidu,51,F,s****u@gmail.com,****9930,7a97f7ea90119044e02da58c96dfdee7b5e2fb67d176a8123567f87b4be17de8,1975-06-19
B1278,P1389,SJ191,2025-08-09 11:37:36.951,CONFIRMED,0003f77c12cdd762db1e56e7388f6e55d4f470dde0fd0fff165f6a225af5a1d8,5B,Urvashi Contractor,****3565,,,,SpiceJet,BLR,BOM,2026-04-20 03:01:41.703,2026-04-20 04:23:41.703,82.0,BLR -> BOM,Muhammad,Chatterjee,58,M,m****1@hotmail.com,****5107,6f512eff912d5e5afc1d0909ff197c948004c5ac168c39b8270084c823dedc56,1968-09-16
B1279,P1631,6F019,2025-05-10 11:37:36.951,PENDING,4190b8c35d5ceac4714eb7bccae04e43d3117777859b9a066afa24d4ab7a358b,28C,Tejas Shroff,****4052,PAY1473,5467.05,UPI,IndiGo,BLR,BOM,2026-04-20 00:19:41.701,2026-04-20 04:14:41.701,235.0,BLR -> BOM,Muhammad,Das,36,F,m****s@outlook.com,****8840,ee3444fd92d8faa09aa8aeb6cd7adcff1a213f776cd4cabddc8534003f044235,1990-04-23
B1280,P1681,AI226,2026-04-12 11:37:36.951,CONFIRMED,217ef94d41a61ab6813b69152cfbd41bc74aa4cc0f5b43bf31084b9f90a8aae0,33B,Aahana Pillay,****9514,,,,Air India,BLR,HYD,2026-04-20 01:19:41.703,2026-04-20 04:08:41.703,169.0,BLR -> HYD,Anika,Agarwal,10,M,a****l@yahoo.com,****9622,e01c90f9418b5cef40f9a5a70a04e168ebc5c273c8c8d676298f077ce78cb83b,2016-02-05
B1281,P1156,SJ207,2026-01-21 11:37:36.951,CANCELLED,348a1a78e838501bc087d402690b132808681aa324a4061ba1ad587aa40a0dd4,4A,Oliver Contractor,****9374,PAY1388,4413.8,CARD,SpiceJet,DEL,CCU,2026-04-20 00:52:41.703,2026-04-20 04:05:41.703,193.0,DEL -> CCU,Reyansh,Mehta,28,M,r****a@hotmail.com,****0427,52262b9ec8213ddf108c8a022b42efbe7fecbb8f9ecbc58846947bde7861b9f2,1998-07-22
B1282,P1334,AI009,2025-12-30 11:37:36.951,CANCELLED,d81e45c4922a75eafd7cccd66cf3090d7395e6f2428eba05c09fa39f4d4db8c3,8B,Nihal Mukhopadhyay,****2151,,,,Air India,DEL,CCU,2026-04-20 01:31:41.701,2026-04-20 04:05:41.701,154.0,DEL -> CCU,Myra,Iyer,32,M,m****r@yahoo.com,****1671,ca88f964945f293d8d66402fb6eb0a094eaa6a5aa916932df09a933cda73dc0b,1994-03-09
B1284,P1259,SJ127,2026-02-22 11:37:36.951,CANCELLED,d6f10f5ff45f64005c91a2e9d84f106266c47ff2cc49ee2dad080dec2fd6ed92,25F,Devika Prashad,****0070,PAY1383,4189.8,UPI,SpiceJet,BOM,DEL,2026-04-20 01:21:41.702,2026-04-20 03:58:41.702,157.0,BOM -> DEL,Reyansh,Pillai,36,M,r****1@hotmail.com,****3780,3fc9cab2d510c4f2130edd001e66744b7a839f10b361ebf33196b038d50c9bb6,1989-09-23
B1284,P1259,SJ127,2026-02-22 11:37:36.951,CANCELLED,d6f10f5ff45f64005c91a2e9d84f106266c47ff2cc49ee2dad080dec2fd6ed92,25F,Devika Prashad,****0070,PAY1840,8516.93,CARD,SpiceJet,BOM,DEL,2026-04-20 01:21:41.702,2026-04-20 03:58:41.702,157.0,BOM -> DEL,Reyansh,Pillai,36,M,r****1@hotmail.com,****3780,3fc9cab2d510c4f2130edd001e66744b7a839f10b361ebf33196b038d50c9bb6,1989-09-23
B1285,P1081,UK188,2026-03-26 11:37:36.951,CANCELLED,1b57d26efecdc40edf4402903798fb8de4dd784962f81b55d7a5e48c0844f02e,25B,Mekhala Issac,****8913,PAY1021,1207.32,NETBANKING,Vistara,MAA,BLR,2026-04-20 02:55:41.703,2026-04-20 03:44:41.703,49.0,MAA -> BLR,Kavya,Ghosh,78,M,k****h@rediffmail.com,****3943,3f9232cdc2498959b940812e69456773e250ac18bd8f8041569d71bb752c7234,1948-04-28
B1287,P1440,SJ098,2025-12-13 11:37:36.951,CANCELLED,665cda5ea3706bcc0ca32c7d2959902df3591c2456a0ff3e6ae508fec1030cf5,5F,Harsh Mitra,****7930,PAY1224,14610.33,CARD,SpiceJet,HYD,MAA,2026-04-20 03:02:41.702,2026-04-20 03:37:41.702,35.0,HYD -> MAA,Reyansh,Chatterjee,57,M,r****1@yahoo.com,****2807,1a34bf6b20065cac0a004f6cfae6de409904744b3a8ee99d922cb3d3fa222a12,1969-02-04
B1287,P1440,SJ098,2025-12-13 11:37:36.951,CANCELLED,665cda5ea3706bcc0ca32c7d2959902df3591c2456a0ff3e6ae508fec1030cf5,5F,Harsh Mitra,****7930,PAY1989,7693.36,CARD,SpiceJet,HYD,MAA,2026-04-20 03:02:41.702,2026-04-20 03:37:41.702,35.0,HYD -> MAA,Reyansh,Chatterjee,57,M,r****1@yahoo.com,****2807,1a34bf6b20065cac0a004f6cfae6de409904744b3a8ee99d922cb3d3fa222a12,1969-02-04
B1288,P1944,6F058,2025-12-11 11:37:36.951,PENDING,0a453657a8991145cbe32f1f76df08a0570cd50e031b17bc2b44db73088651e9,18C,Jai Barman,****4865,PAY1200,1114.05,CARD,IndiGo,BOM,CCU,2026-04-20 01:04:41.701,2026-04-20 03:33:41.701,149.0,BOM -> CCU,Riya,Gupta,10,M,r****1@gmail.com,****7555,3c7f5f37ca520e3e259f19fa5cde9acb9a288d07ca110426cdb55bd3774dbdca,2016-09-06
B1288,P1944,6F058,2025-12-11 11:37:36.951,PENDING,0a453657a8991145cbe32f1f76df08a0570cd50e031b17bc2b44db73088651e9,18C,Jai Barman,****4865,PAY1517,8140.84,NETBANKING,IndiGo,BOM,CCU,2026-04-20 01:04:41.701,2026-04-20 03:33:41.701,149.0,BOM -> CCU,Riya,Gupta,10,M,r****1@gmail.com,****7555,3c7f5f37ca520e3e259f19fa5cde9acb9a288d07ca110426cdb55bd3774dbdca,2016-09-06
B1289,P1171,SJ030,2026-03-23 11:37:36.951,PENDING,912e5deff48e328c894dab139ca72303380d8f75d8abc97c7ea9ab4a724ad764,24F,Idika Walia,****7017,PAY1716,12016.99,NETBANKING,SpiceJet,DEL,HYD,2026-04-20 02:36:41.701,2026-04-20 03:19:41.701,43.0,DEL -> HYD,Ishaan,Banerjee,61,M,i****2@hotmail.com,****9167,479582a6eeb9cd3b57599fa2aff430b8fe3f77938ff5815fd04a3a5c350bdce5,1964-12-20
B1290,P1230,UK175,2025-07-26 11:37:36.951,CANCELLED,959dbab753b9827301f1f2199c20e783c7bc6b510be6fe3ba0958148ad357305,16F,Priya Prabhakar,****9769,PAY1994,13471.57,UPI,Vistara,BLR,BOM,2026-04-19 23:56:41.703,2026-04-20 03:18:41.703,202.0,BLR -> BOM,Kavya,Mehta,19,F,k****a@gmail.com,****9054,57e24658ca4bd0db30868799b68b29e9e383ba2a92e9bcc1ca15fbd2b2b8df31,2006-12-27
B1291,P1719,SJ108,2026-04-01 11:37:36.951,PENDING,b64d80e52b6b05a4821654bf5a15b4a93a383119bf62b33e4f092198d3f2e4c2,28E,Ekapad Toor,****7572,PAY1013,4129.39,NETBANKING,SpiceJet,BLR,HYD,2026-04-20 00:40:41.702,2026-04-20 03:16:41.702,156.0,BLR -> HYD,Shaurya,Ghosh,1,F,s****h@yahoo.com,****6985,8cdfda521665061e62ca41d2ed92c62cb56bf4020200f9abac4a947b67daa9b0,2025-02-08
B1292,P1074,6F075,2025-08-03 11:37:36.951,CONFIRMED,ef61e9a15b7fa058cdcb16caf7ab9720db6601182780d4a470deaa62dfd33d02,7C,Harita Arora,****3679,PAY1414,13787.78,NETBANKING,IndiGo,BOM,CCU,2026-04-19 22:20:41.702,2026-04-20 03:02:41.702,282.0,BOM -> CCU,Riya,Patel,34,F,r****l@hotmail.com,****9588,c6e381cad07a50baad8ea39c41b0fa07d9b20f5e3a65aaf30a04a2476091f421,1992-09-09
B1292,P1074,6F075,2025-08-03 11:37:36.951,CONFIRMED,ef61e9a15b7fa058cdcb16caf7ab9720db6601182780d4a470deaa62dfd33d02,7C,Harita Arora,****3679,PAY1477,8321.74,UPI,IndiGo,BOM,CCU,2026-04-19 22:20:41.702,2026-04-20 03:02:41.702,282.0,BOM -> CCU,Riya,Patel,34,F,r****l@hotmail.com,****9588,c6e381cad07a50baad8ea39c41b0fa07d9b20f5e3a65aaf30a04a2476091f421,1992-09-09
B1293,P1269,UK222,2025-08-31 11:37:36.951,CONFIRMED,aa7a8ba3800b824b2eb32963e014c1d07ca3ed3bb053694f00c0346839f9afc8,25F,Osha Suri,****6545,PAY1436,6227.3,NETBANKING,Vistara,BOM,CCU,2026-04-20 01:22:41.704,2026-04-20 02:57:41.704,95.0,BOM -> CCU,Aarav,Verma,32,M,a****a@hotmail.com,****4268,6b57d9ec4fbf9a3cbf6841c7367d33a2f8d0bccd60a8ba9aec0117bd1d2529b2,1993-12-11
B1294,P1898,6F250,2025-07-13 11:37:36.951,CANCELLED,5c1be3340e3e09ae37d729d39d179c6c77d6eb2cfdbcc79fa1c817116bb960f8,34B,Hitesh Sant,****9502,,,,IndiGo,DEL,BLR,2026-04-20 03:26:41.701,2026-04-20 07:30:41.701,244.0,DEL -> BLR,Shaurya,Singh,3,F,s****h@hotmail.com,****0386,7342b58cf92095fae7375605a34f3a03b1da3820620dea5738673c42ebf4c8cb,2023-02-16
B1294,P1898,6F250,2025-07-13 11:37:36.951,CANCELLED,5c1be3340e3e09ae37d729d39d179c6c77d6eb2cfdbcc79fa1c817116bb960f8,34B,Hitesh Sant,****9502,,,,IndiGo,CCU,BLR,2026-04-20 02:23:41.702,2026-04-20 02:56:41.702,33.0,CCU -> BLR,Shaurya,Singh,3,F,s****h@hotmail.com,****0386,7342b58cf92095fae7375605a34f3a03b1da3820620dea5738673c42ebf4c8cb,2023-02-16
B1295,P1625,AI096,2025-12-29 11:37:36.951,CANCELLED,0c9373278df71e25bf24ca7c6fd8aa868a1ccd4a6329eff914ab1a0ff2ed3c0c,14B,Janaki Sharaf,****2053,,,,Air India,CCU,DEL,2026-04-19 21:48:41.702,2026-04-20 02:46:41.702,298.0,CCU -> DEL,Riya,Patel,61,F,r****1@outlook.com,****7658,e7c878671246f91b101bb6b6a2635ab85b15efceef62ddf97bca53704b936d57,1965-03-05
B1296,P1061,AI216,2025-12-23 11:37:36.951,CANCELLED,691c9626fab47ae57ab071d8836c3b5a4a7af7aa16dbd9a3fda00141fcaca533,1B,Michael Saran,****7733,,,,Air India,BOM,CCU,2026-04-20 01:10:41.703,2026-04-20 02:34:41.703,84.0,BOM -> CCU,Sai,Ghosh,78,M,s****h@hotmail.com,****9358,d7168c245107c9463ca5b28bbb4cf1a09c5b77d66327db12011c8f24e23c7e81,1948-07-11
B1297,P1873,6F193,2026-01-23 11:37:36.951,PENDING,a7e1c411aee0eef48fe48259fe764e4575082ba99893ff74767304d64e620479,8A,Patrick Vig,****8361,,,,IndiGo,BOM,MAA,2026-04-20 00:34:41.703,2026-04-20 02:32:41.703,118.0,BOM -> MAA,Shaurya,Reddy,39,M,s****1@rediffmail.com,****3551,2ac493e3562d1b00738240dcb9815dc2f87d5a98cb8af33404e9ea96df9d2f11,1986-11-09
B1298,P1319,SJ194,2026-01-02 11:37:36.951,PENDING,f5d1b416901ecc2a9cdb5e41a18fcda3ee8437851598045b096bfbe27b9b0960,6C,Anamika Yohannan,****2809,,,,SpiceJet,CCU,DEL,2026-04-19 22:46:41.703,2026-04-20 02:31:41.703,225.0,CCU -> DEL,Kavya,Chatterjee,34,M,k****e@hotmail.com,****7382,c52f68aaccc8c61732810fe7d499e1f00796b0e99527c8719ee0f2e567495916,1991-12-01
B1299,P1101,SJ020,2025-09-11 11:37:36.951,CONFIRMED,9f205c3059639765c686d642af0473c9001920ac1a10ca06540adcc82316106c,16F,Veda Shroff,****3217,PAY1797,8842.93,CARD,SpiceJet,BLR,BOM,2026-04-19 22:18:41.701,2026-04-20 02:27:41.701,249.0,BLR -> BOM,Shaurya,Agarwal,88,F,s****l@rediffmail.com,****3590,9a755bbed9a06ef0ea2e8bfe50ed7773bb15805fd054a232d0881ed8977b1af0,1938-04-27
B1300,P1428,6F070,2025-06-14 11:37:36.951,PENDING,4437ed6e1810562f1a485ad92f698682f821d62d6043b85e437cd2282f90f5e2,21C,Rajata Loyal,****3521,,,,IndiGo,HYD,DEL,2026-04-19 23:23:41.701,2026-04-20 02:24:41.701,181.0,HYD -> DEL,Ishaan,Mishra,16,M,i****a@outlook.com,****3237,8e03ab739474bc37b16d5f4f9c375a7f32b4ece483d0d12301a253e59fe352ec,2010-05-25
B1301,P1873,AI051,2025-09-03 11:37:36.951,CONFIRMED,71fc6b978e64cb415c70d1f09318dfa5c0b84000abbd268c193bd4a0e84dbfef,12A,Ekantika Korpal,****4069,PAY1056,14671.03,UPI,Air India,MAA,BLR,2026-04-20 01:27:41.701,2026-04-20 02:22:41.701,55.0,MAA -> BLR,Shaurya,Reddy,39,M,s****1@rediffmail.com,****3551,2ac493e3562d1b00738240dcb9815dc2f87d5a98cb8af33404e9ea96df9d2f11,1986-11-09
B1302,P1721,UK219,2025-12-27 11:37:36.951,PENDING,9d5ca609c2e118896874c0c7e485fe65402a293b9d0fb96d90373167bdd925db,3D,Gabriel Mallick,****4089,PAY1326,6515.83,NETBANKING,Vistara,BOM,HYD,2026-04-19 22:03:41.704,2026-04-20 02:21:41.704,258.0,BOM -> HYD,Kavya,Kulkarni,45,M,k****i@hotmail.com,****3185,9e3afc669bf1bda40c5e38cdbfc8c814174df4e4bd652799c9b15beed5be07cd,1981-08-16
B1302,P1721,UK219,2025-12-27 11:37:36.951,PENDING,9d5ca609c2e118896874c0c7e485fe65402a293b9d0fb96d90373167bdd925db,3D,Gabriel Mallick,****4089,PAY1732,8423.69,NETBANKING,Vistara,BOM,HYD,2026-04-19 22:03:41.704,2026-04-20 02:21:41.704,258.0,BOM -> HYD,Kavya,Kulkarni,45,M,k****i@hotmail.com,****3185,9e3afc669bf1bda40c5e38cdbfc8c814174df4e4bd652799c9b15beed5be07cd,1981-08-16
B1302,P1721,UK219,2025-12-27 11:37:36.951,PENDING,9d5ca609c2e118896874c0c7e485fe65402a293b9d0fb96d90373167bdd925db,3D,Gabriel Mallick,****4089,PAY1803,9282.39,UPI,Vistara,BOM,HYD,2026-04-19 22:03:41.704,2026-04-20 02:21:41.704,258.0,BOM -> HYD,Kavya,Kulkarni,45,M,k****i@hotmail.com,****3185,9e3afc669bf1bda40c5e38cdbfc8c814174df4e4bd652799c9b15beed5be07cd,1981-08-16
B1303,P1953,AI235,2025-12-13 11:37:36.951,CONFIRMED,7ed0701a6a9964e4905cd1f4a5aaca561163bfb34a90732f52fa37c55867e48e,20A,Shravya Kohli,****9768,PAY1091,5866.4,CARD,Air India,BLR,HYD,2026-04-19 22:45:41.704,2026-04-20 02:12:41.704,207.0,BLR -> HYD,Kavya,Iyer,72,F,k****1@outlook.com,****7590,18091c91180f122716b5325ce0753307d28494992f8f0d061fcca24f7f0e6d4f,1953-11-01
B1303,P1953,AI235,2025-12-13 11:37:36.951,CONFIRMED,7ed0701a6a9964e4905cd1f4a5aaca561163bfb34a90732f52fa37c55867e48e,20A,Shravya Kohli,****9768,PAY1839,13806.55,NETBANKING,Air India,BLR,HYD,2026-04-19 22:45:41.704,2026-04-20 02:12:41.704,207.0,BLR -> HYD,Kavya,Iyer,72,F,k****1@outlook.com,****7590,18091c91180f122716b5325ce0753307d28494992f8f0d061fcca24f7f0e6d4f,1953-11-01
B1305,P1531,SJ114,2025-09-28 11:37:36.951,PENDING,49ba46c5e75f0440225e3c35ed0823e9274a56a9f43842994b566dde445a8538,13C,Gayathri Balakrishnan,****9203,PAY1438,13844.39,NETBANKING,SpiceJet,HYD,DEL,2026-04-19 22:42:41.702,2026-04-20 02:02:41.702,200.0,HYD -> DEL,Reyansh,Sharma,59,M,r****a@yahoo.com,****3017,15e3ad57b8b44c1a03ecf9212fe4be4a009ecfc618c0c4bfdbf94ac9fd521168,1967-09-16
B1306,P1569,SJ076,2025-12-01 11:37:36.951,CONFIRMED,9b40efdd02edca7473aeb886cba65ea6c74fdb2aa98b60f806a7f3228783e7ab,30A,Warda Nair,****1450,PAY1916,9753.04,NETBANKING,SpiceJet,DEL,MAA,2026-04-19 23:01:41.701,2026-04-20 02:02:41.701,181.0,DEL -> MAA,Muhammad,Nair,17,M,m****r@hotmail.com,****3299,7f6c55884c861b18c997852187cf56716c9ef18e43ab0de6661c13c81e6ba13d,2009-02-01
B1307,P1111,UK227,2026-01-26 11:37:36.951,PENDING,51c9538f633e0462ab84a7ea98c14e614540d1630ae6d2df61a0acde5151bcc6,32E,Qabil Sura,****2614,PAY1065,12772.93,CARD,Vistara,BOM,HYD,2026-04-19 21:57:41.704,2026-04-20 01:47:41.704,230.0,BOM -> HYD,Krishna,Sharma,33,F,k****a@yahoo.com,****5000,a3c57a2bec4fca838f16b34b9b9e38d50f924ecf1d38e949c741d6ca5f83a42b,1993-06-15
B1307,P1111,UK227,2026-01-26 11:37:36.951,PENDING,51c9538f633e0462ab84a7ea98c14e614540d1630ae6d2df61a0acde5151bcc6,32E,Qabil Sura,****2614,PAY1830,13498.4,CARD,Vistara,BOM,HYD,2026-04-19 21:57:41.704,2026-04-20 01:47:41.704,230.0,BOM -> HYD,Krishna,Sharma,33,F,k****a@yahoo.com,****5000,a3c57a2bec4fca838f16b34b9b9e38d50f924ecf1d38e949c741d6ca5f83a42b,1993-06-15
B1308,P1984,UK135,2025-07-22 11:37:36.951,CANCELLED,497a0fa9fba2d1280cfd2f12fad59b7eb54d3afbc35d5a64bc3ed8b7aef3af7d,30D,Simon Pant,****2287,PAY1149,9613.19,UPI,Vistara,HYD,DEL,2026-04-19 23:50:41.702,2026-04-20 01:43:41.702,113.0,HYD -> DEL,Ishaan,Singh,85,F,i****1@hotmail.com,****8650,4011ea4d2df4d7f88fa0b119ce4dc0b704c5d0591ee0475c4b850fd337514db2,1941-03-04
B1308,P1984,UK135,2025-07-22 11:37:36.951,CANCELLED,497a0fa9fba2d1280cfd2f12fad59b7eb54d3afbc35d5a64bc3ed8b7aef3af7d,30D,Simon Pant,****2287,PAY1230,12097.48,UPI,Vistara,HYD,DEL,2026-04-19 23:50:41.702,2026-04-20 01:43:41.702,113.0,HYD -> DEL,Ishaan,Singh,85,F,i****1@hotmail.com,****8650,4011ea4d2df4d7f88fa0b119ce4dc0b704c5d0591ee0475c4b850fd337514db2,1941-03-04
B1309,P1312,AI234,2025-05-06 11:37:36.951,CONFIRMED,e43563330de40c32ef1c68480d5ee3251c5c9779ca1e8928a7b73db04744be15,30F,Aarna Oak,****2677,,,,Air India,BOM,MAA,2026-04-19 23:50:41.704,2026-04-20 01:34:41.704,104.0,BOM -> MAA,Sara,Verma,28,F,s****a@gmail.com,****9680,76579a78f2aa0b5c6b3846aca0646bea40c1418a4cafc9a2e805c7a974665423,1998-01-25
B1310,P1997,6F113,2025-08-20 11:37:36.951,PENDING,d73e460424314a38bc3d9e1ba275bba74adee5f58c8deab42c832668a923a90f,5D,Ati Majumdar,****3222,PAY1368,7370.22,UPI,IndiGo,BOM,CCU,2026-04-19 21:04:41.702,2026-04-20 01:30:41.702,266.0,BOM -> CCU,Aadhya,Reddy,72,F,a****y@rediffmail.com,****0262,d30b6054df63061484dcaf9b2619d847d2f2ab7ae47bd53d1e420fbd725e80f3,1954-01-07
B1311,P1460,SJ206,2025-11-16 11:37:36.951,PENDING,24a2dd5953d1fa34355527aeb0dd35d470d1060340cab5f2971e3030ef9f0439,9D,Advaith Varughese,****4288,,,,SpiceJet,DEL,CCU,2026-04-19 20:43:41.703,2026-04-20 01:21:41.703,278.0,DEL -> CCU,Kavya,Pillai,58,M,k****1@gmail.com,****3155,56cb3b3c4b19ca25c4d62c50ed9c8f03226a73efbfc05c695aba320f9b7b87b7,1968-08-14
B1312,P1707,AI015,2026-03-29 11:37:36.951,PENDING,c4d086169a7507466fa9a0170c1ef43a998d39e8bc6fa17768c7bf6cf40a8d9d,6E,Rayaan Chada,****0241,,,,Air India,BLR,CCU,2026-04-19 23:21:41.701,2026-04-20 01:15:41.701,114.0,BLR -> CCU,Saanvi,Das,2,M,s****s@gmail.com,****9935,9a9492fdb91270b669bdb5f3afe30f45b4004dee0849115974d57ac6d43f5742,2023-09-09
B1313,P1886,6F260,2025-05-16 11:37:36.951,CANCELLED,38525d5c1f8ae9daa42012c12652dcdf4d63630a0d58eba63bc665b7a221160f,33E,Wyatt Ray,****9760,,,,IndiGo,CCU,DEL,2026-04-19 21:51:41.702,2026-04-20 01:14:41.702,203.0,CCU -> DEL,Diya,Pillai,53,M,d****1@hotmail.com,****0042,bedb5db4982ca36987d966b9f4ebc1627de53f3e594d834034deb89103be1a4c,1973-02-23
B1314,P1461,AI061,2025-04-28 11:37:36.951,CONFIRMED,cdb6154d11533ac954c23a4d154796979cc4a5b7d60f91520abc6f594fba8d88,19C,Vrinda Khosla,****8284,PAY1583,7529.51,CARD,Air India,BOM,CCU,2026-04-19 23:31:41.701,2026-04-20 01:02:41.701,91.0,BOM -> CCU,Reyansh,Verma,0,M,r****1@yahoo.com,****4560,d34be3b4dfd02bb38d0e9c2550ad843c9b7b8a32b80b2662e145dc0f5b0fe6d7,2025-09-15
B1315,P1864,6F237,2026-03-26 11:37:36.951,PENDING,20f9a1e0516eaf24a765a21919da90f20aad47b46ace74e6d5be7b7da9415a4c,9C,Vamakshi Swaminathan,****7462,,,,IndiGo,HYD,MAA,2026-04-19 21:41:41.704,2026-04-20 00:44:41.704,183.0,HYD -> MAA,Anika,Singh,84,M,a****h@rediffmail.com,****6848,149156d956f955d1d4e0da3be95c070a9d981ece795b0bb0c1ee963dbda05d7e,1942-05-25
B1316,P1091,SJ099,2026-01-06 11:37:36.951,PENDING,67689abdb8d7f1671df44d1c1b2335d3702407f3630fca8e1a76cdb3bf7b81db,27C,Sara Badal,****2068,PAY1633,11302.63,UPI,SpiceJet,MAA,BLR,2026-04-19 22:14:41.702,2026-04-20 00:34:41.702,140.0,MAA -> BLR,Ira,Sharma,88,F,i****1@outlook.com,****3158,b2486d67dfedceaacab4e1f5885ff0497178296472869f390dcd38d1daa96c20,1937-11-11
B1317,P1051,SJ146,2026-02-24 11:37:36.951,CANCELLED,b47a852f240a516728aaaeb14873a2927205700d95c4da048247e39dd0f1cc34,21F,Girik Menon,****9773,PAY1237,12552.7,NETBANKING,SpiceJet,HYD,BLR,2026-04-19 22:37:41.702,2026-04-20 00:33:41.702,116.0,HYD -> BLR,Aadhya,Chatterjee,9,F,a****e@outlook.com,****9494,3157eb47074daa84ed9fbb6a50fdf870d9aa1186726a923c4ae09e10b9223cc7,2017-05-15
B1317,P1051,SJ146,2026-02-24 11:37:36.951,CANCELLED,b47a852f240a516728aaaeb14873a2927205700d95c4da048247e39dd0f1cc34,21F,Girik Menon,****9773,PAY1932,7684.83,UPI,SpiceJet,HYD,BLR,2026-04-19 22:37:41.702,2026-04-20 00:33:41.702,116.0,HYD -> BLR,Aadhya,Chatterjee,9,F,a****e@outlook.com,****9494,3157eb47074daa84ed9fbb6a50fdf870d9aa1186726a923c4ae09e10b9223cc7,2017-05-15
B1317,P1051,SJ146,2026-02-24 11:37:36.951,CANCELLED,b47a852f240a516728aaaeb14873a2927205700d95c4da048247e39dd0f1cc34,21F,Girik Menon,****9773,PAY1955,13045.18,CARD,SpiceJet,HYD,BLR,2026-04-19 22:37:41.702,2026-04-20 00:33:41.702,116.0,HYD -> BLR,Aadhya,Chatterjee,9,F,a****e@outlook.com,****9494,3157eb47074daa84ed9fbb6a50fdf870d9aa1186726a923c4ae09e10b9223cc7,2017-05-15
B1318,P1804,SJ146,2025-05-23 11:37:36.951,CANCELLED,15967d729aecdf5d62e44a8158776aa5f8ecf737f558e9b1d19e37c85d2c2c46,29B,Timothy Ravel,****7023,PAY1557,4594.77,UPI,SpiceJet,HYD,BLR,2026-04-19 22:37:41.702,2026-04-20 00:33:41.702,116.0,HYD -> BLR,Muhammad,Banerjee,42,F,m****e@outlook.com,****2930,007fee4561ae91072a51947db8c5055ab7b2b15abcfb57bcf5db240b783ff626,1984-03-08
B1319,P1519,6F071,2025-05-04 11:37:36.951,CONFIRMED,2f8d45159232b3190193d9f908f3dd5d182bb4dbb58182ee12406e500b62870f,4C,Yagnesh Mohan,****1758,PAY1350,5359.26,UPI,IndiGo,DEL,CCU,2026-04-19 20:18:41.702,2026-04-20 00:31:41.702,253.0,DEL -> CCU,Aditya,Verma,11,M,a****a@hotmail.com,****5241,a0630c74bd795fd432b9855455809328166af11d624ac741c358a7bb777c23ed,2014-12-27
B1320,P1811,6F272,2025-08-13 11:37:36.951,PENDING,2c9c503922f39989c14c6d5f58d6e6a826b54e57ab22c8a9331993a883824896,6C,Jyoti Solanki,****1202,PAY1512,12788.34,UPI,IndiGo,HYD,MAA,2026-04-19 23:35:41.702,2026-04-20 00:22:41.702,47.0,HYD -> MAA,Muhammad, Banerjee,12,F,m****e@rediffmail.com,****7051,3fc7c8490a02540337f339f09c28557f195442d6e90e91a9e82f3a8ce3bc0c9e,2014-01-04
B1320,P1811,6F272,2025-08-13 11:37:36.951,PENDING,2c9c503922f39989c14c6d5f58d6e6a826b54e57ab22c8a9331993a883824896,6C,Jyoti Solanki,****1202,PAY1792,9370.75,CARD,IndiGo,HYD,MAA,2026-04-19 23:35:41.702,2026-04-20 00:22:41.702,47.0,HYD -> MAA,Muhammad, Banerjee,12,F,m****e@rediffmail.com,****7051,3fc7c8490a02540337f339f09c28557f195442d6e90e91a9e82f3a8ce3bc0c9e,2014-01-04
B1321,P1097,SJ029,2026-02-12 11:37:36.951,PENDING,6d2700a38d548513d5d0ca91e1ac682b174cb085fb3680f46139fd0b9613d58c,13A,Hemangini Sandal,****1866,,,,SpiceJet,HYD,DEL,2026-04-19 22:55:41.701,2026-04-20 00:22:41.701,87.0,HYD -> DEL,Shaurya,Mehta,65,M,s****a@outlook.com,****2005,8cda467181d793bbf6d5f00f217838df13603af868b12605d08e987c305f0f7c,1961-04-08
B1322,P1235,UK084,2025-07-27 11:37:36.951,CONFIRMED,e6f8b77cf283486d859b3a72e376eeee65d0064cdad2a37f79bc70267f948c60,6E,Ganga Pandey,****0643,,,,Vistara,MAA,DEL,2026-04-19 20:44:41.702,2026-04-20 00:20:41.702,216.0,MAA -> DEL,Arjun,Ghosh,18,F,a****h@outlook.com,****1936,445d66ab7ad291341fc6e035843f205275c8469185749b0ad187d619c597b41a,2007-12-23
B1323,P1900,SJ048,2026-02-06 11:37:36.951,CONFIRMED,1d2dd6c7e3ab38d00785c31ae05386bbb6605995875102adcc8a371c6cf869f1,14D,Sudiksha Madan,****2487,,,,SpiceJet,MAA,BLR,2026-04-19 22:43:41.701,2026-04-20 00:19:41.701,96.0,MAA -> BLR,Riya,Iyer,39,F,r****r@hotmail.com,****5959,a3d124937940b13a6b5a121466531ad0d8bd88a8d61e38835826263222453eed,1986-12-17
B1324,P1373,AI108,2026-02-04 11:37:36.951,CANCELLED,ff1d9f0c94ac5410586489c3245eea7af7455e922e25679dcc50c44067c3a244,33B,Damini Krishnamurthy,****4040,PAY1068,7543.0,NETBANKING,Air India,BLR,CCU,2026-04-19 21:32:41.702,2026-04-20 00:17:41.702,165.0,BLR -> CCU,Sara,Patel,14,F,s****l@outlook.com,****0147,81d0e8cf9360edb255013e65d10cb857c7dcab3f2f31fe28e153474d67a8fb54,2012-03-06
B1325,P1580,SJ134,2025-08-11 11:37:36.951,CANCELLED,b257d1364fcf468633589cde9eb81fe6276764a57e545f89722fac49db4f5333,3B,Vihaan Dara,****9747,PAY1779,4503.45,UPI,SpiceJet,BOM,CCU,2026-04-19 19:58:41.702,2026-04-20 00:15:41.702,257.0,BOM -> CCU,Krishna,Iyer,29,M,k****2@rediffmail.com,****5357,29396fd99dcf8063fd150852924d37d7cf5354193bca68475caed442e1275ca2,1997-05-15
B1326,P1926,UK146,2025-10-31 11:37:36.951,CONFIRMED,4928a4597bf9ff72a5a3fa88ff2423bb7075bc093b51575a755d0186168290ed,14F,Reyansh Mutti,****8283,,,,Vistara,BOM,MAA,2026-04-19 21:40:41.703,2026-04-20 00:08:41.703,148.0,BOM -> MAA,Krishna,Iyer,84,M,k****r@outlook.com,****6858,b73cff3596c438b5e496e28e35772e7076313a494bb7c2c8fe688358540ddfd0,1942-01-23
B1327,P1556,SJ036,2025-09-24 11:37:36.951,CONFIRMED,24e7d2bed5401e51e8ebe2749da434a80e5164ab1c118de30d712d266fa16b5e,26C,Jagdish Wason,****7662,PAY1898,13822.99,UPI,SpiceJet,DEL,HYD,2026-04-19 20:24:41.701,2026-04-19 23:54:41.701,210.0,DEL -> HYD,Myra,Ghosh,41,F,m****h@rediffmail.com,****2143,d5e71e2b0f8b76c4582acdb6c8fe40e188d5c21f675cb6223b55c52782bfdd46,1984-10-28
B1328,P1648,6F202,2025-11-01 11:37:36.951,PENDING,fbcc49740bee69b724038cfb0b5597ccb0b82ec9ead2b16720bd6009754116ac,33B,Qasim Handa,****9958,,,,IndiGo,HYD,BLR,2026-04-19 20:18:41.703,2026-04-19 23:48:41.703,210.0,HYD -> BLR,Arjun,Agarwal,12,M,a****l@rediffmail.com,****8953,2821f62bdf4a84a3b9afbff6fc8bef72b54f049d23d536b139336190d2fadb54,2014-07-16
B1329,P1233,UK041,2026-02-13 11:37:36.951,CONFIRMED,04c2df7e3055c5ddab5a0ad2b02c6a0ecb3436439ef25ae6cb6ea152d8e6b1e4,22C,Tarak Sule,****9243,PAY1221,6401.38,UPI,Vistara,HYD,MAA,2026-04-19 22:37:41.701,2026-04-19 23:44:41.701,67.0,HYD -> MAA,Ishaan,Agarwal,19,M,i****l@rediffmail.com,****3833,d7211a61afac2ee10690895b86cf67bf59205d92bf48eefe52491d5473bb1328,2007-05-22
B1330,P1031,6F078,2025-12-06 11:37:36.951,CONFIRMED,7c74a634ab87bfc462069759fb332a5e466c96897bd959963f9edb2b2d2b7c3b,23A,Aradhana Vohra,****6256,,,,IndiGo,BOM,CCU,2026-04-19 22:04:41.702,2026-04-19 23:37:41.702,93.0,BOM -> CCU,Shaurya,Patel,79,M,s****l@gmail.com,****2643,e2305aa80905ada0cced16bb86932b8147fd7a499ae8693de18d3f59f04fe334,1946-12-17
B1331,P1288,AI097,2025-07-03 11:37:36.951,PENDING,7bedfb6edbc97683219eccb567679abc4ed46f84a38d9212dcd511571e87b599,22C,Barkha Chaudhry,****9583,PAY1233,7131.5,NETBANKING,Air India,HYD,MAA,2026-04-19 18:42:41.702,2026-04-19 23:34:41.702,292.0,HYD -> MAA,Riya,Khan,33,M,r****n@yahoo.com,****2850,dd23f9f847b2c9c19c0ee95f9927fb842a39396987cad0d0968e6c6d54626b73,1993-08-22
B1332,P1637,UK159,2026-01-15 11:37:36.951,CONFIRMED,aa7917807af2a7bb98f8291f4f9bfca0a2e65893a9f63d6d4aadc64ee14320ac,7D,Rishi Minhas,****2108,PAY1313,4183.32,NETBANKING,Vistara,CCU,BLR,2026-04-19 20:45:41.703,2026-04-19 23:32:41.703,167.0,CCU -> BLR,Aditya,Nair,49,M,a****1@gmail.com,****0042,8222b66b9be5d0b67b3d55e9122ec6236d2a5aed899269a90f5becf69b268e34,1977-07-20
B1333,P1578,UK044,2025-09-06 11:37:36.951,CANCELLED,ada839a2b3566f17b03e8a1dc6b8a6249e847b38fa9bb505c387e08941fc8649,12B,Utkarsh Patel,****1145,PAY1079,2238.82,UPI,Vistara,BLR,BOM,2026-04-19 20:31:41.701,2026-04-19 23:29:41.701,178.0,BLR -> BOM,Shaurya,Singh,66,M,s****h@yahoo.com,****2967,b1d53bf407660d11db2848b99f42e3956c7e129b1ae30492dee5530e1cb0f7af,1960-05-19
B1333,P1578,UK044,2025-09-06 11:37:36.951,CANCELLED,ada839a2b3566f17b03e8a1dc6b8a6249e847b38fa9bb505c387e08941fc8649,12B,Utkarsh Patel,****1145,PAY1330,2372.08,NETBANKING,Vistara,BLR,BOM,2026-04-19 20:31:41.701,2026-04-19 23:29:41.701,178.0,BLR -> BOM,Shaurya,Singh,66,M,s****h@yahoo.com,****2967,b1d53bf407660d11db2848b99f42e3956c7e129b1ae30492dee5530e1cb0f7af,1960-05-19
B1334,P1541,6F176,2025-09-27 11:37:36.951,CANCELLED,df12b11e26da7102c9ccf76f8e59eae9736f9183884919eb689f3ce72706fe4f,6F,Praneel Mittal,****9658,,,,IndiGo,CCU,DEL,2026-04-19 20:23:42.000,2026-04-19 23:23:42.000,180.0,CCU -> DEL,Sai,Banerjee,77,M,s****1@gmail.com,****6167,037365d5699a82ed6ea340a503ddc84c273913d65226fe8f72744151a5bd582b,1948-10-11
B1335,P1113,SJ221,2026-02-11 11:37:36.951,PENDING,7758641bcfcffae1e55dbe649f9ef33c8b88d79bc2babdbb9536e3ded50a827c,4A,Akshay Walla,****8680,,,,SpiceJet,MAA,HYD,2026-04-19 18:31:41.703,2026-04-19 23:17:41.703,286.0,MAA -> HYD,Anika,Pillai,41,F,a****i@rediffmail.com,****1466,4342c3536ceb1010b3333e9c4f4287fc846416a35e750a73a3967c9f45d74955,1985-03-10
B1336,P1203,6F112,2025-07-03 11:37:36.951,CONFIRMED,5b7194549b8c5ab6e06833b76fcf2f62671d5bc90885002dff070c1606831c73,22A,Jonathan Mahal,****3059,,,,IndiGo,HYD,DEL,2026-04-19 21:00:41.702,2026-04-19 23:16:41.702,136.0,HYD -> DEL,Aadhya,Nair,53,M,a****r@gmail.com,****8221,8225bec4199fe0d8a4aef35181d36b2dcf3cc5fad832a35dd56d049cedfa943e,1972-11-10
B1338,P1642,6F014,2026-02-21 11:37:36.951,CANCELLED,175731475f81e69af76659bbb90c1a11d411ad3f7cc29f996109cf5ebd5d3732,14C,Brinda Date,****2453,,,,IndiGo,DEL,MAA,2026-04-19 19:42:41.701,2026-04-19 23:15:41.701,213.0,DEL -> MAA,Shaurya,Banerjee,53,F,s****e@gmail.com,****4459,628877ec9d1451b0d9566a67fb154b2258a50b49c8fe4fc642ae66525d751853,1972-12-27
B1339,P1473,AI237,2025-09-17 11:37:36.951,CANCELLED,d0f7fe6b13e7e6502c640dec58da60e4b01cd8f1ae844bb4d645b0c802814917,28A,Vritti Chauhan,****9137,,,,Air India,BOM,CCU,2026-04-19 19:58:41.704,2026-04-19 23:13:41.704,195.0,BOM -> CCU,Vivaan,Singh,35,M,v****h@rediffmail.com,****9807,d94f1253c9cec609d8a8c4347d9ec634b2645c30d78540e26ae6933eebaa750f,1991-01-13
B1340,P1696,6F003,2025-12-14 11:37:36.951,CANCELLED,ccb113f060388251508881d01ebdd156e80fe0a254da084785869dec07a8aa26,12E,Advik Mane,****0823,,,,IndiGo,HYD,BOM,2026-04-19 20:06:41.700,2026-04-19 23:13:41.700,187.0,HYD -> BOM,Riya,Sharma,27,M,r****a@gmail.com,****0849,5321393a3b8533947d8356b02fa046b70b23e010387c8f27b6b099e6410bd0bc,1999-06-25
B1341,P1252,6F249,2025-07-04 11:37:36.951,CONFIRMED,bbd80c064ee67cd3a897cbfa48e9cabf4788c98f4ad671f4478b330d22d4628a,5A,Upasna Srinivas,****1075,PAY1118,9263.24,CARD,IndiGo,HYD,BOM,2026-04-19 20:06:41.700,2026-04-19 23:13:41.700,187.0,HYD -> BOM,Aadhya,Agarwal,16,M,a****l@rediffmail.com,****0851,56344c98d89eeb17acadc9e2ff37e663e53075ef8992ee909dbd3805e0a2fbbd,2010-04-11
B1342,P1797,UK149,2025-04-29 11:37:36.951,CONFIRMED,33a3535b78b20f63ff2601a6af70e10621d94b69d7844ec1ec46dcfc3de97ea8,4A,Ridhi Oak,****1209,PAY1472,10237.49,CARD,Vistara,MAA,DEL,2026-04-19 18:22:41.703,2026-04-19 23:08:41.703,286.0,MAA -> DEL,Anika,Joshi,50,F,a****3@yahoo.com,****1347,919351c5babdcc70ab2aba75457bc7bb120ac4148c52bdbd1b28fd49eb9209b3,1976-02-16
B1342,P1797,UK149,2025-04-29 11:37:36.951,CONFIRMED,33a3535b78b20f63ff2601a6af70e10621d94b69d7844ec1ec46dcfc3de97ea8,4A,Ridhi Oak,****1209,PAY1507,8765.79,NETBANKING,Vistara,MAA,DEL,2026-04-19 18:22:41.703,2026-04-19 23:08:41.703,286.0,MAA -> DEL,Anika,Joshi,50,F,a****3@yahoo.com,****1347,919351c5babdcc70ab2aba75457bc7bb120ac4148c52bdbd1b28fd49eb9209b3,1976-02-16
B1343,P1904,SJ163,2026-03-08 11:37:36.951,CONFIRMED,6ca5b32549694f5923a252c69398f758016fa376c6beb02a86116068943f8f3c,9F,Qarin Behl,****5104,,,,SpiceJet,DEL,HYD,2026-04-19 18:32:41.703,2026-04-19 23:08:41.703,276.0,DEL -> HYD,Shaurya,Joshi,66,F,s****1@rediffmail.com,****4283,bb20c2a756151aa6a9a8ad58e38affdf2866235c71505b05572856ee30899e41,1960-03-18
B1344,P1921,SJ243,2026-03-28 11:37:36.951,CONFIRMED,07f0bc71fd91a31bd86aebed71ff496567cd5205eb33a364f404a24c4dedd824,1D,Zayyan Sridhar,****5145,,,,SpiceJet,BLR,DEL,2026-04-19 18:17:41.704,2026-04-19 23:03:41.704,286.0,BLR -> DEL,Ishaan,Chatterjee,4,M,i****1@hotmail.com,****6961,e0f65046e76f3d652ab9f5bee190267c810474e56c6fa39a73eb98dae8d86d01,2021-12-10
B1345,P1385,UK113,2025-06-06 11:37:36.951,CANCELLED,a5daf2e8f4531a6f1870b75a01a6cc68e36171c4d79f3e980b8c210b3a39de34,1A,Ishaan Bhattacharyya,****7922,,,,Vistara,CCU,DEL,2026-04-19 18:34:41.702,2026-04-19 22:58:41.702,264.0,CCU -> DEL,Reyansh,Das,63,F,r****s@hotmail.com,****0600,7e024988a4d6b50a8349954b8dd4f2d1154865d5c6a13c0085112adaa3d9bd3b,1963-01-03
B1346,P1061,AI071,2025-06-07 11:37:36.951,PENDING,681f904ad52c424e8d850a2477dec185a37dcd8ffce5580717fab9a856e473e6,30E,Nandini Swamy,****1806,,,,Air India,BOM,MAA,2026-04-19 19:55:41.702,2026-04-19 22:58:41.702,183.0,BOM -> MAA,Sai,Ghosh,78,M,s****h@hotmail.com,****9358,d7168c245107c9463ca5b28bbb4cf1a09c5b77d66327db12011c8f24e23c7e81,1948-07-11
B1347,P1514,6F271,2026-02-07 11:37:36.951,PENDING,00a66261287c6861c29bcc4dd2e8bf6119b35af4dd906b0e02d9cf3a7b401e87,22A,Ethan Bera,****6679,PAY1097,12000.54,CARD,IndiGo,HYD,MAA,2026-04-19 19:33:41.702,2026-04-19 22:52:41.702,199.0,HYD -> MAA,Aditya,Kulkarni,82,M,a****i@hotmail.com,****2242,469f77e4580be8383cb20fcbf2fcad3dbd7a756f07812c32fa1760edd275858d,1944-06-19
B1348,P1429,SJ015,2025-06-05 11:37:36.951,CANCELLED,5f301b0ba7ccb4f5738f6cd33c6d0b2c7317fd7c3bb93d3f0d099f2a1e12f612,27E,Max Dixit,****3196,,,,SpiceJet,BOM,CCU,2026-04-19 21:40:41.701,2026-04-19 22:52:41.701,72.0,BOM -> CCU,Aadhya,Pillai,60,F,a****i@hotmail.com,****8383,a8678b1f10418633185195885d73d39c9eb6c3462c1f5467eb0165cebcb8706e,1965-10-27
B1349,P1579,UK047,2025-11-19 11:37:36.951,CANCELLED,5d8d4baffff6be8414db7b2caf6bc05ebff1c4e3d4334038b11d1196b1e0275b,9E,Daksha Chada,****4833,PAY1601,11101.75,CARD,Vistara,BLR,HYD,2026-04-19 18:40:41.701,2026-04-19 22:45:41.701,245.0,BLR -> HYD,Kavya,Nair,5,F,k****r@rediffmail.com,****8293,0fb10ac023f75c9ce956d1165eb02e897a29964cc7d50ae69a240d4127a7cfb5,2021-03-27
B1350,P1536,UK020,2026-02-04 11:37:36.951,PENDING,e9f08ab11a79a0f14f5d1d8e071eb58e712b4870a962ab4c5ca49161860eac15,12A,Yuvraj Dani,****8891,PAY1463,13802.17,UPI,Vistara,MAA,BLR,2026-04-19 21:23:41.701,2026-04-19 22:38:41.701,75.0,MAA -> BLR,Riya,Nair,19,F,r****r@gmail.com,****5123,113283b845530bddf1307489a67165e7f737dd16087997f4e92bceadaacc6ad6,2007-08-25
B1350,P1536,UK020,2026-02-04 11:37:36.951,PENDING,e9f08ab11a79a0f14f5d1d8e071eb58e712b4870a962ab4c5ca49161860eac15,12A,Yuvraj Dani,****8891,PAY1767,7709.03,CARD,Vistara,MAA,BLR,2026-04-19 21:23:41.701,2026-04-19 22:38:41.701,75.0,MAA -> BLR,Riya,Nair,19,F,r****r@gmail.com,****5123,113283b845530bddf1307489a67165e7f737dd16087997f4e92bceadaacc6ad6,2007-08-25
B1350,P1536,UK020,2026-02-04 11:37:36.951,PENDING,e9f08ab11a79a0f14f5d1d8e071eb58e712b4870a962ab4c5ca49161860eac15,12A,Yuvraj Dani,****8891,PAY1962,8540.17,CARD,Vistara,MAA,BLR,2026-04-19 21:23:41.701,2026-04-19 22:38:41.701,75.0,MAA -> BLR,Riya,Nair,19,F,r****r@gmail.com,****5123,113283b845530bddf1307489a67165e7f737dd16087997f4e92bceadaacc6ad6,2007-08-25
B1351,P1690,AI122,2025-09-03 11:37:36.951,PENDING,402773efa149b4a3f2a468baf0a1c832beaeec21485bee3a174e31a16e4f767d,27F,Omaja Kara,****6783,PAY1740,14687.44,UPI,Air India,BOM,CCU,2026-04-19 18:25:41.702,2026-04-19 22:36:41.702,251.0,BOM -> CCU,Krishna,Kulkarni,84,F,k****i@outlook.com,****3356,5294e749960db3ef42624b9439c03455bd3afe6623c8d74e28a9a22a3e4cbcbd,1941-10-07
B1352,P1140,UK223,2025-10-20 11:37:36.951,CANCELLED,0eb08a05c60b48134eae17ed7fca666eab6249948fa4a701d51d07f5ba71294a,17D,Lajita Seshadri,****2884,PAY1722,2116.34,CARD,Vistara,CCU,DEL,2026-04-19 21:58:41.704,2026-04-19 22:30:41.704,32.0,CCU -> DEL,Shaurya,Singh,42,M,s****h@outlook.com,****6690,0cb1f2a8f30b47603647be3525b04fca2e0762ce59cc7d95a6614a508fdf3bc7,1984-08-02
B1352,P1140,UK223,2025-10-20 11:37:36.951,CANCELLED,0eb08a05c60b48134eae17ed7fca666eab6249948fa4a701d51d07f5ba71294a,17D,Lajita Seshadri,****2884,PAY1870,10103.51,UPI,Vistara,CCU,DEL,2026-04-19 21:58:41.704,2026-04-19 22:30:41.704,32.0,CCU -> DEL,Shaurya,Singh,42,M,s****h@outlook.com,****6690,0cb1f2a8f30b47603647be3525b04fca2e0762ce59cc7d95a6614a508fdf3bc7,1984-08-02
B1353,P1742,6F148,2025-09-19 11:37:36.951,CANCELLED,b96ce92d3c9770668eaef00fb8b8e5df7817bea490d7bba6851fbbda8f7e7c56,15F,Saanvi Mishra,****4844,,,,IndiGo,CCU,BOM,2026-04-19 20:23:41.703,2026-04-19 22:30:41.703,127.0,CCU -> BOM,Aditya,Mehta,23,M,a****a@hotmail.com,****7447,90312d565c87e475f51f7fca2e4e4fab2dacc5ddda9b804b2eb3d8220f50e917,2003-03-13
B1354,P1299,SJ162,2025-12-14 11:37:36.951,CONFIRMED,9a64abfcb02a5ab892fa24ebbc403e7b96287406ee00575526b1d71821175b1d,34A,Pushti Mody,****9213,PAY1987,10023.88,UPI,SpiceJet,DEL,HYD,2026-04-19 20:11:41.703,2026-04-19 22:30:41.703,139.0,DEL -> HYD,Aadhya,Mishra,76,F,a****a@hotmail.com,****2835,04686868b50cbcd7a20b56dd261bcb13914a6d1dded37acc2531a82fbdc17d29,1950-05-03
B1355,P1674,6F127,2026-03-30 11:37:36.951,CONFIRMED,7702c0c7d09e733d6ed8369eb00b7a2680f036a1ff4499871e17962598bf821a,28B,Darpan Chaudhary,****1313,PAY1254,5421.14,CARD,IndiGo,HYD,BOM,2026-04-19 18:27:41.702,2026-04-19 22:28:41.702,241.0,HYD -> BOM,Myra,Agarwal,35,M,m****l@yahoo.com,****3407,81712abec2432ffc84c3d7cda51a26c521dbb0f2c1919287cc04df65ad7ec9c5,1991-02-03
B1355,P1674,6F127,2026-03-30 11:37:36.951,CONFIRMED,7702c0c7d09e733d6ed8369eb00b7a2680f036a1ff4499871e17962598bf821a,28B,Darpan Chaudhary,****1313,PAY1662,8877.37,CARD,IndiGo,HYD,BOM,2026-04-19 18:27:41.702,2026-04-19 22:28:41.702,241.0,HYD -> BOM,Myra,Agarwal,35,M,m****l@yahoo.com,****3407,81712abec2432ffc84c3d7cda51a26c521dbb0f2c1919287cc04df65ad7ec9c5,1991-02-03
B1356,P1310,AI173,2025-11-10 11:37:36.951,PENDING,a0048b680a0c3213e7ca8f7ccbf01ad861c403450bdcdd4e9301a4602d888f57,11F,Sarthak Kakar,****8460,,,,Air India,HYD,DEL,2026-04-19 17:36:41.703,2026-04-19 22:27:41.703,291.0,HYD -> DEL,Aarav,Singh,21,F,a****1@rediffmail.com,****9438,e2a422e74686347fd26f8b002db7c7ad7ef2ad5ef805875d292a4c5b68910ede,2005-02-06
B1357,P1470,6F065,2026-02-05 11:37:36.951,PENDING,cc05021b7e48085054d6106c06099d15d7edc4630145411925a915fefe64d2e7,14A,Aishani Bumb,****9923,PAY1726,6983.72,UPI,IndiGo,MAA,BLR,2026-04-19 19:40:41.701,2026-04-19 22:23:41.701,163.0,MAA -> BLR,Myra,Kulkarni,23,M,m****1@rediffmail.com,****7372,5658611fbb35ab1ca831eaa14028e1c0a95db3622f10dfa2220bcecfcd637686,2002-12-01
B1358,P1392,AI053,2025-06-22 11:37:36.951,PENDING,44a787f5c7f3c707a9b794379b9830fd20c3bdaaa83e25925537e8eed3bc9d97,20A,Naksh Khatri,****0560,,,,Air India,CCU,DEL,2026-04-19 18:04:41.701,2026-04-19 22:19:41.701,255.0,CCU -> DEL,Riya,Iyer,51,M,r****r@outlook.com,****3507,a1fbf45e852d7acb7db506798c89ae3d144b6465529edd2ceb3acc5e92e0e053,1974-09-28
B1359,P1641,AI241,2025-10-22 11:37:36.951,CONFIRMED,0df3c26c1d9a164988f5fcd5f08d0ddd693186b4877098fbd706dd030d061aa5,14E,Oscar Borde,****8471,PAY1695,3097.73,CARD,Air India,HYD,BLR,2026-04-19 20:11:41.704,2026-04-19 22:18:41.704,127.0,HYD -> BLR,Myra,Gupta,1,F,m****1@hotmail.com,****5794,4bb6235ca28f8675e853b5869a4b5be6eac925ae5fc9d48216f493b82140ea88,2025-07-13
B1359,P1641,AI241,2025-10-22 11:37:36.951,CONFIRMED,0df3c26c1d9a164988f5fcd5f08d0ddd693186b4877098fbd706dd030d061aa5,14E,Oscar Borde,****8471,PAY1751,8949.59,UPI,Air India,HYD,BLR,2026-04-19 20:11:41.704,2026-04-19 22:18:41.704,127.0,HYD -> BLR,Myra,Gupta,1,F,m****1@hotmail.com,****5794,4bb6235ca28f8675e853b5869a4b5be6eac925ae5fc9d48216f493b82140ea88,2025-07-13
B1359,P1641,AI241,2025-10-22 11:37:36.951,CONFIRMED,0df3c26c1d9a164988f5fcd5f08d0ddd693186b4877098fbd706dd030d061aa5,14E,Oscar Borde,****8471,PAY1843,9519.49,UPI,Air India,HYD,BLR,2026-04-19 20:11:41.704,2026-04-19 22:18:41.704,127.0,HYD -> BLR,Myra,Gupta,1,F,m****1@hotmail.com,****5794,4bb6235ca28f8675e853b5869a4b5be6eac925ae5fc9d48216f493b82140ea88,2025-07-13
B1360,P1444,AI105,2025-06-15 11:37:36.951,PENDING,56d5d91c069771eca6d0234a5a7198c8fdc8498c26f92fcb4e8b0b4290e91bbd,18D,Naksh Agate,****2317,,,,Air India,CCU,DEL,2026-04-19 20:16:41.702,2026-04-19 22:03:41.702,107.0,CCU -> DEL,Sai,Gupta,47,M,s****a@outlook.com,****3548,d2abdc80008b73b8316d0511d69204f5e1d6ce5851e8063cd3030e9eed11061d,1979-02-27
B1361,P1757,AI110,2025-08-24 11:37:36.951,PENDING,405df91caeda8214889c7a03b99f3557218a1453b7efd0a8f52755a041c992ed,13F,Nilima Seshadri,****3821,PAY1333,5339.72,UPI,Air India,BOM,CCU,2026-04-19 17:07:41.702,2026-04-19 22:00:41.702,293.0,BOM -> CCU,Anika,Ghosh,63,M,a****2@rediffmail.com,****3993,ce1772f5b6bb86a5d59b24b5178c6c1aabb925c066a066ccd28d8705ba93b940,1963-07-11
B1362,P1808,AI252,2025-10-22 11:37:36.951,CONFIRMED,6e90791109cf2a1022a0cf817aad200bc95d12b496397e7119237265a90e8ede,15B,Upma Manne,****7951,,,,Air India,HYD,DEL,2026-04-19 17:30:41.704,2026-04-19 21:54:41.704,264.0,HYD -> DEL,Aditya,Joshi,69,M,a****1@outlook.com,****9993,dd14a5d7adec1b00962a0010b64345f78d91c566e3aa432ff60fec7aa249a381,1956-11-24
B1363,P1171,AI149,2025-12-14 11:37:36.951,CANCELLED,fa04490151f10a1a32a7326f2425fa617138a4f9bd77a134063c040f646859b8,3B,Bachittar Kata,****7515,PAY1177,8554.62,NETBANKING,Air India,BOM,HYD,2026-04-19 18:19:41.703,2026-04-19 21:36:41.703,197.0,BOM -> HYD,Ishaan,Banerjee,61,M,i****2@hotmail.com,****9167,479582a6eeb9cd3b57599fa2aff430b8fe3f77938ff5815fd04a3a5c350bdce5,1964-12-20
B1364,P1575,AI224,2025-09-09 11:37:36.951,PENDING,47ce1895315db10dd00a7075624a90c5ac77c02679decb1189750979749bf546,23F,Bhavya Mandal,****8079,PAY1240,2061.92,CARD,Air India,DEL,HYD,2026-04-19 16:51:41.703,2026-04-19 21:36:41.703,285.0,DEL -> HYD,Ananya,Mishra,9,M,a****a@gmail.com,****1680,ef71da133f06294e2d1654e54ef1c93304d771033405620216b2317ac94c5b67,2017-05-11
B1364,P1575,AI224,2025-09-09 11:37:36.951,PENDING,47ce1895315db10dd00a7075624a90c5ac77c02679decb1189750979749bf546,23F,Bhavya Mandal,****8079,PAY1777,10914.38,NETBANKING,Air India,DEL,HYD,2026-04-19 16:51:41.703,2026-04-19 21:36:41.703,285.0,DEL -> HYD,Ananya,Mishra,9,M,a****a@gmail.com,****1680,ef71da133f06294e2d1654e54ef1c93304d771033405620216b2317ac94c5b67,2017-05-11
B1364,P1575,AI224,2025-09-09 11:37:36.951,PENDING,47ce1895315db10dd00a7075624a90c5ac77c02679decb1189750979749bf546,23F,Bhavya Mandal,****8079,PAY1900,1147.36,NETBANKING,Air India,DEL,HYD,2026-04-19 16:51:41.703,2026-04-19 21:36:41.703,285.0,DEL -> HYD,Ananya,Mishra,9,M,a****a@gmail.com,****1680,ef71da133f06294e2d1654e54ef1c93304d771033405620216b2317ac94c5b67,2017-05-11
B1365,P1030,UK158,2025-07-03 11:37:36.951,CANCELLED,a33cfeaddf4ae4d645f159f65b9591682c8b1883536787c062fd95a25ab410d7,15B,Sudiksha Bobal,****0703,,,,Vistara,BOM,MAA,2026-04-19 20:49:41.703,2026-04-19 21:22:41.703,33.0,BOM -> MAA,Aditya,Kulkarni,59,F,a****i@gmail.com,****2378,68c1f6cd2204ee3a45e5f076d30fa697484a95079336d01918ddaad95090db93,1966-10-28
B1366,P1046,6F125,2025-05-05 11:37:36.951,CANCELLED,1c3ba54320320a7a716edcbec2d7d8f9ad38ff08acdf2b31b343dff3c3065aa4,25E,Vivaan Lalla,****5252,,,,IndiGo,BOM,CCU,2026-04-19 17:09:41.702,2026-04-19 21:13:41.702,244.0,BOM -> CCU,Saanvi,Sharma,17,M,s****a@yahoo.com,****8191,c92af55007ca65a9989d183bbfa6b3d48b2c2a6ba4e5d08ce73112559babbf86,2008-11-28
B1367,P1129,UK164,2025-12-14 11:37:36.951,CONFIRMED,df2ef55a7363268de57571697d6b835f839dfecfdf6d55d5bb3eea17d59ddd00,18A,Rudra Sandal,****0157,PAY1011,2379.52,CARD,Vistara,BOM,HYD,2026-04-19 16:46:41.703,2026-04-19 21:10:41.703,264.0,BOM -> HYD,Vivaan,Joshi,65,F,v****i@hotmail.com,****5992,2a6c0b50dc5ae3233dcf036f84282da9251ada4259e8e73e592c0bd2fad97f66,1961-09-09
B1368,P1351,UK007,2025-12-26 11:37:36.951,CANCELLED,da7d5e0922b2c7c8c28e617b5cdadf4e78ef81f2d731e0cf0fac8ba260256129,1E,Ishwar Kar,****7814,PAY1572,9184.07,CARD,Vistara,DEL,HYD,2026-04-19 18:50:41.701,2026-04-19 21:04:41.701,134.0,DEL -> HYD,Arjun,Khan,2,F,a****n@hotmail.com,****0275,5e26eb97a5972bf606be87fe820709ad1c996b939b77a7d10b802efd0a5eb1e7,2024-08-05
B1368,P1351,UK007,2025-12-26 11:37:36.951,CANCELLED,da7d5e0922b2c7c8c28e617b5cdadf4e78ef81f2d731e0cf0fac8ba260256129,1E,Ishwar Kar,****7814,PAY1808,9111.32,CARD,Vistara,DEL,HYD,2026-04-19 18:50:41.701,2026-04-19 21:04:41.701,134.0,DEL -> HYD,Arjun,Khan,2,F,a****n@hotmail.com,****0275,5e26eb97a5972bf606be87fe820709ad1c996b939b77a7d10b802efd0a5eb1e7,2024-08-05
B1368,P1351,UK007,2025-12-26 11:37:36.951,CANCELLED,da7d5e0922b2c7c8c28e617b5cdadf4e78ef81f2d731e0cf0fac8ba260256129,1E,Ishwar Kar,****7814,PAY1970,3626.55,UPI,Vistara,DEL,HYD,2026-04-19 18:50:41.701,2026-04-19 21:04:41.701,134.0,DEL -> HYD,Arjun,Khan,2,F,a****n@hotmail.com,****0275,5e26eb97a5972bf606be87fe820709ad1c996b939b77a7d10b802efd0a5eb1e7,2024-08-05
B1369,P1977,6F118,2026-03-18 11:37:36.951,PENDING,b1b564b8900a1215896719fdae9189077dd1162c13996e62133a0881d4aa3e58,15F,Manthan Lata,****2076,PAY1729,7583.98,UPI,IndiGo,CCU,HYD,2026-04-19 19:52:41.702,2026-04-19 21:01:41.702,69.0,CCU -> HYD,Shaurya,Joshi,64,M,s****2@outlook.com,****3412,a4e62d2f18c4ec1716589702d7cd29e3678f8a39757ea0fe79d02bda5ae3917f,1962-08-20
B1369,P1977,6F118,2026-03-18 11:37:36.951,PENDING,b1b564b8900a1215896719fdae9189077dd1162c13996e62133a0881d4aa3e58,15F,Manthan Lata,****2076,PAY1973,10519.7,UPI,IndiGo,CCU,HYD,2026-04-19 19:52:41.702,2026-04-19 21:01:41.702,69.0,CCU -> HYD,Shaurya,Joshi,64,M,s****2@outlook.com,****3412,a4e62d2f18c4ec1716589702d7cd29e3678f8a39757ea0fe79d02bda5ae3917f,1962-08-20
B1370,P1844,SJ004,2026-01-01 11:37:36.951,CANCELLED,fbbfedb409ce20aa2a9221d740666192579e91ccb4e9d1feb16b26b69e151179,19C,Lucky Bora,****3721,PAY1378,1770.53,UPI,SpiceJet,MAA,DEL,2026-04-19 17:52:41.701,2026-04-19 21:01:41.701,189.0,MAA -> DEL,Vivaan,Pillai,59,F,v****1@rediffmail.com,****4641,7b301a07d8022fcbaf92006f9790e4e5c3d0302bc06997b2e3548e54dd841738,1967-07-11
B1370,P1844,SJ004,2026-01-01 11:37:36.951,CANCELLED,fbbfedb409ce20aa2a9221d740666192579e91ccb4e9d1feb16b26b69e151179,19C,Lucky Bora,****3721,PAY1712,14742.11,UPI,SpiceJet,MAA,DEL,2026-04-19 17:52:41.701,2026-04-19 21:01:41.701,189.0,MAA -> DEL,Vivaan,Pillai,59,F,v****1@rediffmail.com,****4641,7b301a07d8022fcbaf92006f9790e4e5c3d0302bc06997b2e3548e54dd841738,1967-07-11
B1371,P1621,6F206,2025-09-25 11:37:36.951,CANCELLED,ab673c268b0b6bb4a7fd3b104bfc83012467f1e5b62b68b6fe629fc0923afaf7,15E,Darpan Gandhi,****1602,,,,IndiGo,DEL,BOM,2026-04-19 16:39:41.703,2026-04-19 20:59:41.703,260.0,DEL -> BOM,Aarav,Singh,44,M,a****h@hotmail.com,****3646,5b6a3901927e1af12f0f875f00025971352a2f9eb5a2831ee559328d09d27250,1982-06-24
B1372,P1580,SJ130,2025-05-11 11:37:36.951,CANCELLED,e5683d8f5cd99f2f9887e861da47efc71e61700fa21e46d7ce635fc87acb0084,11D,Damyanti Mani,****2017,PAY1245,4621.54,NETBANKING,SpiceJet,BOM,DEL,2026-04-19 16:53:41.702,2026-04-19 20:53:41.702,240.0,BOM -> DEL,Krishna,Iyer,29,M,k****2@rediffmail.com,****5357,29396fd99dcf8063fd150852924d37d7cf5354193bca68475caed442e1275ca2,1997-05-15
B1372,P1580,SJ130,2025-05-11 11:37:36.951,CANCELLED,e5683d8f5cd99f2f9887e861da47efc71e61700fa21e46d7ce635fc87acb0084,11D,Damyanti Mani,****2017,PAY1545,5975.68,CARD,SpiceJet,BOM,DEL,2026-04-19 16:53:41.702,2026-04-19 20:53:41.702,240.0,BOM -> DEL,Krishna,Iyer,29,M,k****2@rediffmail.com,****5357,29396fd99dcf8063fd150852924d37d7cf5354193bca68475caed442e1275ca2,1997-05-15
B1373,P1057,SJ070,2026-02-14 11:37:36.951,CANCELLED,5d66ccfa715a8a84e66e1686dff3372330d4e5ae29d53685980bed018dba27b3,22F,Reva Dash,****1304,PAY1180,6540.32,UPI,SpiceJet,MAA,CCU,2026-04-19 18:55:41.701,2026-04-19 20:48:41.701,113.0,MAA -> CCU,Ishaan,Gupta,44,M,i****a@outlook.com,****5437,f7d6c5cbcdb7cd43f0671923abad05639303e8eea2a2d3c72bb9fd90528cf8b0,1982-08-16
B1374,P1105,AI085,2025-04-24 11:37:36.951,CANCELLED,e19337a471ceaf82a3edcf2fe3add431ce42be6616da8307dd234f3e0dcd85d8,7F,Upadhriti Modi,****7223,,,,Air India,DEL,HYD,2026-04-19 15:45:41.702,2026-04-19 20:33:41.702,288.0,DEL -> HYD,Muhammad,Singh,63,F,m****h@yahoo.com,****8427,61708f785bcdd560a9d984e9105c4bfef4830832ea22b5a2c2dd028ccce0cf15,1963-05-04
B1375,P1811,SJ109,2025-09-02 11:37:36.951,CONFIRMED,2b1f5483a4cc78927354fcf1efd9937032c1ca229a01231ad347559d71b5f66c,15B,Neha Magar,****9962,PAY1342,9150.53,UPI,SpiceJet,BOM,DEL,2026-04-19 17:24:41.702,2026-04-19 20:28:41.702,184.0,BOM -> DEL,Muhammad, Banerjee,12,F,m****e@rediffmail.com,****7051,3fc7c8490a02540337f339f09c28557f195442d6e90e91a9e82f3a8ce3bc0c9e,2014-01-04
B1375,P1811,SJ109,2025-09-02 11:37:36.951,CONFIRMED,2b1f5483a4cc78927354fcf1efd9937032c1ca229a01231ad347559d71b5f66c,15B,Neha Magar,****9962,PAY1531,10064.26,UPI,SpiceJet,BOM,DEL,2026-04-19 17:24:41.702,2026-04-19 20:28:41.702,184.0,BOM -> DEL,Muhammad, Banerjee,12,F,m****e@rediffmail.com,****7051,3fc7c8490a02540337f339f09c28557f195442d6e90e91a9e82f3a8ce3bc0c9e,2014-01-04
B1376,P1329,AI168,2025-08-24 11:37:36.951,PENDING,272f505c37ab1597644a8b702fd0667ea6cf5e951bf84aabd2acf885ad628036,16B,Xiti Zacharia,****9634,PAY1723,12718.31,NETBANKING,Air India,DEL,CCU,2026-04-19 15:50:41.703,2026-04-19 20:20:41.703,270.0,DEL -> CCU,Arjun,Sharma,45,F,a****a@gmail.com,****1951,414ab4da8a8a80561025830bbaa5a928446d75c0b55f048b8fb189b3d3c92cf4,1980-12-19
B1376,P1329,AI168,2025-08-24 11:37:36.951,PENDING,272f505c37ab1597644a8b702fd0667ea6cf5e951bf84aabd2acf885ad628036,16B,Xiti Zacharia,****9634,PAY1735,7199.9,UPI,Air India,DEL,CCU,2026-04-19 15:50:41.703,2026-04-19 20:20:41.703,270.0,DEL -> CCU,Arjun,Sharma,45,F,a****a@gmail.com,****1951,414ab4da8a8a80561025830bbaa5a928446d75c0b55f048b8fb189b3d3c92cf4,1980-12-19
B1377,P1767,UK123,2025-10-24 11:37:36.951,CONFIRMED,f9036ada771a2986538540e69ed66cab9fabf004d38451555f0fa735956ef1e6,26A,Wakeeta Sarma,****1232,,,,Vistara,BOM,DEL,2026-04-19 17:24:41.702,2026-04-19 20:18:41.702,174.0,BOM -> DEL,Sai,Singh,3,M,s****h@rediffmail.com,****8074,2843e4eb6fd2399cc85ed601c18886041b93335ee29dd0b8d2ab27250a10c267,2022-11-14
B1378,P1823,UK110,2026-01-16 11:37:36.951,PENDING,f585a0af8cdadab5c0d506a03bab6433eb4c43b704d8a6e1fe81343026089724,30D,Faris Baral,****8535,PAY1491,4050.66,UPI,Vistara,HYD,DEL,2026-04-19 15:26:41.702,2026-04-19 20:13:41.702,287.0,HYD -> DEL,Reyansh,Banerjee,62,M,r****e@hotmail.com,****0594,00375994ec55a4738a12445b1ed2e4d47cc671093f95a9417cb05605258d65aa,1963-10-21
B1378,P1823,UK110,2026-01-16 11:37:36.951,PENDING,f585a0af8cdadab5c0d506a03bab6433eb4c43b704d8a6e1fe81343026089724,30D,Faris Baral,****8535,PAY1896,10365.35,CARD,Vistara,HYD,DEL,2026-04-19 15:26:41.702,2026-04-19 20:13:41.702,287.0,HYD -> DEL,Reyansh,Banerjee,62,M,r****e@hotmail.com,****0594,00375994ec55a4738a12445b1ed2e4d47cc671093f95a9417cb05605258d65aa,1963-10-21
B1379,P1682,AI206,2025-11-02 11:37:36.951,PENDING,75e6b8e20c4beb48c4a8819f8a3a309f0a8d8d12feb4de568e2362c15ab7cf9c,31C,Rachana Naidu,****2178,,,,Air India,CCU,MAA,2026-04-19 16:30:41.703,2026-04-19 20:01:41.703,211.0,CCU -> MAA,Krishna,Nair,56,M,k****1@gmail.com,****1815,465062afb7680aeff3f2aca882001b26b2f58358b0cf8809577cac21a647a356,1970-04-13
B1380,P1382,6F007,2026-04-16 11:37:36.951,PENDING,5850503d1da37199d02407b7c674a7ed82a1ac5b43a13b571904ebe7fee7150d,6B,Zashil Bal,****7743,PAY1307,14705.02,CARD,IndiGo,HYD,MAA,2026-04-19 18:55:41.701,2026-04-19 19:54:41.701,59.0,HYD -> MAA,Anika,Iyer,51,F,a****r@gmail.com,****8861,527874983a59ddd478bc156440b9511e91019d40f47d5938dad08ceee97d4696,1975-04-07
B1381,P1984,SJ013,2025-11-11 11:37:36.951,PENDING,25d8d806736c98185b1b965eebb464c65d25fd29ed46891bce1a7bc4983214c0,33A,Gavin Karnik,****3911,PAY1975,7452.89,UPI,SpiceJet,DEL,MAA,2026-04-19 15:25:41.701,2026-04-19 19:54:41.701,269.0,DEL -> MAA,Ishaan,Singh,85,F,i****1@hotmail.com,****8650,4011ea4d2df4d7f88fa0b119ce4dc0b704c5d0591ee0475c4b850fd337514db2,1941-03-04
B1382,P1161,UK061,2025-09-19 11:37:36.951,PENDING,664c32a013817b374e7372a993eced6a0bdfbb5ee574870568ae1657524c1bfe,20D,Ansh Luthra,****2822,PAY1239,14862.46,UPI,Vistara,BLR,BOM,2026-04-19 17:58:41.701,2026-04-19 19:48:41.701,110.0,BLR -> BOM,Krishna,Agarwal,57,F,k****l@hotmail.com,****6070,485c10d271d9a2d66bb33d7505a598ef12bd5c51b43ef3b034254233a0a15417,1969-03-09
B1383,P1996,AI010,2025-09-24 11:37:36.951,CANCELLED,9f2376bf007e0326e5bbb9d721c3fbd4950769d8045e8ce6b8164816c49a3ba5,8C,Banjeet Gill,****2261,,,,Air India,BOM,HYD,2026-04-19 15:00:41.701,2026-04-19 19:48:41.701,288.0,BOM -> HYD,Ira,Nair,39,M,i****r@gmail.com,****9487,a99bf74d494323fc11a2ab99dce183ff86c0172888154c747feb689fc9b8aea4,1986-09-24
B1384,P1285,AI024,2025-05-16 11:37:36.951,CONFIRMED,8acc935278d46678bcc065830cd44ecb579665da48d91c77b0b1ea897aee2719,11D,Upma Venkataraman,****3523,PAY1594,5107.55,NETBANKING,Air India,MAA,BOM,2026-04-19 18:38:41.701,2026-04-19 19:45:41.701,67.0,MAA -> BOM,Riya,Agarwal,41,M,r****l@yahoo.com,****1254,19f6b98adae586d0ef381cca7d15b0557a2d4299dcd0d961ac977f5750f196ed,1985-03-09
B1385,P1070,UK130,2025-06-08 11:37:36.951,CONFIRMED,352af516850369165f07fce32b4285c5824ebb0556d76cb600cf96b464455446,30B,Riya Mall,****3433,,,,Vistara,MAA,BLR,2026-04-19 15:36:41.702,2026-04-19 19:43:41.702,247.0,MAA -> BLR,Ira,Sharma,54,F,i****a@outlook.com,****0232,aa88816b827f8e89600369e67556f3c6d6788a8c05b9c618b3c7790d759ea124,1972-02-05
B1386,P1766,AI161,2026-03-12 11:37:36.951,CANCELLED,25b94b35c22556924a58853b8a3cb666a4f30b11e2ff269bcb25508f4a4710f4,10A,Pratyush Sarin,****3897,,,,Air India,CCU,BOM,2026-04-19 16:40:41.703,2026-04-19 19:40:41.703,180.0,CCU -> BOM,Ira,Banerjee,28,F,i****e@gmail.com,****4681,c888bc197f0a9ccd47bb1231267ee59c0a44615958d3e4049f15f145d935eb17,1997-11-16
B1387,P1453,SJ208,2025-07-23 11:37:36.951,PENDING,fe741fa0d15aada3829fb87473872a94eda8df1fd1cf1345543287327d265c96,24F,Vyanjana Chand,****8754,,,,SpiceJet,DEL,HYD,2026-04-19 18:32:41.703,2026-04-19 19:33:41.703,61.0,DEL -> HYD,Diya,Iyer,22,M,d****r@hotmail.com,****1073,02d51b7f2ea902450131549eaf7926463e85ff2498f6c381dad63026620a71ab,2003-09-22
B1389,P1566,6F085,2026-02-22 11:37:36.951,PENDING,5b0337f649c4d44e756d6b02297263536c7938466839efb2aeaf8a1420cd18ba,30D,Nilima Nath,****6220,,,,IndiGo,HYD,MAA,2026-04-19 17:32:41.702,2026-04-19 19:32:42.000,120.00496666666666,HYD -> MAA,Vivaan,Singh,9,F,v****1@rediffmail.com,****9657,f9d5c906327168b1052f257a14d1e19a38363d752ea2068605905f171619d218,2017-02-03
B1390,P1834,SJ028,2026-03-09 11:37:36.951,CANCELLED,e90f78cf72157732a18b624bba25f10f8c8324551191e4d519dc20134942cc33,8C,Ekani Cheema,****0994,,,,SpiceJet,CCU,BOM,2026-04-19 15:04:41.701,2026-04-19 19:32:41.701,268.0,CCU -> BOM,Riya,Singh,55,M,r****h@rediffmail.com,****6903,1a9a7568761a639743588a7c34a082ba02f27b5a99d735212f653a2a1a793927,1970-09-28
B1391,P1396,SJ084,2025-11-26 11:37:36.951,CONFIRMED,6c66927b488f66868f9db78514715ed03968fc6942566ebedff26b4c2c592596,21F,Naveen Narayan,****8281,PAY1143,10930.16,CARD,SpiceJet,HYD,MAA,2026-04-19 18:31:41.702,2026-04-19 19:30:41.702,59.0,HYD -> MAA,Vivaan,Mishra,53,F,v****a@gmail.com,****5747,0d68ecd4e646e75b440c17880c3dfc216bf8a698433d6af42ec110ec2c1c7aa7,1972-11-01
B1391,P1396,SJ084,2025-11-26 11:37:36.951,CONFIRMED,6c66927b488f66868f9db78514715ed03968fc6942566ebedff26b4c2c592596,21F,Naveen Narayan,****8281,PAY1282,14307.48,UPI,SpiceJet,HYD,MAA,2026-04-19 18:31:41.702,2026-04-19 19:30:41.702,59.0,HYD -> MAA,Vivaan,Mishra,53,F,v****a@gmail.com,****5747,0d68ecd4e646e75b440c17880c3dfc216bf8a698433d6af42ec110ec2c1c7aa7,1972-11-01
B1391,P1396,SJ084,2025-11-26 11:37:36.951,CONFIRMED,6c66927b488f66868f9db78514715ed03968fc6942566ebedff26b4c2c592596,21F,Naveen Narayan,****8281,PAY1525,10231.31,CARD,SpiceJet,HYD,MAA,2026-04-19 18:31:41.702,2026-04-19 19:30:41.702,59.0,HYD -> MAA,Vivaan,Mishra,53,F,v****a@gmail.com,****5747,0d68ecd4e646e75b440c17880c3dfc216bf8a698433d6af42ec110ec2c1c7aa7,1972-11-01
B1392,P1514,AI139,2026-03-27 11:37:36.951,CONFIRMED,c6aed61e810837f7174917dc8e20eb2be69893004ea7d779690f1f187c065181,21D,Nisha Tandon,****7852,,,,Air India,HYD,MAA,2026-04-19 18:23:41.702,2026-04-19 19:24:41.702,61.0,HYD -> MAA,Aditya,Kulkarni,82,M,a****i@hotmail.com,****2242,469f77e4580be8383cb20fcbf2fcad3dbd7a756f07812c32fa1760edd275858d,1944-06-19
B1393,P1025,UK179,2026-04-06 11:37:36.951,PENDING,b07a839f0d71b0e6a80975cb0e5955c9fd33438e666270a6ac64007ae89f04fd,26E,Bhavya Rattan,****3402,PAY1749,5252.26,UPI,Vistara,DEL,HYD,2026-04-19 14:25:41.703,2026-04-19 19:15:41.703,290.0,DEL -> HYD,Aarav,Chatterjee,22,M,a****e@yahoo.com,****2872,3b6f062d77b2606553508ed0058dff0df66586e4f66c24560edc31f91a2d8986,2004-07-22
B1394,P1312,6F256,2025-07-23 11:37:36.951,PENDING,b20bdee61b6bbccbde4dc1a61c1110bae77045145b99c724c3070a21236a5def,23F,Balhaar Sha,****2923,,,,IndiGo,BOM,CCU,2026-04-19 18:40:41.702,2026-04-19 19:13:41.702,33.0,BOM -> CCU,Sara,Verma,28,F,s****a@gmail.com,****9680,76579a78f2aa0b5c6b3846aca0646bea40c1418a4cafc9a2e805c7a974665423,1998-01-25
B1396,P1407,AI039,2025-08-03 11:37:36.951,PENDING,2535e1ec2a432b45bf33457a8a7d863b69d14e944a58f4239364f4198e5680f3,13E,Zayyan Naik,****9194,PAY1564,1731.44,CARD,Air India,MAA,BLR,2026-04-19 15:24:41.701,2026-04-19 18:56:41.701,212.0,MAA -> BLR,Shaurya,Kulkarni,51,F,s****i@yahoo.com,****0962,a4f42824c9b2fa201d1908f1a6837307d0001bce28c2b27b2f0b2d0e8d06a511,1974-10-08
B1396,P1407,AI039,2025-08-03 11:37:36.951,PENDING,2535e1ec2a432b45bf33457a8a7d863b69d14e944a58f4239364f4198e5680f3,13E,Zayyan Naik,****9194,PAY1985,14467.69,CARD,Air India,MAA,BLR,2026-04-19 15:24:41.701,2026-04-19 18:56:41.701,212.0,MAA -> BLR,Shaurya,Kulkarni,51,F,s****i@yahoo.com,****0962,a4f42824c9b2fa201d1908f1a6837307d0001bce28c2b27b2f0b2d0e8d06a511,1974-10-08
B1397,P1564,UK190,2026-02-05 11:37:36.951,CANCELLED,32f6bf49dcd7f3a3a4fc0cd24d2422a78935b5da4e9a8a992f29be41a1aa43a1,28D,Jack Raval,****3359,PAY1966,3065.33,NETBANKING,Vistara,DEL,BLR,2026-04-19 15:49:41.703,2026-04-19 18:53:41.703,184.0,DEL -> BLR,Saanvi,Chatterjee,18,M,s****e@rediffmail.com,****0888,d6d2e1b0fc00e2d5fd8337ccbf0844b6ac3145254b7015b01343057c9554364a,2008-08-14
B1398,P1197,6F224,2026-02-04 11:37:36.951,PENDING,08af2eb8f4257835b69491e9252b7bb40f90b7191f376d62d0d232b0ac677538,3E,Yoshita Agarwal,****2164,PAY1347,7148.95,NETBANKING,IndiGo,DEL,MAA,2026-04-19 16:53:41.704,2026-04-19 18:52:41.704,119.0,DEL -> MAA,Krishna,Nair,3,M,k****r@gmail.com,****3129,f04a3fb41be8089bb6a145f2f263fe8ba5c91a32dce223388d126e0676d646e3,2023-06-07
B1399,P1810,UK221,2025-05-31 11:37:36.951,PENDING,ba0a84be81a24a6c1740e4700ed8bd43191f7c9ae4f3c7f326a69a13e66069e4,7A,Turvi Sachdev,****5517,,,,Vistara,CCU,DEL,2026-04-19 14:18:41.704,2026-04-19 18:44:41.704,266.0,CCU -> DEL,Ishaan,Naidu,4,M,i****u@rediffmail.com,****6236,5b047513f42568058c0a74f0aa029b5bf80fa040750d3f86663e11e2aae1c06e,2021-09-25
B1400,P1187,SJ107,2026-04-02 11:37:36.951,CANCELLED,b5e87d4c746853271443049845b13b02adedb7ade30fb78d112f4831f33e1a90,12F,Chatura Guha,****9488,PAY1776,3063.78,UPI,SpiceJet,BOM,MAA,2026-04-19 14:10:41.702,2026-04-19 18:38:41.702,268.0,BOM -> MAA,Aditya,Das,58,F,a****s@gmail.com,****2366,9f7d974eb2fbefa5c76a5957b0195d9241e7e74577d31f5f99337e5fde570a57,1967-10-20
B1401,P1697,UK155,2025-04-20 11:37:36.951,PENDING,f7aa5a0c885017eaef8b46bd0a938c2ef396e639fa1d9c53b82b3ffead2531a0,21D,Zarna Pathak,****6092,PAY1261,10393.94,CARD,Vistara,MAA,HYD,2026-04-19 14:34:41.703,2026-04-19 18:37:41.703,243.0,MAA -> HYD,Aditya,Nair,49,F,a****r@rediffmail.com,****8826,08be6d29c51a7f7330291fb015cf649b467f895babfb3a3c60b7aee1302c4a04,1977-01-22
B1401,P1697,UK155,2025-04-20 11:37:36.951,PENDING,f7aa5a0c885017eaef8b46bd0a938c2ef396e639fa1d9c53b82b3ffead2531a0,21D,Zarna Pathak,****6092,PAY1842,2700.51,UPI,Vistara,MAA,HYD,2026-04-19 14:34:41.703,2026-04-19 18:37:41.703,243.0,MAA -> HYD,Aditya,Nair,49,F,a****r@rediffmail.com,****8826,08be6d29c51a7f7330291fb015cf649b467f895babfb3a3c60b7aee1302c4a04,1977-01-22
B1401,P1697,UK155,2025-04-20 11:37:36.951,PENDING,f7aa5a0c885017eaef8b46bd0a938c2ef396e639fa1d9c53b82b3ffead2531a0,21D,Zarna Pathak,****6092,PAY1885,7755.08,CARD,Vistara,MAA,HYD,2026-04-19 14:34:41.703,2026-04-19 18:37:41.703,243.0,MAA -> HYD,Aditya,Nair,49,F,a****r@rediffmail.com,****8826,08be6d29c51a7f7330291fb015cf649b467f895babfb3a3c60b7aee1302c4a04,1977-01-22
B1402,P1816,UK183,2026-03-21 11:37:36.951,CANCELLED,d7a7d31cb5c9471ab310f2a048aa4a1216f6e1acbde1d49fd81155ae6ee65db2,7E,Wishi Sathe,****8758,PAY1607,9048.17,NETBANKING,Vistara,BLR,CCU,2026-04-19 17:07:41.703,2026-04-19 18:30:41.703,83.0,BLR -> CCU,Shaurya,Joshi,45,F,s****i@gmail.com,****3760,d8a388660430f5ff0a6d1d877ee3ccb28c3b9c7dc72627c937c1e935b4d3a3a5,1981-09-13
B1402,P1816,UK183,2026-03-21 11:37:36.951,CANCELLED,d7a7d31cb5c9471ab310f2a048aa4a1216f6e1acbde1d49fd81155ae6ee65db2,7E,Wishi Sathe,****8758,PAY1798,7010.5,UPI,Vistara,BLR,CCU,2026-04-19 17:07:41.703,2026-04-19 18:30:41.703,83.0,BLR -> CCU,Shaurya,Joshi,45,F,s****i@gmail.com,****3760,d8a388660430f5ff0a6d1d877ee3ccb28c3b9c7dc72627c937c1e935b4d3a3a5,1981-09-13
B1403,P1809,SJ203,2025-05-08 11:37:36.951,PENDING,886ca7c450f6feb23a9c9d3ecea656a593c421c676642c149045b150b9971f65,26A,Charan Jani,****8210,,,,SpiceJet,DEL,HYD,2026-04-19 16:22:41.703,2026-04-19 18:27:41.703,125.0,DEL -> HYD,Diya,Mishra,1,M,d****2@gmail.com,****5514,e4f765e1518506075cf5bdac2e01fdf302a27c68048672be9df57fcce55e6387,2025-01-10
B1405,P1483,AI100,2025-08-26 11:37:36.951,PENDING,3e464b814eac09b31a5d558cd29395d79e1897f8b13294c3d5fa871e16c8719a,32F,Bhavna Sarma,****0547,,,,Air India,CCU,BOM,2026-04-19 14:42:41.702,2026-04-19 18:22:41.702,220.0,CCU -> BOM,Arjun,Das,39,F,a****1@hotmail.com,****9237,f70cc1d2856cb3d9c66e96e4447eb95f165f1c450a700ee1a31417d9947581ac,1986-11-22
B1406,P1449,6F140,2025-06-24 11:37:36.951,CONFIRMED,ad101d350a5ddb9ea6344cc2bfebf927246587e8790b3da5f371e46e7d112f54,15D,Vedhika Dara,****4687,PAY1604,14922.3,NETBANKING,IndiGo,CCU,HYD,2026-04-19 16:30:41.702,2026-04-19 18:21:41.702,111.0,CCU -> HYD,Diya,Sharma,48,F,d****a@gmail.com,****9747,21182db335372d2cb329e8b3c5449e1e880bfa952c3fd82d117cd0ca2b1912cf,1978-02-08
B1406,P1449,6F140,2025-06-24 11:37:36.951,CONFIRMED,ad101d350a5ddb9ea6344cc2bfebf927246587e8790b3da5f371e46e7d112f54,15D,Vedhika Dara,****4687,PAY1681,6800.32,NETBANKING,IndiGo,CCU,HYD,2026-04-19 16:30:41.702,2026-04-19 18:21:41.702,111.0,CCU -> HYD,Diya,Sharma,48,F,d****a@gmail.com,****9747,21182db335372d2cb329e8b3c5449e1e880bfa952c3fd82d117cd0ca2b1912cf,1978-02-08
B1407,P1522,UK048,2025-08-26 11:37:36.951,CONFIRMED,9826ff0c1804bc8c8676ace0f2df8ad028d0078ec33d0168d7e90243c1c85755,25A,Ayush Khatri,****5796,,,,Vistara,MAA,DEL,2026-04-19 13:36:41.701,2026-04-19 18:21:41.701,285.0,MAA -> DEL,Reyansh,Singh,23,F,r****h@yahoo.com,****7964,0530f34fd214b75e7de72bd1574536b47ad8f32c8372c2ae4b0625b9ec210106,2003-07-27
B1408,P1870,SJ204,2025-07-29 11:37:36.951,CONFIRMED,4bcb9e78bb4742fef5d5bfd6cda8883f33469bb874c8e61f78879ee57736498a,12F,Nathan Mukhopadhyay,****5629,PAY1089,6561.39,UPI,SpiceJet,CCU,DEL,2026-04-19 16:34:41.703,2026-04-19 18:15:41.703,101.0,CCU -> DEL,Reyansh,Patel,86,F,r****l@hotmail.com,****7767,2c6ce05d29cdbfff03d348e47bbfbceb3ddc15a469c6b04e6b2d04d30b7407e4,1940-07-28
B1408,P1870,SJ204,2025-07-29 11:37:36.951,CONFIRMED,4bcb9e78bb4742fef5d5bfd6cda8883f33469bb874c8e61f78879ee57736498a,12F,Nathan Mukhopadhyay,****5629,PAY1496,1244.03,NETBANKING,SpiceJet,CCU,DEL,2026-04-19 16:34:41.703,2026-04-19 18:15:41.703,101.0,CCU -> DEL,Reyansh,Patel,86,F,r****l@hotmail.com,****7767,2c6ce05d29cdbfff03d348e47bbfbceb3ddc15a469c6b04e6b2d04d30b7407e4,1940-07-28
B1409,P1353,UK105,2026-03-24 11:37:36.951,CONFIRMED,a3dd6179270a3c9c0da0f407162e6f9284f912d7574b1a511918cb815fa45548,28C,Akshay Reddy,****6973,PAY1629,1095.0,UPI,Vistara,CCU,HYD,2026-04-19 17:04:41.702,2026-04-19 18:11:41.702,67.0,CCU -> HYD,Ishaan,Kulkarni,32,F,i****1@outlook.com,****2130,088b85ad5613180c5d34d5f4d78b0a21211a4d0a0fcc492094de84141a309682,1993-11-23
B1410,P1985,AI098,2026-04-13 11:37:36.951,CONFIRMED,1b2f7dacd2d50b2a87e7673d3bf9b5b9836c55477df1e7c50cd1435bd9114a59,32C,Girik Kar,****7244,,,,Air India,HYD,MAA,2026-04-19 16:01:41.702,2026-04-19 18:11:41.702,130.0,HYD -> MAA,Aadhya,Nair,37,M,a****r@outlook.com,****0578,01fe7fb61ba2808a500990cf5db0c07cfd83f560d923e4a6e3cb8ba9509a9099,1989-01-01
B1411,P1657,6F013,2025-10-12 11:37:36.951,CANCELLED,eb06f8b0987eb961c13e75337c29ec88ee312db3db85c2377f82369562812a05,1A,Ishaan Shenoy,****0131,PAY1526,5888.25,CARD,IndiGo,BOM,CCU,2026-04-19 13:15:41.701,2026-04-19 18:05:41.701,290.0,BOM -> CCU,Sai,Kulkarni,7,F,s****i@yahoo.com,****5921,411b39f852f646cb8a8ae2e1c8eaa155d65cb0a8a8bd0031116f733588e78445,2018-10-02
B1411,P1657,6F013,2025-10-12 11:37:36.951,CANCELLED,eb06f8b0987eb961c13e75337c29ec88ee312db3db85c2377f82369562812a05,1A,Ishaan Shenoy,****0131,PAY1833,7520.78,NETBANKING,IndiGo,BOM,CCU,2026-04-19 13:15:41.701,2026-04-19 18:05:41.701,290.0,BOM -> CCU,Sai,Kulkarni,7,F,s****i@yahoo.com,****5921,411b39f852f646cb8a8ae2e1c8eaa155d65cb0a8a8bd0031116f733588e78445,2018-10-02
B1412,P1596,6F128,2025-11-18 11:37:36.951,CANCELLED,f09ecfe022259ccb65b245d8ee19248b438c14f937495d48ee7be55f1eef3f1f,28E,Jacob Dube,****1987,PAY1708,10616.41,NETBANKING,IndiGo,HYD,DEL,2026-04-19 16:56:41.702,2026-04-19 18:03:41.702,67.0,HYD -> DEL,Vivaan,Das,61,M,v****s@outlook.com,****5315,a6dc85d3c2d7522c6775d23972b0e1b674fb6d63e4c2525204abbe5b3eff7b9d,1965-02-04
B1413,P1099,SJ038,2025-10-05 11:37:36.951,PENDING,65110ab0608c5a431fe01e94bb0b837fa493a9244cd9317bff0400fc6724020e,14A,Wishi Manne,****3192,,,,SpiceJet,BLR,DEL,2026-04-19 14:57:41.701,2026-04-19 17:46:41.701,169.0,BLR -> DEL,Vivaan,Agarwal,71,F,v****l@hotmail.com,****4348,0eb35e002d76a27e5ec4defc1d582adbb70c3fc7da43830888898b0761a03385,1955-05-26
B1414,P1615,SJ182,2026-01-07 11:37:36.951,CONFIRMED,b7d4741a357479899d235b691838cd5f00c8a80ab850f89999571b4f916c769c,25F,Yashodhara Mahajan,****1680,PAY1924,6182.07,NETBANKING,SpiceJet,CCU,BOM,2026-04-19 16:48:41.703,2026-04-19 17:36:41.703,48.0,CCU -> BOM,Kavya, Patel,25,M,k****l@hotmail.com,****3965,ae4f9f73a5adb11c14b9077d52a720f190ec0ed35dcf9e19571e0add55707c8d,2001-07-16
B1415,P1947,6F199,2026-03-22 11:37:36.951,PENDING,20e9b755ab54b245b7a34f977d71c76cb9fd5962d2c5f396b56291e693829159,23B,Ojasvi Subramanian,****3723,,,,IndiGo,DEL,MAA,2026-04-19 15:15:41.703,2026-04-19 17:32:41.703,137.0,DEL -> MAA,Muhammad,Sharma,12,M,m****a@gmail.com,****1380,8251f2c16657485f665d8e71bf5f50f890b9a898349de5170ba2b1476462d55e,2013-10-12
B1416,P1557,SJ187,2025-08-17 11:37:36.951,CANCELLED,ba26634eb12f352507d6b56f63df26106d8fd258e9060242f50f29ab067c2b6e,20B,Urmi Kohli,****6446,,,,SpiceJet,MAA,BLR,2026-04-19 14:07:41.703,2026-04-19 17:30:41.703,203.0,MAA -> BLR,Anika,Kulkarni,58,F,a****i@yahoo.com,****2155,525be2b042aae64155ed6bd9fcef21c40def6e1d50a15adef9d3fc33e5a8677e,1968-01-19
B1417,P1555,AI182,2025-08-18 11:37:36.951,PENDING,b52bc04c66a4a4571290f9a7312098b898f9378e6d842629c98197c3023c26f2,8E,Tanmayi Dhillon,****7960,PAY1253,3361.82,UPI,Air India,HYD,DEL,2026-04-19 12:41:41.703,2026-04-19 17:14:41.703,273.0,HYD -> DEL,Saanvi,Joshi,52,M,s****i@hotmail.com,****0427,8c452534677b37740e0cc9d8400f5def84b88adb8f55241dc46279a17b8a1249,1973-12-27
B1417,P1555,AI182,2025-08-18 11:37:36.951,PENDING,b52bc04c66a4a4571290f9a7312098b898f9378e6d842629c98197c3023c26f2,8E,Tanmayi Dhillon,****7960,PAY1353,3890.23,UPI,Air India,HYD,DEL,2026-04-19 12:41:41.703,2026-04-19 17:14:41.703,273.0,HYD -> DEL,Saanvi,Joshi,52,M,s****i@hotmail.com,****0427,8c452534677b37740e0cc9d8400f5def84b88adb8f55241dc46279a17b8a1249,1973-12-27
B1418,P1277,SJ027,2025-05-04 11:37:36.951,PENDING,01c32390eaf548963758a5e29ff5022b2a8cc0383dbc929615cc72af611f5415,19D,Leela Halder,****4412,PAY1147,12326.46,CARD,SpiceJet,BOM,MAA,2026-04-19 12:50:41.701,2026-04-19 17:13:41.701,263.0,BOM -> MAA,Sai,Mishra,25,M,s****a@yahoo.com,****7990,ebb44130bf6c41c474d89f71876e14f16e7f51a13e3fdda7ed009ecc795bab64,2001-02-06
B1419,P1692,SJ062,2026-01-20 11:37:36.951,CONFIRMED,4b5851018e8e67a8419dd336a90fe12e57f83c8e6a98cae19687fc8fc5fd9b58,20E,Yashoda Deshpande,****8119,PAY1085,3513.0,NETBANKING,SpiceJet,BLR,HYD,2026-04-19 13:37:41.701,2026-04-19 17:06:41.701,209.0,BLR -> HYD,Sara,Verma,63,F,s****1@gmail.com,****0048,48d78a19f743780bb41bcd0b9b2b0d3d791eda80b047ab056aa5eca4122043e2,1963-01-21
B1419,P1692,SJ062,2026-01-20 11:37:36.951,CONFIRMED,4b5851018e8e67a8419dd336a90fe12e57f83c8e6a98cae19687fc8fc5fd9b58,20E,Yashoda Deshpande,****8119,PAY1205,1424.75,CARD,SpiceJet,BLR,HYD,2026-04-19 13:37:41.701,2026-04-19 17:06:41.701,209.0,BLR -> HYD,Sara,Verma,63,F,s****1@gmail.com,****0048,48d78a19f743780bb41bcd0b9b2b0d3d791eda80b047ab056aa5eca4122043e2,1963-01-21
B1420,P1698,SJ161,2026-02-24 11:37:36.951,CONFIRMED,8372df661f86a9653065700c75a4a35c54a24585c4efe165c29fd9a6cd7608bd,27B,Ekaraj Majumdar,****8349,PAY1913,7161.79,UPI,SpiceJet,MAA,BLR,2026-04-19 16:22:41.703,2026-04-19 17:04:41.703,42.0,MAA -> BLR,Ira,Naidu,76,F,i****1@yahoo.com,****9972,459e0fa36501b54c7fd5afbf8a4e6a8693f90598b118e014bb1760b3177e3348,1949-11-05
B1421,P1989,UK058,2025-10-03 11:37:36.951,PENDING,443ce9a73da46a9c06701b7c62d21e325d6e411ee044c8c8449b86ef3ad318b9,23C,Oeshi Oak,****7587,,,,Vistara,MAA,BOM,2026-04-19 13:46:41.701,2026-04-19 17:04:41.701,198.0,MAA -> BOM,Reyansh,Chatterjee,26,M,r****e@outlook.com,****2352,44c9e3c045b6bb56693f1b750c2566ed1fb34c781714823c22b1809c0b6f8a84,2000-04-12
B1422,P1625,AI181,2026-01-04 11:37:36.951,CANCELLED,a5f3594f96ff89990f4d309d5a31b55e007d977b2a722d81a86394dbe0c6938e,12D,Yashica Loke,****9552,PAY1210,4826.6,UPI,Air India,MAA,HYD,2026-04-19 13:29:41.703,2026-04-19 16:55:41.703,206.0,MAA -> HYD,Riya,Patel,61,F,r****1@outlook.com,****7658,e7c878671246f91b101bb6b6a2635ab85b15efceef62ddf97bca53704b936d57,1965-03-05
B1423,P1490,AI003,2025-06-12 11:37:36.951,CONFIRMED,57dfd94bd4ef351963262b963388262b44d7d4128d1178b4a321f7c2e522c58a,14A,Aarnav Mandal,****4983,,,,Air India,BLR,HYD,2026-04-19 13:27:41.701,2026-04-19 16:55:41.701,208.0,BLR -> HYD,Ishaan,Gupta,46,M,i****a@hotmail.com,****0285,8e0381d3090d132ffe0df50da0bb0e9c972847ef44b8d51d04758db86fc9d421,1980-02-25
B1424,P1254,6F150,2025-11-05 11:37:36.951,CANCELLED,8e94a2d9289a3a84f38f97894fc8f0c599af11eb7a160e956a0e4568e14228a5,11D,Chanchal Suri,****4194,,,,IndiGo,HYD,MAA,2026-04-19 12:55:41.703,2026-04-19 16:53:41.703,238.0,HYD -> MAA,Muhammad,Khan,2,F,m****n@yahoo.com,****9408,e5e964ae0255b61e6f0d5ea34721fbed94b5421f6509c85ae60a1f02a5262b86,2024-02-25
B1425,P1380,SJ175,2025-06-28 11:37:36.951,CANCELLED,2c11e289f300ae6c8a52ef1bcfb70920916d843946e22100597cf0caee12f129,34E,Manthan Sekhon,****3711,,,,SpiceJet,MAA,BLR,2026-04-19 12:46:41.703,2026-04-19 16:50:41.703,244.0,MAA -> BLR,Reyansh,Khan,62,M,r****n@gmail.com,****4003,abc2554c651f49f41e5b95af67bbaa88870c6cf59ba78410be85a4abe53847a9,1963-10-20
B1426,P1891,6F041,2025-12-15 11:37:36.951,CANCELLED,d5fe3b72f50b2828af4973d0e174278691596aa02f12b291d6e86e78afbcdf44,17C,Veda Pai,****9164,,,,IndiGo,MAA,BOM,2026-04-19 13:19:41.701,2026-04-19 16:48:41.701,209.0,MAA -> BOM,Shaurya,Banerjee,4,F,s****1@yahoo.com,****5469,8163c14057cea288b8e3edc7150c3f277ef49aa8d440a14a8ff4b5a2b70f2ea9,2022-06-06
B1427,P1541,SJ040,2026-04-15 11:37:36.951,CANCELLED,6c6500f7f00865d63c4623efb2558c178bf5b71e8d3fd29ad14000e1700efafa,16E,Gaurangi Purohit,****8098,,,,SpiceJet,BOM,CCU,2026-04-19 13:12:41.701,2026-04-19 16:44:41.701,212.0,BOM -> CCU,Sai,Banerjee,77,M,s****1@gmail.com,****6167,037365d5699a82ed6ea340a503ddc84c273913d65226fe8f72744151a5bd582b,1948-10-11
B1428,P1263,6F020,2025-06-17 11:37:36.951,CONFIRMED,ea17837d5f417ba66f5d7a7aba2f094df5f7d00035b90a6f06929a1812ebe13a,27C,Tamanna Nagy,****9799,,,,IndiGo,BOM,HYD,2026-04-19 14:58:41.701,2026-04-19 16:43:41.701,105.0,BOM -> HYD,Riya,Das,47,F,r****1@gmail.com,****3243,2334f31fa1478de6b30169a565104f16ec34c045caad42003abc2ebcde50dcf0,1978-11-03
B1429,P1609,AI248,2025-05-08 11:37:36.951,CANCELLED,48c21d848f29f5344a1057c36baff6bee4c26d8a3738ac092f404080959f78ce,27B,Ranbir Khare,****1643,PAY1454,6939.44,CARD,Air India,CCU,DEL,2026-04-19 15:17:41.704,2026-04-19 16:35:41.704,78.0,CCU -> DEL,Vivaan,Mishra,38,F,v****1@gmail.com,****9190,99b4d39927d50d446f1335f72ebadc3cdc01d9b1ea51be831550d249aa258497,1987-10-16
B1429,P1609,AI248,2025-05-08 11:37:36.951,CANCELLED,48c21d848f29f5344a1057c36baff6bee4c26d8a3738ac092f404080959f78ce,27B,Ranbir Khare,****1643,PAY1829,9998.44,CARD,Air India,CCU,DEL,2026-04-19 15:17:41.704,2026-04-19 16:35:41.704,78.0,CCU -> DEL,Vivaan,Mishra,38,F,v****1@gmail.com,****9190,99b4d39927d50d446f1335f72ebadc3cdc01d9b1ea51be831550d249aa258497,1987-10-16
B1430,P1824,SJ016,2026-02-08 11:37:36.951,CONFIRMED,66838d17d0c3dee938b6dc3f9a4aa777914372c460851a39a9cc8431f460ce02,11A,Leela Kaur,****0947,,,,SpiceJet,HYD,CCU,2026-04-19 13:01:41.701,2026-04-19 16:26:41.701,205.0,HYD -> CCU,Ira,Agarwal,47,M,i****l@rediffmail.com,****2212,44435b9f4bf9b6ebee1c1f74baebe91fb9daba67254041ec6eaa8408d268016d,1978-12-07
B1431,P1878,UK204,2025-11-21 11:37:36.951,CONFIRMED,134432d491a3b0e75f0b312c1ea08dab5e900b5a8ef3521be2aef4ac59a031a0,31C,Nirja Bassi,****2572,PAY1717,9678.57,CARD,Vistara,BLR,DEL,2026-04-19 14:46:41.703,2026-04-19 16:24:41.703,98.0,BLR -> DEL,Kavya,Sharma,51,M,k****a@yahoo.com,****1319,9113d03ce2efc2ff862dd8957db70a5e5bc095e71674fa7367888a8339c31d0b,1974-11-01
B1431,P1878,UK204,2025-11-21 11:37:36.951,CONFIRMED,134432d491a3b0e75f0b312c1ea08dab5e900b5a8ef3521be2aef4ac59a031a0,31C,Nirja Bassi,****2572,PAY1917,12583.38,NETBANKING,Vistara,BLR,DEL,2026-04-19 14:46:41.703,2026-04-19 16:24:41.703,98.0,BLR -> DEL,Kavya,Sharma,51,M,k****a@yahoo.com,****1319,9113d03ce2efc2ff862dd8957db70a5e5bc095e71674fa7367888a8339c31d0b,1974-11-01
B1432,P1328,6F211,2025-09-02 11:37:36.951,CANCELLED,446bc6a2a65e4cd45c81f6c771cf1e1fd2956cb2587e7e26057f8dd2355f7cc6,9B,Eesha Solanki,****8848,,,,IndiGo,MAA,BLR,2026-04-19 11:29:41.703,2026-04-19 16:20:41.703,291.0,MAA -> BLR,Aditya,Das,23,M,a****1@gmail.com,****0775,84f6194635a30b9ec080bcef036e12a5219cd9085d82c0a795a2909292118ea6,2002-11-03
B1433,P1114,SJ166,2025-05-07 11:37:36.951,CONFIRMED,32791dabb82b4393c2fd3cfe70e6006a7e4288214c4910f40677d179914b5dc5,5B,Lakshmi Raju,****3703,PAY1377,1901.67,UPI,SpiceJet,CCU,HYD,2026-04-19 12:51:41.703,2026-04-19 16:18:41.703,207.0,CCU -> HYD,Anika,Sharma,28,F,a****a@yahoo.com,****4337,834222f901b040f29025c6ec1b92b5334e153a846ce01b24a62febf731f30014,1998-09-03
B1433,P1114,SJ166,2025-05-07 11:37:36.951,CONFIRMED,32791dabb82b4393c2fd3cfe70e6006a7e4288214c4910f40677d179914b5dc5,5B,Lakshmi Raju,****3703,PAY1785,14067.26,CARD,SpiceJet,CCU,HYD,2026-04-19 12:51:41.703,2026-04-19 16:18:41.703,207.0,CCU -> HYD,Anika,Sharma,28,F,a****a@yahoo.com,****4337,834222f901b040f29025c6ec1b92b5334e153a846ce01b24a62febf731f30014,1998-09-03
B1434,P1275,AI036,2025-10-19 11:37:36.951,PENDING,f1760baab5471d13a08e829d27289390168f1a8e14947d063d9c008446949f40,30C,Max Tandon,****8755,PAY1232,4962.24,NETBANKING,Air India,BOM,CCU,2026-04-19 14:45:41.701,2026-04-19 16:16:41.701,91.0,BOM -> CCU,Anika,Iyer,83,M,a****1@hotmail.com,****5927,23e959954c2f63fd053ec826690a353adecbf2a610dce915a5ee0c77802bc6c0,1942-10-03
B1434,P1275,AI036,2025-10-19 11:37:36.951,PENDING,f1760baab5471d13a08e829d27289390168f1a8e14947d063d9c008446949f40,30C,Max Tandon,****8755,PAY1541,1027.05,UPI,Air India,BOM,CCU,2026-04-19 14:45:41.701,2026-04-19 16:16:41.701,91.0,BOM -> CCU,Anika,Iyer,83,M,a****1@hotmail.com,****5927,23e959954c2f63fd053ec826690a353adecbf2a610dce915a5ee0c77802bc6c0,1942-10-03
B1435,P1487,SJ215,2025-09-18 11:37:36.951,CONFIRMED,3da80707ab31b3152329e66079eadc86c1891deba9badcdd8151ae942ab3b6ee,1E,Balhaar Date,****2470,PAY1956,8589.93,CARD,SpiceJet,CCU,DEL,2026-04-19 14:37:41.703,2026-04-19 16:12:41.703,95.0,CCU -> DEL,Ira,Banerjee,29,M,i****1@outlook.com,****0835,ff1e441533fe6e1592c1c334a0ceaddf86152d501a345be6d2b5034626fbbcee,1997-02-25
B1436,P1280,AI076,2026-01-05 11:37:36.951,CONFIRMED,83ff48264ebb0d881791668d7412a1ec552d73699124f26aafeffc71ce8b0016,20B,Yadavi Narula,****9786,,,,Air India,BLR,BOM,2026-04-19 15:37:41.702,2026-04-19 16:12:41.702,35.0,BLR -> BOM,Anika,Pillai,66,M,a****1@outlook.com,****5609,7220c5473770492c621ff27d8252e4d9455f0516b8bce16cb2d8b594d80a6df9,1960-06-02
B1437,P1274,SJ012,2025-11-28 11:37:36.951,CANCELLED,7be5f7dae78ef72d7e2a71f55bd14d1d9c26a23ae805dbbec36633557b165bd6,24A,Harish Sarraf,****6956,,,,SpiceJet,HYD,BLR,2026-04-19 15:01:41.701,2026-04-19 16:12:41.701,71.0,HYD -> BLR,Sara,Ghosh,37,M,s****h@outlook.com,****4388,b9f820affe00e2dbf6b845b0e90b19014994123062dc90fbb1f939ef66738349,1988-09-15
B1438,P1772,AI073,2026-04-01 11:37:36.951,PENDING,e73cec75cd6b229592fb9031e050e58c679139507f5f5861afac6c5baf148ea3,20D,Harish Vora,****4578,PAY1459,7670.85,UPI,Air India,BOM,BLR,2026-04-19 14:08:41.702,2026-04-19 16:10:41.702,122.0,BOM -> BLR,Sai,Chatterjee,17,M,s****1@hotmail.com,****3896,574da37515534d7c926d165505fd177cfece041843ca7f945f1c323f42d193db,2009-09-04
B1439,P1842,SJ173,2025-11-09 11:37:36.951,CONFIRMED,eecf9504f8115c38a760ee5fb45b4d5be2d503e801e4527a25b564d1eb884762,27E,Tanmayi Aurora,****5093,PAY1393,7292.76,NETBANKING,SpiceJet,CCU,HYD,2026-04-19 14:27:41.703,2026-04-19 16:09:41.703,102.0,CCU -> HYD,Ira,Banerjee,26,F,i****e@yahoo.com,****0042,066498aca94ba0ca78fd5fe5ce16e1ac64a34abd05361159d6d8826b71c7f2d4,2000-04-09
B1440,P1718,AI193,2026-03-09 11:37:36.951,CANCELLED,5c2bb459e1c2612e3c462dd2bdeafd5633cbf83eaaf8c3aaa90d8abcf28ada0a,25E,Maanas Rout,****2446,,,,Air India,MAA,HYD,2026-04-19 11:33:41.703,2026-04-19 16:07:41.703,274.0,MAA -> HYD,Aditya,Joshi,73,F,a****i@gmail.com,****0225,67eaabf7d88835f2250113ccf8c133a18c5b565fff4a001869de65cd253ffaaf,1953-03-08
B1442,P1327,AI225,2025-06-02 11:37:36.951,PENDING,a1e9964a530b7dacbb1cac3e0749777bac8ffee67c2c3761da8bafe3a860a67e,11E,Upasna Lanka,****2524,PAY1818,11779.89,NETBANKING,Air India,BOM,BLR,2026-04-19 15:05:41.703,2026-04-19 16:01:41.703,56.0,BOM -> BLR,Anika,Joshi,37,F,a****2@yahoo.com,****6097,ebd4e0b958e9cf2212e1f5c2a0405d89be33df058437732978adeb051de75f32,1989-04-11
B1443,P1210,AI190,2025-10-09 11:37:36.951,CANCELLED,cde7a00501fe4df32920ca24e11029d33fa1747b71da6d30d302ce795bb5b4a8,9E,Hamsini Rao,****4504,,,,Air India,BOM,CCU,2026-04-19 12:38:41.703,2026-04-19 15:56:41.703,198.0,BOM -> CCU,Saanvi,Sharma,31,F,s****a@outlook.com,****2140,df861b3f363b8267b311a98ec2e6662d663fdc814c0a377e9a9d069a7ab44c4c,1994-12-23
B1444,P1726,SJ238,2025-12-25 11:37:36.951,CONFIRMED,1db92bf52d6e167b77017867d4a3d1fe6ef91c519b28fbd54ad332781fd52198,7B,Faris Narasimhan,****5352,,,,SpiceJet,MAA,BLR,2026-04-19 11:41:41.704,2026-04-19 15:39:41.704,238.0,MAA -> BLR,Muhammad,Reddy,32,M,m****y@outlook.com,****4817,17c4d285664995fde069f4126afd57ab5d67bcbc7174f171889a171c38f92287,1994-04-25
B1445,P1922,6F005,2025-12-21 11:37:36.951,PENDING,0ff96f71cfb679caf367b36dfbec25a05a17abc8fc1ad06abd833835b6a074d1,5F,Lajita Nadig,****8689,PAY1857,9862.4,CARD,IndiGo,BOM,MAA,2026-04-19 11:04:41.701,2026-04-19 15:27:41.701,263.0,BOM -> MAA,Aditya,Ghosh,70,F,a****1@outlook.com,****6172,2ec9108bf2a374f840b213064012d9b9800a9576497d34ffef3758e5bf337f62,1956-01-10
B1446,P1551,UK136,2025-09-25 11:37:36.951,PENDING,4904b07e5d4278e0c0fb3ea14c4fb4f08e77d31c0a585849c6dc9421b80e8282,23C,Vinaya Banik,****0651,PAY1132,4197.73,UPI,Vistara,HYD,CCU,2026-04-19 11:43:41.703,2026-04-19 15:26:41.703,223.0,HYD -> CCU,Arjun,Agarwal,22,M,a****l@outlook.com,****0686,c33e4e4017f6e2521e5a72f6ba461a1fc51da57c796ef2de2422a2bc7d7d5c43,2003-10-11
B1446,P1551,UK136,2025-09-25 11:37:36.951,PENDING,4904b07e5d4278e0c0fb3ea14c4fb4f08e77d31c0a585849c6dc9421b80e8282,23C,Vinaya Banik,****0651,PAY1286,3512.23,NETBANKING,Vistara,HYD,CCU,2026-04-19 11:43:41.703,2026-04-19 15:26:41.703,223.0,HYD -> CCU,Arjun,Agarwal,22,M,a****l@outlook.com,****0686,c33e4e4017f6e2521e5a72f6ba461a1fc51da57c796ef2de2422a2bc7d7d5c43,2003-10-11
B1447,P1991,SJ063,2025-05-21 11:37:36.951,CONFIRMED,bdd31f573906bfdd0a2a14b19ae0c568cd1a106616c1e35dbabda95985bead1a,15F,Ekapad Keer,****2839,PAY1039,4676.01,NETBANKING,SpiceJet,MAA,BOM,2026-04-19 13:38:41.701,2026-04-19 15:23:41.701,105.0,MAA -> BOM,Aarav,Sharma,4,F,a****a@rediffmail.com,****5354,acd017088865ff4fc15b10e662d19db20cfdc35b908227b419f50ad2bbf95294,2022-07-24
B1447,P1991,SJ063,2025-05-21 11:37:36.951,CONFIRMED,bdd31f573906bfdd0a2a14b19ae0c568cd1a106616c1e35dbabda95985bead1a,15F,Ekapad Keer,****2839,PAY1484,13762.65,NETBANKING,SpiceJet,MAA,BOM,2026-04-19 13:38:41.701,2026-04-19 15:23:41.701,105.0,MAA -> BOM,Aarav,Sharma,4,F,a****a@rediffmail.com,****5354,acd017088865ff4fc15b10e662d19db20cfdc35b908227b419f50ad2bbf95294,2022-07-24
B1448,P1025,6F175,2025-11-21 11:37:36.951,CANCELLED,4bed1472fe6db6fba453493f5b3ddaa216fac730d5429feae69e9ca98f2bb192,9E,Bhavna Karan,****9801,,,,IndiGo,MAA,CCU,2026-04-19 13:18:41.703,2026-04-19 15:13:41.703,115.0,MAA -> CCU,Aarav,Chatterjee,22,M,a****e@yahoo.com,****2872,3b6f062d77b2606553508ed0058dff0df66586e4f66c24560edc31f91a2d8986,2004-07-22
B1449,P1026,AI037,2025-05-23 11:37:36.951,PENDING,d93f43de76fac5e7cd061c7e12d08d4ea7ab5a267d0a0cf92cc16b902b1f0cd9,19A,Gautam Saraf,****2828,,,,Air India,BOM,BLR,2026-04-19 11:14:41.701,2026-04-19 15:13:41.701,239.0,BOM -> BLR,Ira,Ghosh,88,M,i****1@hotmail.com,****5852,c19551c77397628720f119e0fa54a4090a9a02f1e3895f7588daef5bc094efb3,1937-10-17
B1450,P1701,UK225,2025-11-11 11:37:36.951,CONFIRMED,f4e54aa26d9f0129081a619e528ec57ed40b6e840b36583adc42c469a6c96e30,21C,Guneet Chaudhry,****7953,,,,Vistara,MAA,BLR,2026-04-19 12:46:41.704,2026-04-19 15:02:41.704,136.0,MAA -> BLR,Aditya,Gupta,21,F,a****a@gmail.com,****2915,ec621e5e43439347aed1a8204058382d132cefc25def73d046243de0173e8901,2005-02-02
B1451,P1082,AI141,2025-05-20 11:37:36.951,CONFIRMED,f5fd0df8f5ed7582b2c83f620abd102a7c3b1d3dfd6034e5f101ca38e20783d0,15E,Sachi Ganesan,****8759,PAY1762,10311.86,CARD,Air India,BLR,DEL,2026-04-19 10:16:41.702,2026-04-19 14:53:41.702,277.0,BLR -> DEL,Sai,Joshi,86,F,s****i@gmail.com,****5504,8036449ce28d3e6d085f09ee2269195ba2518fb8cc65277a7a3d0bcbf341bd03,1939-11-27
B1452,P1895,6F172,2026-01-26 11:37:36.951,PENDING,2d2b83ccbfaed9929377516ad21b6cb7be02f3ca898a81b260563fff93ad5573,3E,Chandani Balakrishnan,****8446,,,,IndiGo,BOM,BLR,2026-04-19 09:53:41.703,2026-04-19 14:46:41.703,293.0,BOM -> BLR,Riya,Kulkarni,23,F,r****i@rediffmail.com,****0074,e5e5c19a71681d89d0d6ba2e48f42d14839f8710aa84cae2a61a0bf8be821c3c,2002-10-17
B1453,P1945,6F219,2026-02-07 11:37:36.951,CANCELLED,58323f485d32d67f7b3ce6834557082783c17331774b2dc0a5ab208862d1afa1,16F,Chakradhar Nair,****4326,PAY1597,1310.19,CARD,IndiGo,MAA,DEL,2026-04-19 10:32:41.704,2026-04-19 14:37:41.704,245.0,MAA -> DEL,Riya,Verma,43,M,r****a@rediffmail.com,****5227,02d3a52cde2284f1d3a9c2285c3f14fa58be7885849081ebabe0f64e7d87ca8d,1982-11-27
B1453,P1945,6F219,2026-02-07 11:37:36.951,CANCELLED,58323f485d32d67f7b3ce6834557082783c17331774b2dc0a5ab208862d1afa1,16F,Chakradhar Nair,****4326,PAY1884,3957.99,UPI,IndiGo,MAA,DEL,2026-04-19 10:32:41.704,2026-04-19 14:37:41.704,245.0,MAA -> DEL,Riya,Verma,43,M,r****a@rediffmail.com,****5227,02d3a52cde2284f1d3a9c2285c3f14fa58be7885849081ebabe0f64e7d87ca8d,1982-11-27
B1454,P1681,AI045,2025-08-16 11:37:36.951,PENDING,f11d996211899566490a9ab25b12cc4f3a11fdda2a96f2ddb809376bc2bdcb03,8E,Daksh Memon,****0104,,,,Air India,HYD,MAA,2026-04-19 11:58:41.701,2026-04-19 14:37:41.701,159.0,HYD -> MAA,Anika,Agarwal,10,M,a****l@yahoo.com,****9622,e01c90f9418b5cef40f9a5a70a04e168ebc5c273c8c8d676298f077ce78cb83b,2016-02-05
B1455,P1412,AI198,2026-04-12 11:37:36.951,CONFIRMED,7b91fa2031331205dd4cf074eb117dfc096312a0a6a07cb5081eb054c86d97d4,30A,Jagrati Prasad,****2579,PAY1038,14853.28,CARD,Air India,CCU,MAA,2026-04-19 10:56:41.703,2026-04-19 14:19:41.703,203.0,CCU -> MAA,Riya,Iyer,16,F,r****r@gmail.com,****0183,94d923a723ebfabf741cf1cf990bab88ee0dbd46091397ec39155ea0ecbf0440,2009-12-22
B1455,P1412,AI198,2026-04-12 11:37:36.951,CONFIRMED,7b91fa2031331205dd4cf074eb117dfc096312a0a6a07cb5081eb054c86d97d4,30A,Jagrati Prasad,****2579,PAY1182,12781.22,UPI,Air India,CCU,MAA,2026-04-19 10:56:41.703,2026-04-19 14:19:41.703,203.0,CCU -> MAA,Riya,Iyer,16,F,r****r@gmail.com,****0183,94d923a723ebfabf741cf1cf990bab88ee0dbd46091397ec39155ea0ecbf0440,2009-12-22
B1456,P1166,AI120,2025-04-24 11:37:36.951,PENDING,442f1d7f13e55ad3c61d20fc5ed11c9c3bd3b17194a4f383c9d940a2762a79c2,17F,Raagini Dhingra,****3796,,,,Air India,MAA,CCU,2026-04-19 12:12:41.702,2026-04-19 14:18:41.702,126.0,MAA -> CCU,Krishna,Banerjee,84,M,k****e@rediffmail.com,****9397,e5e26fedc51eff190fe103715c9d40e9f240f1dfca0896e37855dec8475b54ed,1942-09-17
B1457,P1699,6F134,2025-06-11 11:37:36.951,CANCELLED,d00be8032494b1a73463dd4a8f5fdf1a13d2dde0131e58179cb2e8154ee14f2d,32D,Yash Wali,****2082,PAY1083,5769.17,CARD,IndiGo,BLR,MAA,2026-04-19 12:47:41.702,2026-04-19 14:06:41.702,79.0,BLR -> MAA,Vivaan,Agarwal,33,M,v****2@hotmail.com,****1408,7d05c47315f3a32c20c7a076ce434201a2da8681b9241f29a353bd0540983193,1993-03-22
B1458,P1168,UK102,2025-11-19 11:37:36.951,CONFIRMED,89b800253fd07cd17855c01866a4161aae8f0417bb6667c23df05265307c994c,10B,Nisha Gole,****3841,PAY1990,8073.17,NETBANKING,Vistara,HYD,CCU,2026-04-19 11:58:41.702,2026-04-19 14:01:41.702,123.0,HYD -> CCU,Myra,Agarwal,62,F,m****l@rediffmail.com,****5589,c235bdbf03df8a9fc649267ebfc0f96b3040fbce55690b1f005559be04a486d9,1964-08-25
B1459,P1800,SJ199,2025-06-10 11:37:36.951,CANCELLED,3f4ee4adbe47c023a8aa973abae87f652b80dfb953f486600f471e58ec2126f4,1F,Onkar Gill,****8817,PAY1062,12554.5,CARD,SpiceJet,HYD,BOM,2026-04-19 11:29:41.703,2026-04-19 13:59:41.703,150.0,HYD -> BOM,Reyansh,Joshi,19,M,r****i@yahoo.com,****5515,4909a7886452ce7e7951b1ee6b0ea4d84a1d2801ee99b5386225d98543012d37,2007-03-14
B1459,P1800,SJ199,2025-06-10 11:37:36.951,CANCELLED,3f4ee4adbe47c023a8aa973abae87f652b80dfb953f486600f471e58ec2126f4,1F,Onkar Gill,****8817,PAY1570,2103.45,UPI,SpiceJet,HYD,BOM,2026-04-19 11:29:41.703,2026-04-19 13:59:41.703,150.0,HYD -> BOM,Reyansh,Joshi,19,M,r****i@yahoo.com,****5515,4909a7886452ce7e7951b1ee6b0ea4d84a1d2801ee99b5386225d98543012d37,2007-03-14
B1459,P1800,SJ199,2025-06-10 11:37:36.951,CANCELLED,3f4ee4adbe47c023a8aa973abae87f652b80dfb953f486600f471e58ec2126f4,1F,Onkar Gill,****8817,PAY1979,4427.75,UPI,SpiceJet,HYD,BOM,2026-04-19 11:29:41.703,2026-04-19 13:59:41.703,150.0,HYD -> BOM,Reyansh,Joshi,19,M,r****i@yahoo.com,****5515,4909a7886452ce7e7951b1ee6b0ea4d84a1d2801ee99b5386225d98543012d37,2007-03-14
B1460,P1978,6F235,2025-10-01 11:37:36.951,PENDING,6ee5308b0c9ee5aa481428033724f3d0f6e0d0586bb43cd578302e6571628636,32E,Farhan Raja,****9563,,,,IndiGo,HYD,MAA,2026-04-19 11:06:41.704,2026-04-19 13:51:41.704,165.0,HYD -> MAA,Vivaan,Sharma,72,M,v****a@hotmail.com,****1192,953b567dda1c9864cc82325a9e235967737c5fddfab164cba159cbb3c83d9faa,1954-09-03
B1461,P1228,UK065,2025-10-14 11:37:36.951,PENDING,6cdffe387e98f96c911035d965df20db987b67fe4dde03d038b4cb931bae5cbe,33F,Wridesh Tank,****4497,PAY1280,9618.57,UPI,Vistara,BOM,CCU,2026-04-19 09:38:41.701,2026-04-19 13:46:41.701,248.0,BOM -> CCU,Anika,Iyer,80,F,a****r@hotmail.com,****4412,bcd9e1e6a3112c74921e31d9a5cf20d3a205ef77c28c3edf2ef74959f93d0470,1946-07-05
B1461,P1228,UK065,2025-10-14 11:37:36.951,PENDING,6cdffe387e98f96c911035d965df20db987b67fe4dde03d038b4cb931bae5cbe,33F,Wridesh Tank,****4497,PAY1672,14867.45,CARD,Vistara,BOM,CCU,2026-04-19 09:38:41.701,2026-04-19 13:46:41.701,248.0,BOM -> CCU,Anika,Iyer,80,F,a****r@hotmail.com,****4412,bcd9e1e6a3112c74921e31d9a5cf20d3a205ef77c28c3edf2ef74959f93d0470,1946-07-05
B1461,P1228,UK065,2025-10-14 11:37:36.951,PENDING,6cdffe387e98f96c911035d965df20db987b67fe4dde03d038b4cb931bae5cbe,33F,Wridesh Tank,****4497,PAY1886,5775.44,NETBANKING,Vistara,BOM,CCU,2026-04-19 09:38:41.701,2026-04-19 13:46:41.701,248.0,BOM -> CCU,Anika,Iyer,80,F,a****r@hotmail.com,****4412,bcd9e1e6a3112c74921e31d9a5cf20d3a205ef77c28c3edf2ef74959f93d0470,1946-07-05
B1462,P1978,6F135,2025-12-03 11:37:36.951,CANCELLED,bbafd94a1679df27fba169ec18ee29a6732b5945eac55738183aa34eba21ca33,26D,Luke Kata,****3941,PAY1449,6497.79,CARD,IndiGo,MAA,HYD,2026-04-19 12:59:41.702,2026-04-19 13:45:41.702,46.0,MAA -> HYD,Vivaan,Sharma,72,M,v****a@hotmail.com,****1192,953b567dda1c9864cc82325a9e235967737c5fddfab164cba159cbb3c83d9faa,1954-09-03
B1463,P1608,SJ148,2026-02-10 11:37:36.951,PENDING,5e7e664b303279baece5af1da1c47420c37fef23e7c6a7b32c36971813501064,31C,Triya Kumar,****7988,PAY1469,1141.0,UPI,SpiceJet,DEL,BLR,2026-04-19 09:51:41.702,2026-04-19 13:41:41.702,230.0,DEL -> BLR,Krishna,Verma,61,M,k****a@yahoo.com,****6605,d0d68181e82cf5507da32dd9b3418fedf55fefe204a0a41aff7300f3bce6ad23,1965-01-03
B1463,P1608,SJ148,2026-02-10 11:37:36.951,PENDING,5e7e664b303279baece5af1da1c47420c37fef23e7c6a7b32c36971813501064,31C,Triya Kumar,****7988,PAY1638,5703.58,NETBANKING,SpiceJet,DEL,BLR,2026-04-19 09:51:41.702,2026-04-19 13:41:41.702,230.0,DEL -> BLR,Krishna,Verma,61,M,k****a@yahoo.com,****6605,d0d68181e82cf5507da32dd9b3418fedf55fefe204a0a41aff7300f3bce6ad23,1965-01-03
B1464,P1366,AI083,2026-03-07 11:37:36.951,CANCELLED,eafb917bf2dbf514e1be86aaae0ea8fe1cf86ba47f648a0ee706d1166059f60c,6B,Tripti Kumer,****5287,PAY1895,4535.96,CARD,Air India,DEL,BOM,2026-04-19 12:54:41.702,2026-04-19 13:37:41.702,43.0,DEL -> BOM,Myra,Gupta,57,M,m****a@gmail.com,****3873,697b9151244c00e0c9450859bdaf9684d8818b050b399d92934f34b16461d530,1969-01-04
B1465,P1527,UK024,2025-07-02 11:37:36.951,PENDING,c8ed86bc4b1f5b2a09402c8f4229497cf8167a44b623ed4e76e747f485beacf1,5C,Aditya Shroff,****9035,,,,Vistara,MAA,BLR,2026-04-19 08:29:41.701,2026-04-19 13:29:41.701,300.0,MAA -> BLR,Ananya,Mehta,83,F,a****a@yahoo.com,****7973,b2f460c84d8e7d94abb987b5029680d59f16e2bde385d3393fc4da09d1ec4a1d,1942-11-09
B1466,P1790,UK220,2025-04-27 11:37:36.951,CANCELLED,db1e1f7bed19757ec03c73a95e816cd168439d98bd3f8246c5ffbdba2e6a6135,28B,Bhavna Dugar,****2257,,,,Vistara,BLR,BOM,2026-04-19 09:51:41.704,2026-04-19 13:25:41.704,214.0,BLR -> BOM,Sai,Banerjee,4,F,s****2@yahoo.com,****7395,1476521c88a07985c5e19661fdb1356f6c8991e06a725e32a91f47a44d05b1ba,2022-01-20
B1467,P1646,UK115,2025-04-30 11:37:36.951,CANCELLED,16c31d4c77527f2ca2ec9f0599e6ffe79538c8044d0872c54c91682e5a6927b7,25A,Ethan Sathe,****4253,PAY1166,13307.54,CARD,Vistara,BLR,BOM,2026-04-19 11:20:41.702,2026-04-19 13:20:42.000,120.00496666666666,BLR -> BOM,Ananya,Gupta,56,F,a****a@gmail.com,****7929,f870a046aec845151d1f36abf4c65aa615cd95fa7d20586744597e7f2c98f087,1969-10-27
B1468,P1537,AI255,2025-07-16 11:37:36.951,CONFIRMED,cfce696e6992ad7133656086d323b05c917885cf01c5028f6f7fadfe829a5b04,14F,Hemani Mistry,****2325,PAY1659,11281.66,UPI,Air India,MAA,CCU,2026-04-19 08:45:41.704,2026-04-19 13:12:41.704,267.0,MAA -> CCU,Reyansh,Joshi,75,M,r****1@gmail.com,****6156,0b834626c969402b1bfee2ec4f8e22f268617026b3d1936ed52b266ab63e4cfd,1950-10-21
B1468,P1537,AI255,2025-07-16 11:37:36.951,CONFIRMED,cfce696e6992ad7133656086d323b05c917885cf01c5028f6f7fadfe829a5b04,14F,Hemani Mistry,****2325,PAY1753,14054.88,NETBANKING,Air India,MAA,CCU,2026-04-19 08:45:41.704,2026-04-19 13:12:41.704,267.0,MAA -> CCU,Reyansh,Joshi,75,M,r****1@gmail.com,****6156,0b834626c969402b1bfee2ec4f8e22f268617026b3d1936ed52b266ab63e4cfd,1950-10-21
B1469,P1863,6F001,2025-12-25 11:37:36.951,CONFIRMED,78bda9a94bec5a874ff31f2fad8d140eb53464aaca673796a71065c1566d024b,11A,Panini Krishna,****6316,,,,IndiGo,HYD,BOM,2026-04-19 11:33:41.700,2026-04-19 13:08:41.700,95.0,HYD -> BOM,Diya,Agarwal,12,M,d****l@hotmail.com,****8259,eb0828d06f2f89d3cbaec66da566f34e3a4932ded73da4c03aad82fa181e730d,2013-12-04
B1470,P1523,6F132,2025-05-27 11:37:36.951,CANCELLED,d4bf3c31b9fba13e4cea7ad9b73f3ca84533b03852e9da4008f91a0f7894e7c4,24E,Tanmayi Mittal,****0375,,,,IndiGo,MAA,BOM,2026-04-19 12:00:41.702,2026-04-19 13:00:42.000,60.00496666666666,MAA -> BOM,Krishna,Verma,89,F,k****a@gmail.com,****6560,e006983e32e81a942051dd5ee4c18c122b08eb4bfd714aa4b9a2e17efa91b222,1937-08-18
B1471,P1071,UK184,2026-03-28 11:37:36.951,PENDING,a6b2053c8f7fdca146822e58369412f6ce55b11568206d1c357bf713e6f45261,8E,Rushil Rajagopalan,****4844,,,,Vistara,MAA,HYD,2026-04-19 10:49:41.703,2026-04-19 13:00:41.703,131.0,MAA -> HYD,Saanvi,Ghosh,62,M,s****h@gmail.com,****8977,a23f59ccdfcfba7e4d94f18e9038126c689a9b2fe291de4d99e85be60e951194,1963-12-24
B1472,P1644,6F098,2025-06-06 11:37:36.951,PENDING,398566e4efab1bc367111e8830c16d334ddb41d37a968d5e628af185a8d74600,3D,Vasudha Chhabra,****1373,,,,IndiGo,BLR,MAA,2026-04-19 10:18:41.702,2026-04-19 12:49:41.702,151.0,BLR -> MAA,Diya,Iyer,16,M,d****1@hotmail.com,****1813,ef4ce33bcf1c8cd5a5e948d53677b2703ce3d3b3e2b0670c13b9b74e13ce54e7,2010-07-13
B1473,P1105,SJ168,2025-07-19 11:37:36.951,PENDING,2d1bca16bb43040410c82d80c38641eb61905218629b762817c10bdd70f098ff,21F,Warjas Raj,****8854,,,,SpiceJet,CCU,BOM,2026-04-19 08:17:41.703,2026-04-19 12:29:41.703,252.0,CCU -> BOM,Muhammad,Singh,63,F,m****h@yahoo.com,****8427,61708f785bcdd560a9d984e9105c4bfef4830832ea22b5a2c2dd028ccce0cf15,1963-05-04
B1474,P1731,SJ178,2025-07-28 11:37:36.951,CANCELLED,0f290cea7657e120a95793362db2cdd070fe4684ea5ea715036b0c1708187c71,14C,Jagrati Merchant,****6881,PAY1081,12076.76,CARD,SpiceJet,BOM,HYD,2026-04-19 09:58:41.703,2026-04-19 12:27:41.703,149.0,BOM -> HYD,Krishna,Mishra,34,M,k****a@rediffmail.com,****0347,6c1f7d957a183035da545d8000fb6ce7dedd15cb0f182996cf59cac5cf4c64fb,1992-03-07
B1474,P1731,SJ178,2025-07-28 11:37:36.951,CANCELLED,0f290cea7657e120a95793362db2cdd070fe4684ea5ea715036b0c1708187c71,14C,Jagrati Merchant,****6881,PAY1354,10623.21,CARD,SpiceJet,BOM,HYD,2026-04-19 09:58:41.703,2026-04-19 12:27:41.703,149.0,BOM -> HYD,Krishna,Mishra,34,M,k****a@rediffmail.com,****0347,6c1f7d957a183035da545d8000fb6ce7dedd15cb0f182996cf59cac5cf4c64fb,1992-03-07
B1474,P1731,SJ178,2025-07-28 11:37:36.951,CANCELLED,0f290cea7657e120a95793362db2cdd070fe4684ea5ea715036b0c1708187c71,14C,Jagrati Merchant,****6881,PAY1707,10060.35,UPI,SpiceJet,BOM,HYD,2026-04-19 09:58:41.703,2026-04-19 12:27:41.703,149.0,BOM -> HYD,Krishna,Mishra,34,M,k****a@rediffmail.com,****0347,6c1f7d957a183035da545d8000fb6ce7dedd15cb0f182996cf59cac5cf4c64fb,1992-03-07
B1475,P1884,UK111,2026-03-07 11:37:36.951,CANCELLED,7e95721715325d787e84c596accf19fb4179a5b9701dfdd511d037d674d4ce31,2C,Chakrika Bains,****5334,PAY1609,6101.41,CARD,Vistara,MAA,BLR,2026-04-19 11:06:41.702,2026-04-19 12:20:41.702,74.0,MAA -> BLR,Ananya,Chatterjee,70,F,a****e@outlook.com,****6573,73265e0eb7d564e50d6abd83e7781366ff5e6370ba458807ac7b5b7059f7d378,1956-04-15
B1475,P1884,UK111,2026-03-07 11:37:36.951,CANCELLED,7e95721715325d787e84c596accf19fb4179a5b9701dfdd511d037d674d4ce31,2C,Chakrika Bains,****5334,PAY1661,12511.85,UPI,Vistara,MAA,BLR,2026-04-19 11:06:41.702,2026-04-19 12:20:41.702,74.0,MAA -> BLR,Ananya,Chatterjee,70,F,a****e@outlook.com,****6573,73265e0eb7d564e50d6abd83e7781366ff5e6370ba458807ac7b5b7059f7d378,1956-04-15
B1475,P1884,UK111,2026-03-07 11:37:36.951,CANCELLED,7e95721715325d787e84c596accf19fb4179a5b9701dfdd511d037d674d4ce31,2C,Chakrika Bains,****5334,PAY1692,2786.72,NETBANKING,Vistara,MAA,BLR,2026-04-19 11:06:41.702,2026-04-19 12:20:41.702,74.0,MAA -> BLR,Ananya,Chatterjee,70,F,a****e@outlook.com,****6573,73265e0eb7d564e50d6abd83e7781366ff5e6370ba458807ac7b5b7059f7d378,1956-04-15
B1476,P1964,SJ051,2026-02-27 11:37:36.951,CANCELLED,d2ea77c0e608c401bb2f32a937d97c277d2d485f0f613fa58f6f02f1745a9881,32E,Meghana Maharaj,****7876,,,,SpiceJet,BOM,BLR,2026-04-19 08:40:41.701,2026-04-19 12:18:41.701,218.0,BOM -> BLR,Shaurya,Verma,60,F,s****a@gmail.com,****2580,4fbe703f223bbe9e33c152b384b7f4440e13dd8ad84361e84cbe9faebe26edfb,1966-05-14
B1477,P1688,SJ193,2025-07-06 11:37:36.951,CANCELLED,2075384dcb84dfb895515a2d5162a46fc0f44919c0a5dd98569691e9c2f95c7a,18E,Abhiram Bawa,****4320,PAY1255,9314.23,CARD,SpiceJet,CCU,DEL,2026-04-19 09:37:41.703,2026-04-19 12:16:41.703,159.0,CCU -> DEL,Saanvi,Gupta,49,M,s****1@hotmail.com,****1296,24457f271d580072872da9416d809205d880ac637cdc3556b27d1d057c5f27b9,1977-05-20
B1477,P1688,SJ193,2025-07-06 11:37:36.951,CANCELLED,2075384dcb84dfb895515a2d5162a46fc0f44919c0a5dd98569691e9c2f95c7a,18E,Abhiram Bawa,****4320,PAY1352,3182.33,UPI,SpiceJet,CCU,DEL,2026-04-19 09:37:41.703,2026-04-19 12:16:41.703,159.0,CCU -> DEL,Saanvi,Gupta,49,M,s****1@hotmail.com,****1296,24457f271d580072872da9416d809205d880ac637cdc3556b27d1d057c5f27b9,1977-05-20
B1477,P1688,SJ193,2025-07-06 11:37:36.951,CANCELLED,2075384dcb84dfb895515a2d5162a46fc0f44919c0a5dd98569691e9c2f95c7a,18E,Abhiram Bawa,****4320,PAY1807,4907.19,CARD,SpiceJet,CCU,DEL,2026-04-19 09:37:41.703,2026-04-19 12:16:41.703,159.0,CCU -> DEL,Saanvi,Gupta,49,M,s****1@hotmail.com,****1296,24457f271d580072872da9416d809205d880ac637cdc3556b27d1d057c5f27b9,1977-05-20
B1478,P1281,SJ039,2026-02-24 11:37:36.951,CONFIRMED,524094225ff1be42d08b50e85034b0b5126c19951726d48ca369ea25a5fa4369,28D,Watika Mangat,****0683,PAY1114,2928.68,CARD,SpiceJet,MAA,BOM,2026-04-19 08:41:41.701,2026-04-19 12:08:41.701,207.0,MAA -> BOM,Krishna,Joshi,54,F,k****i@yahoo.com,****9570,6349ffe9945535b70b0b24f75614b23a44240977eceb11df6473dfc2edfa338c,1972-01-21
B1479,P1132,UK066,2025-12-17 11:37:36.951,CANCELLED,bd1d9854620422ec848b85db24920e9a6303010c0b8e1347352105543a247999,22B,Victor Pandey,****6229,PAY1404,6418.94,UPI,Vistara,BOM,CCU,2026-04-19 10:29:41.701,2026-04-19 12:07:41.701,98.0,BOM -> CCU,Ishaan,Banerjee,2,F,i****1@hotmail.com,****5376,39b0ec6156454bfa4c2b2b5d41d1acf5bb696e065253544c24b145819a1d822e,2023-10-20
B1479,P1132,UK066,2025-12-17 11:37:36.951,CANCELLED,bd1d9854620422ec848b85db24920e9a6303010c0b8e1347352105543a247999,22B,Victor Pandey,****6229,PAY1567,10059.56,NETBANKING,Vistara,BOM,CCU,2026-04-19 10:29:41.701,2026-04-19 12:07:41.701,98.0,BOM -> CCU,Ishaan,Banerjee,2,F,i****1@hotmail.com,****5376,39b0ec6156454bfa4c2b2b5d41d1acf5bb696e065253544c24b145819a1d822e,2023-10-20
B1480,P1533,SJ050,2026-03-14 11:37:36.951,PENDING,272e67418c149210752a6717bda39b371ef42ab7765fe2ebb45353748c13cbbe,34B,Theodore Gupta,****6905,PAY1229,3112.82,CARD,SpiceJet,HYD,CCU,2026-04-19 11:24:41.701,2026-04-19 12:03:41.701,39.0,HYD -> CCU,Aditya,Verma,49,F,a****2@outlook.com,****4104,be0cd10a20e690b5c29e26de988d9e08a82b301430c7dfae465b1b80161d84fa,1977-05-04
B1481,P1974,6F052,2025-06-11 11:37:36.951,CONFIRMED,5ec0eb20c5e81aa1dca6b35df2a3d6948d8b4f7e0c18ec1c83d52bb1b3d475f3,4D,Zashil Devan,****8664,,,,IndiGo,BOM,CCU,2026-04-19 09:13:41.701,2026-04-19 12:02:41.701,169.0,BOM -> CCU,Kavya,Mishra,63,M,k****1@gmail.com,****6098,b221c4ec9b96bc099a89c4b63c560c0db5c50850dae0b8c929bbad8331438cb4,1962-10-17
B1482,P1268,SJ170,2025-08-29 11:37:36.951,PENDING,a2904b4ae9aa36e16b75c69bd7d0436f996ac3d6017d26bd99bb93e00a2e692a,14E,Gunbir Baral,****6092,PAY1453,10093.45,UPI,SpiceJet,BLR,BOM,2026-04-19 10:11:41.703,2026-04-19 11:56:41.703,105.0,BLR -> BOM,Krishna,Kulkarni,54,M,k****i@hotmail.com,****7569,6dbe009f98604902d47a7f62ec41c0a771cbee955a8b96d16f5bc4d76eeeffc2,1972-02-06
B1482,P1268,SJ170,2025-08-29 11:37:36.951,PENDING,a2904b4ae9aa36e16b75c69bd7d0436f996ac3d6017d26bd99bb93e00a2e692a,14E,Gunbir Baral,****6092,PAY1603,7655.83,UPI,SpiceJet,BLR,BOM,2026-04-19 10:11:41.703,2026-04-19 11:56:41.703,105.0,BLR -> BOM,Krishna,Kulkarni,54,M,k****i@hotmail.com,****7569,6dbe009f98604902d47a7f62ec41c0a771cbee955a8b96d16f5bc4d76eeeffc2,1972-02-06
B1483,P1411,SJ119,2025-06-09 11:37:36.951,PENDING,56453b9d46fd3d02236092dbc9bc2ce5402a9a908dcf496bb6f215a201033646,26B,Dayamai Sastry,****9169,PAY1902,10562.26,CARD,SpiceJet,BOM,CCU,2026-04-19 08:53:41.702,2026-04-19 11:29:41.702,156.0,BOM -> CCU,Vivaan,Gupta,19,F,v****a@yahoo.com,****2492,fdc83034b2896804750c32c27d67192ac6fc435b2421fabcaf3ab3c51c803567,2007-01-04
B1484,P1672,AI219,2025-05-07 11:37:36.951,CONFIRMED,7c4fe80f20f9b66483cc64025a221578d32a5f7799e4c45a4c28907ddad111bb,13B,Bahadurjit Patla,****6412,,,,Air India,BLR,DEL,2026-04-19 09:28:41.703,2026-04-19 11:27:41.703,119.0,BLR -> DEL,Diya,Joshi,13,M,d****1@gmail.com,****4410,c00f75d4cdff6ebcbc9e045b478deff0de5a0dff2c3220bc0605e6e23e9adcc9,2013-06-27
B1485,P1618,6F220,2025-07-05 11:37:36.951,CANCELLED,69be083ce3cad74bea05b2dcd4924e7e39223920ce454182d0329d6bec0eec6f,12D,Karan Chana,****6833,,,,IndiGo,HYD,BOM,2026-04-19 10:27:41.704,2026-04-19 11:25:41.704,58.0,HYD -> BOM,Ishaan,Sharma,37,F,i****a@rediffmail.com,****9375,dbb741d33c0e0704b9fa5988b14311dd0edbeb68f26b1c3e31f7e7ae33424103,1988-11-20
B1486,P1790,AI207,2025-05-04 11:37:36.951,CONFIRMED,a924a4199183bcc1a6ef1e33bd61ba5cb9b95289b653d27fcaed87c8518b8fd2,3D,Chakrika Narain,****7259,PAY1115,6166.79,NETBANKING,Air India,BOM,MAA,2026-04-19 08:24:41.703,2026-04-19 11:23:41.703,179.0,BOM -> MAA,Sai,Banerjee,4,F,s****2@yahoo.com,****7395,1476521c88a07985c5e19661fdb1356f6c8991e06a725e32a91f47a44d05b1ba,2022-01-20
B1486,P1790,AI207,2025-05-04 11:37:36.951,CONFIRMED,a924a4199183bcc1a6ef1e33bd61ba5cb9b95289b653d27fcaed87c8518b8fd2,3D,Chakrika Narain,****7259,PAY1318,9435.36,CARD,Air India,BOM,MAA,2026-04-19 08:24:41.703,2026-04-19 11:23:41.703,179.0,BOM -> MAA,Sai,Banerjee,4,F,s****2@yahoo.com,****7395,1476521c88a07985c5e19661fdb1356f6c8991e06a725e32a91f47a44d05b1ba,2022-01-20
B1486,P1790,AI207,2025-05-04 11:37:36.951,CONFIRMED,a924a4199183bcc1a6ef1e33bd61ba5cb9b95289b653d27fcaed87c8518b8fd2,3D,Chakrika Narain,****7259,PAY1696,4695.45,UPI,Air India,BOM,MAA,2026-04-19 08:24:41.703,2026-04-19 11:23:41.703,179.0,BOM -> MAA,Sai,Banerjee,4,F,s****2@yahoo.com,****7395,1476521c88a07985c5e19661fdb1356f6c8991e06a725e32a91f47a44d05b1ba,2022-01-20
B1487,P1864,6F024,2026-01-26 11:37:36.951,PENDING,c80f98a465beef558881197b27e4e3b2c521bb92a5ecbc70c1e056eb1bdd2d94,5E,Ojasvi Gill,****2871,,,,IndiGo,BOM,DEL,2026-04-19 07:31:41.701,2026-04-19 11:17:41.701,226.0,BOM -> DEL,Anika,Singh,84,M,a****h@rediffmail.com,****6848,149156d956f955d1d4e0da3be95c070a9d981ece795b0bb0c1ee963dbda05d7e,1942-05-25
B1488,P1746,SJ073,2025-05-04 11:37:36.951,CANCELLED,3d53e7809ed61bf918feb4d22f73f586ca9fda44f7fa8d1cb1a6f3b55b865bb5,27E,Sai Deo,****3418,PAY1518,9707.48,NETBANKING,SpiceJet,CCU,BLR,2026-04-19 09:26:41.701,2026-04-19 11:14:41.701,108.0,CCU -> BLR,Aarav,Mishra,65,M,a****a@outlook.com,****5891,17d8c5d17bc37567989ff47433eb37655dcfd521d9f934adadfcd0371a42a425,1960-10-11
B1488,P1746,SJ073,2025-05-04 11:37:36.951,CANCELLED,3d53e7809ed61bf918feb4d22f73f586ca9fda44f7fa8d1cb1a6f3b55b865bb5,27E,Sai Deo,****3418,PAY1983,12915.55,NETBANKING,SpiceJet,CCU,BLR,2026-04-19 09:26:41.701,2026-04-19 11:14:41.701,108.0,CCU -> BLR,Aarav,Mishra,65,M,a****a@outlook.com,****5891,17d8c5d17bc37567989ff47433eb37655dcfd521d9f934adadfcd0371a42a425,1960-10-11
B1489,P1017,SJ201,2025-07-08 11:37:36.951,CANCELLED,b5595e03ca062d474bc033d681435cb2f296ab85256ab1aed60a960941c65396,24F,Jasmit Wali,****4879,,,,SpiceJet,BLR,DEL,2026-04-19 09:10:41.703,2026-04-19 11:12:41.703,122.0,BLR -> DEL,Reyansh,Chatterjee,37,F,r****e@rediffmail.com,****3976,e3e68bc9aef666c21568e5d5fcbc935c05a43988620fa2122f2d4f6f77b8d1ca,1988-10-02
B1490,P1753,AI180,2026-03-10 11:37:36.951,CONFIRMED,0c6e56d9c9929121c6fc03016d34004c851d17b2d4cd687003e10d1b5fcd3d53,29B,Yachana Mahajan,****2386,PAY1908,1217.88,CARD,Air India,BOM,CCU,2026-04-19 10:19:41.703,2026-04-19 11:00:41.703,41.0,BOM -> CCU,Diya,Reddy,82,F,d****y@hotmail.com,****5743,cde1b6cb9be265ebbf43b012a27aa7717d9a34a50830c08369f65e5045341571,1944-06-11
B1491,P1116,UK022,2025-07-16 11:37:36.951,CONFIRMED,b3a50d387bc3a935f1110f7350c8aef65bb6b97af96586f58fc5230e4b002f1f,18F,Nitesh Kurian,****4694,PAY1519,6534.99,UPI,Vistara,DEL,HYD,2026-04-19 06:22:41.701,2026-04-19 10:59:41.701,277.0,DEL -> HYD,Vivaan,Ghosh,73,F,v****h@yahoo.com,****8866,b5c43490f6f69b8a1a5a2fc11ab1176d02a85bea1c4cd1683b7a4daad8fdd396,1953-03-15
B1492,P1797,AI202,2026-03-27 11:37:36.951,CANCELLED,7d4544f6735d1cf42af13f92eeb97970c9af32913af6d6dd58a23a8f75cc9230,29C,Vasatika Merchant,****3773,,,,Air India,HYD,BLR,2026-04-19 08:44:41.703,2026-04-19 10:53:41.703,129.0,HYD -> BLR,Anika,Joshi,50,F,a****3@yahoo.com,****1347,919351c5babdcc70ab2aba75457bc7bb120ac4148c52bdbd1b28fd49eb9209b3,1976-02-16
B1493,P1793,6F212,2025-06-01 11:37:36.952,CONFIRMED,c07324d0d0366f022f5072cef3e87ae0600b542e5199284c09c57a213bbfb09e,26D,Hamsini Contractor,****0915,,,,IndiGo,BLR,CCU,2026-04-19 06:10:41.703,2026-04-19 10:52:41.703,282.0,BLR -> CCU,Anika,Joshi,67,M,a****i@hotmail.com,****1740,da8e4cb5b871da6d14cf3cc833a5a334778fbbbceab70f692a791edb48a89c58,1959-02-07
B1494,P1143,6F163,2025-06-09 11:37:36.952,CANCELLED,8582756bc78a7da7ef52481c8155b51be2a9ef99db417cc695363902372ea444,23F,Upadhriti Borra,****9861,,,,IndiGo,MAA,BOM,2026-04-19 06:49:41.703,2026-04-19 10:46:41.703,237.0,MAA -> BOM,Arjun,Nair,63,F,a****r@hotmail.com,****3770,187122a721f0896e9611753970c43c58fdc89f448566930151685bf5de9b15ac,1963-09-16
B1495,P1716,UK028,2025-10-15 11:37:36.952,CONFIRMED,9d5f2fe9ab866f07b01711615f8549bdd624c4eb2d12a4561713afeecfaff719,27D,Lohit Kara,****4823,PAY1503,11906.95,UPI,Vistara,HYD,MAA,2026-04-19 09:02:41.701,2026-04-19 10:37:41.701,95.0,HYD -> MAA,Shaurya,Mehta,85,F,s****2@rediffmail.com,****4081,ead5331e80007495709fd567174a4ea3840fa52db6e430b49d815c01995cdbd7,1941-09-19
B1495,P1716,UK028,2025-10-15 11:37:36.952,CONFIRMED,9d5f2fe9ab866f07b01711615f8549bdd624c4eb2d12a4561713afeecfaff719,27D,Lohit Kara,****4823,PAY1578,5584.17,CARD,Vistara,HYD,MAA,2026-04-19 09:02:41.701,2026-04-19 10:37:41.701,95.0,HYD -> MAA,Shaurya,Mehta,85,F,s****2@rediffmail.com,****4081,ead5331e80007495709fd567174a4ea3840fa52db6e430b49d815c01995cdbd7,1941-09-19
B1496,P1550,6F243,2026-03-21 11:37:36.952,PENDING,a712ea3ae32e4e90c949b49b3cd19c94aaf25f636bc06d3f934312a94292e287,7D,Mekhala Pau,****9307,PAY1579,2901.65,UPI,IndiGo,BOM,HYD,2026-04-19 09:37:41.704,2026-04-19 10:33:41.704,56.0,BOM -> HYD,Ira,Agarwal,52,F,i****l@hotmail.com,****0666,2550330b252e847806cf8156d0bcd75f8e5a2035ba701487c459183026bfb236,1973-10-06
B1497,P1928,AI165,2025-09-02 11:37:36.952,CONFIRMED,46c9f2f81ebe9bac23cd7612e372fa0488abfe9d4489f7af31932844d99274a3,11F,Gautam Rana,****3751,,,,Air India,DEL,CCU,2026-04-19 08:51:41.703,2026-04-19 10:31:41.703,100.0,DEL -> CCU,Shaurya,Agarwal,12,M,s****l@gmail.com,****8473,e882f77028ca1240187b91e17cdf627852db6826df3cbe36d9dc47652caf95ce,2014-03-13
B1498,P1665,UK099,2025-07-18 11:37:36.952,PENDING,25f54e01705990847ab3acf45f035cdec32dd6841bd6d21afbc2dd4f3c024097,3D,Akshay Lalla,****4113,,,,Vistara,BOM,MAA,2026-04-19 06:16:41.702,2026-04-19 10:24:41.702,248.0,BOM -> MAA,Vivaan,Singh,63,M,v****h@hotmail.com,****9933,94528a6618471228915cb692447886f3051e536d9096b8ad5ccc7957136580cf,1963-08-15
B1500,P1960,UK056,2025-04-30 11:37:36.952,CONFIRMED,cf05d383479f502be49caeb6a6be583f88de812986263f74bc600bd9f6989207,22D,Jyoti Lala,****5186,PAY1971,1303.07,CARD,Vistara,HYD,MAA,2026-04-19 09:29:41.701,2026-04-19 10:15:41.701,46.0,HYD -> MAA,Kavya,Mishra,35,M,k****a@hotmail.com,****8616,050a5260bc8b7a77df5dc8e0c3de849a87d7c92d757d752f56fe4549e5184ae0,1991-07-04
B1501,P1752,SJ122,2025-09-04 11:37:36.952,CANCELLED,73051b55c7e97fdc216ea8d94d2fa425d527bd3c93f12b148d8bdff4d72428dc,23D,Lakshmi Prabhu,****3227,PAY1487,14182.89,NETBANKING,SpiceJet,CCU,BOM,2026-04-19 05:22:41.702,2026-04-19 10:09:41.702,287.0,CCU -> BOM,Ira,Singh,49,M,i****h@outlook.com,****4256,f4288e7e855eeefdb9855c5dc1ffa3cc76689ad2acf4c56601e99fb2c6c15b2a,1976-11-16
B1501,P1752,SJ122,2025-09-04 11:37:36.952,CANCELLED,73051b55c7e97fdc216ea8d94d2fa425d527bd3c93f12b148d8bdff4d72428dc,23D,Lakshmi Prabhu,****3227,PAY1699,13707.55,CARD,SpiceJet,CCU,BOM,2026-04-19 05:22:41.702,2026-04-19 10:09:41.702,287.0,CCU -> BOM,Ira,Singh,49,M,i****h@outlook.com,****4256,f4288e7e855eeefdb9855c5dc1ffa3cc76689ad2acf4c56601e99fb2c6c15b2a,1976-11-16
B1502,P1421,AI086,2025-10-15 11:37:36.952,CONFIRMED,3c7f220cb5068b0163c0739311a4ff6ba049b425d291231b83adda72a01394e5,23F,Hritik Kaur,****9285,PAY1121,10714.33,CARD,Air India,CCU,HYD,2026-04-19 07:13:41.702,2026-04-19 10:09:41.702,176.0,CCU -> HYD,Ira,Naidu,1,F,i****u@yahoo.com,****9673,28bb58f0ffa8b1246e35e118ae79e63448a9ffdfa8d58ab848db0587ed6c1ba3,2025-06-12
B1502,P1421,AI086,2025-10-15 11:37:36.952,CONFIRMED,3c7f220cb5068b0163c0739311a4ff6ba049b425d291231b83adda72a01394e5,23F,Hritik Kaur,****9285,PAY1243,7252.43,UPI,Air India,CCU,HYD,2026-04-19 07:13:41.702,2026-04-19 10:09:41.702,176.0,CCU -> HYD,Ira,Naidu,1,F,i****u@yahoo.com,****9673,28bb58f0ffa8b1246e35e118ae79e63448a9ffdfa8d58ab848db0587ed6c1ba3,2025-06-12
B1503,P1897,SJ011,2025-10-17 11:37:36.952,CONFIRMED,20807ba9eae1985a2f0d95b03073f334df96c2030accc2b503427e0644629647,25C,Urishilla Bakshi,****3000,,,,SpiceJet,BOM,MAA,2026-04-19 05:14:41.701,2026-04-19 09:59:41.701,285.0,BOM -> MAA,Krishna,Mehta,8,M,k****a@outlook.com,****8928,f2c05516ee415b2cc467f01a6f30747dabf8341d6f57de7162a9f44758fae7fc,2017-09-19
B1504,P1368,SJ021,2025-04-21 11:37:36.952,PENDING,2f1b87f7cf7e4ea93c56db4b6055dfb8a3eb63a4cdd4b98758edd02edd518f75,4E,Falak Kant,****2210,PAY1064,14087.19,NETBANKING,SpiceJet,HYD,BLR,2026-04-19 05:48:41.701,2026-04-19 09:46:41.701,238.0,HYD -> BLR,Myra,Pillai,45,F,m****i@rediffmail.com,****3456,95834a10a72dc8c4509cc055feadb2b830f458cc727aaff6e7c59ee4501734c1,1981-06-03
B1504,P1368,SJ021,2025-04-21 11:37:36.952,PENDING,2f1b87f7cf7e4ea93c56db4b6055dfb8a3eb63a4cdd4b98758edd02edd518f75,4E,Falak Kant,****2210,PAY1417,13855.61,NETBANKING,SpiceJet,HYD,BLR,2026-04-19 05:48:41.701,2026-04-19 09:46:41.701,238.0,HYD -> BLR,Myra,Pillai,45,F,m****i@rediffmail.com,****3456,95834a10a72dc8c4509cc055feadb2b830f458cc727aaff6e7c59ee4501734c1,1981-06-03
B1504,P1368,SJ021,2025-04-21 11:37:36.952,PENDING,2f1b87f7cf7e4ea93c56db4b6055dfb8a3eb63a4cdd4b98758edd02edd518f75,4E,Falak Kant,****2210,PAY1580,4316.96,NETBANKING,SpiceJet,HYD,BLR,2026-04-19 05:48:41.701,2026-04-19 09:46:41.701,238.0,HYD -> BLR,Myra,Pillai,45,F,m****i@rediffmail.com,****3456,95834a10a72dc8c4509cc055feadb2b830f458cc727aaff6e7c59ee4501734c1,1981-06-03
B1505,P1645,SJ106,2025-11-29 11:37:36.952,CONFIRMED,0328c1bc934ba3cabcc3e1eac5adac9446836ade845d0a2150a4a3e6bd4991b8,8F,Dev Shetty,****8147,PAY1466,7472.98,UPI,SpiceJet,CCU,DEL,2026-04-19 07:16:41.702,2026-04-19 09:40:41.702,144.0,CCU -> DEL,Aditya,Singh,86,F,a****1@yahoo.com,****2376,d9d1e3bc69659949a2b646c3d9a3c27c8fdac7c1f14c0cc48683ccbe8aae0ee6,1939-10-11
B1506,P1557,SJ026,2026-01-29 11:37:36.952,CANCELLED,e69d7f79bc574473fe3a1f982ecbeb5470716e49528b89f44eaacdf1efd05bb1,9E,Chasmum Rege,****4300,,,,SpiceJet,CCU,MAA,2026-04-19 05:22:41.701,2026-04-19 09:40:41.701,258.0,CCU -> MAA,Anika,Kulkarni,58,F,a****i@yahoo.com,****2155,525be2b042aae64155ed6bd9fcef21c40def6e1d50a15adef9d3fc33e5a8677e,1968-01-19
B1507,P1049,SJ245,2025-11-27 11:37:36.952,PENDING,7bff29254611796d8955118ed35c1cdf92b85ad46e7fdbdc630f41318cac7c7b,20A,Jackson Dey,****7266,PAY1298,4865.21,NETBANKING,SpiceJet,BOM,DEL,2026-04-19 06:07:41.704,2026-04-19 09:39:41.704,212.0,BOM -> DEL,Aadhya,Joshi,60,F,a****i@rediffmail.com,****0490,35f9ab2c175a312ac6e7b5c2c91f8500b3092d8c2a79586b89a2ca1b751911fc,1966-03-08
B1508,P1677,AI023,2025-07-31 11:37:36.952,PENDING,1687175f826bcf70b75cd7e9072c71a54f2c06edba75069e14750a121ecc7af8,9C,Chakradev Barad,****0857,PAY1008,7277.14,CARD,Air India,HYD,BLR,2026-04-19 06:10:41.701,2026-04-19 09:35:41.701,205.0,HYD -> BLR,Diya,Naidu,68,F,d****u@yahoo.com,****3124,6c14df191a297f499d9ca5dd179052c1ee32fb0ac961a0bd4f788cb9223f32db,1957-12-20
B1508,P1677,AI023,2025-07-31 11:37:36.952,PENDING,1687175f826bcf70b75cd7e9072c71a54f2c06edba75069e14750a121ecc7af8,9C,Chakradev Barad,****0857,PAY1478,2603.09,CARD,Air India,HYD,BLR,2026-04-19 06:10:41.701,2026-04-19 09:35:41.701,205.0,HYD -> BLR,Diya,Naidu,68,F,d****u@yahoo.com,****3124,6c14df191a297f499d9ca5dd179052c1ee32fb0ac961a0bd4f788cb9223f32db,1957-12-20
B1508,P1677,AI023,2025-07-31 11:37:36.952,PENDING,1687175f826bcf70b75cd7e9072c71a54f2c06edba75069e14750a121ecc7af8,9C,Chakradev Barad,****0857,PAY1552,4799.03,CARD,Air India,HYD,BLR,2026-04-19 06:10:41.701,2026-04-19 09:35:41.701,205.0,HYD -> BLR,Diya,Naidu,68,F,d****u@yahoo.com,****3124,6c14df191a297f499d9ca5dd179052c1ee32fb0ac961a0bd4f788cb9223f32db,1957-12-20
B1509,P1105,AI032,2025-09-25 11:37:36.952,CANCELLED,1fc210e4387fbb3c3b1f684df5873f5884a381408afea3dd11babe6f8ba456f5,14F,Daksha Tailor,****2022,,,,Air India,MAA,BLR,2026-04-19 07:26:41.701,2026-04-19 09:26:42.000,120.00498333333331,MAA -> BLR,Muhammad,Singh,63,F,m****h@yahoo.com,****8427,61708f785bcdd560a9d984e9105c4bfef4830832ea22b5a2c2dd028ccce0cf15,1963-05-04
B1510,P1215,AI236,2025-05-11 11:37:36.952,CANCELLED,c18ad2c166bf6122e9d3c3c4c0e4f36d445752e85e6cd796aee313d20408e596,19F,Jack Chatterjee,****4326,PAY1312,3179.45,CARD,Air India,DEL,BOM,2026-04-19 04:52:41.704,2026-04-19 09:11:41.704,259.0,DEL -> BOM,Ira,Naidu,75,M,i****u@outlook.com,****5488,6620ac00b7766d2aa3de337afc685196b243ac9de44b66037b684a914bbaa814,1951-08-01
B1511,P1657,6F094,2025-12-24 11:37:36.952,CANCELLED,b3fbf117ace790642594f69dbfd4fd632c775f50de9392ed5c24e50e06e44f32,15C,Wahab Yogi,****5952,PAY1941,12346.57,UPI,IndiGo,BLR,BOM,2026-04-19 07:37:41.702,2026-04-19 09:06:41.702,89.0,BLR -> BOM,Sai,Kulkarni,7,F,s****i@yahoo.com,****5921,411b39f852f646cb8a8ae2e1c8eaa155d65cb0a8a8bd0031116f733588e78445,2018-10-02
B1512,P1922,UK163,2025-12-21 11:37:36.952,PENDING,115fd913ebc291abd5c78a6fc8c4f932c224b40f70bade00782a408f11e4d6d4,4A,Krishna Rama,****9229,PAY1169,5747.83,CARD,Vistara,DEL,HYD,2026-04-19 07:22:41.703,2026-04-19 09:04:41.703,102.0,DEL -> HYD,Aditya,Ghosh,70,F,a****1@outlook.com,****6172,2ec9108bf2a374f840b213064012d9b9800a9576497d34ffef3758e5bf337f62,1956-01-10
B1513,P1424,UK163,2025-06-30 11:37:36.952,CONFIRMED,a42a5130b1a1787b71f82ea7deffbe03f304b33c03ee32637abd24c0565343f8,32B,Sudiksha Prabhakar,****9146,PAY1073,9031.14,CARD,Vistara,DEL,HYD,2026-04-19 07:22:41.703,2026-04-19 09:04:41.703,102.0,DEL -> HYD,Ananya,Nair,33,M,a****r@hotmail.com,****1530,d440178f6d4d838b1d25c4e3fa5475809f60fd505062839f6987f15284845f65,1992-10-11
B1513,P1424,UK163,2025-06-30 11:37:36.952,CONFIRMED,a42a5130b1a1787b71f82ea7deffbe03f304b33c03ee32637abd24c0565343f8,32B,Sudiksha Prabhakar,****9146,PAY1774,13685.53,CARD,Vistara,DEL,HYD,2026-04-19 07:22:41.703,2026-04-19 09:04:41.703,102.0,DEL -> HYD,Ananya,Nair,33,M,a****r@hotmail.com,****1530,d440178f6d4d838b1d25c4e3fa5475809f60fd505062839f6987f15284845f65,1992-10-11
B1514,P1071,SJ045,2025-05-07 11:37:36.952,CANCELLED,3da8d023b85cd0a171b1f2726f2871e3fae2a12394ed1b1f3295631301dae861,21E,Oni Dubey,****6774,,,,SpiceJet,DEL,MAA,2026-04-19 04:16:41.701,2026-04-19 09:03:41.701,287.0,DEL -> MAA,Saanvi,Ghosh,62,M,s****h@gmail.com,****8977,a23f59ccdfcfba7e4d94f18e9038126c689a9b2fe291de4d99e85be60e951194,1963-12-24
B1515,P1987,SJ006,2025-07-06 11:37:36.952,PENDING,a6cae71ab6b18e469a8f5c4bbe2927b8237fd8214bd018428e03b3404a7ab33e,26A,Oeshi Chaudhary,****1986,,,,SpiceJet,HYD,BLR,2026-04-19 08:25:41.701,2026-04-19 08:57:41.701,32.0,HYD -> BLR,Saanvi,Patel,83,F,s****l@gmail.com,****1041,66e06eb24de9085c414dc8c2dde8b55b3b3843c40a81731f4dc3ad727d518c4f,1943-07-19
B1516,P1841,SJ103,2025-08-05 11:37:36.952,CANCELLED,70bb52f06ec5a0512c87a717354391dd59f0e5f24dde64f88adea1e3a82d3345,34F,Vrishti Reddy,****1214,PAY1262,3242.75,UPI,SpiceJet,MAA,BLR,2026-04-19 05:16:41.702,2026-04-19 08:56:41.702,220.0,MAA -> BLR,Diya,Das,2,M,d****1@hotmail.com,****1584,c309f9ed5572063376863c2a87c7addd45a50311726f389cee8922efdc28375a,2024-04-19
B1519,P1445,SJ064,2026-03-25 11:37:36.952,PENDING,d802ef9a25cd2c80d7078ddfabb8514e8d6fe53654b5c49ac6a0fd77dc963a3a,3C,Sachi Saxena,****0765,PAY1049,5454.29,CARD,SpiceJet,CCU,DEL,2026-04-19 06:29:41.701,2026-04-19 08:43:41.701,134.0,CCU -> DEL,Diya,Naidu,62,F,d****1@hotmail.com,****6278,bd27f3b24487214ffaa8c3e1cd2cdf65659d96df09d56ee0e1a18350bc168601,1964-03-15
B1519,P1445,SJ064,2026-03-25 11:37:36.952,PENDING,d802ef9a25cd2c80d7078ddfabb8514e8d6fe53654b5c49ac6a0fd77dc963a3a,3C,Sachi Saxena,****0765,PAY1444,9403.54,NETBANKING,SpiceJet,CCU,DEL,2026-04-19 06:29:41.701,2026-04-19 08:43:41.701,134.0,CCU -> DEL,Diya,Naidu,62,F,d****1@hotmail.com,****6278,bd27f3b24487214ffaa8c3e1cd2cdf65659d96df09d56ee0e1a18350bc168601,1964-03-15
B1520,P1924,AI028,2026-04-02 11:37:36.952,CONFIRMED,e839dbf85d70e738066f2aa3da7f8b3aa553c85ca70d82cd94008e41ca5a7fd0,27A,Warinder Patil,****3299,PAY1360,14340.74,CARD,Air India,HYD,BOM,2026-04-19 07:53:41.701,2026-04-19 08:35:41.701,42.0,HYD -> BOM,Anika,Reddy,68,M,a****y@outlook.com,****7670,26c636b87356ff003c40e08b60282711f5c865660e75b3b7a45bd610cef7f04c,1958-02-06
B1521,P1185,AI148,2025-11-08 11:37:36.952,PENDING,0d35de9dfeaffcc673d4416891beb61661a7d69aa209def9196afa88b1e51260,31E,Hardik Pillai,****9694,PAY1947,6664.48,CARD,Air India,HYD,MAA,2026-04-19 05:41:41.703,2026-04-19 08:32:41.703,171.0,HYD -> MAA,Aditya,Kulkarni,24,M,a****i@outlook.com,****6129,a589164f9c8e62c146ccb51c223c238a58e04ebcbe7b8f1b86d9e9b27f927fb5,2002-07-25
B1521,P1185,AI148,2025-11-08 11:37:36.952,PENDING,0d35de9dfeaffcc673d4416891beb61661a7d69aa209def9196afa88b1e51260,31E,Hardik Pillai,****9694,PAY1982,3965.19,CARD,Air India,HYD,MAA,2026-04-19 05:41:41.703,2026-04-19 08:32:41.703,171.0,HYD -> MAA,Aditya,Kulkarni,24,M,a****i@outlook.com,****6129,a589164f9c8e62c146ccb51c223c238a58e04ebcbe7b8f1b86d9e9b27f927fb5,2002-07-25
B1522,P1069,6F263,2025-08-31 11:37:36.952,CONFIRMED,bbc5e31f4377c7b2ff4700764160d2fb7ce8fa84a7f9adfa72520762be4060d8,1C,Jagrati Bhat,****9631,,,,IndiGo,DEL,HYD,2026-04-19 07:07:41.703,2026-04-19 08:30:41.703,83.0,DEL -> HYD,Krishna,Nair,4,M,k****r@yahoo.com,****9401,9c877c2dc1e0b7e32591be87accb1af537f77c82ea24cd93e053c8b9516bcce4,2022-07-27
B1523,P1973,SJ067,2025-05-19 11:37:36.952,PENDING,9e8d151770b78effff840c3da38bcd72b6f6f2a01801b0a62915dee9d47764aa,21F,Mitali Majumdar,****3458,PAY1119,10733.84,NETBANKING,SpiceJet,MAA,BLR,2026-04-19 07:17:41.701,2026-04-19 08:16:41.701,59.0,MAA -> BLR,Kavya,Mishra,40,F,k****1@yahoo.com,****4480,dc2b555b92baa6110cae9c13840668b67978f75173e11f5d07bddc911fd306c8,1986-02-18
B1524,P1149,6F061,2025-06-17 11:37:36.952,PENDING,f78818522b64dbd4d2f534181350bf6d25bd28af3277b382b7c874b4ed50f84d,23D,Ranveer Das,****4363,PAY1464,1289.01,NETBANKING,IndiGo,MAA,BOM,2026-04-19 07:28:41.701,2026-04-19 08:09:41.701,41.0,MAA -> BOM,Ishaan,Nair,29,M,i****r@yahoo.com,****5986,88441ee045af18c374f98f5b85cb08ec782dc3110a2f43e70cc3d7c7fc17470c,1997-04-16
B1524,P1149,6F061,2025-06-17 11:37:36.952,PENDING,f78818522b64dbd4d2f534181350bf6d25bd28af3277b382b7c874b4ed50f84d,23D,Ranveer Das,****4363,PAY1935,8542.82,CARD,IndiGo,MAA,BOM,2026-04-19 07:28:41.701,2026-04-19 08:09:41.701,41.0,MAA -> BOM,Ishaan,Nair,29,M,i****r@yahoo.com,****5986,88441ee045af18c374f98f5b85cb08ec782dc3110a2f43e70cc3d7c7fc17470c,1997-04-16
B1525,P1245,AI254,2025-05-29 11:37:36.952,PENDING,aafbcd16874425013c509c94284dbf00cbfff6422b74edce0ae3d0ca14bee7db,11E,Suhani Chand,****3227,PAY1301,7869.06,UPI,Air India,CCU,HYD,2026-04-19 04:46:41.704,2026-04-19 08:06:41.704,200.0,CCU -> HYD,Arjun,Chatterjee,57,F,a****e@hotmail.com,****4082,e9dce10ee6aa57ea2270bb3f6ebd7e16cae9001f95b69617fdc3984554b74492,1969-03-02
B1526,P1773,SJ136,2025-11-15 11:37:36.952,CONFIRMED,fd110a595c7a06bc06f9679de14117cc88e02b42a2de3f1f2db5aaad6ca83e3e,17D,Simon Bail,****2969,PAY1058,4890.14,UPI,SpiceJet,HYD,BLR,2026-04-19 05:45:41.702,2026-04-19 08:04:41.702,139.0,HYD -> BLR,Saanvi,Singh,83,M,s****1@hotmail.com,****8571,04dffdc55c69d3a8c05028a30d33a79b737e3ac97017851f0cc6239cb4bee322,1942-11-13
B1526,P1773,SJ136,2025-11-15 11:37:36.952,CONFIRMED,fd110a595c7a06bc06f9679de14117cc88e02b42a2de3f1f2db5aaad6ca83e3e,17D,Simon Bail,****2969,PAY1489,7999.68,CARD,SpiceJet,HYD,BLR,2026-04-19 05:45:41.702,2026-04-19 08:04:41.702,139.0,HYD -> BLR,Saanvi,Singh,83,M,s****1@hotmail.com,****8571,04dffdc55c69d3a8c05028a30d33a79b737e3ac97017851f0cc6239cb4bee322,1942-11-13
B1527,P1537,AI046,2025-07-09 11:37:36.952,PENDING,587d97ef85d284a22def857c6bdc273bd98843022808fb3de2b1663363b317ab,8A,Chandresh Nath,****3822,PAY1154,11891.78,CARD,Air India,DEL,BOM,2026-04-19 05:09:41.701,2026-04-19 08:00:41.701,171.0,DEL -> BOM,Reyansh,Joshi,75,M,r****1@gmail.com,****6156,0b834626c969402b1bfee2ec4f8e22f268617026b3d1936ed52b266ab63e4cfd,1950-10-21
B1528,P1934,UK174,2026-03-28 11:37:36.952,PENDING,3e5ad2c601bf82bbe6f55a2650bcaec3a32644316d342a63e221b33a62a1d00b,6E,Yagnesh Dass,****4067,,,,Vistara,CCU,DEL,2026-04-19 05:27:41.703,2026-04-19 07:47:41.703,140.0,CCU -> DEL,Shaurya,Verma,37,M,s****1@rediffmail.com,****6116,d12ca3c9418919c496f81dcc62efb91123688281116d27ac67696bf336516834,1989-08-26
B1529,P1651,6F066,2025-04-30 11:37:36.952,PENDING,dedbadc838bd62c7f66f1b89dc7c99214ba20ac4a37c8b1f519e54f76239baa2,34C,Samesh Biswas,****8533,,,,IndiGo,BLR,HYD,2026-04-19 06:07:41.701,2026-04-19 07:43:41.701,96.0,BLR -> HYD,Krishna,Singh,71,M,k****h@yahoo.com,****8271,52be640e5b26c49ae645be7259c419e7412eef85da8fec39f07a6dd41ffe00a0,1954-12-14
B1531,P1909,6F063,2026-04-01 11:37:36.952,PENDING,9d9255c610233be4f38775044718113e64064682c6f727b0028cd9aab2b6a75a,30F,Viraj Narasimhan,****0108,PAY1516,11172.2,UPI,IndiGo,DEL,HYD,2026-04-19 04:42:41.701,2026-04-19 07:31:41.701,169.0,DEL -> HYD,Ananya,Chatterjee,6,M,a****e@rediffmail.com,****1903,e2afb8e4feafe47ab00409934af0051ed00c102ada5f44b3d3fb044aa5d0ec84,2020-07-25
B1531,P1909,6F063,2026-04-01 11:37:36.952,PENDING,9d9255c610233be4f38775044718113e64064682c6f727b0028cd9aab2b6a75a,30F,Viraj Narasimhan,****0108,PAY1634,12739.01,UPI,IndiGo,DEL,HYD,2026-04-19 04:42:41.701,2026-04-19 07:31:41.701,169.0,DEL -> HYD,Ananya,Chatterjee,6,M,a****e@rediffmail.com,****1903,e2afb8e4feafe47ab00409934af0051ed00c102ada5f44b3d3fb044aa5d0ec84,2020-07-25
B1532,P1277,UK118,2025-04-22 11:37:36.952,PENDING,a640a6fc52f85b75f1a69d5732f6dcb8a88c0b627a28fc727b20b5978f9cf1a0,30A,Manbir Agate,****4314,PAY1095,9430.36,NETBANKING,Vistara,HYD,BLR,2026-04-19 06:22:41.702,2026-04-19 07:22:42.000,60.00496666666666,HYD -> BLR,Sai,Mishra,25,M,s****a@yahoo.com,****7990,ebb44130bf6c41c474d89f71876e14f16e7f51a13e3fdda7ed009ecc795bab64,2001-02-06
B1532,P1277,UK118,2025-04-22 11:37:36.952,PENDING,a640a6fc52f85b75f1a69d5732f6dcb8a88c0b627a28fc727b20b5978f9cf1a0,30A,Manbir Agate,****4314,PAY1851,14865.24,NETBANKING,Vistara,HYD,BLR,2026-04-19 06:22:41.702,2026-04-19 07:22:42.000,60.00496666666666,HYD -> BLR,Sai,Mishra,25,M,s****a@yahoo.com,****7990,ebb44130bf6c41c474d89f71876e14f16e7f51a13e3fdda7ed009ecc795bab64,2001-02-06
B1533,P1562,UK218,2025-09-15 11:37:36.952,PENDING,72aef7faad6a1f5c60480b4a257c51a66a3260e43b6aa68d3d862c4c6aa87627,28D,Aradhana Dhillon,****4584,,,,Vistara,MAA,BLR,2026-04-19 03:12:41.704,2026-04-19 07:22:41.704,250.0,MAA -> BLR,Diya,Kulkarni,86,M,d****i@hotmail.com,****8440,34db21d330c58f5457355598c9ab2449719d01a49d841fea43043615012f6547,1939-10-16
B1534,P1662,UK031,2025-09-11 11:37:36.952,CONFIRMED,8e1b9a2ed02a4e5e77d9b7b539f7ed0bfce0c30596cd4002547887beff79e7f5,34E,Kalpit Zachariah,****8286,PAY1055,12347.23,NETBANKING,Vistara,CCU,DEL,2026-04-19 03:45:41.701,2026-04-19 07:20:41.701,215.0,CCU -> DEL,Ira,Verma,41,F,i****a@gmail.com,****4129,e0b1dad3a3756a90215143cc6692346836b79164f5142770d57d3e0fb7a91b7e,1985-03-23
B1535,P1943,UK142,2026-04-02 11:37:36.952,PENDING,4cac606eba3e8c4e72f2f64f067dc061d16fc7c4577d6f4a0f49f70ae8801ed6,6C,Zashil Ghosh,****5314,PAY1212,5959.44,UPI,Vistara,BLR,DEL,2026-04-19 03:03:41.703,2026-04-19 07:13:41.703,250.0,BLR -> DEL,Shaurya,Naidu,23,M,s****u@gmail.com,****7550,eb6953203dadc424805d249efab56654e9bc9d8031a343493e7179295686d3c6,2003-06-20
B1535,P1943,UK142,2026-04-02 11:37:36.952,PENDING,4cac606eba3e8c4e72f2f64f067dc061d16fc7c4577d6f4a0f49f70ae8801ed6,6C,Zashil Ghosh,****5314,PAY1993,13561.41,NETBANKING,Vistara,BLR,DEL,2026-04-19 03:03:41.703,2026-04-19 07:13:41.703,250.0,BLR -> DEL,Shaurya,Naidu,23,M,s****u@gmail.com,****7550,eb6953203dadc424805d249efab56654e9bc9d8031a343493e7179295686d3c6,2003-06-20
B1536,P1454,AI002,2025-06-01 11:37:36.952,PENDING,083c7620070f3214e20115a43024a8d8c30c1a1b048268738e30643762327834,4C,Imaran Bal,****6512,PAY1257,6548.99,NETBANKING,Air India,HYD,BLR,2026-04-19 05:12:41.700,2026-04-19 07:12:41.700,120.0,HYD -> BLR,Vivaan,Ghosh,10,M,v****h@outlook.com,****2211,713a297f050667df51df51a26d1a6ee22fde1006edb6a03674430f58cf791eda,2016-08-18
B1537,P1103,UK070,2025-10-08 11:37:36.952,CONFIRMED,29a974b13af675fcdcfaae4c17d4f10cc678d05d96824de2be099d9638e8ab98,21F,Karan Aurora,****5625,PAY1137,9202.57,NETBANKING,Vistara,BOM,DEL,2026-04-19 04:36:41.701,2026-04-19 06:49:41.701,133.0,BOM -> DEL,Ishaan,Banerjee,7,M,i****e@hotmail.com,****5981,baac44b47774291033f9a7f2edca687fe8ec990af602c30e9e0b05306c02d0e6,2018-10-18
B1538,P1945,SJ121,2026-03-17 11:37:36.952,PENDING,bc41d1e5250c21770a8524c65c1325686badd1562e9a6b0b0eb985b575bca737,8E,Ishita Khanna,****9144,,,,SpiceJet,CCU,DEL,2026-04-19 05:32:41.702,2026-04-19 06:47:41.702,75.0,CCU -> DEL,Riya,Verma,43,M,r****a@rediffmail.com,****5227,02d3a52cde2284f1d3a9c2285c3f14fa58be7885849081ebabe0f64e7d87ca8d,1982-11-27
B1539,P1600,UK201,2025-06-11 11:37:36.952,CONFIRMED,8ef9c1aa92d749163c58f4e8f8d51eabb6cab1e1e14e8eb4e68296864dde25a6,20B,Ekiya Babu,****9059,PAY1465,14472.9,NETBANKING,Vistara,HYD,BOM,2026-04-19 04:29:41.703,2026-04-19 06:42:41.703,133.0,HYD -> BOM,Sara,Agarwal,18,F,s****l@rediffmail.com,****9611,da54dd891ffdebbb471dbc9754c1d95abb7fa55ab57f4ec211bdaf5909f02906,2007-11-28
B1539,P1600,UK201,2025-06-11 11:37:36.952,CONFIRMED,8ef9c1aa92d749163c58f4e8f8d51eabb6cab1e1e14e8eb4e68296864dde25a6,20B,Ekiya Babu,****9059,PAY1906,3036.88,CARD,Vistara,HYD,BOM,2026-04-19 04:29:41.703,2026-04-19 06:42:41.703,133.0,HYD -> BOM,Sara,Agarwal,18,F,s****l@rediffmail.com,****9611,da54dd891ffdebbb471dbc9754c1d95abb7fa55ab57f4ec211bdaf5909f02906,2007-11-28
B1540,P1652,AI138,2026-01-15 11:37:36.952,CANCELLED,456d01ba12323d400f1cbc0b52c4fe96dcbbdc3a9d3439f7b1fd04eb050cee07,7E,Owen Lanka,****6491,PAY1140,3640.69,CARD,Air India,DEL,CCU,2026-04-19 05:50:41.702,2026-04-19 06:40:41.702,50.0,DEL -> CCU,Aarav,Chatterjee,76,M,a****e@outlook.com,****4412,234969d381378c8259ff79da721560103affbedb0a4bc62a79e74e3671133378,1950-02-01
B1541,P1724,SJ014,2025-12-16 11:37:36.952,CONFIRMED,195c819f87475defcd989d63467ab5c68ed4d839fb40ca43fc0b1a860ced492c,26A,Charles Date,****9845,PAY1382,12031.17,NETBANKING,SpiceJet,BOM,HYD,2026-04-19 05:40:41.701,2026-04-19 06:39:41.701,59.0,BOM -> HYD,Myra,Patel,62,M,m****l@yahoo.com,****6364,b74daf382537f525dfbaafea84bc95eab6e82b5c6096f5dcd8b2e1267291c3b4,1964-08-23
B1542,P1232,SJ053,2025-12-13 11:37:36.952,PENDING,0f5c9f6389227c6e1f525ec17d8d6d228ee2b753412da946e7d7ccdcce4aef09,14F,Oviya Vora,****0037,,,,SpiceJet,CCU,DEL,2026-04-19 05:00:41.701,2026-04-19 06:38:41.701,98.0,CCU -> DEL,Ishaan,Kulkarni,36,M,i****i@rediffmail.com,****9916,6fe61bb6b0985dafd2ff0313bfa4d3b46a53f432f31c92f4a3b30045afb653fa,1990-05-07
B1543,P1393,SJ241,2025-06-16 11:37:36.952,CANCELLED,938856af766d905b5b3c4cf1fabb3324d3e06188fca7a3181ba01040e67fa4cb,4F,Ishaan Bhatt,****0271,PAY1357,3207.85,UPI,SpiceJet,DEL,HYD,2026-04-19 03:57:41.704,2026-04-19 06:36:41.704,159.0,DEL -> HYD,Ishaan,Reddy,42,M,i****y@gmail.com,****5378,0f3fc4f2ca22625e5a7c1b6c084fd94191a2382898eb319fc0c22055d700ad55,1984-01-21
B1544,P1500,AI249,2025-09-01 11:37:36.952,CANCELLED,d9e4dc1aff8cf9471df3a6bf78539250ff1a5c3fa1a4de7649c85bc521410e6b,16A,Vamakshi Sen,****6093,PAY1006,8020.26,CARD,Air India,BLR,HYD,2026-04-19 03:38:41.704,2026-04-19 06:27:41.704,169.0,BLR -> HYD,Ananya,Sharma,68,F,a****a@yahoo.com,****4550,cbf05f7eec20e3f3cc33892456908a7676244be1c576ae30378237f6cf810212,1958-03-27
B1544,P1500,AI249,2025-09-01 11:37:36.952,CANCELLED,d9e4dc1aff8cf9471df3a6bf78539250ff1a5c3fa1a4de7649c85bc521410e6b,16A,Vamakshi Sen,****6093,PAY1201,3982.8,NETBANKING,Air India,BLR,HYD,2026-04-19 03:38:41.704,2026-04-19 06:27:41.704,169.0,BLR -> HYD,Ananya,Sharma,68,F,a****a@yahoo.com,****4550,cbf05f7eec20e3f3cc33892456908a7676244be1c576ae30378237f6cf810212,1958-03-27
B1545,P1694,AI176,2026-03-08 11:37:36.952,PENDING,f0cdd2e9aa86a33bbb1a93d6f96f5cad33fd04f1fef42ff5a72440d7d8769edd,8A,Janaki Varghese,****5520,PAY1447,6767.92,NETBANKING,Air India,BLR,DEL,2026-04-19 04:20:41.703,2026-04-19 06:25:41.703,125.0,BLR -> DEL,Saanvi,Patel,85,F,s****l@outlook.com,****9806,e305368568fb3fc280914ad2f44280111d1b5073b1ef8da2117bdfdb316983f2,1940-11-04
B1545,P1694,AI176,2026-03-08 11:37:36.952,PENDING,f0cdd2e9aa86a33bbb1a93d6f96f5cad33fd04f1fef42ff5a72440d7d8769edd,8A,Janaki Varghese,****5520,PAY1575,10968.41,CARD,Air India,BLR,DEL,2026-04-19 04:20:41.703,2026-04-19 06:25:41.703,125.0,BLR -> DEL,Saanvi,Patel,85,F,s****l@outlook.com,****9806,e305368568fb3fc280914ad2f44280111d1b5073b1ef8da2117bdfdb316983f2,1940-11-04
B1546,P1250,SJ234,2026-04-02 11:37:36.952,PENDING,9cac3e84da757941e95160df08fd3251f1d8cc3d9b537dd482799e2a3aea18d5,32B,Ikbal Seth,****0567,,,,SpiceJet,BLR,CCU,2026-04-19 04:20:41.704,2026-04-19 06:23:41.704,123.0,BLR -> CCU,Arjun,Singh,42,F,a****h@hotmail.com,****7041,ebb4a205d7e97d59519ab2a5be10753601556b20f1a5f701a1f2ad3bf4ecbe7c,1984-02-09
B1547,P1520,6F115,2025-04-18 11:37:36.952,PENDING,2101ba54061d9495ac2fda1d9a8abfc9dbfc54b8bc239530e81e07a5a99850a1,16C,Yahvi Kant,****7207,,,,IndiGo,MAA,BLR,2026-04-19 04:41:41.702,2026-04-19 06:23:41.702,102.0,MAA -> BLR,Ira,Khan,55,M,i****n@hotmail.com,****0036,d4336ab2425f4d9c961b9f7971f9d830001658fef6f30e49a41d9e9b8e17efab,1971-01-28
B1548,P1078,AI020,2025-10-04 11:37:36.952,CONFIRMED,d73dc68c4e326432a3dceef93acf0f7a2244bd3b651aae2f1426ed46f7af8baa,7E,Caleb Verma,****2739,,,,Air India,BOM,BLR,2026-04-19 03:53:41.701,2026-04-19 06:21:41.701,148.0,BOM -> BLR,Reyansh,Reddy,47,M,r****y@yahoo.com,****5806,fd162e1f86eaabde09ee158a88fc86d463e8066676e8139ab1b9511f48079374,1978-12-04
B1549,P1051,AI020,2025-12-16 11:37:36.952,CONFIRMED,67f0d93bf65ce35cb30af266d5ca6a9b0582d57b7ada032dbb7ccaa60f5bff0e,24A,Charvi Shanker,****9899,,,,Air India,BOM,BLR,2026-04-19 03:53:41.701,2026-04-19 06:21:41.701,148.0,BOM -> BLR,Aadhya,Chatterjee,9,F,a****e@outlook.com,****9494,3157eb47074daa84ed9fbb6a50fdf870d9aa1186726a923c4ae09e10b9223cc7,2017-05-15
B1550,P1897,6F079,2025-12-06 11:37:36.952,CONFIRMED,0691432311c289a4b6a1088293087597ea44377f3c0886bd3b94018531e56bc4,10D,Azaan Bhat,****8049,,,,IndiGo,MAA,HYD,2026-04-19 02:14:41.702,2026-04-19 06:18:41.702,244.0,MAA -> HYD,Krishna,Mehta,8,M,k****a@outlook.com,****8928,f2c05516ee415b2cc467f01a6f30747dabf8341d6f57de7162a9f44758fae7fc,2017-09-19
B1552,P1780,UK046,2026-02-06 11:37:36.952,PENDING,68f96837be47df0ef0d8abe73fd00d87a671649e5c76d8178e126b1c6ac91aea,32D,Pooja Chokshi,****5811,PAY1386,12589.6,NETBANKING,Vistara,CCU,DEL,2026-04-19 03:37:41.701,2026-04-19 06:05:41.701,148.0,CCU -> DEL,Reyansh,Naidu,77,M,r****1@rediffmail.com,****8933,beb82f5eb71a1029df41bb20e77983152ed8cdcb90786e1ff15cc69b41646df2,1949-01-06
B1553,P1225,SJ217,2025-11-15 11:37:36.952,CONFIRMED,327d7923ba84dc125d313b3f313997abf15e09a193a41fc605cb8416560726cd,33D,Vritti Sawhney,****1142,PAY1868,1883.33,UPI,SpiceJet,BOM,CCU,2026-04-19 02:57:41.703,2026-04-19 06:04:41.703,187.0,BOM -> CCU,Muhammad,Gupta,73,M,m****a@rediffmail.com,****8258,2605ebd45582cf61c005e1e4f7d22abb16aff86bdae51c6e1a90f386970bb5f7,1953-07-21
B1554,P1050,6F142,2025-08-26 11:37:36.952,CANCELLED,90587db3ca08d8366e3847926cd68ee8a2b8cdeb072504a7c8ae1e09fc4072a1,8D,Ethan Buch,****9652,,,,IndiGo,CCU,MAA,2026-04-19 02:05:41.702,2026-04-19 06:04:41.702,239.0,CCU -> MAA,Aarav,Das,13,F,a****s@yahoo.com,****5622,eb9243e683e7b27408a3b73b71d617bb3bec963003116e8badd5987feca0db99,2012-11-08
B1555,P1185,SJ139,2026-04-04 11:37:36.952,CONFIRMED,d02b268ada5cea55f3ef00d66e8c2ba7574c891a77d9807514e49adab6d58988,3B,Ekanta Divan,****2397,PAY1340,13344.12,NETBANKING,SpiceJet,DEL,BLR,2026-04-19 02:20:41.702,2026-04-19 06:02:41.702,222.0,DEL -> BLR,Aditya,Kulkarni,24,M,a****i@outlook.com,****6129,a589164f9c8e62c146ccb51c223c238a58e04ebcbe7b8f1b86d9e9b27f927fb5,2002-07-25
B1556,P1033,6F059,2026-01-18 11:37:36.952,CANCELLED,a8be11d1dce2fea4e7f9365371b412f62737131578a48a716f497d93c306849f,31D,Dominic Date,****2837,,,,IndiGo,BOM,DEL,2026-04-19 01:12:41.701,2026-04-19 06:02:41.701,290.0,BOM -> DEL,Aadhya,Kulkarni,62,M,a****i@hotmail.com,****4498,e30ec22a134adfeed3e602da01d988b819e87febfbd1c8b62620e818bfeae23a,1964-04-09
B1557,P1802,6F067,2025-08-10 11:37:36.952,PENDING,eb5f6e33d1cdc45c8e41284f6380de46d106d1ab35359e26201f424b8b6c4c92,17A,Anvi Nair,****6950,PAY1109,13664.47,NETBANKING,IndiGo,MAA,BLR,2026-04-19 02:59:41.701,2026-04-19 06:02:41.701,183.0,MAA -> BLR,Myra,Gupta,5,M,m****a@rediffmail.com,****4141,526b528cd8bc12474118a2a6b6f53d207850c25cf49fc91d36cb8536094ece31,2021-07-14
B1557,P1802,6F067,2025-08-10 11:37:36.952,PENDING,eb5f6e33d1cdc45c8e41284f6380de46d106d1ab35359e26201f424b8b6c4c92,17A,Anvi Nair,****6950,PAY1299,4044.27,UPI,IndiGo,MAA,BLR,2026-04-19 02:59:41.701,2026-04-19 06:02:41.701,183.0,MAA -> BLR,Myra,Gupta,5,M,m****a@rediffmail.com,****4141,526b528cd8bc12474118a2a6b6f53d207850c25cf49fc91d36cb8536094ece31,2021-07-14
B1558,P1741,AI007,2025-08-07 11:37:36.952,PENDING,db0b8fd08bcf3be49b9874bf04a614b9f53463de614a8d491bd03307c2fd62f0,27A,Lakshmi Wali,****6792,PAY1093,8770.08,UPI,Air India,MAA,DEL,2026-04-19 04:01:41.701,2026-04-19 06:01:42.000,120.00498333333331,MAA -> DEL,Anika,Ghosh,46,F,a****1@rediffmail.com,****1742,20ea4ef8265597a13e28f23d934c1c83b47d8075a9b6afee5b5f7780884bcc95,1979-12-27
B1558,P1741,AI007,2025-08-07 11:37:36.952,PENDING,db0b8fd08bcf3be49b9874bf04a614b9f53463de614a8d491bd03307c2fd62f0,27A,Lakshmi Wali,****6792,PAY1876,6827.65,UPI,Air India,MAA,DEL,2026-04-19 04:01:41.701,2026-04-19 06:01:42.000,120.00498333333331,MAA -> DEL,Anika,Ghosh,46,F,a****1@rediffmail.com,****1742,20ea4ef8265597a13e28f23d934c1c83b47d8075a9b6afee5b5f7780884bcc95,1979-12-27
B1559,P1130,UK202,2026-01-20 11:37:36.952,CONFIRMED,22bca92c99154a516795fdab44cb22bf4b3a9f7dd59fbe6876e57d625033f093,5F,Chaitaly Setty,****9332,PAY1379,3622.91,NETBANKING,Vistara,DEL,HYD,2026-04-19 01:11:41.703,2026-04-19 05:37:41.703,266.0,DEL -> HYD,Shaurya,Sharma,47,M,s****a@hotmail.com,****5716,f25cd93261c654619259d12223854f83222ebc860c07b1521e9309fd8a8d6aa4,1979-06-23
B1560,P1631,AI200,2026-03-07 11:37:36.952,CONFIRMED,a7354c849bc2dc639885847a4b0b550b94a281f42d7a71172dd63da132d00891,18C,Yashasvi Sani,****1527,,,,Air India,HYD,MAA,2026-04-19 02:05:41.703,2026-04-19 05:29:41.703,204.0,HYD -> MAA,Muhammad,Das,36,F,m****s@outlook.com,****8840,ee3444fd92d8faa09aa8aeb6cd7adcff1a213f776cd4cabddc8534003f044235,1990-04-23
B1561,P1442,UK172,2026-01-27 11:37:36.952,PENDING,e4c409c2bf97fed9b36ae59e0a669f14ae35f55db732be8e50af2929630d13ad,18C,Hardik Contractor,****8123,PAY1179,8371.27,CARD,Vistara,DEL,BOM,2026-04-19 02:20:41.703,2026-04-19 05:21:41.703,181.0,DEL -> BOM,Aadhya,Nair,78,M,a****r@yahoo.com,****8648,5150c7fee6b058ee816a4c69c09aa5987f69e0d88426978ab38abb8b94aba2f6,1948-02-02
B1561,P1442,UK172,2026-01-27 11:37:36.952,PENDING,e4c409c2bf97fed9b36ae59e0a669f14ae35f55db732be8e50af2929630d13ad,18C,Hardik Contractor,****8123,PAY1389,3136.04,UPI,Vistara,DEL,BOM,2026-04-19 02:20:41.703,2026-04-19 05:21:41.703,181.0,DEL -> BOM,Aadhya,Nair,78,M,a****r@yahoo.com,****8648,5150c7fee6b058ee816a4c69c09aa5987f69e0d88426978ab38abb8b94aba2f6,1948-02-02
B1562,P1837,6F214,2025-05-01 11:37:36.952,CONFIRMED,d3cddf774a5c01476a495a8c64f828df50c28c2c064e609e3f4de23daf54c2db,10B,Tanveer Sani,****0671,PAY1608,6572.09,UPI,IndiGo,BOM,CCU,2026-04-19 01:21:41.703,2026-04-19 05:20:41.703,239.0,BOM -> CCU,Ananya,Gupta,27,F,a****a@hotmail.com,****1535,00f3f20056109ce0bd5aa9a3f8e3f32ef8deb77401263009a3e50d40bf3add92,1998-10-16
B1563,P1758,UK037,2025-09-11 11:37:36.952,PENDING,47f8762b8a9e4b6eec1af51d98367dedaa157101453f29ebeea4e8e534cf6994,27B,Siya Kari,****2002,,,,Vistara,BLR,BOM,2026-04-19 01:10:41.701,2026-04-19 05:12:41.701,242.0,BLR -> BOM,Shaurya,Agarwal,51,M,s****3@rediffmail.com,****7238,6d66facbf38290e6b9b02be0c8c80395e50f9709632dbe5d80e55849480bd71a,1974-09-28
B1564,P1431,AI022,2025-08-14 11:37:36.952,PENDING,19bd6375ab34461576ad6e4f0545542738c3af022e4f73d2bedf0e812dc5e43a,17F,Odika Nori,****3793,PAY1138,3514.52,NETBANKING,Air India,BOM,MAA,2026-04-19 03:15:41.701,2026-04-19 05:10:41.701,115.0,BOM -> MAA,Ishaan,Patel,63,F,i****l@rediffmail.com,****7664,55c8b9105a7bdc0e9334baaae925ceeebb4ce4ffab4e0e4b4784b8b9c3487ee3,1963-06-13
B1565,P1703,AI243,2026-02-06 11:37:36.952,CANCELLED,05eab4037205fdbad8048c4ef6e4aa9ff935b0f66950dc4e2863b9b5a6406637,20D,Sudiksha Rastogi,****3185,PAY1117,3438.58,UPI,Air India,BLR,BOM,2026-04-19 02:50:41.704,2026-04-19 05:09:41.704,139.0,BLR -> BOM,Aditya,Joshi,5,M,a****i@yahoo.com,****1983,9ceb6ba7ad2b4ff2bf032f810a5b0c8670b99912f488befbf7d4dfb2b35def84,2020-12-23
B1565,P1703,AI243,2026-02-06 11:37:36.952,CANCELLED,05eab4037205fdbad8048c4ef6e4aa9ff935b0f66950dc4e2863b9b5a6406637,20D,Sudiksha Rastogi,****3185,PAY1671,3804.91,UPI,Air India,BLR,BOM,2026-04-19 02:50:41.704,2026-04-19 05:09:41.704,139.0,BLR -> BOM,Aditya,Joshi,5,M,a****i@yahoo.com,****1983,9ceb6ba7ad2b4ff2bf032f810a5b0c8670b99912f488befbf7d4dfb2b35def84,2020-12-23
B1566,P1496,SJ174,2025-10-08 11:37:36.952,CONFIRMED,929b517da2f662f3f1b9665859b93da7688edcba4bb2b6ab9271cc5c9e4045f8,29F,Ojasvi Chandran,****6762,PAY1801,11489.31,CARD,SpiceJet,CCU,DEL,2026-04-19 04:09:41.703,2026-04-19 05:04:41.703,55.0,CCU -> DEL,Shaurya,Verma,25,M,s****1@outlook.com,****4112,26adc687632e84f5ac82cdf4ce6c0078fecfd94d4fe74dfddebd9b9d8a52a1e6,2000-10-24
B1566,P1496,SJ174,2025-10-08 11:37:36.952,CONFIRMED,929b517da2f662f3f1b9665859b93da7688edcba4bb2b6ab9271cc5c9e4045f8,29F,Ojasvi Chandran,****6762,PAY1821,14905.16,CARD,SpiceJet,CCU,DEL,2026-04-19 04:09:41.703,2026-04-19 05:04:41.703,55.0,CCU -> DEL,Shaurya,Verma,25,M,s****1@outlook.com,****4112,26adc687632e84f5ac82cdf4ce6c0078fecfd94d4fe74dfddebd9b9d8a52a1e6,2000-10-24
B1567,P1402,SJ079,2025-11-13 11:37:36.952,PENDING,ce3f5b0279ed8a4d956477239562bf89acbd0323928164d70632f60ae3d201c8,9A,Dhriti Sane,****1070,PAY1356,10982.24,CARD,SpiceJet,HYD,DEL,2026-04-19 01:58:41.702,2026-04-19 05:02:41.702,184.0,HYD -> DEL,Riya,Khan,68,F,r****n@outlook.com,****5275,8c2fb15914e3466d48962190ab2e8886247ee27afb85e5be4f02b930d8306dad,1958-02-19
B1568,P1322,UK097,2025-12-21 11:37:36.952,CONFIRMED,d2d204a15dc3e2877c25f03ef870931a760f025e6876ac2781f66d8e9d226e41,21A,Dhriti Kumer,****2658,,,,Vistara,HYD,BOM,2026-04-19 00:49:41.702,2026-04-19 05:00:41.702,251.0,HYD -> BOM,Krishna,Iyer,17,M,k****1@yahoo.com,****6822,2f7d8db5e5ca9a042c3704f41d0d3deeefa1784508980b628c7bb9cffe4606ac,2009-05-16
B1569,P1209,AI013,2025-12-26 11:37:36.952,CANCELLED,aeafdcc07301c67a66fda887a166fa1ed496b3bdb12066c1d0dd0e670aaa49e5,14E,Kavya Dua,****3310,,,,Air India,HYD,BLR,2026-04-19 03:41:41.701,2026-04-19 04:58:41.701,77.0,HYD -> BLR,Arjun,Mishra,43,M,a****a@gmail.com,****8802,f52a825c878af0e10fdeb99062f959d501aced9de1453a54e73da0edb366f39c,1982-11-08
B1570,P1614,UK196,2025-11-21 11:37:36.952,CANCELLED,46cd253d0ddfc280cd5e312a8b3b580aca96642e0d34b36353d2eb9a81413292,25E,Urvi Bhavsar,****2605,PAY1116,11109.36,UPI,Vistara,BOM,HYD,2026-04-19 00:32:41.703,2026-04-19 04:49:41.703,257.0,BOM -> HYD,Aarav,Reddy,63,F,a****y@yahoo.com,****0679,c6f259a32d759e1e77ba7b53f513d30ec328e7a9bee3c7707cce94c0634c6b73,1963-09-12
B1570,P1614,UK196,2025-11-21 11:37:36.952,CANCELLED,46cd253d0ddfc280cd5e312a8b3b580aca96642e0d34b36353d2eb9a81413292,25E,Urvi Bhavsar,****2605,PAY1321,3945.41,UPI,Vistara,BOM,HYD,2026-04-19 00:32:41.703,2026-04-19 04:49:41.703,257.0,BOM -> HYD,Aarav,Reddy,63,F,a****y@yahoo.com,****0679,c6f259a32d759e1e77ba7b53f513d30ec328e7a9bee3c7707cce94c0634c6b73,1963-09-12
B1571,P1328,SJ213,2025-11-06 11:37:36.952,CONFIRMED,2c13d59651525445fcddba7bef8a8be50e3f77648e815c63b54236f994f5273a,2C,Gavin Chada,****7878,,,,SpiceJet,BOM,CCU,2026-04-19 01:19:41.703,2026-04-19 04:48:41.703,209.0,BOM -> CCU,Aditya,Das,23,M,a****1@gmail.com,****0775,84f6194635a30b9ec080bcef036e12a5219cd9085d82c0a795a2909292118ea6,2002-11-03
B1572,P1371,UK119,2025-05-26 11:37:36.952,CONFIRMED,8685742643f91937706de31345b336e557bac1bbabf00b66d3281d4a065ce810,5D,Girik Sankaran,****5075,PAY1403,13849.86,NETBANKING,Vistara,BOM,CCU,2026-04-19 00:21:41.702,2026-04-19 04:38:41.702,257.0,BOM -> CCU,Diya,Joshi,7,M,d****i@rediffmail.com,****6858,6b2dda39fb58fb95eaad08c8c545af5246392936fc7bb2438daa012200569f57,2018-11-05
B1573,P1459,AI043,2026-03-18 11:37:36.952,PENDING,d508364ae4a65b26ecc74b7260994ccbc50a7a933a78c3c767527168f4f568ee,19B,Gopal Pradhan,****3229,PAY1682,7629.97,NETBANKING,Air India,CCU,DEL,2026-04-19 00:28:41.701,2026-04-19 04:37:41.701,249.0,CCU -> DEL,Krishna,Joshi,19,F,k****1@yahoo.com,****1273,edfcf96f067b44510853a5f48d1a8807c228bcf50c2f66d67bc4652c1add3adb,2007-05-09
B1574,P1132,AI043,2025-04-29 11:37:36.952,CANCELLED,354fc8f9c9f50c0459aa3c75d27bb7445e888d4bb1726ffbbcddb977f8f2b2a4,18A,Kalpit Bhasin,****9310,PAY1435,13905.05,UPI,Air India,CCU,DEL,2026-04-19 00:28:41.701,2026-04-19 04:37:41.701,249.0,CCU -> DEL,Ishaan,Banerjee,2,F,i****1@hotmail.com,****5376,39b0ec6156454bfa4c2b2b5d41d1acf5bb696e065253544c24b145819a1d822e,2023-10-20
B1575,P1834,AI143,2025-06-16 11:37:36.952,CANCELLED,589aa892161cb27c820ff093570e9e3e67b879eb1a0a78e5f618fceb3a03537d,2B,Forum Das,****6952,PAY1551,12516.91,CARD,Air India,CCU,DEL,2026-04-19 03:58:41.702,2026-04-19 04:36:41.702,38.0,CCU -> DEL,Riya,Singh,55,M,r****h@rediffmail.com,****6903,1a9a7568761a639743588a7c34a082ba02f27b5a99d735212f653a2a1a793927,1970-09-28
B1576,P1650,SJ032,2025-10-20 11:37:36.952,PENDING,b63b8cf743f305554c62b27a7fd12e1f2823347d4fa6b0ec57a9f547130417ba,6F,Nirja Pandya,****0459,,,,SpiceJet,MAA,BOM,2026-04-19 02:11:41.701,2026-04-19 04:33:41.701,142.0,MAA -> BOM,Aadhya,Mehta,16,F,a****1@rediffmail.com,****0701,da3981b12c75f9f595d9ec275d6295a129eb5a4553fb9ecf70b36479611ea9f8,2010-06-12
B1577,P1120,6F050,2026-01-24 11:37:36.952,CONFIRMED,68073d18015288515b531cd94747508bcb82979a66387b1bc6b69def38bfc1b2,23A,Pallavi Behl,****7918,,,,IndiGo,DEL,BOM,2026-04-19 00:35:41.701,2026-04-19 04:32:41.701,237.0,DEL -> BOM,Aarav,Ghosh,32,M,a****h@hotmail.com,****6275,be48b689d49130a1ecd1121a870692c8f6ee8bf3817deedef01941759ade2ead,1993-12-12
B1578,P1605,AI134,2025-12-25 11:37:36.952,PENDING,6b971d54c209110c30956bc63618e702194d39c491f79340cc36756fedbb658a,6B,Bhavna Muni,****9506,PAY1084,1897.18,CARD,Air India,HYD,BOM,2026-04-19 00:28:41.702,2026-04-19 04:23:41.702,235.0,HYD -> BOM,Anika,Kulkarni,58,M,a****1@rediffmail.com,****2100,987ad4d5916e3d0ab1149fdcb91e636edd33bca1aea9ad813852961f284e35c5,1968-04-01
B1578,P1605,AI134,2025-12-25 11:37:36.952,PENDING,6b971d54c209110c30956bc63618e702194d39c491f79340cc36756fedbb658a,6B,Bhavna Muni,****9506,PAY1974,2200.51,UPI,Air India,HYD,BOM,2026-04-19 00:28:41.702,2026-04-19 04:23:41.702,235.0,HYD -> BOM,Anika,Kulkarni,58,M,a****1@rediffmail.com,****2100,987ad4d5916e3d0ab1149fdcb91e636edd33bca1aea9ad813852961f284e35c5,1968-04-01
B1579,P1451,6F182,2025-04-24 11:37:36.952,CONFIRMED,0e5d2cb7117cad6aa05deaf99d73e6489a83aa853f426b892b603c6bb6ae1967,28E,Indira Chawla,****9676,PAY1479,6611.83,CARD,IndiGo,BOM,CCU,2026-04-19 02:10:41.703,2026-04-19 04:18:41.703,128.0,BOM -> CCU,Arjun,Iyer,38,F,a****r@gmail.com,****6306,fce8dfdeaae5e30432097b12023393a581a0acba91700e60f2589c3107e659ac,1987-11-11
B1579,P1451,6F182,2025-04-24 11:37:36.952,CONFIRMED,0e5d2cb7117cad6aa05deaf99d73e6489a83aa853f426b892b603c6bb6ae1967,28E,Indira Chawla,****9676,PAY1509,2832.27,NETBANKING,IndiGo,BOM,CCU,2026-04-19 02:10:41.703,2026-04-19 04:18:41.703,128.0,BOM -> CCU,Arjun,Iyer,38,F,a****r@gmail.com,****6306,fce8dfdeaae5e30432097b12023393a581a0acba91700e60f2589c3107e659ac,1987-11-11
B1580,P1964,SJ086,2025-10-08 11:37:36.952,CONFIRMED,467cb9edc7f56b1e9650e98df33a3ae703f30fac072633f4533b7f01aae005c0,20D,Yashica Kala,****8537,PAY1780,10617.14,CARD,SpiceJet,CCU,DEL,2026-04-19 00:32:41.702,2026-04-19 04:17:41.702,225.0,CCU -> DEL,Shaurya,Verma,60,F,s****a@gmail.com,****2580,4fbe703f223bbe9e33c152b384b7f4440e13dd8ad84361e84cbe9faebe26edfb,1966-05-14
B1580,P1964,SJ086,2025-10-08 11:37:36.952,CONFIRMED,467cb9edc7f56b1e9650e98df33a3ae703f30fac072633f4533b7f01aae005c0,20D,Yashica Kala,****8537,PAY1848,11400.72,UPI,SpiceJet,CCU,DEL,2026-04-19 00:32:41.702,2026-04-19 04:17:41.702,225.0,CCU -> DEL,Shaurya,Verma,60,F,s****a@gmail.com,****2580,4fbe703f223bbe9e33c152b384b7f4440e13dd8ad84361e84cbe9faebe26edfb,1966-05-14
B1580,P1964,SJ086,2025-10-08 11:37:36.952,CONFIRMED,467cb9edc7f56b1e9650e98df33a3ae703f30fac072633f4533b7f01aae005c0,20D,Yashica Kala,****8537,PAY1936,4607.2,UPI,SpiceJet,CCU,DEL,2026-04-19 00:32:41.702,2026-04-19 04:17:41.702,225.0,CCU -> DEL,Shaurya,Verma,60,F,s****a@gmail.com,****2580,4fbe703f223bbe9e33c152b384b7f4440e13dd8ad84361e84cbe9faebe26edfb,1966-05-14
B1581,P1128,6F170,2025-08-06 11:37:36.952,CONFIRMED,8b38c8bc31f03a953051381a06cca4cd367789794989c90034b0b36e9aa8c336,3D,Mohammed Subramaniam,****9860,PAY1765,9514.99,NETBANKING,IndiGo,HYD,DEL,2026-04-19 02:44:41.703,2026-04-19 04:14:41.703,90.0,HYD -> DEL,Diya,Patel,35,M,d****l@yahoo.com,****0979,4b1074691f4654c9ae4fc791eddf561cef17bd5e83e348d07af068cf723e4ad5,1991-02-19
B1582,P1090,UK168,2025-04-24 11:37:36.952,PENDING,c828971554c2ca5652fe7f5489ee3a18957430ba20de3a192a36bdac455e956c,34B,Udarsh Chokshi,****9275,PAY1195,13552.0,UPI,Vistara,BLR,CCU,2026-04-19 03:20:41.703,2026-04-19 04:09:41.703,49.0,BLR -> CCU,Vivaan,Reddy,26,F,v****y@outlook.com,****1187,dcd54ed7c24bc383c2d134812f4ade19f871fe829ba1e36b5ca29a4cbf953d93,2000-02-05
B1583,P1603,SJ072,2026-02-22 11:37:36.952,PENDING,60c30884aafb820739c8b489a1ba7b80ba746358480dd6550957c45bb7856d0a,33D,Inaya Pillai,****0940,,,,SpiceJet,DEL,HYD,2026-04-19 01:18:41.701,2026-04-19 04:08:41.701,170.0,DEL -> HYD,Ananya,Gupta,45,M,a****a@yahoo.com,****2655,bcbc37cbc65445f47b47395f9f3039cead525d6f833c835678b8848105b49d7d,1981-03-02
B1584,P1574,UK075,2025-04-28 11:37:36.952,CANCELLED,8808199079ca16ac79a74160263a0cb2f5a2d082454aa4933068afb2fc095922,21C,Ishwar Mallick,****7633,PAY1127,13317.93,NETBANKING,Vistara,MAA,CCU,2026-04-18 23:15:41.702,2026-04-19 03:54:41.702,279.0,MAA -> CCU,Shaurya,Mehta,41,F,s****1@rediffmail.com,****0142,b9054eeee60d04457ce8a862213a61caa2403cd01130adee905267d6f8274e75,1984-10-03
B1584,P1574,UK075,2025-04-28 11:37:36.952,CANCELLED,8808199079ca16ac79a74160263a0cb2f5a2d082454aa4933068afb2fc095922,21C,Ishwar Mallick,****7633,PAY1923,13148.95,CARD,Vistara,MAA,CCU,2026-04-18 23:15:41.702,2026-04-19 03:54:41.702,279.0,MAA -> CCU,Shaurya,Mehta,41,F,s****1@rediffmail.com,****0142,b9054eeee60d04457ce8a862213a61caa2403cd01130adee905267d6f8274e75,1984-10-03
B1585,P1028,6F233,2026-01-08 11:37:36.952,CANCELLED,a594297ee416bbef8c48a7d52605e6b1896e8bb851a0048622ab676ee3663f03,1C,Upkaar Sanghvi,****9970,PAY1036,11603.63,NETBANKING,IndiGo,BLR,BOM,2026-04-18 23:56:41.704,2026-04-19 03:53:41.704,237.0,BLR -> BOM,Aadhya,Mishra,58,F,a****a@gmail.com,****8647,48e69be23928a6d3b9e4732c3b2b45e4a462c35b3d868c56dec0464f379fb546,1967-10-10
B1585,P1028,6F233,2026-01-08 11:37:36.952,CANCELLED,a594297ee416bbef8c48a7d52605e6b1896e8bb851a0048622ab676ee3663f03,1C,Upkaar Sanghvi,****9970,PAY1533,11914.07,UPI,IndiGo,BLR,BOM,2026-04-18 23:56:41.704,2026-04-19 03:53:41.704,237.0,BLR -> BOM,Aadhya,Mishra,58,F,a****a@gmail.com,****8647,48e69be23928a6d3b9e4732c3b2b45e4a462c35b3d868c56dec0464f379fb546,1967-10-10
B1586,P1721,SJ143,2025-11-13 11:37:36.952,CANCELLED,a691462429b9550d2a14e5b2c6abbda569dffeaab1ecea405e68a034d03e17b8,25B,Atharv Loke,****4180,,,,SpiceJet,DEL,BOM,2026-04-19 02:55:41.702,2026-04-19 03:52:41.702,57.0,DEL -> BOM,Kavya,Kulkarni,45,M,k****i@hotmail.com,****3185,9e3afc669bf1bda40c5e38cdbfc8c814174df4e4bd652799c9b15beed5be07cd,1981-08-16
B1587,P1523,SJ246,2025-06-28 11:37:36.952,PENDING,5259c492c7710ba1213be024f1e71e562db86c51bb3e82f1b840c416d093801f,34E,Ayush Gole,****4298,PAY1369,11740.35,NETBANKING,SpiceJet,BOM,DEL,2026-04-19 02:47:41.704,2026-04-19 03:47:42.000,60.00493333333333,BOM -> DEL,Krishna,Verma,89,F,k****a@gmail.com,****6560,e006983e32e81a942051dd5ee4c18c122b08eb4bfd714aa4b9a2e17efa91b222,1937-08-18
B1588,P1332,SJ247,2025-11-04 11:37:36.952,CONFIRMED,2a4803305cd02857bbd9cbc896ea36dd6576ed5dc3dc5ca34bae43487663cf1c,10B,Anjali More,****1813,PAY1107,12810.22,UPI,SpiceJet,DEL,BOM,2026-04-18 23:38:41.704,2026-04-19 03:43:41.704,245.0,DEL -> BOM,Kavya,Joshi,63,M,k****i@yahoo.com,****5093,bc83ac153f2072692643380cfef1955b15f28595c2162ba00dc374f09ac68050,1963-07-25
B1589,P1296,UK157,2025-08-31 11:37:36.952,PENDING,9a68f2fde5c292642af815fae1bf5237515c8efa9eeeca1589252999dcb09944,3D,Harinakshi Panchal,****8641,PAY1044,3501.28,CARD,Vistara,CCU,BOM,2026-04-19 02:41:41.703,2026-04-19 03:41:42.000,60.00495,CCU -> BOM,Aarav,Joshi,16,F,a****i@hotmail.com,****5221,c905c005ddb388338383d2938be1e3d6b60761df74f9bfd774f43e9c65242926,2009-10-07
B1589,P1296,UK157,2025-08-31 11:37:36.952,PENDING,9a68f2fde5c292642af815fae1bf5237515c8efa9eeeca1589252999dcb09944,3D,Harinakshi Panchal,****8641,PAY1197,11781.84,UPI,Vistara,CCU,BOM,2026-04-19 02:41:41.703,2026-04-19 03:41:42.000,60.00495,CCU -> BOM,Aarav,Joshi,16,F,a****i@hotmail.com,****5221,c905c005ddb388338383d2938be1e3d6b60761df74f9bfd774f43e9c65242926,2009-10-07
B1589,P1296,UK157,2025-08-31 11:37:36.952,PENDING,9a68f2fde5c292642af815fae1bf5237515c8efa9eeeca1589252999dcb09944,3D,Harinakshi Panchal,****8641,PAY1540,14149.64,UPI,Vistara,CCU,BOM,2026-04-19 02:41:41.703,2026-04-19 03:41:42.000,60.00495,CCU -> BOM,Aarav,Joshi,16,F,a****i@hotmail.com,****5221,c905c005ddb388338383d2938be1e3d6b60761df74f9bfd774f43e9c65242926,2009-10-07
B1590,P1129,UK069,2026-04-01 11:37:36.952,CONFIRMED,8665d4d18dca34d8e907b69724e21509aeb32d6b9f5443f6e937a296133ca88f,25B,Abeer Golla,****8124,PAY1569,1015.84,UPI,Vistara,CCU,DEL,2026-04-19 01:10:41.701,2026-04-19 03:23:41.701,133.0,CCU -> DEL,Vivaan,Joshi,65,F,v****i@hotmail.com,****5992,2a6c0b50dc5ae3233dcf036f84282da9251ada4259e8e73e592c0bd2fad97f66,1961-09-09
B1591,P1292,AI106,2025-11-20 11:37:36.952,CANCELLED,c4a96038b4f9e9072673f93977eef98634a3b631eb3ad8f6da7a2126cf6e6363,8A,Luke Rattan,****3665,PAY1194,5274.56,UPI,Air India,HYD,BLR,2026-04-19 02:07:41.702,2026-04-19 03:20:41.702,73.0,HYD -> BLR,Myra,Ghosh,20,M,m****h@hotmail.com,****1875,935067c06be3c712b8c1980c3a402b46e6b38bf8af7a1ebda952e9bacedc4841,2006-05-10
B1591,P1292,AI106,2025-11-20 11:37:36.952,CANCELLED,c4a96038b4f9e9072673f93977eef98634a3b631eb3ad8f6da7a2126cf6e6363,8A,Luke Rattan,****3665,PAY1693,11559.24,UPI,Air India,HYD,BLR,2026-04-19 02:07:41.702,2026-04-19 03:20:41.702,73.0,HYD -> BLR,Myra,Ghosh,20,M,m****h@hotmail.com,****1875,935067c06be3c712b8c1980c3a402b46e6b38bf8af7a1ebda952e9bacedc4841,2006-05-10
B1592,P1172,UK085,2025-11-17 11:37:36.952,CONFIRMED,bfb12fa9d66b7690439d44a2ccb431ce616adac8c05658ff3227eb04ec5bf62e,24F,Ekaraj Dhar,****0691,,,,Vistara,MAA,DEL,2026-04-19 02:15:41.702,2026-04-19 03:17:41.702,62.0,MAA -> DEL,Sara,Banerjee,1,F,s****e@yahoo.com,****3300,991f1ec8524775c7b62987098d7f2d858d42469ee93530086663bbf87e2fe7a0,2025-06-07
B1593,P1719,6F087,2025-09-24 11:37:36.952,PENDING,b6d47f8c80fa1004c544d744bdc3e1332f155cab682b02c88bcef88bb0b4779d,1A,Azaan Chand,****6311,,,,IndiGo,DEL,HYD,2026-04-18 23:24:41.702,2026-04-19 03:10:41.702,226.0,DEL -> HYD,Shaurya,Ghosh,1,F,s****h@yahoo.com,****6985,8cdfda521665061e62ca41d2ed92c62cb56bf4020200f9abac4a947b67daa9b0,2025-02-08
B1594,P1943,AI067,2025-06-01 11:37:36.952,CONFIRMED,aaea2ce38aa9005fdd29d85101918f87b2faf46637d0553d1aa9a5c6a8722d5a,25E,Tanveer Puri,****0775,PAY1592,1448.88,NETBANKING,Air India,HYD,DEL,2026-04-18 23:36:41.701,2026-04-19 03:09:41.701,213.0,HYD -> DEL,Shaurya,Naidu,23,M,s****u@gmail.com,****7550,eb6953203dadc424805d249efab56654e9bc9d8031a343493e7179295686d3c6,2003-06-20
B1595,P1023,6F226,2026-01-07 11:37:36.952,PENDING,171725b3e2f4f8a7b2f40c65ccd0302f4ae4e77948bf25d8698c989cc2888e3f,4E,Oni Setty,****5375,PAY1376,13806.53,UPI,IndiGo,DEL,BOM,2026-04-19 00:38:41.704,2026-04-19 02:55:41.704,137.0,DEL -> BOM,Aditya,Patel,75,F,a****l@hotmail.com,****9973,aae89439b255e5dfa3dee8b4efa96bbacaccda93cd681b6c29f6d392312c06e5,1950-10-24
B1595,P1023,6F226,2026-01-07 11:37:36.952,PENDING,171725b3e2f4f8a7b2f40c65ccd0302f4ae4e77948bf25d8698c989cc2888e3f,4E,Oni Setty,****5375,PAY1612,11063.32,UPI,IndiGo,DEL,BOM,2026-04-19 00:38:41.704,2026-04-19 02:55:41.704,137.0,DEL -> BOM,Aditya,Patel,75,F,a****l@hotmail.com,****9973,aae89439b255e5dfa3dee8b4efa96bbacaccda93cd681b6c29f6d392312c06e5,1950-10-24
B1596,P1098,SJ210,2025-12-20 11:37:36.952,CONFIRMED,34988969eee46e40feb29de238dc3b58d149a3671bbf308ab731266e412319c3,15E,Harita Dugar,****7815,PAY1108,3495.5,UPI,SpiceJet,HYD,CCU,2026-04-18 23:21:41.703,2026-04-19 02:54:41.703,213.0,HYD -> CCU,Reyansh,Chatterjee,89,F,r****e@yahoo.com,****5381,a24ec7a9f0c18dacc213a322232ef4fe8b5b297888bac17c7b1e3f784fc040c3,1937-03-06
B1596,P1098,SJ210,2025-12-20 11:37:36.952,CONFIRMED,34988969eee46e40feb29de238dc3b58d149a3671bbf308ab731266e412319c3,15E,Harita Dugar,****7815,PAY1302,14525.4,UPI,SpiceJet,HYD,CCU,2026-04-18 23:21:41.703,2026-04-19 02:54:41.703,213.0,HYD -> CCU,Reyansh,Chatterjee,89,F,r****e@yahoo.com,****5381,a24ec7a9f0c18dacc213a322232ef4fe8b5b297888bac17c7b1e3f784fc040c3,1937-03-06
B1597,P1405,6F269,2025-10-23 11:37:36.952,CONFIRMED,4a123b9d3137e4956275825f2c230b789b04f7fa1231444ac48cb53c53a884c3,33A,Kala Muni,****6201,PAY1461,11103.08,CARD,IndiGo,HYD,MAA,2026-04-19 01:30:41.702,2026-04-19 02:52:41.702,82.0,HYD -> MAA,Aditya,Reddy,55,M,a****y@rediffmail.com,****7200,4fc3d470c462de4a61fbc85e24cd92d70937109bea6a18fa80c51882cc5a6b8b,1971-02-07
B1597,P1405,6F269,2025-10-23 11:37:36.952,CONFIRMED,4a123b9d3137e4956275825f2c230b789b04f7fa1231444ac48cb53c53a884c3,33A,Kala Muni,****6201,PAY1482,8089.18,UPI,IndiGo,HYD,MAA,2026-04-19 01:30:41.702,2026-04-19 02:52:41.702,82.0,HYD -> MAA,Aditya,Reddy,55,M,a****y@rediffmail.com,****7200,4fc3d470c462de4a61fbc85e24cd92d70937109bea6a18fa80c51882cc5a6b8b,1971-02-07
B1598,P1355,UK013,2026-01-02 11:37:36.952,CONFIRMED,77969c3eddb831d9b5e2ea3f984ced1d8f948afb9cd9ac28029623ba66691c99,11B,Ekta Chad,****4577,PAY1366,1959.04,CARD,Vistara,BOM,MAA,2026-04-18 23:52:41.701,2026-04-19 02:52:41.701,180.0,BOM -> MAA,Ishaan,Iyer,42,F,i****r@rediffmail.com,****9364,a68db6562d56293843ca473c01acc3cab443873de0038d0972ba43da6dc25ea7,1983-12-17
B1598,P1355,UK013,2026-01-02 11:37:36.952,CONFIRMED,77969c3eddb831d9b5e2ea3f984ced1d8f948afb9cd9ac28029623ba66691c99,11B,Ekta Chad,****4577,PAY1684,14019.19,NETBANKING,Vistara,BOM,MAA,2026-04-18 23:52:41.701,2026-04-19 02:52:41.701,180.0,BOM -> MAA,Ishaan,Iyer,42,F,i****r@rediffmail.com,****9364,a68db6562d56293843ca473c01acc3cab443873de0038d0972ba43da6dc25ea7,1983-12-17
B1599,P1138,UK013,2025-09-30 11:37:36.952,PENDING,1229af52a1691e215ecbea86802e9f45e89e5b7ff0f88e234532a081e7913281,9E,Charles Dugal,****6733,,,,Vistara,BOM,MAA,2026-04-18 23:52:41.701,2026-04-19 02:52:41.701,180.0,BOM -> MAA,Saanvi,Mehta,79,M,s****a@outlook.com,****1555,bc86eced81b9edae3e76b160456b87db6b8ad1f9e554e76beacf4e12fe6e78dd,1947-02-22
B1600,P1502,UK143,2025-07-20 11:37:36.952,PENDING,8b020d637180a2659678c41c72898733e8f9cb748080b70f0a8cb4938738ae3f,2C,Nakul Bawa,****9966,PAY1411,12808.71,NETBANKING,Vistara,BLR,BOM,2026-04-19 01:34:41.703,2026-04-19 02:48:41.703,74.0,BLR -> BOM,Vivaan,Pillai,75,F,v****i@gmail.com,****6542,ce501c105a0af1bf1c884129629185b72a450ad77a9644144c87bf8d025ba873,1951-01-17
B1600,P1502,UK143,2025-07-20 11:37:36.952,PENDING,8b020d637180a2659678c41c72898733e8f9cb748080b70f0a8cb4938738ae3f,2C,Nakul Bawa,****9966,PAY1497,11274.54,CARD,Vistara,BLR,BOM,2026-04-19 01:34:41.703,2026-04-19 02:48:41.703,74.0,BLR -> BOM,Vivaan,Pillai,75,F,v****i@gmail.com,****6542,ce501c105a0af1bf1c884129629185b72a450ad77a9644144c87bf8d025ba873,1951-01-17
B1601,P1825,6F262,2025-09-07 11:37:36.952,PENDING,401daf4031e0aac358f5c337d8430e1985e508a023734ec5285ae1a5b2c63f65,28D,Finn Magar,****8100,,,,IndiGo,MAA,DEL,2026-04-19 01:44:41.702,2026-04-19 02:47:41.702,63.0,MAA -> DEL,Ishaan,Iyer,60,M,i****2@outlook.com,****6943,13d9f5e8e7271fe5a9abd5e8441b9e60d0ae020a6d16a0db50000064b9cdb5ec,1965-09-21
B1602,P1173,6F042,2025-07-07 11:37:36.952,PENDING,495450b9989e598c739c2f02a674028cc0678812711f4c1c70112c4877932d15,2A,Saanvi Samra,****9344,PAY1034,4028.21,NETBANKING,IndiGo,HYD,DEL,2026-04-18 22:35:41.701,2026-04-19 02:41:41.701,246.0,HYD -> DEL,Aadhya,Mehta,26,F,a****a@rediffmail.com,****9808,77182c117786e10620eb466431ac9d8e45aa7baed252ace2191d53a2e7d79c62,1999-10-06
B1603,P1028,SJ118,2025-12-06 11:37:36.952,CANCELLED,9be67efa903416f26cb42d1fc017ccc25989f3bb44149385260380dc32125449,17E,Vedika Sathe,****8468,,,,SpiceJet,DEL,BOM,2026-04-19 01:08:41.702,2026-04-19 02:33:41.702,85.0,DEL -> BOM,Aadhya,Mishra,58,F,a****a@gmail.com,****8647,48e69be23928a6d3b9e4732c3b2b45e4a462c35b3d868c56dec0464f379fb546,1967-10-10
B1604,P1930,SJ118,2025-11-17 11:37:36.952,CANCELLED,def234c0b75c5d1ecb108bb9a591eb372afa4b0850c3ad4ab3bf6a4e980b5a18,3C,Oeshi Mahajan,****9471,,,,SpiceJet,DEL,BOM,2026-04-19 01:08:41.702,2026-04-19 02:33:41.702,85.0,DEL -> BOM,Vivaan,Gupta,0,F,v****a@gmail.com,****5834,2b29803a16f27b1bed50b9f0d5599b3f0e51cab87a34f13953d52c1c637a1947,2025-11-03
B1605,P1495,SJ082,2025-10-03 11:37:36.952,CANCELLED,1bb2de95b853a6df990f2d2c13b0360989174d7afd048bb270d098f3a57fedc1,6C,Tanveer Vala,****8238,,,,SpiceJet,BOM,DEL,2026-04-19 01:54:41.702,2026-04-19 02:33:41.702,39.0,BOM -> DEL,Arjun,Nair,8,F,a****r@rediffmail.com,****6707,428c09f7e987554180c26389bd8dd7e305ef33aa9e373d822cd5c135a95903ee,2018-07-02
B1606,P1654,6F015,2025-07-18 11:37:36.952,CONFIRMED,35ffd069ac415985455607c754d59f4b89da1c838ec1b51f0d88dee5ebdc0767,23E,Ishaan Pai,****0192,PAY1327,6829.49,CARD,IndiGo,BOM,CCU,2026-04-18 23:39:41.701,2026-04-19 02:27:41.701,168.0,BOM -> CCU,Ishaan,Nair,28,M,i****r@gmail.com,****9345,4aaee51413946d98aa14cd2fd38412a47ab4ab55ba74df3af255ef12dde85e86,1998-03-09
B1606,P1654,6F015,2025-07-18 11:37:36.952,CONFIRMED,35ffd069ac415985455607c754d59f4b89da1c838ec1b51f0d88dee5ebdc0767,23E,Ishaan Pai,****0192,PAY1355,5934.1,UPI,IndiGo,BOM,CCU,2026-04-18 23:39:41.701,2026-04-19 02:27:41.701,168.0,BOM -> CCU,Ishaan,Nair,28,M,i****r@gmail.com,****9345,4aaee51413946d98aa14cd2fd38412a47ab4ab55ba74df3af255ef12dde85e86,1998-03-09
B1606,P1654,6F015,2025-07-18 11:37:36.952,CONFIRMED,35ffd069ac415985455607c754d59f4b89da1c838ec1b51f0d88dee5ebdc0767,23E,Ishaan Pai,****0192,PAY1856,8323.82,CARD,IndiGo,BOM,CCU,2026-04-18 23:39:41.701,2026-04-19 02:27:41.701,168.0,BOM -> CCU,Ishaan,Nair,28,M,i****r@gmail.com,****9345,4aaee51413946d98aa14cd2fd38412a47ab4ab55ba74df3af255ef12dde85e86,1998-03-09
B1608,P1350,SJ110,2025-06-28 11:37:36.952,CANCELLED,19cc3241f12ff2d8e0adc3c77125d7fcd74ab3bd530c4fed2352588bf608123c,10B,Bhanumati Sur,****6165,,,,SpiceJet,CCU,DEL,2026-04-19 01:47:41.702,2026-04-19 02:20:41.702,33.0,CCU -> DEL,Diya,Verma,26,M,d****a@rediffmail.com,****2443,8f6ad1a9a2f4841674e8c84d76353fd97f024d36dca85b8f5c870f84d647b921,1999-10-08
B1609,P1553,SJ042,2025-10-21 11:37:36.952,CANCELLED,5af0cd586be384f47f22b1029b6ca4ba29f537c07be6cef04e2e53c87624ee89,19D,Darika Bath,****5414,,,,SpiceJet,HYD,CCU,2026-04-18 22:38:41.701,2026-04-19 02:20:41.701,222.0,HYD -> CCU,Anika,Khan,57,M,a****n@outlook.com,****6101,2c0728cab2da27ea1279cb4708e6cc3f88ccdeb9d0656b594d9b5f3754427944,1969-04-11
B1610,P1298,6F145,2025-10-13 11:37:36.952,CONFIRMED,0d14865cc37b5496709db82f46fa8886391c80eda7f2308a71d3121ed4e14d20,27A,Thomas Rana,****3593,PAY1685,5809.44,NETBANKING,IndiGo,CCU,DEL,2026-04-19 01:02:41.703,2026-04-19 02:18:41.703,76.0,CCU -> DEL,Ananya,Kulkarni,47,M,a****i@hotmail.com,****2052,11099eff4388d9f25f5af24770c56eaba68a962448008dafe5f0198517f25e20,1978-09-27
B1611,P1719,UK029,2026-01-05 11:37:36.952,CANCELLED,bc83cd7d4f7b2e69a00ea3d6a6328ac81ee1499addce04e31f7135b4208d6c04,14C,Christopher Amble,****4892,PAY1260,10642.75,CARD,Vistara,DEL,BOM,2026-04-18 23:26:41.701,2026-04-19 02:15:41.701,169.0,DEL -> BOM,Shaurya,Ghosh,1,F,s****h@yahoo.com,****6985,8cdfda521665061e62ca41d2ed92c62cb56bf4020200f9abac4a947b67daa9b0,2025-02-08
B1611,P1719,UK029,2026-01-05 11:37:36.952,CANCELLED,bc83cd7d4f7b2e69a00ea3d6a6328ac81ee1499addce04e31f7135b4208d6c04,14C,Christopher Amble,****4892,PAY1520,11754.89,NETBANKING,Vistara,DEL,BOM,2026-04-18 23:26:41.701,2026-04-19 02:15:41.701,169.0,DEL -> BOM,Shaurya,Ghosh,1,F,s****h@yahoo.com,****6985,8cdfda521665061e62ca41d2ed92c62cb56bf4020200f9abac4a947b67daa9b0,2025-02-08
B1612,P1841,SJ200,2025-04-18 11:37:36.952,CANCELLED,362f1c4c29ca8172ad830b53c14a432d98a7888badbaabc38883d3e4993ef317,28C,Samarth Mitra,****3103,,,,SpiceJet,BOM,DEL,2026-04-18 23:24:41.703,2026-04-19 02:11:41.703,167.0,BOM -> DEL,Diya,Das,2,M,d****1@hotmail.com,****1584,c309f9ed5572063376863c2a87c7addd45a50311726f389cee8922efdc28375a,2024-04-19
B1613,P1944,SJ209,2026-01-29 11:37:36.952,CONFIRMED,36f3e7a69bc2d13790e8a894c66562871a911115668d3cb98ac88eacdeb61089,6A,Siddharth Devan,****0449,PAY1086,11718.47,UPI,SpiceJet,BLR,BOM,2026-04-18 22:22:41.703,2026-04-19 02:03:41.703,221.0,BLR -> BOM,Riya,Gupta,10,M,r****1@gmail.com,****7555,3c7f5f37ca520e3e259f19fa5cde9acb9a288d07ca110426cdb55bd3774dbdca,2016-09-06
B1613,P1944,SJ209,2026-01-29 11:37:36.952,CONFIRMED,36f3e7a69bc2d13790e8a894c66562871a911115668d3cb98ac88eacdeb61089,6A,Siddharth Devan,****0449,PAY1587,4590.83,NETBANKING,SpiceJet,BLR,BOM,2026-04-18 22:22:41.703,2026-04-19 02:03:41.703,221.0,BLR -> BOM,Riya,Gupta,10,M,r****1@gmail.com,****7555,3c7f5f37ca520e3e259f19fa5cde9acb9a288d07ca110426cdb55bd3774dbdca,2016-09-06
B1614,P1191,AI116,2025-05-11 11:37:36.952,PENDING,0ce6ea43c344e22757535d637930bcd151258570338b269cd62e9c619df19cec,30B,Aadhya Mann,****0528,PAY1178,2806.52,NETBANKING,Air India,CCU,BOM,2026-04-18 22:30:41.702,2026-04-19 01:57:41.702,207.0,CCU -> BOM,Aditya,Mishra,62,F,a****a@rediffmail.com,****1674,cb2161c76eebf6d29e80addb067357f43c3e419eaf65f351c0b8a8ffdc8c6097,1964-06-13
B1614,P1191,AI116,2025-05-11 11:37:36.952,PENDING,0ce6ea43c344e22757535d637930bcd151258570338b269cd62e9c619df19cec,30B,Aadhya Mann,****0528,PAY1788,6159.25,UPI,Air India,CCU,BOM,2026-04-18 22:30:41.702,2026-04-19 01:57:41.702,207.0,CCU -> BOM,Aditya,Mishra,62,F,a****a@rediffmail.com,****1674,cb2161c76eebf6d29e80addb067357f43c3e419eaf65f351c0b8a8ffdc8c6097,1964-06-13
B1615,P1671,6F117,2025-05-23 11:37:36.952,CANCELLED,1e8011c366fcb76760042a444e32c9f3ed0753ec855fad78672b049b4d8a168a,33B,Falak Dar,****8111,PAY1246,11017.88,UPI,IndiGo,CCU,DEL,2026-04-19 00:46:41.702,2026-04-19 01:51:41.702,65.0,CCU -> DEL,Aadhya,Verma,28,M,a****1@outlook.com,****4880,fd7002f24d5ef37ec74ada8bd61efa4c8917c0f60bc47030b65a009d6fd3392c,1997-11-19
B1615,P1671,6F117,2025-05-23 11:37:36.952,CANCELLED,1e8011c366fcb76760042a444e32c9f3ed0753ec855fad78672b049b4d8a168a,33B,Falak Dar,****8111,PAY1445,2652.76,CARD,IndiGo,CCU,DEL,2026-04-19 00:46:41.702,2026-04-19 01:51:41.702,65.0,CCU -> DEL,Aadhya,Verma,28,M,a****1@outlook.com,****4880,fd7002f24d5ef37ec74ada8bd61efa4c8917c0f60bc47030b65a009d6fd3392c,1997-11-19
B1616,P1063,SJ181,2025-12-23 11:37:36.952,PENDING,98281bd664be8df030f4a802f10ee4e2d73a3c7519a0dffb1538db7f2e14a405,17A,Abhimanyu Tank,****1327,,,,SpiceJet,BOM,BLR,2026-04-19 00:20:41.703,2026-04-19 01:49:41.703,89.0,BOM -> BLR,Shaurya,Mishra,36,F,s****a@gmail.com,****7084,740fe41b81b29f55298699870425911281b43608b6428fb1c7350f8b257b2157,1990-07-20
B1618,P1769,AI070,2026-01-19 11:37:36.952,CONFIRMED,a74fb0fb0ef754576acafd952f52601c6b8c4bdadb1ee91032b525c18961e42e,1B,Kai Rai,****9430,PAY1493,6904.57,NETBANKING,Air India,CCU,DEL,2026-04-19 00:05:41.702,2026-04-19 01:44:41.702,99.0,CCU -> DEL,Aditya,Ghosh,56,F,a****h@yahoo.com,****7000,98980555efb27dcf6f6ed31a33482e07adc2bf7f7b8dce501c2a556e410ec40f,1970-08-24
B1619,P1663,UK042,2026-02-05 11:37:36.952,PENDING,35f6b0b3061afb9ecd49547631aeab3ab63636d893f2b098cbdbb64f4df2293b,13A,Victor Tella,****2740,PAY1345,10938.67,NETBANKING,Vistara,MAA,BOM,2026-04-18 20:59:41.701,2026-04-19 01:38:41.701,279.0,MAA -> BOM,Saanvi,Das,63,F,s****1@rediffmail.com,****0077,49f2019004b0f4f4482a3c11be669785dd00c967e6605db0818c399383b0b734,1962-11-05
B1619,P1663,UK042,2026-02-05 11:37:36.952,PENDING,35f6b0b3061afb9ecd49547631aeab3ab63636d893f2b098cbdbb64f4df2293b,13A,Victor Tella,****2740,PAY1701,8605.08,UPI,Vistara,MAA,BOM,2026-04-18 20:59:41.701,2026-04-19 01:38:41.701,279.0,MAA -> BOM,Saanvi,Das,63,F,s****1@rediffmail.com,****0077,49f2019004b0f4f4482a3c11be669785dd00c967e6605db0818c399383b0b734,1962-11-05
B1619,P1663,UK042,2026-02-05 11:37:36.952,PENDING,35f6b0b3061afb9ecd49547631aeab3ab63636d893f2b098cbdbb64f4df2293b,13A,Victor Tella,****2740,PAY1802,14108.86,CARD,Vistara,MAA,BOM,2026-04-18 20:59:41.701,2026-04-19 01:38:41.701,279.0,MAA -> BOM,Saanvi,Das,63,F,s****1@rediffmail.com,****0077,49f2019004b0f4f4482a3c11be669785dd00c967e6605db0818c399383b0b734,1962-11-05
B1620,P1214,AI169,2026-02-24 11:37:36.952,PENDING,d565b8fae932abe0ab78f3d66e622c64933f9d11ed355e3b20c7046d61958874,1B,Irya Bora,****9727,PAY1332,5731.24,UPI,Air India,CCU,DEL,2026-04-18 21:21:41.703,2026-04-19 01:34:41.703,253.0,CCU -> DEL,Riya,Mishra,55,M,r****a@hotmail.com,****9130,ee111306362091df4d18155a7a2e6dfa74028b427a9363aa49a483df083692a0,1971-03-20
B1620,P1214,AI169,2026-02-24 11:37:36.952,PENDING,d565b8fae932abe0ab78f3d66e622c64933f9d11ed355e3b20c7046d61958874,1B,Irya Bora,****9727,PAY1561,13683.85,NETBANKING,Air India,CCU,DEL,2026-04-18 21:21:41.703,2026-04-19 01:34:41.703,253.0,CCU -> DEL,Riya,Mishra,55,M,r****a@hotmail.com,****9130,ee111306362091df4d18155a7a2e6dfa74028b427a9363aa49a483df083692a0,1971-03-20
B1620,P1214,AI169,2026-02-24 11:37:36.952,PENDING,d565b8fae932abe0ab78f3d66e622c64933f9d11ed355e3b20c7046d61958874,1B,Irya Bora,****9727,PAY1782,3518.55,UPI,Air India,CCU,DEL,2026-04-18 21:21:41.703,2026-04-19 01:34:41.703,253.0,CCU -> DEL,Riya,Mishra,55,M,r****a@hotmail.com,****9130,ee111306362091df4d18155a7a2e6dfa74028b427a9363aa49a483df083692a0,1971-03-20
B1620,P1214,AI169,2026-02-24 11:37:36.952,PENDING,d565b8fae932abe0ab78f3d66e622c64933f9d11ed355e3b20c7046d61958874,1B,Irya Bora,****9727,PAY1999,10875.33,UPI,Air India,CCU,DEL,2026-04-18 21:21:41.703,2026-04-19 01:34:41.703,253.0,CCU -> DEL,Riya,Mishra,55,M,r****a@hotmail.com,****9130,ee111306362091df4d18155a7a2e6dfa74028b427a9363aa49a483df083692a0,1971-03-20
B1621,P1833,6F021,2025-12-21 11:37:36.952,PENDING,5e348003290cc55802633c6b7c925a2f32abe5d0993eddbbb87f941fc446581a,27A,Mekhala Basak,****3445,PAY1181,3524.98,UPI,IndiGo,BLR,MAA,2026-04-18 21:23:41.701,2026-04-19 01:25:41.701,242.0,BLR -> MAA,Aadhya,Das,47,M,a****1@yahoo.com,****4854,b2b7bae6dd2de68a9b652ef080699b8b74aaaa4a30431d0fdc7f6f00e0656e51,1979-06-16
B1621,P1833,6F021,2025-12-21 11:37:36.952,PENDING,5e348003290cc55802633c6b7c925a2f32abe5d0993eddbbb87f941fc446581a,27A,Mekhala Basak,****3445,PAY1972,8280.27,UPI,IndiGo,BLR,MAA,2026-04-18 21:23:41.701,2026-04-19 01:25:41.701,242.0,BLR -> MAA,Aadhya,Das,47,M,a****1@yahoo.com,****4854,b2b7bae6dd2de68a9b652ef080699b8b74aaaa4a30431d0fdc7f6f00e0656e51,1979-06-16
B1622,P1165,SJ046,2025-06-23 11:37:36.952,PENDING,0b6e015de6f981476050ecaba97e69c3e347e11d93177ce8a6628a2458d03dcc,19F,Rajata Bahl,****2713,PAY1052,11617.72,UPI,SpiceJet,BOM,MAA,2026-04-18 22:01:41.701,2026-04-19 01:25:41.701,204.0,BOM -> MAA,Ira,Singh,44,M,i****h@rediffmail.com,****6118,db02db056bca53ee0d443a075352a4793e91c0a4de4fb93f5673939231a06b99,1982-07-22
B1622,P1165,SJ046,2025-06-23 11:37:36.952,PENDING,0b6e015de6f981476050ecaba97e69c3e347e11d93177ce8a6628a2458d03dcc,19F,Rajata Bahl,****2713,PAY1167,12378.6,CARD,SpiceJet,BOM,MAA,2026-04-18 22:01:41.701,2026-04-19 01:25:41.701,204.0,BOM -> MAA,Ira,Singh,44,M,i****h@rediffmail.com,****6118,db02db056bca53ee0d443a075352a4793e91c0a4de4fb93f5673939231a06b99,1982-07-22
B1622,P1165,SJ046,2025-06-23 11:37:36.952,PENDING,0b6e015de6f981476050ecaba97e69c3e347e11d93177ce8a6628a2458d03dcc,19F,Rajata Bahl,****2713,PAY1752,12642.38,UPI,SpiceJet,BOM,MAA,2026-04-18 22:01:41.701,2026-04-19 01:25:41.701,204.0,BOM -> MAA,Ira,Singh,44,M,i****h@rediffmail.com,****6118,db02db056bca53ee0d443a075352a4793e91c0a4de4fb93f5673939231a06b99,1982-07-22
B1623,P1542,AI211,2025-08-17 11:37:36.952,CANCELLED,b36653540e86085dd458cff345f5505a6aea923ea93910e069d467eca88d56d3,22B,Tripti Brahmbhatt,****0353,PAY1163,11011.07,NETBANKING,Air India,DEL,CCU,2026-04-18 23:34:41.703,2026-04-19 01:21:41.703,107.0,DEL -> CCU,Sai, Kulkarni,51,M,s****i@outlook.com,****7810,24d5dd388f717456e76bd1c517c1463506367c001c8d8ece052c0d62009fd5ce,1974-11-07
B1623,P1542,AI211,2025-08-17 11:37:36.952,CANCELLED,b36653540e86085dd458cff345f5505a6aea923ea93910e069d467eca88d56d3,22B,Tripti Brahmbhatt,****0353,PAY1791,10849.11,CARD,Air India,DEL,CCU,2026-04-18 23:34:41.703,2026-04-19 01:21:41.703,107.0,DEL -> CCU,Sai, Kulkarni,51,M,s****i@outlook.com,****7810,24d5dd388f717456e76bd1c517c1463506367c001c8d8ece052c0d62009fd5ce,1974-11-07
B1623,P1542,AI211,2025-08-17 11:37:36.952,CANCELLED,b36653540e86085dd458cff345f5505a6aea923ea93910e069d467eca88d56d3,22B,Tripti Brahmbhatt,****0353,PAY1967,2351.71,CARD,Air India,DEL,CCU,2026-04-18 23:34:41.703,2026-04-19 01:21:41.703,107.0,DEL -> CCU,Sai, Kulkarni,51,M,s****i@outlook.com,****7810,24d5dd388f717456e76bd1c517c1463506367c001c8d8ece052c0d62009fd5ce,1974-11-07
B1623,P1542,AI211,2025-08-17 11:37:36.952,CANCELLED,b36653540e86085dd458cff345f5505a6aea923ea93910e069d467eca88d56d3,22B,Tripti Brahmbhatt,****0353,PAY1991,12916.9,UPI,Air India,DEL,CCU,2026-04-18 23:34:41.703,2026-04-19 01:21:41.703,107.0,DEL -> CCU,Sai, Kulkarni,51,M,s****i@outlook.com,****7810,24d5dd388f717456e76bd1c517c1463506367c001c8d8ece052c0d62009fd5ce,1974-11-07
B1624,P1882,SJ091,2025-12-20 11:37:36.952,CANCELLED,4aa292eccc639cea3e43735013e104b18448ce780c3df929eef27c3bdf3875e6,34F,Dhriti Sanghvi,****5944,,,,SpiceJet,BLR,CCU,2026-04-18 23:10:41.702,2026-04-19 00:47:41.702,97.0,BLR -> CCU,Krishna,Ghosh,56,F,k****h@rediffmail.com,****9026,ba9a913596fb0f3dffd058bbb67d301dba9fffc84f288d719c9c54a3536f322e,1970-09-06
B1625,P1231,AI123,2026-04-05 11:37:36.952,PENDING,165b745f5ed02eebbd44517b434a5068bd6d56f343b0f79698c102c568103beb,7D,Nidhi Sahni,****8999,,,,Air India,MAA,BOM,2026-04-18 22:19:41.702,2026-04-19 00:45:41.702,146.0,MAA -> BOM,Riya,Das,58,M,r****s@gmail.com,****4736,e840f019f50bd3fa946af4691fb61550d878009c1d47a69df53e4b062cbc3f55,1967-11-01
B1626,P1793,6F053,2025-04-17 11:37:36.952,CANCELLED,bfb888771f3080fdde82ec55a46ca6e9c2aaf00343473cf379483198de2db70a,25C,Bimala Contractor,****3732,PAY1934,7859.04,NETBANKING,IndiGo,DEL,HYD,2026-04-18 20:26:41.701,2026-04-19 00:39:41.701,253.0,DEL -> HYD,Anika,Joshi,67,M,a****i@hotmail.com,****1740,da8e4cb5b871da6d14cf3cc833a5a334778fbbbceab70f692a791edb48a89c58,1959-02-07
B1627,P1540,UK012,2026-01-09 11:37:36.952,PENDING,77d9cefc7cced9b07aca5cce887b0a1791a5aa19689d25fd00aac9224683bfa3,27E,Nidhi Bail,****8394,PAY1251,11151.3,NETBANKING,Vistara,MAA,BOM,2026-04-18 22:16:41.701,2026-04-19 00:25:41.701,129.0,MAA -> BOM,Kavya,Khan,28,F,k****n@hotmail.com,****7029,f451c6bad83c1556e9b409cffd1f283f07bb19ca7237a81634eb4574650ee4a5,1998-03-26
B1627,P1540,UK012,2026-01-09 11:37:36.952,PENDING,77d9cefc7cced9b07aca5cce887b0a1791a5aa19689d25fd00aac9224683bfa3,27E,Nidhi Bail,****8394,PAY1755,12801.31,CARD,Vistara,MAA,BOM,2026-04-18 22:16:41.701,2026-04-19 00:25:41.701,129.0,MAA -> BOM,Kavya,Khan,28,F,k****n@hotmail.com,****7029,f451c6bad83c1556e9b409cffd1f283f07bb19ca7237a81634eb4574650ee4a5,1998-03-26
B1628,P1194,6F023,2025-11-25 11:37:36.952,PENDING,e660354dbd4dbdb97609351b6566aae0af518354a0cb04b34b0d75d4c8081626,33A,Ekta Garg,****1638,PAY1145,1971.53,CARD,IndiGo,MAA,BLR,2026-04-18 20:18:41.701,2026-04-19 00:14:41.701,236.0,MAA -> BLR,Ananya,Das,12,M,a****s@gmail.com,****5455,ab083d77f67667c1e543ff962681144efb255aa5417ffff7d7fc976edf964bc5,2014-08-28
B1629,P1505,AI250,2026-01-02 11:37:36.952,CONFIRMED,4142e92c8dd6278b20696b25930b548f1257a21d80355d86fccdb8c2518db85c,11A,Triveni Pathak,****5072,,,,Air India,BOM,CCU,2026-04-18 20:48:41.704,2026-04-19 00:12:41.704,204.0,BOM -> CCU,Myra,Mehta,89,F,m****a@yahoo.com,****9062,0f9dacfd5542a237c46171c41aac012f6dd02d680e940ef5a8a77f61fae7a03b,1937-03-25
B1630,P1333,AI238,2026-04-07 11:37:36.952,PENDING,fc03e909e8a5710c6eea82fb20d708794049f993c9a7f0138dee4ced49d44559,26F,Gaurang Sarkar,****2269,PAY1674,11475.88,NETBANKING,Air India,CCU,MAA,2026-04-18 19:25:41.704,2026-04-19 00:07:41.704,282.0,CCU -> MAA,Kavya,Sharma,85,M,k****a@hotmail.com,****6226,df7e4b7c23935738ac6ed57070b600e9343581db3657adafd4a827764964f622,1941-05-08
B1631,P1767,UK096,2026-02-17 11:37:36.952,CANCELLED,4adfeb15fe587f60bda9c9cb1fe445c8b18f49e81ca5c3d9fb3244a2b3ecbbc3,24F,Hitesh Kohli,****8353,PAY1087,7909.43,NETBANKING,Vistara,BLR,HYD,2026-04-18 22:11:41.702,2026-04-19 00:06:41.702,115.0,BLR -> HYD,Sai,Singh,3,M,s****h@rediffmail.com,****8074,2843e4eb6fd2399cc85ed601c18886041b93335ee29dd0b8d2ab27250a10c267,2022-11-14
B1631,P1767,UK096,2026-02-17 11:37:36.952,CANCELLED,4adfeb15fe587f60bda9c9cb1fe445c8b18f49e81ca5c3d9fb3244a2b3ecbbc3,24F,Hitesh Kohli,****8353,PAY1164,9604.98,UPI,Vistara,BLR,HYD,2026-04-18 22:11:41.702,2026-04-19 00:06:41.702,115.0,BLR -> HYD,Sai,Singh,3,M,s****h@rediffmail.com,****8074,2843e4eb6fd2399cc85ed601c18886041b93335ee29dd0b8d2ab27250a10c267,2022-11-14
B1632,P1792,UK126,2026-03-30 11:37:36.952,PENDING,5a2fd0bac26c9c553a7cf0e79d0dda235fb909aaf13ee975f958d7af28bf7605,1D,Rajata Rattan,****0781,PAY1781,11397.25,NETBANKING,Vistara,CCU,DEL,2026-04-18 22:37:41.702,2026-04-19 00:03:41.702,86.0,CCU -> DEL,Ishaan,Chatterjee,25,M,i****1@rediffmail.com,****0063,12b74c46ee8610f81f413e2f51c0895fdd72c7836c81ed1318db57b0bff15bc5,2001-06-04
B1633,P1303,SJ195,2025-08-30 11:37:36.952,CONFIRMED,b2d7cffcbe296ffe43b48c5a281559d1739bcc8024698888ada73e29bbc2de68,8E,Farhan Randhawa,****1769,,,,SpiceJet,BOM,CCU,2026-04-18 20:41:41.703,2026-04-18 23:54:41.703,193.0,BOM -> CCU,Ira,Nair,30,F,i****r@rediffmail.com,****6631,b20c25eaf3d530a2df098de43deaf0b57556f2adf10454837331de6f68b7e35a,1996-01-17
B1634,P1832,SJ171,2025-12-25 11:37:36.952,CANCELLED,2a5178901251bcd2883d370bc10b7e38b1934a0d3905ac55254d75285f032b45,1C,Dayita Nori,****5198,,,,SpiceJet,DEL,HYD,2026-04-18 20:52:41.703,2026-04-18 23:52:41.703,180.0,DEL -> HYD,Kavya,Banerjee,79,F,k****e@hotmail.com,****7289,077bf2fddfdf7a42e0153010946c147f02ca5aa27db5894954b44b4ed837eddf,1947-09-16
B1636,P1322,SJ192,2025-05-27 11:37:36.952,CONFIRMED,4c07947ec29f9f8eb077fd497bfd2d722ec2e62ab6774deaa7b8d25247f195f0,22B,Om Bose,****4980,PAY1874,14700.1,NETBANKING,SpiceJet,HYD,BOM,2026-04-19 18:45:42.000,2026-04-19 23:45:42.000,300.0,HYD -> BOM,Krishna,Iyer,17,M,k****1@yahoo.com,****6822,2f7d8db5e5ca9a042c3704f41d0d3deeefa1784508980b628c7bb9cffe4606ac,2009-05-16
B1637,P1501,6F035,2025-12-01 11:37:36.952,PENDING,9ef28d67266b2b8587e9e069b8d59e33c43eea740790da2bf017af169b8e86a5,27C,Yashvi Comar,****0528,PAY1373,11176.09,NETBANKING,IndiGo,CCU,HYD,2026-04-18 19:16:41.701,2026-04-18 23:40:41.701,264.0,CCU -> HYD,Sai,Joshi,58,M,s****i@hotmail.com,****1592,760e7487d55ff81f7f4172e593a63846dc0c7a3b5d6076c02affc734d7eef59d,1968-06-25
B1637,P1501,6F035,2025-12-01 11:37:36.952,PENDING,9ef28d67266b2b8587e9e069b8d59e33c43eea740790da2bf017af169b8e86a5,27C,Yashvi Comar,****0528,PAY1426,6828.89,NETBANKING,IndiGo,CCU,HYD,2026-04-18 19:16:41.701,2026-04-18 23:40:41.701,264.0,CCU -> HYD,Sai,Joshi,58,M,s****i@hotmail.com,****1592,760e7487d55ff81f7f4172e593a63846dc0c7a3b5d6076c02affc734d7eef59d,1968-06-25
B1637,P1501,6F035,2025-12-01 11:37:36.952,PENDING,9ef28d67266b2b8587e9e069b8d59e33c43eea740790da2bf017af169b8e86a5,27C,Yashvi Comar,****0528,PAY1950,7465.68,CARD,IndiGo,CCU,HYD,2026-04-18 19:16:41.701,2026-04-18 23:40:41.701,264.0,CCU -> HYD,Sai,Joshi,58,M,s****i@hotmail.com,****1592,760e7487d55ff81f7f4172e593a63846dc0c7a3b5d6076c02affc734d7eef59d,1968-06-25
B1638,P1857,UK088,2026-02-23 11:37:36.952,CONFIRMED,3b1ba257ab17e50995fc934a9d9fe7cf1a43d14fc63619dab231293e2c0570b2,22C,Yashvi Hari,****4781,,,,Vistara,MAA,BLR,2026-04-18 19:16:41.702,2026-04-18 23:36:41.702,260.0,MAA -> BLR,Ira,Khan,57,M,i****n@gmail.com,****9890,ac38fc9d94c2f0ff21660652f58c064a9c24e23591583147fd1bab6d633bdd54,1969-08-09
B1639,P1913,6F009,2025-09-14 11:37:36.952,CONFIRMED,99a304cb3a4f0714213282c70900746dd74004f058691ab972deb7187fd28f4f,24E,Ikshita Panchal,****3873,PAY1397,5066.71,CARD,IndiGo,BLR,CCU,2026-04-18 20:21:41.701,2026-04-18 23:36:41.701,195.0,BLR -> CCU,Ananya,Nair,65,F,a****1@hotmail.com,****6118,987859ac4690e276d3c0315c251779bf60f9cc31040c55acec92b6d7de95d358,1960-10-14
B1639,P1913,6F009,2025-09-14 11:37:36.952,CONFIRMED,99a304cb3a4f0714213282c70900746dd74004f058691ab972deb7187fd28f4f,24E,Ikshita Panchal,****3873,PAY1744,1002.59,NETBANKING,IndiGo,BLR,CCU,2026-04-18 20:21:41.701,2026-04-18 23:36:41.701,195.0,BLR -> CCU,Ananya,Nair,65,F,a****1@hotmail.com,****6118,987859ac4690e276d3c0315c251779bf60f9cc31040c55acec92b6d7de95d358,1960-10-14
B1640,P1392,6F004,2026-01-28 11:37:36.952,CANCELLED,0dfa3d2dc8c7955279553fd9b434969d6ea71290b779f541137cdbd95539c0a8,30B,Manbir Keer,****4451,,,,IndiGo,BOM,CCU,2026-04-18 19:53:41.701,2026-04-18 23:33:41.701,220.0,BOM -> CCU,Riya,Iyer,51,M,r****r@outlook.com,****3507,a1fbf45e852d7acb7db506798c89ae3d144b6465529edd2ceb3acc5e92e0e053,1974-09-28
B1641,P1805,UK122,2026-03-27 11:37:36.952,PENDING,a5a177db9d351cbfa115988e10cc1ab9d4e3cc237371f779459d05acd1e79c96,28D,Harshil Dhingra,****9571,PAY1059,14953.42,NETBANKING,Vistara,HYD,CCU,2026-04-18 20:29:42.000,2026-04-18 23:29:42.000,180.0,HYD -> CCU,Kavya,Patel,60,F,k****l@yahoo.com,****5965,826e2d54eff561ba12b8a2911c4c7bb072fe14bc125fc6400b1b3c06774a989e,1965-12-07
B1642,P1598,AI251,2026-02-15 11:37:36.952,PENDING,8e5bb2f1f092aa3218c9dda46065b9191625d1d6ffea0b069ab14f9d9e76cf38,4E,Aahana Hora,****6644,PAY1969,6919.99,NETBANKING,Air India,MAA,DEL,2026-04-18 22:40:41.704,2026-04-18 23:24:41.704,44.0,MAA -> DEL,Aadhya,Gupta,39,M,a****a@yahoo.com,****2797,d469f9896d79e3506d4cf4318234d99ac8cf0015579e26ce39fb665b6b055af1,1987-06-05
B1643,P1148,AI027,2026-02-04 11:37:36.952,PENDING,21f4ba7013f69a4083864f0d557ab6a857ce19dbe63bcea75dedfcbe5240fdb8,14A,Oscar Dua,****3774,,,,Air India,BOM,MAA,2026-04-18 19:41:41.701,2026-04-18 23:23:41.701,222.0,BOM -> MAA,Muhammad,Chatterjee,43,M,m****e@hotmail.com,****5907,fdb3749bbaedd9aa9f5fb94dccbfc933153514a356f9024ffcc3fea7a06bf4d5,1983-01-19
B1644,P1760,SJ165,2025-10-20 11:37:36.952,PENDING,7f89177d2919ec57ebb0ce955bee9a7ebd010dab10f3dfbc9d05d11bda65cb95,20E,Faqid Goel,****5792,PAY1483,10406.49,CARD,SpiceJet,CCU,BOM,2026-04-18 20:08:41.703,2026-04-18 23:18:41.703,190.0,CCU -> BOM,Sai,Agarwal,88,M,s****l@outlook.com,****3255,4996c1d46d0362843b93db68b44ce05796bcb3c905f42fed27ec2e8cca8b1fb5,1938-03-04
B1645,P1832,UK081,2025-08-16 11:37:36.952,CONFIRMED,0bd50d55d21c694559257336b2f109adcb559c4e48c99ef5d56abd6d3ed7e08b,17D,Wakeeta Shetty,****7529,PAY1423,2308.55,NETBANKING,Vistara,BLR,DEL,2026-04-18 22:00:41.702,2026-04-18 23:00:41.702,60.0,BLR -> DEL,Kavya,Banerjee,79,F,k****e@hotmail.com,****7289,077bf2fddfdf7a42e0153010946c147f02ca5aa27db5894954b44b4ed837eddf,1947-09-16
B1646,P1404,UK191,2025-09-27 11:37:36.952,CANCELLED,dcb3450557115d32760688a0eddf65b4d433b3182cb7c82ee4a4059d0926c414,28C,Saumya Naidu,****4076,PAY1524,12645.54,CARD,Vistara,MAA,BLR,2026-04-18 21:51:41.703,2026-04-18 22:57:41.703,66.0,MAA -> BLR,Muhammad,Kulkarni,47,M,m****i@rediffmail.com,****9585,6f8b3571d9c06c511b692974aac37a40556d77f1cead394948627ae8331892f3,1979-04-16
B1646,P1404,UK191,2025-09-27 11:37:36.952,CANCELLED,dcb3450557115d32760688a0eddf65b4d433b3182cb7c82ee4a4059d0926c414,28C,Saumya Naidu,****4076,PAY1903,10009.34,UPI,Vistara,MAA,BLR,2026-04-18 21:51:41.703,2026-04-18 22:57:41.703,66.0,MAA -> BLR,Muhammad,Kulkarni,47,M,m****i@rediffmail.com,****9585,6f8b3571d9c06c511b692974aac37a40556d77f1cead394948627ae8331892f3,1979-04-16
B1647,P1282,SJ188,2025-11-06 11:37:36.952,PENDING,2a3d133a580f0244d5055aeb03d5861b48c0db66700c2255a4f87a4cb369f087,14F,Diya Dora,****0840,PAY1384,7863.11,NETBANKING,SpiceJet,BLR,BOM,2026-04-18 22:15:41.703,2026-04-18 22:55:41.703,40.0,BLR -> BOM,Kavya,Chatterjee,35,M,k****e@outlook.com,****1043,399e06c653080734a5eb9114c368a57b855e636da17388e1d657a2c6f32bc1f1,1991-09-09
B1647,P1282,SJ188,2025-11-06 11:37:36.952,PENDING,2a3d133a580f0244d5055aeb03d5861b48c0db66700c2255a4f87a4cb369f087,14F,Diya Dora,****0840,PAY1800,9457.52,CARD,SpiceJet,BLR,BOM,2026-04-18 22:15:41.703,2026-04-18 22:55:41.703,40.0,BLR -> BOM,Kavya,Chatterjee,35,M,k****e@outlook.com,****1043,399e06c653080734a5eb9114c368a57b855e636da17388e1d657a2c6f32bc1f1,1991-09-09
B1648,P1361,6F016,2025-08-09 11:37:36.952,CONFIRMED,4ccbef63e0bdf9971c5a0271cf1e1c51066678819b1184857fd3d837f00b2aa7,33D,Ria Bir,****8368,PAY1931,3484.04,CARD,IndiGo,HYD,BOM,2026-04-18 22:18:41.701,2026-04-18 22:54:41.701,36.0,HYD -> BOM,Anika,Patel,25,F,a****l@yahoo.com,****0705,cba3ac50d1608f4bfb2829e4640a091047698d6230396264f45afc1c3e89afa8,2001-03-06
B1649,P1378,6F064,2026-04-05 11:37:36.952,PENDING,ec7e3cc1e6cc47310a6c5b8045529e83c9e37d3d0e5a208f8aedd7efc36c3eba,4F,Upasna Sathe,****3414,PAY1605,14719.81,UPI,IndiGo,CCU,DEL,2026-04-18 21:45:41.701,2026-04-18 22:50:41.701,65.0,CCU -> DEL,Aditya,Iyer,32,M,a****1@rediffmail.com,****5347,7e1585e832adf6af15d8c04714888ae9e6f9b4788885e357e6966be024eff246,1994-02-13
B1649,P1378,6F064,2026-04-05 11:37:36.952,PENDING,ec7e3cc1e6cc47310a6c5b8045529e83c9e37d3d0e5a208f8aedd7efc36c3eba,4F,Upasna Sathe,****3414,PAY1831,13388.24,UPI,IndiGo,CCU,DEL,2026-04-18 21:45:41.701,2026-04-18 22:50:41.701,65.0,CCU -> DEL,Aditya,Iyer,32,M,a****1@rediffmail.com,****5347,7e1585e832adf6af15d8c04714888ae9e6f9b4788885e357e6966be024eff246,1994-02-13
B1650,P1197,SJ105,2026-04-03 11:37:36.952,PENDING,d3fb11aa8268cf78159b56a1922d5bc35b93b2f1da7422853f8ba1a95a1cd4bd,10D,Chavvi Maharaj,****1933,,,,SpiceJet,BOM,HYD,2026-04-18 19:22:41.702,2026-04-18 22:48:41.702,206.0,BOM -> HYD,Krishna,Nair,3,M,k****r@gmail.com,****3129,f04a3fb41be8089bb6a145f2f263fe8ba5c91a32dce223388d126e0676d646e3,2023-06-07
B1651,P1555,SJ054,2025-09-09 11:37:36.952,CANCELLED,a7c92440f67553788ac51a3006d3f594190690c8c4e318ef94f2fce31af98b4d,21B,Daksh Pandey,****8199,PAY1954,6941.55,NETBANKING,SpiceJet,MAA,BLR,2026-04-18 18:13:41.701,2026-04-18 22:46:41.701,273.0,MAA -> BLR,Saanvi,Joshi,52,M,s****i@hotmail.com,****0427,8c452534677b37740e0cc9d8400f5def84b88adb8f55241dc46279a17b8a1249,1973-12-27
B1652,P1355,6F197,2025-12-19 11:37:36.952,PENDING,cdd97d2f70f6382d57ae8705afa5a49f53bf2dc246c0b8d0ce00cda359a9dd5e,23C,Yashica Borah,****0269,PAY1252,2694.0,NETBANKING,IndiGo,BOM,BLR,2026-04-18 17:59:41.703,2026-04-18 22:44:41.703,285.0,BOM -> BLR,Ishaan,Iyer,42,F,i****r@rediffmail.com,****9364,a68db6562d56293843ca473c01acc3cab443873de0038d0972ba43da6dc25ea7,1983-12-17
B1652,P1355,6F197,2025-12-19 11:37:36.952,PENDING,cdd97d2f70f6382d57ae8705afa5a49f53bf2dc246c0b8d0ce00cda359a9dd5e,23C,Yashica Borah,****0269,PAY1329,12576.65,UPI,IndiGo,BOM,BLR,2026-04-18 17:59:41.703,2026-04-18 22:44:41.703,285.0,BOM -> BLR,Ishaan,Iyer,42,F,i****r@rediffmail.com,****9364,a68db6562d56293843ca473c01acc3cab443873de0038d0972ba43da6dc25ea7,1983-12-17
B1652,P1355,6F197,2025-12-19 11:37:36.952,PENDING,cdd97d2f70f6382d57ae8705afa5a49f53bf2dc246c0b8d0ce00cda359a9dd5e,23C,Yashica Borah,****0269,PAY1372,4145.25,CARD,IndiGo,BOM,BLR,2026-04-18 17:59:41.703,2026-04-18 22:44:41.703,285.0,BOM -> BLR,Ishaan,Iyer,42,F,i****r@rediffmail.com,****9364,a68db6562d56293843ca473c01acc3cab443873de0038d0972ba43da6dc25ea7,1983-12-17
B1652,P1355,6F197,2025-12-19 11:37:36.952,PENDING,cdd97d2f70f6382d57ae8705afa5a49f53bf2dc246c0b8d0ce00cda359a9dd5e,23C,Yashica Borah,****0269,PAY1724,2104.63,NETBANKING,IndiGo,BOM,BLR,2026-04-18 17:59:41.703,2026-04-18 22:44:41.703,285.0,BOM -> BLR,Ishaan,Iyer,42,F,i****r@rediffmail.com,****9364,a68db6562d56293843ca473c01acc3cab443873de0038d0972ba43da6dc25ea7,1983-12-17
B1653,P1539,AI040,2026-03-26 11:37:36.952,CANCELLED,9eeee144b1866f99b0d2df76e443f52e0b981aa4c44047b59ba9b1011a57242e,31B,Dayita Shenoy,****4504,PAY1422,10350.94,NETBANKING,Air India,HYD,BLR,2026-04-18 21:01:41.701,2026-04-18 22:42:41.701,101.0,HYD -> BLR,Anika,Nair,71,M,a****r@rediffmail.com,****1568,89d4055d9b7906a2c84d41da80515f14f3419ff51e93a6c1db7787332f203a8f,1955-02-01
B1654,P1428,AI131,2025-08-14 11:37:36.952,PENDING,3dbbdc54cf78fa74627153f9f3c73db5a5f4dd5a26659be8d94c6c0f536f2034,31A,Siya Barad,****6787,PAY1675,12116.85,NETBANKING,Air India,MAA,BOM,2026-04-18 19:55:41.702,2026-04-18 22:35:41.702,160.0,MAA -> BOM,Ishaan,Mishra,16,M,i****a@outlook.com,****3237,8e03ab739474bc37b16d5f4f9c375a7f32b4ece483d0d12301a253e59fe352ec,2010-05-25
B1655,P1016,6F141,2025-10-09 11:37:36.952,PENDING,ec748ee3966e242dd071b616eb2b3950c4a0823a507fb366c1d452aae80738ee,7D,Dakshesh Pillay,****4650,,,,IndiGo,BOM,CCU,2026-04-18 20:26:41.702,2026-04-18 22:28:41.702,122.0,BOM -> CCU,Vivaan,Naidu,30,M,v****u@rediffmail.com,****0826,b740b55080e3f5e987b1e613f84e3f5e550281a34627b8e44b8ce5926d7a2e0c,1996-01-19
B1656,P1638,UK035,2025-05-12 11:37:36.952,CONFIRMED,41b998aba0b892c7848107ad75833c47cf0cf1efdabcfd7590b8913089a38a62,26E,Bhavini Bose,****9841,PAY1276,9174.46,NETBANKING,Vistara,HYD,BOM,2026-04-18 21:08:41.701,2026-04-18 22:24:41.701,76.0,HYD -> BOM,Krishna,Banerjee,13,F,k****e@outlook.com,****6139,4f44a15b4287ac9da1ddf936ebb13072fc484e23782407f5827ab2e99c0809e9,2012-11-21
B1657,P1378,AI005,2025-08-28 11:37:36.952,CONFIRMED,180ed27dc9100f4b46748fc0136ae279e50a681b9db2c0d4e0423188495b031b,12B,Gautam Tripathi,****9851,PAY1746,11326.44,UPI,Air India,DEL,CCU,2026-04-18 21:24:41.701,2026-04-18 22:11:41.701,47.0,DEL -> CCU,Aditya,Iyer,32,M,a****1@rediffmail.com,****5347,7e1585e832adf6af15d8c04714888ae9e6f9b4788885e357e6966be024eff246,1994-02-13
B1658,P1679,AI001,2025-06-22 11:37:36.952,CONFIRMED,c2c3095f7f47e91accb93424ab2f8d55635f6920ef2a8a20ee31dbf6af331d93,18D,Leena Shere,****5091,,,,Air India,DEL,HYD,2026-04-18 19:00:41.700,2026-04-18 22:03:41.700,183.0,DEL -> HYD,Sai,Pillai,25,F,s****1@yahoo.com,****4059,521eeb549a52c799716650c17817959db86f3de98e9f3bba8b755dc36da480ac,2001-03-11
B1659,P1505,UK211,2026-01-17 11:37:36.952,PENDING,57d6033ba5fe53db82a5838d6b9456095b179c9d3f7350feabc515c28acb4c15,6D,Benjamin Sengupta,****1131,,,,Vistara,MAA,CCU,2026-04-18 20:39:41.704,2026-04-18 22:02:41.704,83.0,MAA -> CCU,Myra,Mehta,89,F,m****a@yahoo.com,****9062,0f9dacfd5542a237c46171c41aac012f6dd02d680e940ef5a8a77f61fae7a03b,1937-03-25
B1660,P1755,SJ189,2026-04-04 11:37:36.952,CANCELLED,93771791c943605c56fd329f1c855f615facbd8e925cb36c21fcfaca8f9545e8,12D,Raghav Nagy,****4370,PAY1649,5033.75,CARD,SpiceJet,HYD,BLR,2026-04-18 17:05:41.703,2026-04-18 22:01:41.703,296.0,HYD -> BLR,Reyansh,Verma,79,M,r****a@hotmail.com,****3403,8290da15b41e936dcb68d8810da2a148319a4ad72886ae9c4f231a66cb92ed64,1947-06-05
B1661,P1898,UK006,2025-04-21 11:37:36.952,PENDING,4f34bb1dd5c1aac2dbf2cac678d864b1bd910390b2a09a763cf5957b1e16bc7b,18D,Vamakshi Thaker,****6864,PAY1103,14848.6,CARD,Vistara,MAA,CCU,2026-04-18 20:16:41.701,2026-04-18 21:55:41.701,99.0,MAA -> CCU,Shaurya,Singh,3,F,s****h@hotmail.com,****0386,7342b58cf92095fae7375605a34f3a03b1da3820620dea5738673c42ebf4c8cb,2023-02-16
B1661,P1898,UK006,2025-04-21 11:37:36.952,PENDING,4f34bb1dd5c1aac2dbf2cac678d864b1bd910390b2a09a763cf5957b1e16bc7b,18D,Vamakshi Thaker,****6864,PAY1641,6130.91,NETBANKING,Vistara,MAA,CCU,2026-04-18 20:16:41.701,2026-04-18 21:55:41.701,99.0,MAA -> CCU,Shaurya,Singh,3,F,s****h@hotmail.com,****0386,7342b58cf92095fae7375605a34f3a03b1da3820620dea5738673c42ebf4c8cb,2023-02-16
B1662,P1075,6F189,2025-10-13 11:37:36.952,CONFIRMED,6eab22ee2340440216b5b46852f6702c6251519f3338ab166da7dbe69c2bf9e0,17A,Matthew Bhatia,****8498,PAY1771,9168.1,NETBANKING,IndiGo,MAA,BLR,2026-04-18 20:08:41.703,2026-04-18 21:51:41.703,103.0,MAA -> BLR,Krishna,Khan,73,F,k****n@yahoo.com,****5235,a508d4d8d56be19caf7b1122fcc587aa3b364827e993a343a11791a829dab507,1952-12-14
B1663,P1230,AI133,2025-05-16 11:37:36.952,CANCELLED,180d2539362f06e6fcef368043fdadc847e0e419fd4ac9943463d294aafbff33,15B,Shravya Chauhan,****6291,PAY1029,8481.4,CARD,Air India,DEL,CCU,2026-04-18 19:12:41.702,2026-04-18 21:32:41.702,140.0,DEL -> CCU,Kavya,Mehta,19,F,k****a@gmail.com,****9054,57e24658ca4bd0db30868799b68b29e9e383ba2a92e9bcc1ca15fbd2b2b8df31,2006-12-27
B1663,P1230,AI133,2025-05-16 11:37:36.952,CANCELLED,180d2539362f06e6fcef368043fdadc847e0e419fd4ac9943463d294aafbff33,15B,Shravya Chauhan,****6291,PAY1030,12656.53,NETBANKING,Air India,DEL,CCU,2026-04-18 19:12:41.702,2026-04-18 21:32:41.702,140.0,DEL -> CCU,Kavya,Mehta,19,F,k****a@gmail.com,****9054,57e24658ca4bd0db30868799b68b29e9e383ba2a92e9bcc1ca15fbd2b2b8df31,2006-12-27
B1663,P1230,AI133,2025-05-16 11:37:36.952,CANCELLED,180d2539362f06e6fcef368043fdadc847e0e419fd4ac9943463d294aafbff33,15B,Shravya Chauhan,****6291,PAY1714,14337.32,UPI,Air India,DEL,CCU,2026-04-18 19:12:41.702,2026-04-18 21:32:41.702,140.0,DEL -> CCU,Kavya,Mehta,19,F,k****a@gmail.com,****9054,57e24658ca4bd0db30868799b68b29e9e383ba2a92e9bcc1ca15fbd2b2b8df31,2006-12-27
B1663,P1230,AI133,2025-05-16 11:37:36.952,CANCELLED,180d2539362f06e6fcef368043fdadc847e0e419fd4ac9943463d294aafbff33,15B,Shravya Chauhan,****6291,PAY1743,13004.79,NETBANKING,Air India,DEL,CCU,2026-04-18 19:12:41.702,2026-04-18 21:32:41.702,140.0,DEL -> CCU,Kavya,Mehta,19,F,k****a@gmail.com,****9054,57e24658ca4bd0db30868799b68b29e9e383ba2a92e9bcc1ca15fbd2b2b8df31,2006-12-27
B1663,P1230,AI133,2025-05-16 11:37:36.952,CANCELLED,180d2539362f06e6fcef368043fdadc847e0e419fd4ac9943463d294aafbff33,15B,Shravya Chauhan,****6291,PAY1750,5715.1,CARD,Air India,DEL,CCU,2026-04-18 19:12:41.702,2026-04-18 21:32:41.702,140.0,DEL -> CCU,Kavya,Mehta,19,F,k****a@gmail.com,****9054,57e24658ca4bd0db30868799b68b29e9e383ba2a92e9bcc1ca15fbd2b2b8df31,2006-12-27
B1663,P1230,AI133,2025-05-16 11:37:36.952,CANCELLED,180d2539362f06e6fcef368043fdadc847e0e419fd4ac9943463d294aafbff33,15B,Shravya Chauhan,****6291,PAY1775,12690.33,CARD,Air India,DEL,CCU,2026-04-18 19:12:41.702,2026-04-18 21:32:41.702,140.0,DEL -> CCU,Kavya,Mehta,19,F,k****a@gmail.com,****9054,57e24658ca4bd0db30868799b68b29e9e383ba2a92e9bcc1ca15fbd2b2b8df31,2006-12-27
B1664,P1715,SJ216,2025-11-08 11:37:36.952,CONFIRMED,48bc740d5cd7931c759fa7354a4e778dad19f4782826d09da2a8fea6fa562b06,25B,Hemal Chad,****3111,,,,SpiceJet,BOM,CCU,2026-04-18 18:35:41.703,2026-04-18 21:31:41.703,176.0,BOM -> CCU,Vivaan,Mishra,17,M,v****a@rediffmail.com,****0359,bc5a09ebf43fdf4fd365946c1131c814c0c3801ca33ba9a1a7b866d81772d3d4,2009-07-14
B1665,P1961,SJ133,2026-03-04 11:37:36.952,CANCELLED,23b39a585f3e43b6fa5ca3bda306679bd7fcdd013f3f1d5fe61ef3eaef2456a8,29D,Yamini Gera,****0703,PAY1927,13434.66,UPI,SpiceJet,BOM,CCU,2026-04-18 18:50:41.702,2026-04-18 21:29:41.702,159.0,BOM -> CCU,Muhammad,Iyer,49,M,m****r@hotmail.com,****2800,e41db1fa5da3c077157de8ced6592e7a2115c61709d703ef43a0811ef2e165ca,1977-09-13
B1666,P1247,UK082,2026-03-05 11:37:36.952,PENDING,98c0dcb3e2837662543ffcfc0b2c8091e52cf4c854db339f741d0cdfe57b17da,32C,Balveer Kota,****0106,PAY1952,4184.87,CARD,Vistara,DEL,BOM,2026-04-18 16:50:41.702,2026-04-18 21:21:41.702,271.0,DEL -> BOM,Arjun,Agarwal,50,F,a****l@gmail.com,****1361,40e98881e3d7dcfd0e79e40882d46b94e1f1bc2d78e8ff0fcc0de4d08f064109,1976-07-24
B1667,P1301,6F136,2026-02-16 11:37:36.952,CANCELLED,20e8c56e6c76ef8e908e9006f270974c367e303585d8bf61c25ff89701f36faf,32C,Raksha Sarna,****0625,,,,IndiGo,CCU,DEL,2026-04-18 20:24:41.702,2026-04-18 21:01:41.702,37.0,CCU -> DEL,Reyansh,Patel,85,F,r****l@outlook.com,****5137,fa41288b93846c7f5b2e8400658375d96dd4ff953e4095b1132adf94ed0a536b,1940-12-08
B1668,P1725,6F039,2025-04-30 11:37:36.952,PENDING,08542579bc6c9a81fa147f521c06c1e73a91b5cfaef4dc81dbc6d26f9978a8aa,3B,Nathan Patla,****9908,,,,IndiGo,MAA,CCU,2026-04-18 16:43:41.701,2026-04-18 21:01:41.701,258.0,MAA -> CCU,Aadhya,Singh,65,M,a****h@yahoo.com,****5386,4a36c07e00acece14208f37df3ba63a08538e6f8b3692ba571f3fb82661e632d,1961-03-23
B1669,P1214,AI011,2025-06-16 11:37:36.952,CONFIRMED,76c9be4589d3d2ea7af44bf648d90c2f4a3825119a1f343bbd5d06f3e541ffb2,3E,Kashish Mandal,****6069,,,,Air India,CCU,BOM,2026-04-18 16:58:41.701,2026-04-18 21:01:41.701,243.0,CCU -> BOM,Riya,Mishra,55,M,r****a@hotmail.com,****9130,ee111306362091df4d18155a7a2e6dfa74028b427a9363aa49a483df083692a0,1971-03-20
B1670,P1157,SJ225,2025-05-12 11:37:36.952,CANCELLED,cb964c0495c097ea1d8cf3f134a8fcebe47080f10ee6e65de7e5784cf32515a0,16C,Lila Rege,****1026,,,,SpiceJet,DEL,HYD,2026-04-18 18:16:41.704,2026-04-18 20:53:41.704,157.0,DEL -> HYD,Arjun,Agarwal,65,M,a****l@hotmail.com,****1733,ab4a89b331a399dd9951a9d315bc84bc8de76a402e64615c0097e0b17a62ef28,1960-10-13
B1671,P1068,SJ024,2025-07-08 11:37:36.952,CONFIRMED,e2af476ea74868e91cff727f20fa729cc658d10be935444c80e18c48e773b3da,22C,Hamsini Ben,****8950,,,,SpiceJet,DEL,MAA,2026-04-18 16:29:41.701,2026-04-18 20:21:41.701,232.0,DEL -> MAA,Sai,Banerjee,54,M,s****e@yahoo.com,****5500,860c54a3699c33c9c60e1cefcee6f9cd87768ce97cfa990bb00418a9dd390bd6,1972-02-05
B1672,P1392,AI109,2025-08-01 11:37:36.952,CANCELLED,650128205a4c56282bb499374f986a0a00147acd99d1752c8206128142604375,14E,Gaurika Bhatti,****1994,PAY1365,6895.9,CARD,Air India,BLR,BOM,2026-04-18 15:53:41.702,2026-04-18 20:14:41.702,261.0,BLR -> BOM,Riya,Iyer,51,M,r****r@outlook.com,****3507,a1fbf45e852d7acb7db506798c89ae3d144b6465529edd2ceb3acc5e92e0e053,1974-09-28
B1673,P1084,AI147,2025-06-12 11:37:36.952,PENDING,823745f06bee486452ed54941a0896edab25d433ac003559eaa00fee2dbe983e,28B,Forum Chandra,****2711,,,,Air India,HYD,CCU,2026-04-18 18:14:41.703,2026-04-18 20:10:41.703,116.0,HYD -> CCU,Aditya,Patel,40,F,a****1@hotmail.com,****5666,be39fda3d3e047b7aac7ed70200851fd2a659d3570287c9898d9cda7bd2ce05a,1986-03-25
B1674,P1266,UK057,2025-11-03 11:37:36.952,CANCELLED,dd3467605c235ed48e0e6dc9e96975bf446f633c432626d5068230bd0b7bf280,18C,Libni Mander,****5782,,,,Vistara,CCU,DEL,2026-04-18 15:25:41.701,2026-04-18 20:04:41.701,279.0,CCU -> DEL,Aditya,Kulkarni,20,F,a****i@yahoo.com,****8354,5213fa189a1fe86f423d29bcd61dead55545ec7c8de9c5284ef37cb7d90667fc,2006-06-10
B1675,P1068,6F111,2025-08-01 11:37:36.952,CANCELLED,a7cec80fbdbc1c3be346c196dcd5d1a4a98ec4b1b59e2d2f9de745a586d2c689,9A,Zayyan Doctor,****1692,,,,IndiGo,HYD,DEL,2026-04-18 17:09:41.702,2026-04-18 20:02:41.702,173.0,HYD -> DEL,Sai,Banerjee,54,M,s****e@yahoo.com,****5500,860c54a3699c33c9c60e1cefcee6f9cd87768ce97cfa990bb00418a9dd390bd6,1972-02-05
B1676,P1610,AI197,2026-04-14 11:37:36.952,PENDING,9111e950c2dccf9abc029c423d8bdcae94696130304dbce78af0b947bca9ba95,24C,Gauri Bumb,****1522,PAY1106,14683.17,UPI,Air India,BOM,CCU,2026-04-18 16:25:41.703,2026-04-18 20:00:41.703,215.0,BOM -> CCU,Diya,Singh,0,M,d****1@outlook.com,****2368,05ade7619c2c225f0ef33c81c385539ceafe3316bfc1bf4a1702cf01cba3a81f,2025-10-18
B1676,P1610,AI197,2026-04-14 11:37:36.952,PENDING,9111e950c2dccf9abc029c423d8bdcae94696130304dbce78af0b947bca9ba95,24C,Gauri Bumb,****1522,PAY1709,11869.65,CARD,Air India,BOM,CCU,2026-04-18 16:25:41.703,2026-04-18 20:00:41.703,215.0,BOM -> CCU,Diya,Singh,0,M,d****1@outlook.com,****2368,05ade7619c2c225f0ef33c81c385539ceafe3316bfc1bf4a1702cf01cba3a81f,2025-10-18
B1677,P1346,UK127,2026-01-31 11:37:36.952,PENDING,84a57e583b3fc3fc3c7008e4fcdf8bd053622942ab0ac54e9938c428a09f81b0,29C,Lohit Palla,****6384,PAY1504,4648.87,NETBANKING,Vistara,BOM,HYD,2026-04-18 15:56:41.702,2026-04-18 20:00:41.702,244.0,BOM -> HYD,Anika,Mishra,46,M,a****a@hotmail.com,****7668,200f97628efca3b80e07462e5816645938aa5d601696ac0533f1f487f859006b,1979-11-09
B1677,P1346,UK127,2026-01-31 11:37:36.952,PENDING,84a57e583b3fc3fc3c7008e4fcdf8bd053622942ab0ac54e9938c428a09f81b0,29C,Lohit Palla,****6384,PAY1620,14950.31,CARD,Vistara,BOM,HYD,2026-04-18 15:56:41.702,2026-04-18 20:00:41.702,244.0,BOM -> HYD,Anika,Mishra,46,M,a****a@hotmail.com,****7668,200f97628efca3b80e07462e5816645938aa5d601696ac0533f1f487f859006b,1979-11-09
B1678,P1961,6F240,2025-12-31 11:37:36.952,PENDING,51d9180b215f977557cfc1a9625313f0ff03a324b1bddc50af350c99c19b8a3c,24B,Dayita Ramanathan,****5813,PAY1809,3831.88,NETBANKING,IndiGo,DEL,HYD,2026-04-18 15:31:41.704,2026-04-18 19:56:41.704,265.0,DEL -> HYD,Muhammad,Iyer,49,M,m****r@hotmail.com,****2800,e41db1fa5da3c077157de8ced6592e7a2115c61709d703ef43a0811ef2e165ca,1977-09-13
B1679,P1727,6F257,2025-08-17 11:37:36.952,CANCELLED,9edfd73850d65cef58b94746eb8a0991a8b9e9523488aec06412be4712057b86,25A,Kai Chad,****8728,,,,IndiGo,MAA,CCU,2026-04-18 16:04:41.704,2026-04-18 19:55:41.704,231.0,MAA -> CCU,Aadhya,das,33,M,a****s@yahoo.com,****8884,5d67e75fb95ba879f3a7edf747b589159e350c8837d1a5e4c3a66562488dd7e9,1992-11-27
B1680,P1926,AI253,2026-03-19 11:37:36.952,PENDING,336e0a1cc660d92e1a8e081c15561d3cba85916d602ec7bc69f106e9dc1296c2,11F,Dayita Puri,****3589,,,,Air India,BLR,BOM,2026-04-18 16:13:41.704,2026-04-18 19:51:41.704,218.0,BLR -> BOM,Krishna,Iyer,84,M,k****r@outlook.com,****6858,b73cff3596c438b5e496e28e35772e7076313a494bb7c2c8fe688358540ddfd0,1942-01-23
B1681,P1672,SJ135,2026-04-02 11:37:36.952,CANCELLED,df283b8533f84ceaabfe530012193ad0a656096ece9b22ce72b6a2cd991c3bb0,15C,Falguni Datta,****5577,PAY1264,11541.74,UPI,SpiceJet,MAA,CCU,2026-04-18 16:03:41.702,2026-04-18 19:48:41.702,225.0,MAA -> CCU,Diya,Joshi,13,M,d****1@gmail.com,****4410,c00f75d4cdff6ebcbc9e045b478deff0de5a0dff2c3220bc0605e6e23e9adcc9,2013-06-27
B1681,P1672,SJ135,2026-04-02 11:37:36.952,CANCELLED,df283b8533f84ceaabfe530012193ad0a656096ece9b22ce72b6a2cd991c3bb0,15C,Falguni Datta,****5577,PAY1875,14516.19,NETBANKING,SpiceJet,MAA,CCU,2026-04-18 16:03:41.702,2026-04-18 19:48:41.702,225.0,MAA -> CCU,Diya,Joshi,13,M,d****1@gmail.com,****4410,c00f75d4cdff6ebcbc9e045b478deff0de5a0dff2c3220bc0605e6e23e9adcc9,2013-06-27
B1682,P1422,UK112,2025-07-10 11:37:36.952,CANCELLED,232d1c0d9502797c3d1ede1c44b2a2dc72a0414340cb99b83a1de649a470028c,20B,Girik Sampath,****0562,PAY1835,2916.86,CARD,Vistara,CCU,DEL,2026-04-18 17:05:41.702,2026-04-18 19:47:41.702,162.0,CCU -> DEL,Shaurya,Gupta,58,M,s****a@rediffmail.com,****7940,8674a0aff2d7f9560679330d968866922b92b114d280bb9392e00df743d4df18,1968-02-03
B1683,P1605,AI050,2025-08-07 11:37:36.952,CONFIRMED,9f61d041b615380030761ce903ce215e3948337f37bf514e79d6d6cb0372c2e7,9C,Yashoda Pathak,****4031,PAY1023,8188.97,UPI,Air India,BLR,BOM,2026-04-18 17:07:41.701,2026-04-18 19:42:41.701,155.0,BLR -> BOM,Anika,Kulkarni,58,M,a****1@rediffmail.com,****2100,987ad4d5916e3d0ab1149fdcb91e636edd33bca1aea9ad813852961f284e35c5,1968-04-01
B1683,P1605,AI050,2025-08-07 11:37:36.952,CONFIRMED,9f61d041b615380030761ce903ce215e3948337f37bf514e79d6d6cb0372c2e7,9C,Yashoda Pathak,****4031,PAY1542,11160.79,NETBANKING,Air India,BLR,BOM,2026-04-18 17:07:41.701,2026-04-18 19:42:41.701,155.0,BLR -> BOM,Anika,Kulkarni,58,M,a****1@rediffmail.com,****2100,987ad4d5916e3d0ab1149fdcb91e636edd33bca1aea9ad813852961f284e35c5,1968-04-01
B1684,P1173,UK060,2025-11-18 11:37:36.952,PENDING,7f3a90ad9d4d71b27cb739193d965999f40f3cdce051a5622bb6d665718a886d,8E,Andrew Patil,****4337,,,,Vistara,BLR,CCU,2026-04-18 16:09:41.701,2026-04-18 19:42:41.701,213.0,BLR -> CCU,Aadhya,Mehta,26,F,a****a@rediffmail.com,****9808,77182c117786e10620eb466431ac9d8e45aa7baed252ace2191d53a2e7d79c62,1999-10-06
B1685,P1676,SJ183,2025-05-15 11:37:36.952,CANCELLED,2df5d0e071d2793562836d03bcf44c796125f5318ec427b69238792996c08b49,25E,Dayamai Gole,****9394,PAY1128,5545.26,NETBANKING,SpiceJet,CCU,DEL,2026-04-18 17:44:41.703,2026-04-18 19:40:41.703,116.0,CCU -> DEL,Reyansh,Reddy,82,F,r****y@rediffmail.com,****4901,7654ca801744b8774e967b076227bd97b7e9f51c03a682fbfd820a62e91d95c9,1944-06-26
B1685,P1676,SJ183,2025-05-15 11:37:36.952,CANCELLED,2df5d0e071d2793562836d03bcf44c796125f5318ec427b69238792996c08b49,25E,Dayamai Gole,****9394,PAY1959,7155.18,NETBANKING,SpiceJet,CCU,DEL,2026-04-18 17:44:41.703,2026-04-18 19:40:41.703,116.0,CCU -> DEL,Reyansh,Reddy,82,F,r****y@rediffmail.com,****4901,7654ca801744b8774e967b076227bd97b7e9f51c03a682fbfd820a62e91d95c9,1944-06-26
B1686,P1114,UK138,2025-11-17 11:37:36.952,CONFIRMED,e2ccff8e291a3bcfa056bfbe58bf6e4aa87f6d08452d803f7f565b1b89bc6cc5,23E,Tanish Om,****5076,PAY1315,1293.05,CARD,Vistara,DEL,BLR,2026-04-18 16:47:41.703,2026-04-18 19:36:41.703,169.0,DEL -> BLR,Anika,Sharma,28,F,a****a@yahoo.com,****4337,834222f901b040f29025c6ec1b92b5334e153a846ce01b24a62febf731f30014,1998-09-03
B1687,P1219,SJ071,2025-10-12 11:37:36.952,PENDING,e7deaaae6ca16ac1f93988fea9988431c332be1baa360dbd8f4d9f80b1fc0851,22F,Vedika Handa,****8889,,,,SpiceJet,CCU,MAA,2026-04-18 17:43:41.701,2026-04-18 19:32:41.701,109.0,CCU -> MAA,Muhammad,Nair,23,M,m****r@rediffmail.com,****4142,dab744cea374810f3b3a2ffc2c90d37d4863f21dc0a0b9b97bca83ad6f094933,2002-11-10
B1688,P1955,AI057,2025-06-14 11:37:36.952,PENDING,a01873f30682f0db39d7f039f6adcb28e5dd0617b99153f54a544f0548901925,9D,Upkaar Devan,****6032,PAY1272,10945.95,NETBANKING,Air India,BOM,CCU,2026-04-18 15:53:41.701,2026-04-18 19:22:41.701,209.0,BOM -> CCU,Aarav,Das,9,F,a****s@rediffmail.com,****2059,d92dd9d615fc9742cc550501b380a12677c0e5bcfe3a05e41a9c928f3b07bc84,2017-07-27
B1689,P1030,SJ151,2025-07-10 11:37:36.952,CANCELLED,30a69f52e614decfac070ad7a6250050a5763c157081c23f39e86a05ae1a72f7,20B,Mohammed Brahmbhatt,****9943,PAY1485,8030.27,CARD,SpiceJet,BOM,CCU,2026-04-18 17:44:41.702,2026-04-18 19:16:41.702,92.0,BOM -> CCU,Aditya,Kulkarni,59,F,a****i@gmail.com,****2378,68c1f6cd2204ee3a45e5f076d30fa697484a95079336d01918ddaad95090db93,1966-10-28
B1690,P1522,SJ144,2025-06-28 11:37:36.952,PENDING,84cbd470a56bad5a23b8c226dd6f9a00df74f4287916f711c2bffed2b650ae63,12C,Chakrika Chaudhuri,****5739,PAY1550,7675.73,UPI,SpiceJet,BLR,BOM,2026-04-18 15:35:41.702,2026-04-18 19:12:41.702,217.0,BLR -> BOM,Reyansh,Singh,23,F,r****h@yahoo.com,****7964,0530f34fd214b75e7de72bd1574536b47ad8f32c8372c2ae4b0625b9ec210106,2003-07-27
B1691,P1342,SJ087,2026-01-23 11:37:36.952,PENDING,5ab2047d375d8b9bd18c3db304eccdcaaddfcbe3c5982fddd2669289d85f42f1,12E,Yashica Zacharia,****8246,PAY1946,10442.06,UPI,SpiceJet,BOM,DEL,2026-04-18 14:20:41.702,2026-04-18 19:09:41.702,289.0,BOM -> DEL,Reyansh,Nair,67,M,r****1@gmail.com,****9729,f682997c8ad28d7eaf07c167eb41f940805a7e17f95ff4ce0f1b4dae56c76d7a,1959-06-07
B1692,P1376,SJ066,2026-04-02 11:37:36.952,CONFIRMED,fde81946c722e21662728779b862ab437142c013c45647383edd1e28fad7d7ac,18A,Baljiwan Nayar,****4649,,,,SpiceJet,HYD,CCU,2026-04-18 17:47:41.701,2026-04-18 19:03:41.701,76.0,HYD -> CCU,Krishna,Iyer,15,F,k****r@rediffmail.com,****1801,d4478d293cdc57a599c3f69da1e73b790121d00a904289756c88e46045caf638,2011-03-03
B1693,P1129,AI247,2026-01-02 11:37:36.952,CONFIRMED,fd88a5243fc93e55c4a8be787902372d6ddf0355795afaa4770d62b1d2f8cb5f,11F,Karan Puri,****9241,,,,Air India,BOM,CCU,2026-04-18 15:58:41.704,2026-04-18 19:02:41.704,184.0,BOM -> CCU,Vivaan,Joshi,65,F,v****i@hotmail.com,****5992,2a6c0b50dc5ae3233dcf036f84282da9251ada4259e8e73e592c0bd2fad97f66,1961-09-09
B1694,P1999,SJ102,2026-04-01 11:37:36.952,PENDING,d1786521094812672de71e02e08a42b51125f064840ece118724361641b3ad14,24D,Mitesh Gaba,****2013,PAY1668,3525.42,CARD,SpiceJet,MAA,CCU,2026-04-18 17:26:41.702,2026-04-18 18:58:41.702,92.0,MAA -> CCU,Ananya,Pillai,13,F,a****2@yahoo.com,****9290,fcc1c9874b9f34835fc3aa169eccfd1953f43c8f3fa3646cb5f1fa746c95c8de,2012-12-15
B1694,P1999,SJ102,2026-04-01 11:37:36.952,PENDING,d1786521094812672de71e02e08a42b51125f064840ece118724361641b3ad14,24D,Mitesh Gaba,****2013,PAY1837,3628.19,CARD,SpiceJet,MAA,CCU,2026-04-18 17:26:41.702,2026-04-18 18:58:41.702,92.0,MAA -> CCU,Ananya,Pillai,13,F,a****2@yahoo.com,****9290,fcc1c9874b9f34835fc3aa169eccfd1953f43c8f3fa3646cb5f1fa746c95c8de,2012-12-15
B1695,P1616,6F252,2026-04-13 11:37:36.952,CONFIRMED,4438155ebe696c02b25e927623acc0350e86b49b7aeda9945a13bfc97d126e5b,4F,Pratyush Gandhi,****6531,PAY1234,5969.93,NETBANKING,IndiGo,MAA,BLR,2026-04-18 14:25:41.701,2026-04-18 18:52:41.701,267.0,MAA -> BLR,Anika,Kulkarni,56,M,a****2@rediffmail.com,****9715,db6bfdf57b341ab49b3e57569cdc7c62d5a14d9e4730db3bf904164c1d607684,1970-06-28
B1696,P1538,6F055,2025-11-28 11:37:36.952,PENDING,276ecaadcc0e56c0b6420f4beceb8f04aa06a2465b5cd357d35e7f4abc78571f,11C,Raksha Bassi,****1789,,,,IndiGo,DEL,CCU,2026-04-18 16:21:41.701,2026-04-18 18:49:41.701,148.0,DEL -> CCU,Aditya,Mehta,9,F,a****1@rediffmail.com,****6534,5c65b3134e586b9993a60be6ba2b4d4748fcd0add9ae2826d12605cb33e40c2d,2017-01-15
B1697,P1738,AI204,2025-11-12 11:37:36.952,CANCELLED,50c21caf5356a78de6c1091caec42b224847ae476100e0dfa02fe1ad12b8d7bd,34B,Nirja Patla,****1258,,,,Air India,CCU,MAA,2026-04-18 13:40:41.703,2026-04-18 18:38:41.703,298.0,CCU -> MAA,Ananya,Pillai,4,M,a****1@yahoo.com,****2191,6807be21fed37c1ff50792b168653bd1c365db24da9ef5bc07898d9f2f51a9f1,2021-09-08
B1698,P1001,AI016,2026-02-02 11:37:36.952,CONFIRMED,f0d567941af209ed076469fa5d683100e045a6c9c53657d3b8383d27728257d9,31D,Wazir Sawhney,****9640,PAY1598,8023.98,NETBANKING,Air India,BOM,CCU,2026-04-18 14:15:41.701,2026-04-18 18:38:41.701,263.0,BOM -> CCU,Krishna,Reddy,15,M,k****y@hotmail.com,****2297,6d05ccbeb5011dd59948b882fff86e1a6f7fc0cf41f6598b385f58558830ac18,2011-03-07
B1699,P1870,AI209,2025-12-11 11:37:36.952,PENDING,cecc55d3ec697230da35ac861476e3084b3a6045b77b1a8992d81b9c42c88018,15D,Bhavani Sen,****5089,PAY1451,8211.18,CARD,Air India,BLR,CCU,2026-04-18 17:25:41.703,2026-04-18 18:37:41.703,72.0,BLR -> CCU,Reyansh,Patel,86,F,r****l@hotmail.com,****7767,2c6ce05d29cdbfff03d348e47bbfbceb3ddc15a469c6b04e6b2d04d30b7407e4,1940-07-28
B1699,P1870,AI209,2025-12-11 11:37:36.952,PENDING,cecc55d3ec697230da35ac861476e3084b3a6045b77b1a8992d81b9c42c88018,15D,Bhavani Sen,****5089,PAY1827,6149.02,NETBANKING,Air India,BLR,CCU,2026-04-18 17:25:41.703,2026-04-18 18:37:41.703,72.0,BLR -> CCU,Reyansh,Patel,86,F,r****l@hotmail.com,****7767,2c6ce05d29cdbfff03d348e47bbfbceb3ddc15a469c6b04e6b2d04d30b7407e4,1940-07-28
B1699,P1870,AI209,2025-12-11 11:37:36.952,PENDING,cecc55d3ec697230da35ac861476e3084b3a6045b77b1a8992d81b9c42c88018,15D,Bhavani Sen,****5089,PAY1891,8784.73,NETBANKING,Air India,BLR,CCU,2026-04-18 17:25:41.703,2026-04-18 18:37:41.703,72.0,BLR -> CCU,Reyansh,Patel,86,F,r****l@hotmail.com,****7767,2c6ce05d29cdbfff03d348e47bbfbceb3ddc15a469c6b04e6b2d04d30b7407e4,1940-07-28
B1700,P1100,SJ211,2026-01-04 11:37:36.952,PENDING,65e1cbc46369844c7ee2f37303b3a6869ecc7490b08650570a4a30885020afcb,14B,Vivaan Walla,****1891,PAY1443,6028.27,CARD,SpiceJet,MAA,BOM,2026-04-18 16:22:41.703,2026-04-18 18:34:41.703,132.0,MAA -> BOM,Muhammad,Joshi,9,M,m****i@rediffmail.com,****6219,2a2d6908068461040efa76a6234321bc55e26d05698454f04c924ddf18aa46a0,2017-05-02
B1701,P1532,6F103,2025-10-16 11:37:36.952,CONFIRMED,778a78c05c94abc6c75831345b46be8b956ce152fefe25be3da0ef63c8403814,13F,William More,****1575,,,,IndiGo,CCU,MAA,2026-04-18 15:37:41.702,2026-04-18 18:32:41.702,175.0,CCU -> MAA,Diya,Banerjee,18,M,d****e@yahoo.com,****6105,1ba06ad2e9f6928b2007a0357cc8c76334e9db83da08ce7cea252baffe7073b8,2007-09-24
B1702,P1057,UK182,2025-04-22 11:37:36.952,CONFIRMED,448e80cb3fd8af983a1e5ad218020663dc87cc19372a01db8365a5a6b155c719,31F,Upasna Hari,****2340,PAY1088,13329.36,CARD,Vistara,HYD,CCU,2026-04-18 14:19:41.703,2026-04-18 18:25:41.703,246.0,HYD -> CCU,Ishaan,Gupta,44,M,i****a@outlook.com,****5437,f7d6c5cbcdb7cd43f0671923abad05639303e8eea2a2d3c72bb9fd90528cf8b0,1982-08-16
B1703,P1388,6F264,2025-12-25 11:37:36.952,CANCELLED,238f552984c69ef516a03274e6c889155ffd85d0c968f09320c6c3aa79eb5c00,19B,Jhalak Sastry,****8483,PAY1120,5813.95,NETBANKING,IndiGo,DEL,HYD,2026-04-18 14:03:41.701,2026-04-18 18:23:41.701,260.0,DEL -> HYD,Reyansh,Das,58,M,r****1@outlook.com,****7269,75d8cd8cb2c7b36b24fd3678c6a3d37ce1ef2e7f872bd26289e23ef6718affd5,1968-02-17
B1703,P1388,6F264,2025-12-25 11:37:36.952,CANCELLED,238f552984c69ef516a03274e6c889155ffd85d0c968f09320c6c3aa79eb5c00,19B,Jhalak Sastry,****8483,PAY1690,6181.25,NETBANKING,IndiGo,DEL,HYD,2026-04-18 14:03:41.701,2026-04-18 18:23:41.701,260.0,DEL -> HYD,Reyansh,Das,58,M,r****1@outlook.com,****7269,75d8cd8cb2c7b36b24fd3678c6a3d37ce1ef2e7f872bd26289e23ef6718affd5,1968-02-17
B1704,P1691,6F027,2025-07-23 11:37:36.952,PENDING,28a8f1ea96a0662d672bd3c696da56972a9f3feb46db05d9b8733be9656dfb85,29A,Triya Manda,****3747,PAY1731,13993.49,NETBANKING,IndiGo,BLR,DEL,2026-04-18 16:52:41.701,2026-04-18 18:21:41.701,89.0,BLR -> DEL,Vivaan,Agarwal,26,M,v****1@hotmail.com,****9713,854c911dd0cd9b0ed665e402d5c1c40e6600135c1181c724fd1ae0be387fbefc,2000-08-16
B1705,P1940,UK198,2026-01-31 11:37:36.952,CANCELLED,ec5ba277b2139e72caf29c5794985e028cb54c7e02beabc89f90503640e90915,3B,Lavanya Thakkar,****4029,PAY1165,1658.55,UPI,Vistara,DEL,BLR,2026-04-18 16:43:41.703,2026-04-18 18:18:41.703,95.0,DEL -> BLR,Reyansh,Reddy,50,F,r****1@outlook.com,****9762,332fc70931f585886e4b6a5f56d3e55d8a51863c6826b4823630f7d0c2d89230,1976-07-23
B1705,P1940,UK198,2026-01-31 11:37:36.952,CANCELLED,ec5ba277b2139e72caf29c5794985e028cb54c7e02beabc89f90503640e90915,3B,Lavanya Thakkar,****4029,PAY1258,2089.75,CARD,Vistara,DEL,BLR,2026-04-18 16:43:41.703,2026-04-18 18:18:41.703,95.0,DEL -> BLR,Reyansh,Reddy,50,F,r****1@outlook.com,****9762,332fc70931f585886e4b6a5f56d3e55d8a51863c6826b4823630f7d0c2d89230,1976-07-23
B1705,P1940,UK198,2026-01-31 11:37:36.952,CANCELLED,ec5ba277b2139e72caf29c5794985e028cb54c7e02beabc89f90503640e90915,3B,Lavanya Thakkar,****4029,PAY1652,10970.63,NETBANKING,Vistara,DEL,BLR,2026-04-18 16:43:41.703,2026-04-18 18:18:41.703,95.0,DEL -> BLR,Reyansh,Reddy,50,F,r****1@outlook.com,****9762,332fc70931f585886e4b6a5f56d3e55d8a51863c6826b4823630f7d0c2d89230,1976-07-23
B1705,P1940,UK198,2026-01-31 11:37:36.952,CANCELLED,ec5ba277b2139e72caf29c5794985e028cb54c7e02beabc89f90503640e90915,3B,Lavanya Thakkar,****4029,PAY1698,6139.86,UPI,Vistara,DEL,BLR,2026-04-18 16:43:41.703,2026-04-18 18:18:41.703,95.0,DEL -> BLR,Reyansh,Reddy,50,F,r****1@outlook.com,****9762,332fc70931f585886e4b6a5f56d3e55d8a51863c6826b4823630f7d0c2d89230,1976-07-23
B1706,P1340,6F171,2025-09-07 11:37:36.952,CANCELLED,6b2d1b2113c249923c23547dc7afefaf5cbda758e7068725c430c1468fa68906,15C,Omya Edwin,****1687,,,,IndiGo,DEL,BLR,2026-04-18 17:03:41.703,2026-04-18 18:12:41.703,69.0,DEL -> BLR,Anika,Chatterjee,54,M,a****e@hotmail.com,****3853,d928103781956dbe521fcb0f70be56896deb330a03233814f9a39db243d1f0ba,1972-06-12
B1707,P1860,AI004,2025-07-05 11:37:36.952,CANCELLED,ca48569f7510d5079a623f176ac9b0c8694e874d3fe3daf225d2db99618cbe5b,1B,Ryan Devi,****9365,,,,Air India,HYD,MAA,2026-04-18 13:58:41.701,2026-04-18 18:12:41.701,254.0,HYD -> MAA,Sara,Chatterjee,44,M,s****e@yahoo.com,****8307,394173bad5e482fc1daf2ed2fb990f65c790011737bacb2c2378cff1aac740b3,1982-06-01
B1708,P1019,6F157,2025-11-22 11:37:36.952,CONFIRMED,28265e9fff3a747905810827751d5a75efe5f62e34b47afaa28be163b348d21a,3C,Zashil Ben,****0743,,,,IndiGo,MAA,CCU,2026-04-18 16:37:41.703,2026-04-18 18:04:41.703,87.0,MAA -> CCU,Diya,Patel,64,M,d****l@gmail.com,****0329,27af54f85ed4ca2e1e40f09c25d1aa3bf50b51bd597e5b8cd9ef1d136ea17d06,1962-06-10
B1709,P1254,AI018,2025-10-03 11:37:36.952,CANCELLED,63b55a036f684a91a31d0e6eb1fbbf47825ec85699f5a92dc946f90df0fc1430,22B,Vasana Prabhu,****0661,,,,Air India,BOM,CCU,2026-04-18 13:12:41.701,2026-04-18 18:04:41.701,292.0,BOM -> CCU,Muhammad,Khan,2,F,m****n@yahoo.com,****9408,e5e964ae0255b61e6f0d5ea34721fbed94b5421f6509c85ae60a1f02a5262b86,2024-02-25
B1710,P1316,UK098,2025-08-05 11:37:36.952,CONFIRMED,a2b9033cfed071e538b59f3f82a2a968256719e2463328cd484fc6e78863c13d,21E,Harshil Varty,****0381,PAY1625,12059.65,CARD,Vistara,CCU,DEL,2026-04-18 13:38:41.702,2026-04-18 17:54:41.702,256.0,CCU -> DEL,Aadhya,Khan,47,F,a****n@gmail.com,****6534,45c2b286b2854caa2613bb21975ecd3cf86837a3d5e284d9f05a787bd39138b0,1978-10-08
B1711,P1037,6F167,2026-01-29 11:37:36.952,PENDING,fa143555327c86b01fb53e6c45e1858c42e9d627bc6151146945e4050cef337d,4C,Jeet Mane,****4431,,,,IndiGo,BLR,BOM,2026-04-18 16:26:41.703,2026-04-18 17:50:41.703,84.0,BLR -> BOM,Muhammad,Ghosh,51,M,m****h@rediffmail.com,****8772,afa962c23cad341fd185e0178421a420dc4b5786d1c9a06bbd3929c58e112331,1975-01-20
B1712,P1659,AI228,2025-09-06 11:37:36.952,CANCELLED,efc47f6e0d4875430a8ea7529056a7d9e33165eb32dfa66681b05ca33f195bc0,17C,Fiyaz Dyal,****9130,,,,Air India,BLR,BOM,2026-04-18 13:16:41.703,2026-04-18 17:44:41.703,268.0,BLR -> BOM,Riya,Mishra,60,F,r****a@yahoo.com,****0197,cb2c95e00a4fc0fca2569e92d74f28fa53c6d7759bc2bd66734b932c99eabab6,1966-03-05
B1713,P1536,SJ242,2025-08-31 11:37:36.952,CANCELLED,a493d09b9d53e4b175fa525ac85a2f947c1c8218f2956e5e9376d5c61dbfa3e7,17D,Anjali Sengupta,****1328,,,,SpiceJet,BLR,HYD,2026-04-18 14:55:41.704,2026-04-18 17:42:41.704,167.0,BLR -> HYD,Riya,Nair,19,F,r****r@gmail.com,****5123,113283b845530bddf1307489a67165e7f737dd16087997f4e92bceadaacc6ad6,2007-08-25
B1714,P1385,6F227,2025-12-11 11:37:36.952,PENDING,7c0e390fcbe61c5e9577bdeb773711aa029f4451d7e0ea5a3237848587565b8d,34C,Yochana Din,****1002,PAY1322,5064.12,NETBANKING,IndiGo,MAA,BOM,2026-04-18 13:16:41.704,2026-04-18 17:41:41.704,265.0,MAA -> BOM,Reyansh,Das,63,F,r****s@hotmail.com,****0600,7e024988a4d6b50a8349954b8dd4f2d1154865d5c6a13c0085112adaa3d9bd3b,1963-01-03
B1715,P1632,6F037,2025-08-27 11:37:36.952,CANCELLED,9547aa7e70298b9e857eac5213035cea4807fac76dab67d9d21fd9c5b1850ea3,20C,Rajeshri Chand,****9547,,,,IndiGo,BOM,MAA,2026-04-18 14:51:41.701,2026-04-18 17:23:41.701,152.0,BOM -> MAA,Ananya,Kulkarni,18,M,a****i@rediffmail.com,****1357,48bec4d83eb6a851a8a1dbbcdd4c752cd9f1213208ed62ea31078b2be4054720,2007-09-23
B1716,P1927,6F107,2025-12-22 11:37:36.952,PENDING,a0aee1417b3c36e8babca6d9569f010bc76ae349194d79b9d520a026c9db0f1c,28A,Tristan Seshadri,****6925,,,,IndiGo,CCU,BLR,2026-04-18 14:14:41.702,2026-04-18 17:14:42.000,180.0049666666667,CCU -> BLR,Sai,Reddy,20,F,s****y@gmail.com,****2199,3dc584f9ef18b361f1031ecd381f370d6ad99f0ab8dfc86ecd361f1447e25d87,2006-03-17
B1717,P1025,SJ125,2025-11-06 11:37:36.952,CANCELLED,40db31827ba69c6691ac474577792db2924510243ae55cc21ebdc944b789c143,14A,Ikshita Bala,****7746,PAY1589,1220.3,NETBANKING,SpiceJet,DEL,BLR,2026-04-18 14:21:41.702,2026-04-18 16:55:41.702,154.0,DEL -> BLR,Aarav,Chatterjee,22,M,a****e@yahoo.com,****2872,3b6f062d77b2606553508ed0058dff0df66586e4f66c24560edc31f91a2d8986,2004-07-22
B1717,P1025,SJ125,2025-11-06 11:37:36.952,CANCELLED,40db31827ba69c6691ac474577792db2924510243ae55cc21ebdc944b789c143,14A,Ikshita Bala,****7746,PAY1968,1187.92,UPI,SpiceJet,DEL,BLR,2026-04-18 14:21:41.702,2026-04-18 16:55:41.702,154.0,DEL -> BLR,Aarav,Chatterjee,22,M,a****e@yahoo.com,****2872,3b6f062d77b2606553508ed0058dff0df66586e4f66c24560edc31f91a2d8986,2004-07-22
B1718,P1453,UK117,2025-06-17 11:37:36.952,CANCELLED,436237ae11aadadcc8c6c136b91c7bf4dbd3aca1973204d0667a12c5c78f4878,9B,Oeshi Bera,****7696,PAY1574,7833.36,UPI,Vistara,BLR,BOM,2026-04-18 13:17:41.702,2026-04-18 16:54:41.702,217.0,BLR -> BOM,Diya,Iyer,22,M,d****r@hotmail.com,****1073,02d51b7f2ea902450131549eaf7926463e85ff2498f6c381dad63026620a71ab,2003-09-22
B1718,P1453,UK117,2025-06-17 11:37:36.952,CANCELLED,436237ae11aadadcc8c6c136b91c7bf4dbd3aca1973204d0667a12c5c78f4878,9B,Oeshi Bera,****7696,PAY1720,10479.42,UPI,Vistara,BLR,BOM,2026-04-18 13:17:41.702,2026-04-18 16:54:41.702,217.0,BLR -> BOM,Diya,Iyer,22,M,d****r@hotmail.com,****1073,02d51b7f2ea902450131549eaf7926463e85ff2498f6c381dad63026620a71ab,2003-09-22
B1719,P1680,6F192,2025-11-12 11:37:36.952,CANCELLED,0403274a854c90495b35b45ed2713838f4dc756b51a28ba56dfec2ee8be9d999,29E,Meghana Thakkar,****5025,PAY1532,5781.1,UPI,IndiGo,CCU,BLR,2026-04-18 12:20:41.703,2026-04-18 16:45:41.703,265.0,CCU -> BLR,Ira,Iyer,65,M,i****1@yahoo.com,****2973,5d466ef2d0401dacb198ce28f6eba0a2a3407c613b5ab901c48e01630ea4c69b,1960-12-24
B1720,P1322,AI201,2025-11-27 11:37:36.952,CANCELLED,deee309e609cfd2a0a8f2464ca4b38386c4b1b48b36c23a5eae1b54769aff9de,27B,Kashvi Keer,****2378,PAY1823,5194.3,NETBANKING,Air India,BLR,CCU,2026-04-18 15:19:41.703,2026-04-18 16:40:41.703,81.0,BLR -> CCU,Krishna,Iyer,17,M,k****1@yahoo.com,****6822,2f7d8db5e5ca9a042c3704f41d0d3deeefa1784508980b628c7bb9cffe4606ac,2009-05-16
B1721,P1736,SJ126,2026-03-25 11:37:36.952,PENDING,621d3cf046eda8651132994e53b75795b028df74c896782b031089738c441c81,21A,Libni Bumb,****8415,,,,SpiceJet,DEL,BLR,2026-04-18 13:47:41.702,2026-04-18 16:31:41.702,164.0,DEL -> BLR,Aarav,Naidu,65,F,a****u@gmail.com,****6113,89e23bf1dfe4aef39516f02217e0446058fa52eb29e04d78e00c6e710e8bb2fb,1961-05-05
B1722,P1512,AI177,2026-02-10 11:37:36.952,PENDING,ab399f26f93999ceb543883c78d22219ce45bd3ab6d8eda3db2812629067c7b8,5E,Kavya Kapur,****4457,,,,Air India,CCU,HYD,2026-04-18 14:11:41.703,2026-04-18 16:26:41.703,135.0,CCU -> HYD,Reyansh,Nair,48,M,r****2@gmail.com,****8082,2718141f27c7f07c07ca38e769964e846253ad9860256cdcc033472debf33fdc,1977-11-17
B1723,P1818,AI092,2025-12-23 11:37:36.952,CANCELLED,568ba77d20124faa8a7915b34c7a8a6a53d093e91755460c53e8f2e32f9edd06,26B,Ayaan Nagar,****1969,,,,Air India,CCU,BOM,2026-04-18 13:36:41.702,2026-04-18 16:20:41.702,164.0,CCU -> BOM,Aditya,Das,73,M,a****1@hotmail.com,****3476,5496438b55fbf19d503e9ee0c9601642bbbf237e2c794588594cce92de4c6d92,1953-01-05
B1724,P1772,6F076,2025-10-10 11:37:36.952,CANCELLED,14abd42aea37be5924dc9a3d70fce4860e61aaa0a171597c0e549b90cd3da238,11D,Hardik Nayak,****4296,PAY1051,10484.53,UPI,IndiGo,CCU,HYD,2026-04-18 15:35:41.702,2026-04-18 16:20:41.702,45.0,CCU -> HYD,Sai,Chatterjee,17,M,s****1@hotmail.com,****3896,574da37515534d7c926d165505fd177cfece041843ca7f945f1c323f42d193db,2009-09-04
B1725,P1012,AI185,2025-04-29 11:37:36.952,PENDING,1dc394ec4e5ce312428ebcb4790974885a0865c6cd9bc281ce6c1b66f95c643b,1E,Madhav Devan,****0747,,,,Air India,CCU,BOM,2026-04-18 12:16:41.703,2026-04-18 16:18:41.703,242.0,CCU -> BOM,Arjun,Patel,22,M,a****l@yahoo.com,****8245,f0eaffffe232a66363df74d13a400ee0f1cf3831fb76cec3e949c15746ccb8f9,2004-03-24
B1726,P1914,AI055,2025-05-14 11:37:36.952,CONFIRMED,9dccff1425fde8754961e39a5e2905a629d8e80ab75425ed4dcbed4a4b8e03d3,2B,Balvan Mangat,****0806,PAY1218,3304.78,NETBANKING,Air India,CCU,BOM,2026-04-18 14:39:41.701,2026-04-18 16:18:41.701,99.0,CCU -> BOM,Diya,Banerjee,78,M,d****e@gmail.com,****3248,9a3e38ebe889bb8822006da2f71748b641efa0cc901c588f28307464203e4214,1947-11-06
B1726,P1914,AI055,2025-05-14 11:37:36.952,CONFIRMED,9dccff1425fde8754961e39a5e2905a629d8e80ab75425ed4dcbed4a4b8e03d3,2B,Balvan Mangat,****0806,PAY1585,7008.67,UPI,Air India,CCU,BOM,2026-04-18 14:39:41.701,2026-04-18 16:18:41.701,99.0,CCU -> BOM,Diya,Banerjee,78,M,d****e@gmail.com,****3248,9a3e38ebe889bb8822006da2f71748b641efa0cc901c588f28307464203e4214,1947-11-06
B1727,P1907,6F222,2026-03-15 11:37:36.952,CONFIRMED,c17ef9d640b3a612685694b8a03d39936c14bc09fe1f63d8f6be6963e221078f,27D,Urmi Dewan,****1375,,,,IndiGo,HYD,MAA,2026-04-18 14:01:41.704,2026-04-18 16:11:41.704,130.0,HYD -> MAA,Sai,Sharma,4,F,s****a@outlook.com,****5498,db06579554e246473326736cad8fb9762748550cde5a283a6d83599b053860c8,2022-06-22
B1728,P1559,AI090,2025-12-12 11:37:36.952,CONFIRMED,2c63961575d5f19025444e701e3124e27f6d419de2fc9ed04796de326868e2a5,1C,Upasna Sen,****8503,PAY1402,7592.89,CARD,Air India,MAA,CCU,2026-04-18 13:37:41.702,2026-04-18 16:11:41.702,154.0,MAA -> CCU,Aditya,Khan,14,F,a****n@gmail.com,****2082,e9c5bb2dbd22ab16390c06d07caa56f63d86720dc4f814820593447413df2a10,2012-04-03
B1729,P1920,AI183,2025-06-03 11:37:36.952,PENDING,2a62e425ef788d0bf303e1171b7941e250bacf5845418d8870248b0ca3791501,4F,Abdul Buch,****5835,PAY1914,2726.28,NETBANKING,Air India,DEL,CCU,2026-04-18 14:24:41.703,2026-04-18 16:06:41.703,102.0,DEL -> CCU,Reyansh,Agarwal,44,F,r****l@outlook.com,****5140,2f74cc257643e00543c86b362fd38a1f610099ed82b285b358e849d31f55aa3a,1982-08-01
B1730,P1824,AI041,2025-04-29 11:37:36.952,PENDING,62d74181a0f3b1f0fe242db338c0bc97d6b4f692ba1c3e66b6a0291214f281fb,25F,Anirudh Kunda,****3732,,,,Air India,BOM,BLR,2026-04-18 14:08:41.701,2026-04-18 15:59:41.701,111.0,BOM -> BLR,Ira,Agarwal,47,M,i****l@rediffmail.com,****2212,44435b9f4bf9b6ebee1c1f74baebe91fb9daba67254041ec6eaa8408d268016d,1978-12-07
B1731,P1370,6F210,2025-07-12 11:37:36.952,CONFIRMED,7d85991b6e0166378e54d225498c53354fc737922de5d7f32f1b1f5a403026b4,25F,Tanveer Doctor,****6891,PAY1287,1355.89,CARD,IndiGo,HYD,DEL,2026-04-18 11:51:41.703,2026-04-18 15:58:41.703,247.0,HYD -> DEL,Myra,Nair,65,F,m****r@outlook.com,****8413,5457cb7ccc5c856c98d33ef1a3bb493c6c0399f3d76e1d6116b28c4185c79431,1961-04-03
B1732,P1290,AI170,2026-01-15 11:37:36.952,CONFIRMED,229aba8e47b68a29ac08c0322003be83cbcbcb4625ab219b2e4939217f82f796,3A,Pallavi Choudhry,****0707,PAY1510,7405.96,NETBANKING,Air India,HYD,DEL,2026-04-18 11:27:41.703,2026-04-18 15:50:41.703,263.0,HYD -> DEL,Aditya,Mishra,20,M,a****a@hotmail.com,****5760,8b2a78e52cd1c93cd8186a0fd09f155398351db11a94c157cb5def8f4616859c,2005-12-24
B1733,P1331,SJ008,2026-04-16 11:37:36.952,CANCELLED,d60682ef8a3ae1d6d1652916fd5a1de732c1f36a0f966059773c8500c445d5c4,2E,Bhavya Khanna,****8779,PAY1806,10832.74,CARD,SpiceJet,HYD,BLR,2026-04-18 10:53:41.701,2026-04-18 15:48:41.701,295.0,HYD -> BLR,Aadhya,Naidu,60,F,a****u@gmail.com,****1793,50224b36282dc5e4a3c3e9087723d6d01a7955a9b30169b7dee7175670d01434,1966-04-17
B1734,P1605,AI049,2025-09-29 11:37:36.952,PENDING,a4ca03fb72681515a68f02e01269d80c93eb496f7017132913fe62bd9ea4b2d7,27E,Charvi Dara,****8705,PAY1490,2972.66,CARD,Air India,CCU,MAA,2026-04-18 13:35:41.701,2026-04-18 15:48:41.701,133.0,CCU -> MAA,Anika,Kulkarni,58,M,a****1@rediffmail.com,****2100,987ad4d5916e3d0ab1149fdcb91e636edd33bca1aea9ad813852961f284e35c5,1968-04-01
B1735,P1260,SJ132,2025-05-12 11:37:36.952,PENDING,1804564eca7ae2dfcfd7e8f7bb45b131b932f8323df4125b8a75841f5f5a1181,34E,Champak Khare,****7116,PAY1646,10012.48,NETBANKING,SpiceJet,MAA,DEL,2026-04-18 14:44:41.702,2026-04-18 15:36:41.702,52.0,MAA -> DEL,Ananya,Mishra,32,M,a****a@outlook.com,****5967,d81a603b2c70c0aae3db60d405727017a5b45c4979e0fd209047598a9b93cc30,1994-01-13
B1736,P1993,SJ224,2026-01-26 11:37:36.952,CONFIRMED,286eb81467f00fa13c18e856293ffcb0ab79c9bb5a01eb5ad213ac3b6be44696,28E,Oni Shankar,****9849,PAY1020,6802.73,NETBANKING,SpiceJet,DEL,MAA,2026-04-18 12:41:41.703,2026-04-18 15:33:41.703,172.0,DEL -> MAA,Muhammad,Naidu,41,M,m****1@rediffmail.com,****0435,390d09719a79b4899443c13c9cffd1cc34b6d1128a8433aa847b3730643764b5,1984-10-02
B1736,P1993,SJ224,2026-01-26 11:37:36.952,CONFIRMED,286eb81467f00fa13c18e856293ffcb0ab79c9bb5a01eb5ad213ac3b6be44696,28E,Oni Shankar,****9849,PAY1446,1787.85,CARD,SpiceJet,DEL,MAA,2026-04-18 12:41:41.703,2026-04-18 15:33:41.703,172.0,DEL -> MAA,Muhammad,Naidu,41,M,m****1@rediffmail.com,****0435,390d09719a79b4899443c13c9cffd1cc34b6d1128a8433aa847b3730643764b5,1984-10-02
B1737,P1789,UK038,2025-06-11 11:37:36.952,CONFIRMED,a766ce097138901401c92de1b55ef435379d33518038089050ddf50e4519534d,1E,Dev Choudhry,****5244,PAY1617,12049.41,CARD,Vistara,MAA,CCU,2026-04-18 12:22:41.701,2026-04-18 15:31:41.701,189.0,MAA -> CCU,Anika,Ghosh,4,M,a****1@outlook.com,****6021,af90f07a398c4129bfb181e5612e198d1540f4c2cc400341a3336c5026924046,2022-07-12
B1738,P1870,SJ220,2025-08-14 11:37:36.952,PENDING,5062102443c70495b5ea3df24372d29a8a1921c7ef0918f6aa9665b25a0ceda5,27B,Xalak Wason,****3803,PAY1001,8457.96,NETBANKING,SpiceJet,BOM,CCU,2026-04-18 13:45:41.703,2026-04-18 15:21:41.703,96.0,BOM -> CCU,Reyansh,Patel,86,F,r****l@hotmail.com,****7767,2c6ce05d29cdbfff03d348e47bbfbceb3ddc15a469c6b04e6b2d04d30b7407e4,1940-07-28
B1738,P1870,SJ220,2025-08-14 11:37:36.952,PENDING,5062102443c70495b5ea3df24372d29a8a1921c7ef0918f6aa9665b25a0ceda5,27B,Xalak Wason,****3803,PAY1150,7204.52,CARD,SpiceJet,BOM,CCU,2026-04-18 13:45:41.703,2026-04-18 15:21:41.703,96.0,BOM -> CCU,Reyansh,Patel,86,F,r****l@hotmail.com,****7767,2c6ce05d29cdbfff03d348e47bbfbceb3ddc15a469c6b04e6b2d04d30b7407e4,1940-07-28
B1738,P1870,SJ220,2025-08-14 11:37:36.952,PENDING,5062102443c70495b5ea3df24372d29a8a1921c7ef0918f6aa9665b25a0ceda5,27B,Xalak Wason,****3803,PAY1978,10340.66,NETBANKING,SpiceJet,BOM,CCU,2026-04-18 13:45:41.703,2026-04-18 15:21:41.703,96.0,BOM -> CCU,Reyansh,Patel,86,F,r****l@hotmail.com,****7767,2c6ce05d29cdbfff03d348e47bbfbceb3ddc15a469c6b04e6b2d04d30b7407e4,1940-07-28
B1739,P1204,6F124,2025-06-29 11:37:36.952,CANCELLED,e337b0b7de821418d655e191b1a10187e8db98f617b8072520b7b761e1f92b05,34F,Amol Varma,****2522,PAY1944,8263.32,UPI,IndiGo,BLR,BOM,2026-04-18 10:47:41.702,2026-04-18 15:21:41.702,274.0,BLR -> BOM,Shaurya,Sharma,87,M,s****a@outlook.com,****4137,3676db6af29a0f37447de7dd27f4a807217170b9238f2af4dacf665eaf36d341,1939-04-05
B1740,P1696,SJ164,2025-11-16 11:37:36.952,CONFIRMED,418e7a8e8be89dd3487eb0f0db94d57a5a17d20d63cad7c8a9528c024566355f,14D,Wyatt Dhawan,****7652,,,,SpiceJet,CCU,MAA,2026-04-18 13:14:41.703,2026-04-18 15:14:42.000,120.00495,CCU -> MAA,Riya,Sharma,27,M,r****a@gmail.com,****0849,5321393a3b8533947d8356b02fa046b70b23e010387c8f27b6b099e6410bd0bc,1999-06-25
B1741,P1686,AI026,2025-05-18 11:37:36.952,PENDING,b9c7dd7912666b943acc97ccf9836b0aef809869a6e849d95332014793d6b7f9,18E,Bishakha Sanghvi,****9579,PAY1343,4483.43,UPI,Air India,DEL,BOM,2026-04-18 14:14:41.701,2026-04-18 15:13:41.701,59.0,DEL -> BOM,Ishaan,Khan,64,M,i****n@rediffmail.com,****1865,176c93a7de3c469a58ba1ee4ae7b0af27cb4179403eafc7f42ed1d741f123678,1961-11-28
B1742,P1949,6F144,2025-09-14 11:37:36.952,PENDING,066f10077caa38deb8e7d51dd17f624411ead3815e4c9af0db177f83bf9e2927,16D,Aarav Pandit,****2145,,,,IndiGo,HYD,BOM,2026-04-18 11:56:41.702,2026-04-18 15:11:41.702,195.0,HYD -> BOM,Saanvi,Ghosh,2,M,s****h@hotmail.com,****1333,0ed5c64d61f8c7f12b02edac1df9ac3f4332511aa6dd01585ee992b4a2376c80,2024-04-06
B1744,P1891,UK139,2025-09-05 11:37:36.952,CANCELLED,fd801dce6b0b07a90dd0975c255b72c55f87290a6da3a790300cead88802ecbf,10A,Rachit Chada,****1410,PAY1289,9225.17,CARD,Vistara,BLR,MAA,2026-04-18 10:54:41.703,2026-04-18 14:31:41.703,217.0,BLR -> MAA,Shaurya,Banerjee,4,F,s****1@yahoo.com,****5469,8163c14057cea288b8e3edc7150c3f277ef49aa8d440a14a8ff4b5a2b70f2ea9,2022-06-06
B1745,P1820,UK139,2025-05-20 11:37:36.952,CONFIRMED,687048c14a9a8d98f1a85a81cb0ce005af4cffc096509103a77feff34450e095,27B,Jalsa Bir,****1103,PAY1396,10889.16,NETBANKING,Vistara,BLR,MAA,2026-04-18 10:54:41.703,2026-04-18 14:31:41.703,217.0,BLR -> MAA,Myra,Banerjee,47,F,m****1@gmail.com,****3004,b19c1c38f11b85cc0465b104b1676f432eb8a580b8320deff514f08ddc2ca795,1979-07-20
B1746,P1467,SJ140,2025-08-31 11:37:36.952,CONFIRMED,3127f284842cf5cb0789bae92be082a8702469b00940be4a0bdbdab8e40ffbcb,34D,Yashica Tripathi,****8793,,,,SpiceJet,HYD,DEL,2026-04-18 10:42:41.702,2026-04-18 14:30:41.702,228.0,HYD -> DEL,Ishaan,Sharma,2,M,i****a@yahoo.com,****7388,584a5c849646b660a3987da21bed62fbc3ff31220a0c5d36ebd68638d40c1940,2024-08-14
B1747,P1414,6F131,2025-04-20 11:37:36.952,CONFIRMED,1a781a89e36abd64f3a56e73f8643f345d297e5e7e8557b2887156c788f50a36,9F,Anmol Ramakrishnan,****2405,,,,IndiGo,BLR,HYD,2026-04-18 10:22:41.702,2026-04-18 14:20:41.702,238.0,BLR -> HYD,Muhammad,Singh,19,M,m****h@hotmail.com,****6420,909ad57d5c4c14db56a694357f683b0fad43d6dac81294f4d2a68ebab9a33a82,2007-03-19
B1748,P1068,UK128,2025-11-15 11:37:36.952,PENDING,64d55121052705eea04227b367110561c5d579e708ac37a8ea41a0f43cf4ad25,9A,Upma Bassi,****9749,PAY1636,13170.94,UPI,Vistara,BOM,CCU,2026-04-18 11:22:41.702,2026-04-18 14:11:41.702,169.0,BOM -> CCU,Sai,Banerjee,54,M,s****e@yahoo.com,****5500,860c54a3699c33c9c60e1cefcee6f9cd87768ce97cfa990bb00418a9dd390bd6,1972-02-05
B1749,P1471,SJ219,2026-02-19 11:37:36.952,CONFIRMED,0cfb80a3c0ef9ae4da000a8ecb4fc2b02eee94da4201ae492887e795e0c2bc27,23D,Lila Prakash,****6991,,,,SpiceJet,BOM,DEL,2026-04-18 09:32:41.703,2026-04-18 14:09:41.703,277.0,BOM -> DEL,Anika,Iyer,11,F,a****1@gmail.com,****5216,7e210206e411ce44e0d40bd4b46e59ca1060388f461df57754cc8104c14d1ccd,2014-09-23
B1750,P1103,SJ159,2025-09-21 11:37:36.952,PENDING,083c7ad8ee107d9808c1772637703ed03d52675ad81d2b41cbd46cfba54b2809,33D,Zehaan Babu,****2935,,,,SpiceJet,CCU,DEL,2026-04-18 12:22:41.703,2026-04-18 14:05:41.703,103.0,CCU -> DEL,Ishaan,Banerjee,7,M,i****e@hotmail.com,****5981,baac44b47774291033f9a7f2edca687fe8ec990af602c30e9e0b05306c02d0e6,2018-10-18
B1751,P1757,UK192,2025-09-19 11:37:36.952,CONFIRMED,ea38a080e71076fba94eed68d1882e6fd71005a610e421c6a5b78407be84f995,17E,Ishanvi Bir,****8441,PAY1410,14391.99,UPI,Vistara,HYD,DEL,2026-04-18 12:54:41.703,2026-04-18 13:54:42.000,60.00495,HYD -> DEL,Anika,Ghosh,63,M,a****2@rediffmail.com,****3993,ce1772f5b6bb86a5d59b24b5178c6c1aabb925c066a066ccd28d8705ba93b940,1963-07-11
B1752,P1160,AI014,2025-08-13 11:37:36.952,CANCELLED,cb0d89eb3ea58cb91146ee8052f45a7fe0ad6d3db5467e27a9d394c780fbb7ce,34F,Hemani Khosla,****6711,,,,Air India,HYD,MAA,2026-04-18 10:24:41.701,2026-04-18 13:51:41.701,207.0,HYD -> MAA,Ananya,Joshi,62,F,a****i@outlook.com,****8314,43ca46f59d17b572c8e86671ee0bc40ebb39ae2419c99e8d7f859f051442e171,1964-09-03
B1753,P1199,SJ152,2025-08-08 11:37:36.952,CANCELLED,57c7287ec752f50e973f11ed869acf36edb4716f811c42c9fac91150c85cd0f4,5C,Hemang Natarajan,****3127,PAY1670,4016.57,UPI,SpiceJet,BOM,DEL,2026-04-18 12:09:41.702,2026-04-18 13:50:41.702,101.0,BOM -> DEL,Aditya,Pillai,81,F,a****i@hotmail.com,****7348,8beed4f2923c9c3b1633ea4e83609fddc3e4f2a6e51541b70bb6def69d0e29f9,1945-03-23
B1754,P1215,SJ060,2026-02-11 11:37:36.952,PENDING,c457b729a60b5bd0660e3464dbf0613134b078e739a9fc66c1718fa404f873df,3C,Kiaan Basu,****2758,PAY1741,12013.34,UPI,SpiceJet,HYD,CCU,2026-04-18 08:51:41.701,2026-04-18 13:46:41.701,295.0,HYD -> CCU,Ira,Naidu,75,M,i****u@outlook.com,****5488,6620ac00b7766d2aa3de337afc685196b243ac9de44b66037b684a914bbaa814,1951-08-01
B1755,P1945,AI127,2026-02-17 11:37:36.952,CANCELLED,d9281b4addffec4d0a79cd5677d2967e710f81fb6c5a3f8abf5ff5f3d5416519,10F,Indira Nigam,****8329,PAY1028,4760.39,CARD,Air India,DEL,HYD,2026-04-18 10:37:41.702,2026-04-18 13:45:41.702,188.0,DEL -> HYD,Riya,Verma,43,M,r****a@rediffmail.com,****5227,02d3a52cde2284f1d3a9c2285c3f14fa58be7885849081ebabe0f64e7d87ca8d,1982-11-27
B1756,P1211,SJ096,2026-01-27 11:37:36.952,PENDING,7270e53e6e1099f38fe0853bbe5c409c116913047127c2d588f40e5e72007f68,11F,Parth Shetty,****1838,,,,SpiceJet,DEL,HYD,2026-04-18 10:29:41.702,2026-04-18 13:45:41.702,196.0,DEL -> HYD,Ishaan,Agarwal,70,F,i****l@outlook.com,****3564,9903ae656b8e80d7bc6124e59b55e40159661b90af13f658baa966c1d344c9c4,1956-01-17
B1757,P1507,AI215,2025-04-24 11:37:36.952,PENDING,951783aef93037db5f1bd019480e7eb982ffee531274bd88d835706eea9a6b9f,22B,Varenya Gopal,****7329,PAY1630,1608.39,CARD,Air India,BLR,DEL,2026-04-18 12:07:41.703,2026-04-18 13:43:41.703,96.0,BLR -> DEL,Ananya,Khan,35,F,a****1@rediffmail.com,****9532,2363092ebd3be27860b4a5d21c0fd2a4ec2800ab25a03d4427fa2da11191830e,1990-10-21
B1758,P1015,UK009,2026-02-28 11:37:36.952,CANCELLED,da3cc671cfd39e8a9edcef4124d1c8d745e29d19c9b8f8d350038a2ca174cb24,26B,Krishna Bhatnagar,****6016,PAY1502,8260.94,NETBANKING,Vistara,BOM,DEL,2026-04-18 11:34:41.701,2026-04-18 13:41:41.701,127.0,BOM -> DEL,Aadhya,Verma,88,F,a****a@gmail.com,****0141,d70bbd933fb62ae559b38998053c0fef4e5ea8498d7056cec5906af99cad0a16,1938-05-26
B1759,P1497,AI171,2025-10-26 11:37:36.952,PENDING,a610bf56c1a436f6406856ae640d151b444d6230159cca584c46c202d5275f7a,16F,Tanvi Bansal,****8264,PAY1619,2656.83,UPI,Air India,MAA,BLR,2026-04-18 10:51:41.703,2026-04-18 13:34:41.703,163.0,MAA -> BLR,Ishaan,Naidu,74,M,i****u@hotmail.com,****6937,f36f3b7fcce0b2d75413853768e41d271df8cab6d884cebb2609539c9d6ba093,1952-08-20
B1759,P1497,AI171,2025-10-26 11:37:36.952,PENDING,a610bf56c1a436f6406856ae640d151b444d6230159cca584c46c202d5275f7a,16F,Tanvi Bansal,****8264,PAY1820,8269.17,UPI,Air India,MAA,BLR,2026-04-18 10:51:41.703,2026-04-18 13:34:41.703,163.0,MAA -> BLR,Ishaan,Naidu,74,M,i****u@hotmail.com,****6937,f36f3b7fcce0b2d75413853768e41d271df8cab6d884cebb2609539c9d6ba093,1952-08-20
B1760,P1883,UK151,2026-01-14 11:37:36.952,CANCELLED,f95268e21cabf4904ab450e7e022c716e5ccda5b5560261842adc704b1d6ea80,31B,Chaaya Jaggi,****3665,PAY1070,12133.03,NETBANKING,Vistara,BOM,CCU,2026-04-18 10:11:41.703,2026-04-18 13:30:41.703,199.0,BOM -> CCU,Riya,Chatterjee,59,M,r****e@rediffmail.com,****6186,02f27614925024b57fbe6b309747f28c530348afbd10d18ad04dacd50eeeaee4,1967-02-28
B1761,P1331,AI099,2025-05-22 11:37:36.952,CONFIRMED,bb977b2f4251ccba9fd1c29d02b619ccbabb38395b830712865aaaa5dedec800,15A,Caleb Iyengar,****7364,PAY1158,13916.72,UPI,Air India,BLR,BOM,2026-04-18 11:07:41.702,2026-04-18 13:29:41.702,142.0,BLR -> BOM,Aadhya,Naidu,60,F,a****u@gmail.com,****1793,50224b36282dc5e4a3c3e9087723d6d01a7955a9b30169b7dee7175670d01434,1966-04-17
B1761,P1331,AI099,2025-05-22 11:37:36.952,CONFIRMED,bb977b2f4251ccba9fd1c29d02b619ccbabb38395b830712865aaaa5dedec800,15A,Caleb Iyengar,****7364,PAY1293,5266.12,NETBANKING,Air India,BLR,BOM,2026-04-18 11:07:41.702,2026-04-18 13:29:41.702,142.0,BLR -> BOM,Aadhya,Naidu,60,F,a****u@gmail.com,****1793,50224b36282dc5e4a3c3e9087723d6d01a7955a9b30169b7dee7175670d01434,1966-04-17
B1761,P1331,AI099,2025-05-22 11:37:36.952,CONFIRMED,bb977b2f4251ccba9fd1c29d02b619ccbabb38395b830712865aaaa5dedec800,15A,Caleb Iyengar,****7364,PAY1420,12083.73,CARD,Air India,BLR,BOM,2026-04-18 11:07:41.702,2026-04-18 13:29:41.702,142.0,BLR -> BOM,Aadhya,Naidu,60,F,a****u@gmail.com,****1793,50224b36282dc5e4a3c3e9087723d6d01a7955a9b30169b7dee7175670d01434,1966-04-17
B1761,P1331,AI099,2025-05-22 11:37:36.952,CONFIRMED,bb977b2f4251ccba9fd1c29d02b619ccbabb38395b830712865aaaa5dedec800,15A,Caleb Iyengar,****7364,PAY1846,4405.82,NETBANKING,Air India,BLR,BOM,2026-04-18 11:07:41.702,2026-04-18 13:29:41.702,142.0,BLR -> BOM,Aadhya,Naidu,60,F,a****u@gmail.com,****1793,50224b36282dc5e4a3c3e9087723d6d01a7955a9b30169b7dee7175670d01434,1966-04-17
B1762,P1716,UK050,2025-06-04 11:37:36.952,CONFIRMED,0dddf52e82351b07a8bd47ae931166a69f97fc9b7ae0880708d169898fdee7d2,32B,Benjamin Mutti,****7986,PAY1292,2987.06,UPI,Vistara,BOM,DEL,2026-04-18 12:39:41.701,2026-04-18 13:18:41.701,39.0,BOM -> DEL,Shaurya,Mehta,85,F,s****2@rediffmail.com,****4081,ead5331e80007495709fd567174a4ea3840fa52db6e430b49d815c01995cdbd7,1941-09-19
B1762,P1716,UK050,2025-06-04 11:37:36.952,CONFIRMED,0dddf52e82351b07a8bd47ae931166a69f97fc9b7ae0880708d169898fdee7d2,32B,Benjamin Mutti,****7986,PAY1374,10910.07,NETBANKING,Vistara,BOM,DEL,2026-04-18 12:39:41.701,2026-04-18 13:18:41.701,39.0,BOM -> DEL,Shaurya,Mehta,85,F,s****2@rediffmail.com,****4081,ead5331e80007495709fd567174a4ea3840fa52db6e430b49d815c01995cdbd7,1941-09-19
B1763,P1876,UK092,2025-10-06 11:37:36.952,CANCELLED,1057e76832fa8edb3205486a5e322787dded5eae85a6c11fd9ffe36c1fde4d7f,3B,Dayita Varma,****6964,,,,Vistara,MAA,BLR,2026-04-18 11:42:41.702,2026-04-18 13:17:41.702,95.0,MAA -> BLR,Arjun,Ghosh,40,M,a****1@outlook.com,****2690,6cecf6d86efede3696ca873d90c360eae9204b0c8600114f3a4731c437e28da2,1985-11-09
B1764,P1550,SJ058,2025-06-20 11:37:36.952,CANCELLED,7b1dc121358b8506a6463d12cd32ffc5395fedb0b4ec9c2c2670f13429d7ecb2,13B,Mitali Solanki,****7667,PAY1624,10528.45,NETBANKING,SpiceJet,DEL,HYD,2026-04-18 08:58:41.701,2026-04-18 13:14:41.701,256.0,DEL -> HYD,Ira,Agarwal,52,F,i****l@hotmail.com,****0666,2550330b252e847806cf8156d0bcd75f8e5a2035ba701487c459183026bfb236,1973-10-06
B1765,P1600,SJ090,2025-12-21 11:37:36.952,CANCELLED,bc699cdb65e77f343e6d979dc3f9030fc15fc963b7c9398449f350ccfc0872ac,1C,Zehaan Bansal,****3223,PAY1057,10025.41,UPI,SpiceJet,HYD,MAA,2026-04-18 10:24:41.702,2026-04-18 13:11:41.702,167.0,HYD -> MAA,Sara,Agarwal,18,F,s****l@rediffmail.com,****9611,da54dd891ffdebbb471dbc9754c1d95abb7fa55ab57f4ec211bdaf5909f02906,2007-11-28
B1765,P1600,SJ090,2025-12-21 11:37:36.952,CANCELLED,bc699cdb65e77f343e6d979dc3f9030fc15fc963b7c9398449f350ccfc0872ac,1C,Zehaan Bansal,****3223,PAY1399,13900.07,NETBANKING,SpiceJet,HYD,MAA,2026-04-18 10:24:41.702,2026-04-18 13:11:41.702,167.0,HYD -> MAA,Sara,Agarwal,18,F,s****l@rediffmail.com,****9611,da54dd891ffdebbb471dbc9754c1d95abb7fa55ab57f4ec211bdaf5909f02906,2007-11-28
B1766,P1941,6F173,2025-09-07 11:37:36.952,CANCELLED,b94872c224622b0ce5080503d9d1cd35ba605be3fe9fc6bdc7d676a34200c026,1F,Rayaan Mangal,****3967,,,,IndiGo,BOM,CCU,2026-04-18 12:19:41.703,2026-04-18 13:08:41.703,49.0,BOM -> CCU,Riya,Naidu,10,M,r****u@gmail.com,****3602,820ebde14f90890e8b0c2c2fdd86dcee45f5f127699c6cac0de17d71082034ee,2016-09-06
B1767,P1255,AI186,2025-11-19 11:37:36.952,CONFIRMED,93d1331aff7bfd2d7b8fff1e3227f5bbf7a9c3472e7dfda6ba9fa564f33c466e,6D,Ishanvi Batta,****8557,PAY1037,5997.12,UPI,Air India,DEL,BOM,2026-04-18 11:11:41.703,2026-04-18 13:05:41.703,114.0,DEL -> BOM,Aadhya,Chatterjee,1,M,a****1@yahoo.com,****9415,b6d611a6bf7ed1c9ab0877413350aaeae3b5fb66549eb8b0965278c5d6a15443,2025-05-20
B1767,P1255,AI186,2025-11-19 11:37:36.952,CONFIRMED,93d1331aff7bfd2d7b8fff1e3227f5bbf7a9c3472e7dfda6ba9fa564f33c466e,6D,Ishanvi Batta,****8557,PAY1536,4465.09,UPI,Air India,DEL,BOM,2026-04-18 11:11:41.703,2026-04-18 13:05:41.703,114.0,DEL -> BOM,Aadhya,Chatterjee,1,M,a****1@yahoo.com,****9415,b6d611a6bf7ed1c9ab0877413350aaeae3b5fb66549eb8b0965278c5d6a15443,2025-05-20
B1768,P1991,AI130,2026-03-23 11:37:36.952,PENDING,bd0ae61fb994748f8981e22e0864197bcf658156fae0a1afe7eff40a6be5e512,13C,Garima Mahajan,****3715,PAY1939,2835.7,NETBANKING,Air India,BOM,BLR,2026-04-18 10:18:41.702,2026-04-18 12:59:41.702,161.0,BOM -> BLR,Aarav,Sharma,4,F,a****a@rediffmail.com,****5354,acd017088865ff4fc15b10e662d19db20cfdc35b908227b419f50ad2bbf95294,2022-07-24
B1770,P1727,6F203,2025-08-04 11:37:36.952,CONFIRMED,214d210c97b4b26a82ef4c347962d091595a029263489da1af595e48694d511b,8D,Rajeshri Ratta,****4847,,,,IndiGo,BLR,HYD,2026-04-18 11:05:41.703,2026-04-18 12:56:41.703,111.0,BLR -> HYD,Aadhya,das,33,M,a****s@yahoo.com,****8884,5d67e75fb95ba879f3a7edf747b589159e350c8837d1a5e4c3a66562488dd7e9,1992-11-27
B1771,P1879,6F138,2025-05-24 11:37:36.952,PENDING,e32408bdbc25cb92de72bd47ac64e79d7da49caad4707750cb7b1b887207623f,1F,Ria Raju,****1929,PAY1943,6761.89,NETBANKING,IndiGo,HYD,BLR,2026-04-18 09:49:41.702,2026-04-18 12:53:41.702,184.0,HYD -> BLR,Arjun,Kulkarni,26,F,a****i@yahoo.com,****4873,cb887778d25fbd0133ea7de7ae69fc9b1a6cd79bba53e4958b171006b0fd4509,2000-08-26
B1772,P1814,6F109,2025-08-29 11:37:36.952,PENDING,5855b49d3fa8689fc958a594f6848ef6f8f3acaee173f7120117654f93900af9,10B,Harinakshi Grover,****0379,,,,IndiGo,BLR,BOM,2026-04-18 12:00:41.702,2026-04-18 12:51:41.702,51.0,BLR -> BOM,Reyansh,Pillai,48,F,r****1@outlook.com,****5575,fbed8e8e06a727302995ca799bc695d98067a815ab738a857f3fd21ae52c2031,1977-09-22
B1773,P1171,AI074,2026-01-01 11:37:36.952,PENDING,f95c87cfa5819590cb47e2239e7fe05384d9cc30bee29d7e572913ef05b77417,16E,Watika Tank,****2633,PAY1176,11699.42,NETBANKING,Air India,CCU,BOM,2026-04-18 12:03:41.702,2026-04-18 12:50:41.702,47.0,CCU -> BOM,Ishaan,Banerjee,61,M,i****2@hotmail.com,****9167,479582a6eeb9cd3b57599fa2aff430b8fe3f77938ff5815fd04a3a5c350bdce5,1964-12-20
B1774,P1648,UK161,2026-01-07 11:37:36.952,CANCELLED,b69a687b1873cd903818aeb62f714ea600f0ba2e9f260ba218f6998d198052d1,1B,Jhalak Venkataraman,****8399,,,,Vistara,BLR,BOM,2026-04-18 10:05:41.703,2026-04-18 12:48:41.703,163.0,BLR -> BOM,Arjun,Agarwal,12,M,a****l@rediffmail.com,****8953,2821f62bdf4a84a3b9afbff6fc8bef72b54f049d23d536b139336190d2fadb54,2014-07-16
B1775,P1999,AI008,2025-06-19 11:37:36.952,CANCELLED,60b57faf4fc883ab158282ce4c652b2aba0e8e396b21695cdf3553c23a4d0338,14B,Amara Butala,****5751,PAY1442,13185.54,UPI,Air India,BOM,CCU,2026-04-18 10:43:41.701,2026-04-18 12:43:42.000,120.00498333333331,BOM -> CCU,Ananya,Pillai,13,F,a****2@yahoo.com,****9290,fcc1c9874b9f34835fc3aa169eccfd1953f43c8f3fa3646cb5f1fa746c95c8de,2012-12-15
B1776,P1497,UK121,2025-12-27 11:37:36.952,CANCELLED,69033b999023067ed715d78dd76665001d2c858fcd955b670d56f5ae490c22b5,17A,Panini Brar,****4805,PAY1632,8385.89,CARD,Vistara,BLR,BOM,2026-04-18 08:36:41.702,2026-04-18 12:36:41.702,240.0,BLR -> BOM,Ishaan,Naidu,74,M,i****u@hotmail.com,****6937,f36f3b7fcce0b2d75413853768e41d271df8cab6d884cebb2609539c9d6ba093,1952-08-20
B1776,P1497,UK121,2025-12-27 11:37:36.952,CANCELLED,69033b999023067ed715d78dd76665001d2c858fcd955b670d56f5ae490c22b5,17A,Panini Brar,****4805,PAY1703,8306.25,UPI,Vistara,BLR,BOM,2026-04-18 08:36:41.702,2026-04-18 12:36:41.702,240.0,BLR -> BOM,Ishaan,Naidu,74,M,i****u@hotmail.com,****6937,f36f3b7fcce0b2d75413853768e41d271df8cab6d884cebb2609539c9d6ba093,1952-08-20
B1777,P1470,6F154,2025-04-26 11:37:36.952,CONFIRMED,0bb25a612cf987a76101212c1d45f5e444951ffe58905a4091aa1aa7ab6bfb5f,11A,Qushi Gole,****2332,PAY1270,9927.3,UPI,IndiGo,CCU,DEL,2026-04-18 11:26:41.703,2026-04-18 12:23:41.703,57.0,CCU -> DEL,Myra,Kulkarni,23,M,m****1@rediffmail.com,****7372,5658611fbb35ab1ca831eaa14028e1c0a95db3622f10dfa2220bcecfcd637686,2002-12-01
B1778,P1383,6F161,2025-08-01 11:37:36.952,CONFIRMED,a933d60d9bdbe9c03f7374e6b3988fedd4726c1a5f82ecb66a4ca59d02f811c8,10D,Chaaya Nagi,****3333,,,,IndiGo,MAA,DEL,2026-04-18 11:24:41.703,2026-04-18 12:21:41.703,57.0,MAA -> DEL,Arjun,Nair,25,M,a****r@outlook.com,****9631,6806ed4114c92b1d840ec51a829d16e03c73644a344649c048d4796f81f03866,2001-06-18
B1779,P1689,6F153,2026-02-01 11:37:36.952,PENDING,b5efe065917d66b8641f2980257325b859f9bfdd8b3ebe214a4f4cb3f611a9e7,22B,Harshil Buch,****8308,PAY1405,8876.97,UPI,IndiGo,CCU,BLR,2026-04-18 08:23:41.703,2026-04-18 12:20:41.703,237.0,CCU -> BLR,Ira,Patel,11,F,i****l@hotmail.com,****8529,cf52aad4d49f10891fa07b9a3ff29a37fa69a31182bb1bf2926a5cfaddc35f6b,2015-03-25
B1780,P1588,6F225,2026-02-10 11:37:36.952,PENDING,1e0494cc0f478fece310f0c9a04c4046576842db063e56526610f71c6ceebbe1,11B,Falak Merchant,****0421,,,,IndiGo,HYD,CCU,2026-04-18 07:33:41.704,2026-04-18 12:12:41.704,279.0,HYD -> CCU,Sara,Singh,71,M,s****h@yahoo.com,****8599,f5ec86e6266f6450322d923b66de97d485dea4eaa7a731b75706eb88b67d4132,1955-07-04
B1781,P1699,AI191,2026-02-09 11:37:36.952,PENDING,36e8c8067645e94b683bf26d3869c97d310f0cb7cbd50fc31eab95c6cf8c528f,18C,Damini Sehgal,****6256,,,,Air India,BLR,MAA,2026-04-18 07:57:41.703,2026-04-18 11:58:41.703,241.0,BLR -> MAA,Vivaan,Agarwal,33,M,v****2@hotmail.com,****1408,7d05c47315f3a32c20c7a076ce434201a2da8681b9241f29a353bd0540983193,1993-03-22
B1782,P1506,AI218,2025-08-18 11:37:36.952,CONFIRMED,7b5566e1bf897dadaf93594a0b86ad8c5787e64433947ce9f7d2296fe6d0c24f,25F,Pooja Ganesan,****4515,PAY1511,4755.95,NETBANKING,Air India,BOM,CCU,2026-04-18 08:55:41.703,2026-04-18 11:55:41.703,180.0,BOM -> CCU,Diya,Ghosh,21,F,d****h@gmail.com,****9915,7c908217f1f8e77fb78d3bf09813e9642b56ee59da92cd358b3c73da0f9c5a6f,2005-05-14
B1783,P1991,6F267,2025-09-28 11:37:36.952,PENDING,8b07c6c20b2383a73c187de79250ad8d663ca6deaa62bca12103f00046626c89,25D,Sachi Panchal,****0935,PAY1556,8201.65,NETBANKING,IndiGo,DEL,MAA,2026-04-18 07:56:41.703,2026-04-18 11:49:41.703,233.0,DEL -> MAA,Aarav,Sharma,4,F,a****a@rediffmail.com,****5354,acd017088865ff4fc15b10e662d19db20cfdc35b908227b419f50ad2bbf95294,2022-07-24
B1784,P1526,UK125,2025-08-20 11:37:36.952,CANCELLED,3886a1faa09b685180a1f650d9bd8bcbe33221089b8cbbda1ce4fb01c4a0ae19,1B,Sanya Basak,****5181,PAY1562,1577.5,UPI,Vistara,HYD,BOM,2026-04-18 06:58:41.702,2026-04-18 11:44:41.702,286.0,HYD -> BOM,Saanvi,Singh,62,M,s****h@rediffmail.com,****6599,ceabb603d2e6e5b3a4c0480b9af02c77a7797daa17c79acfb1ec0d9b9be646e0,1964-05-02
B1785,P1803,6F208,2025-08-19 11:37:36.952,PENDING,c78fd77799b368fee0424822dcda842cf68d278bc15c4a2fc99f66f8b08dd98a,1B,Ira Saran,****6443,PAY1265,2489.15,UPI,IndiGo,CCU,BOM,2026-04-18 08:27:41.703,2026-04-18 11:34:41.703,187.0,CCU -> BOM,Krishna,Singh,82,F,k****h@outlook.com,****0563,e8e48b9bdf2fe29c68a97ab5763e70a557ce6eec94e1ce443f8fd793c66d95d9,1944-01-03
B1786,P1830,6F119,2026-02-12 11:37:36.952,CANCELLED,1fc08c52c32651a5753af897c83065e4e1768f3cb43b2c0a521b10bb2c49cce6,26B,Anvi Bhandari,****4345,PAY1977,14801.3,CARD,IndiGo,DEL,BOM,2026-04-18 09:19:41.702,2026-04-18 11:33:41.702,134.0,DEL -> BOM,Myra,Joshi,7,M,m****i@outlook.com,****0065,ba87fda435e6880140cb1aaa4597807a3a99ed5bcb5314713f4140e9acb97ca3,2018-12-26
B1787,P1324,AI063,2025-07-11 11:37:36.952,CONFIRMED,3ea97cb742b62d1a00c376fc6ad1a8b9c04130db401878420481abffdd202246,1E,Falan Ravi,****6387,PAY1040,4567.25,CARD,Air India,HYD,BLR,2026-04-18 07:03:41.701,2026-04-18 11:26:41.701,263.0,HYD -> BLR,Saanvi,Naidu,30,F,s****1@gmail.com,****0893,8e38ae43b2eb67e049a3f35b9db15b3fc9cf4de20d0d18a413fd007534f8b92d,1996-06-21
B1787,P1324,AI063,2025-07-11 11:37:36.952,CONFIRMED,3ea97cb742b62d1a00c376fc6ad1a8b9c04130db401878420481abffdd202246,1E,Falan Ravi,****6387,PAY1203,6253.45,UPI,Air India,HYD,BLR,2026-04-18 07:03:41.701,2026-04-18 11:26:41.701,263.0,HYD -> BLR,Saanvi,Naidu,30,F,s****1@gmail.com,****0893,8e38ae43b2eb67e049a3f35b9db15b3fc9cf4de20d0d18a413fd007534f8b92d,1996-06-21
B1787,P1324,AI063,2025-07-11 11:37:36.952,CONFIRMED,3ea97cb742b62d1a00c376fc6ad1a8b9c04130db401878420481abffdd202246,1E,Falan Ravi,****6387,PAY1869,2509.98,CARD,Air India,HYD,BLR,2026-04-18 07:03:41.701,2026-04-18 11:26:41.701,263.0,HYD -> BLR,Saanvi,Naidu,30,F,s****1@gmail.com,****0893,8e38ae43b2eb67e049a3f35b9db15b3fc9cf4de20d0d18a413fd007534f8b92d,1996-06-21
B1788,P1213,UK016,2025-06-05 11:37:36.952,CANCELLED,5393a4a8aec23638a4349c3e888ef2a80425e532005ce2fd5f8dab705396e0d7,2B,Januja Varghese,****9612,,,,Vistara,DEL,CCU,2026-04-18 10:42:41.701,2026-04-18 11:22:41.701,40.0,DEL -> CCU,Sai,Pillai,67,F,s****i@outlook.com,****0044,c54625f6ea1e9d06a266584c0ff2c03b7878a789ade9f40806564b7121b68c35,1958-12-18
B1789,P1207,6F048,2026-01-13 11:37:36.952,CANCELLED,29118d6e6864630097d1ab77ff7e57b8c4d4436a7fdca4a69f2b1b927d534fc2,30F,Nathaniel Balasubramanian,****9133,PAY1650,11758.27,NETBANKING,IndiGo,HYD,DEL,2026-04-18 10:27:41.701,2026-04-18 11:18:41.701,51.0,HYD -> DEL,Sai,Ghosh,2,F,s****h@yahoo.com,****1912,48399b9b5331613198c443fd075f4b65e813bd28bbb7bff5522a62c59c43f820,2024-03-14
B1790,P1168,6F266,2025-04-23 11:37:36.952,CANCELLED,09696b649598115db9697a17c925dc8a9ee1e8c1ee30028c010703e330d85b71,28A,Luke Sarma,****5551,PAY1144,1700.5,CARD,IndiGo,CCU,MAA,2026-04-18 09:49:41.703,2026-04-18 11:17:41.703,88.0,CCU -> MAA,Myra,Agarwal,62,F,m****l@rediffmail.com,****5589,c235bdbf03df8a9fc649267ebfc0f96b3040fbce55690b1f005559be04a486d9,1964-08-25
B1790,P1168,6F266,2025-04-23 11:37:36.952,CANCELLED,09696b649598115db9697a17c925dc8a9ee1e8c1ee30028c010703e330d85b71,28A,Luke Sarma,****5551,PAY1425,3271.3,CARD,IndiGo,CCU,MAA,2026-04-18 09:49:41.703,2026-04-18 11:17:41.703,88.0,CCU -> MAA,Myra,Agarwal,62,F,m****l@rediffmail.com,****5589,c235bdbf03df8a9fc649267ebfc0f96b3040fbce55690b1f005559be04a486d9,1964-08-25
B1791,P1329,AI167,2026-02-24 11:37:36.952,CONFIRMED,377ee23c58948a5dc420433e61d4af59dfe3a0fa3d8e141b426612934e80745b,3C,Bakhshi Date,****4040,,,,Air India,BLR,DEL,2026-04-18 06:43:41.703,2026-04-18 11:10:41.703,267.0,BLR -> DEL,Arjun,Sharma,45,F,a****a@gmail.com,****1951,414ab4da8a8a80561025830bbaa5a928446d75c0b55f048b8fb189b3d3c92cf4,1980-12-19
B1792,P1279,6F165,2026-01-17 11:37:36.952,CONFIRMED,2921dbc35c449f8fc04f91f7514cce6ee81dec4d6ea84fb1ee5d9f8e065d0f29,8E,Ekalinga Keer,****4900,,,,IndiGo,BLR,BOM,2026-04-18 10:11:41.703,2026-04-18 11:09:41.703,58.0,BLR -> BOM,Ira,Reddy,82,M,i****y@gmail.com,****5743,81590ff7798f9c791fe9aa0080668c0eb9b598daf45de736384a359db8b39d02,1944-02-13
B1793,P1977,SJ104,2025-11-25 11:37:36.952,CONFIRMED,a7dfd0570e55a09376713a56beb8c17ce8743f5c81bc54ca8eae3f40b6d701ab,14C,Jeevika Pathak,****6899,PAY1294,12515.25,NETBANKING,SpiceJet,HYD,DEL,2026-04-18 10:00:41.702,2026-04-18 11:00:42.000,60.00496666666666,HYD -> DEL,Shaurya,Joshi,64,M,s****2@outlook.com,****3412,a4e62d2f18c4ec1716589702d7cd29e3678f8a39757ea0fe79d02bda5ae3917f,1962-08-20
B1794,P1304,UK160,2025-06-26 11:37:36.952,CONFIRMED,c779190e99477ab32b28f6daa0151e0eab1034ca0e5acd3f9e4ffc8b3259756e,8D,Leela Bali,****2055,,,,Vistara,BLR,BOM,2026-04-18 06:42:41.703,2026-04-18 10:58:41.703,256.0,BLR -> BOM,Myra,Khan,37,F,m****n@rediffmail.com,****5164,2daae2196a5707cee8054799070b7a04dd351023ce01ca4d25647f1771dbaa4a,1988-11-07
B1795,P1145,UK160,2026-03-21 11:37:36.952,PENDING,b3312b0b6152eceb5135cd803214643e78f361ce1c8cefe7e46a45e57cf1d442,9C,Mitesh Sengupta,****1256,PAY1045,11714.65,CARD,Vistara,BLR,BOM,2026-04-18 06:42:41.703,2026-04-18 10:58:41.703,256.0,BLR -> BOM,Ananya,Pillai,4,F,a****i@yahoo.com,****3231,f31201e899848f7e4c4017cd1b49656b571e895f9162cd6c683565e3a42c7afa,2022-08-28
B1796,P1774,SJ230,2025-11-28 11:37:36.952,CONFIRMED,912c45fda4856be49228fe91f4a1277214e15732ab0c8280464a9b9b14716d3d,9B,Kamala Prabhu,****4004,,,,SpiceJet,BOM,CCU,2026-04-18 06:22:41.704,2026-04-18 10:57:41.704,275.0,BOM -> CCU,Aditya,Ghosh,88,F,a****1@yahoo.com,****8542,377711e7a7c0acab43b44da4f5191e4d1565b4333b748e300e8d1312a5db4186,1938-04-27
B1797,P1515,AI042,2025-06-03 11:37:36.952,CANCELLED,eea73527e427e74aa79e60b8884456a3a517f9d59ce7b7b8d774cae0e0b4198e,1A,Sachi Bose,****9536,,,,Air India,CCU,DEL,2026-04-18 09:53:41.701,2026-04-18 10:57:41.701,64.0,CCU -> DEL,Ishaan,Iyer,24,M,i****1@outlook.com,****8067,6a028f5250c5b49068e2751c1bfaa8ef08446a8f3a87bbed5ee9836efe8de34f,2002-07-02
B1798,P1089,UK197,2025-05-16 11:37:36.952,CONFIRMED,9c71f9d3a6e780e79d360d616348fe272d3e537e49bab8068cf40013d6ab04d3,23E,Laksh Wagle,****7952,PAY1535,14793.78,UPI,Vistara,BLR,HYD,2026-04-18 09:22:41.703,2026-04-18 10:54:41.703,92.0,BLR -> HYD,Ishaan,Mishra,24,M,i****a@gmail.com,****7422,ad0fd6916e746107f88585f8a671f936b6d94469e4b3465903a1862c53e9de0d,2002-07-28
B1799,P1452,AI107,2026-02-05 11:37:36.952,PENDING,6bf15e3f33b925a335606a3f9cc3a8ca22a6a97aee7599432dd968133d716345,16E,Jeevika Rao,****3044,,,,Air India,HYD,CCU,2026-04-18 10:03:41.702,2026-04-18 10:49:41.702,46.0,HYD -> CCU,Aadhya,Naidu,33,F,a****1@yahoo.com,****1721,13bf15968a64a60504c65183eca7fc2c6f209ad1867ab799d94a29c126a26345,1993-09-11
B1800,P1059,SJ128,2025-08-22 11:37:36.952,PENDING,eef52c1399aedc9a0c59664725cae3b046b594615a0160dcd904b485b78e0246,7F,Dipta Mallick,****2677,PAY1335,4478.56,NETBANKING,SpiceJet,CCU,BLR,2026-04-18 07:39:41.702,2026-04-18 10:42:41.702,183.0,CCU -> BLR,Ishaan,Banerjee,46,F,i****e@outlook.com,****3112,0adaa2d1cb62eca01583b0c1a9b8fe0000a43ffc70506b40d93896e57d73d34c,1979-10-13
B1801,P1310,6F121,2026-04-14 11:37:36.952,PENDING,2137a0d6eb13d49ad96fd4d2057c59000a1a3b5e24e1f688c05f746feab81733,34F,Zaid Comar,****4800,,,,IndiGo,HYD,MAA,2026-04-18 05:44:41.702,2026-04-18 10:42:41.702,298.0,HYD -> MAA,Aarav,Singh,21,F,a****1@rediffmail.com,****9438,e2a422e74686347fd26f8b002db7c7ad7ef2ad5ef805875d292a4c5b68910ede,2005-02-06
B1803,P1226,SJ137,2026-02-21 11:37:36.952,CONFIRMED,3c71fb9d6c85ef2d0b970be13d1e8c3d49d7cdbb3c5a482bda256bec2c96ed52,24F,Xalak Vasa,****2358,PAY1965,5663.2,UPI,SpiceJet,CCU,DEL,2026-04-18 06:08:41.702,2026-04-18 10:14:41.702,246.0,CCU -> DEL,Kavya,Chatterjee,58,F,k****e@rediffmail.com,****8456,50d3945a4f03f5159be76e0ce2901a32e8c8f6d0dd60e8e1a311832e1c7f362a,1967-12-16
B1804,P1473,AI232,2025-11-12 11:37:36.952,CONFIRMED,516fa95af3ca4c7b4bab79741cbf204d847ccf30c100dc5a5ac9f2d781da663e,1F,Lila Dalal,****7409,PAY1881,9496.04,UPI,Air India,DEL,BLR,2026-04-18 06:43:41.704,2026-04-18 10:13:41.704,210.0,DEL -> BLR,Vivaan,Singh,35,M,v****h@rediffmail.com,****9807,d94f1253c9cec609d8a8c4347d9ec634b2645c30d78540e26ae6933eebaa750f,1991-01-13
B1805,P1977,SJ113,2025-10-26 11:37:36.952,CONFIRMED,56d5c7476d10e16412dd57f2a6e0c1be1067f48d4b502f9a6ba39e110fa30d92,14B,Adweta Lad,****0072,,,,SpiceJet,BLR,BOM,2026-04-18 08:10:41.702,2026-04-18 10:10:42.000,120.00496666666666,BLR -> BOM,Shaurya,Joshi,64,M,s****2@outlook.com,****3412,a4e62d2f18c4ec1716589702d7cd29e3678f8a39757ea0fe79d02bda5ae3917f,1962-08-20
B1806,P1540,AI117,2025-08-02 11:37:36.952,CANCELLED,b6e51833d26c78a53bb09873a7edda69d8a2039f6507341a66251cceb8507474,17A,Sanaya Kala,****5917,PAY1686,14488.78,NETBANKING,Air India,HYD,BLR,2026-04-18 08:18:41.702,2026-04-18 10:09:41.702,111.0,HYD -> BLR,Kavya,Khan,28,F,k****n@hotmail.com,****7029,f451c6bad83c1556e9b409cffd1f283f07bb19ca7237a81634eb4574650ee4a5,1998-03-26
B1807,P1662,6F185,2025-06-28 11:37:36.952,CANCELLED,e37166d7121c8d90f38e15c5d648e97f2423389910b4e31391a53eeaaad549a2,12C,Bhavika Swaminathan,****0544,PAY1188,1759.8,UPI,IndiGo,CCU,DEL,2026-04-18 07:49:41.703,2026-04-18 10:08:41.703,139.0,CCU -> DEL,Ira,Verma,41,F,i****a@gmail.com,****4129,e0b1dad3a3756a90215143cc6692346836b79164f5142770d57d3e0fb7a91b7e,1985-03-23
B1808,P1756,AI194,2026-01-26 11:37:36.952,PENDING,24f75f7198e41855863afbee5d7465be7050a2bcec2413b7b425d5bfd08c7355,3B,Ryan Das,****8184,,,,Air India,MAA,BLR,2026-04-18 05:09:41.703,2026-04-18 09:38:41.703,269.0,MAA -> BLR,Ira,Nair,51,F,i****1@rediffmail.com,****6473,4e19b5df1206894eed02c257efdca62c8a581949352d25bb03f8b4e45b3d0576,1975-07-21
B1809,P1781,UK045,2026-04-09 11:37:36.952,PENDING,4568afa34a4cb48fdc7ec77f9022dbc77e8db95c1ab3c337e0d302ee780a24b7,13B,Krishna Borah,****6068,PAY1770,2114.98,CARD,Vistara,MAA,HYD,2026-04-18 07:43:41.701,2026-04-18 09:28:41.701,105.0,MAA -> HYD,Arjun,Singh,43,M,a****1@hotmail.com,****2642,ac79f4bd89c4dd3235d992e06a1682bcf5667e4640f5a9db5a8814b1407f5dbc,1983-07-01
B1810,P1078,6F228,2026-03-20 11:37:36.952,CONFIRMED,703372582d619254cec03f93a7f2c0ccbd7c2504a9714dec129d45a21765482b,34B,Siya Gera,****6421,,,,IndiGo,HYD,MAA,2026-04-18 04:36:41.704,2026-04-18 09:27:41.704,291.0,HYD -> MAA,Reyansh,Reddy,47,M,r****y@yahoo.com,****5806,fd162e1f86eaabde09ee158a88fc86d463e8066676e8139ab1b9511f48079374,1978-12-04
B1811,P1432,SJ190,2026-04-04 11:37:36.952,CANCELLED,d65fda1865faf86bea04d8907bf8bd48610c6d74daf9aa08322341c35138eb23,25A,Sai Chahal,****0858,PAY1202,9625.29,NETBANKING,SpiceJet,BOM,CCU,2026-04-18 04:57:41.703,2026-04-18 09:25:41.703,268.0,BOM -> CCU,Sai,Chatterjee,68,F,s****e@outlook.com,****1007,7cd73111b2d4855eebf192ca0380d24a25ed1d2ca5ddb4ba7a67a966fc252557,1957-12-14
B1812,P1800,AI156,2026-01-06 11:37:36.952,CANCELLED,eb85d00ee61f47fb3564718e09ca5c549282c6b366ebc3c3b4d9103eaf0f5431,8A,Ekaja Palan,****5943,PAY1192,1736.99,UPI,Air India,CCU,BOM,2026-04-18 07:39:41.703,2026-04-18 09:22:41.703,103.0,CCU -> BOM,Reyansh,Joshi,19,M,r****i@yahoo.com,****5515,4909a7886452ce7e7951b1ee6b0ea4d84a1d2801ee99b5386225d98543012d37,2007-03-14
B1814,P1788,UK033,2025-06-22 11:37:36.952,CONFIRMED,65e8422d839596f942c9cf2923fb31cee842641790c8d4e3ea3710d5d7571349,26C,Charita Dugar,****2354,PAY1142,8653.51,UPI,Vistara,HYD,DEL,2026-04-18 04:34:41.701,2026-04-18 09:18:41.701,284.0,HYD -> DEL,Reyansh,Mishra,8,F,r****a@rediffmail.com,****9366,0da0cb2fc8b3fc4eba256f51e3ae1169beeaec5a8e6e6a504183a4b53d106be8,2018-08-16
B1814,P1788,UK033,2025-06-22 11:37:36.952,CONFIRMED,65e8422d839596f942c9cf2923fb31cee842641790c8d4e3ea3710d5d7571349,26C,Charita Dugar,****2354,PAY1702,1286.68,UPI,Vistara,HYD,DEL,2026-04-18 04:34:41.701,2026-04-18 09:18:41.701,284.0,HYD -> DEL,Reyansh,Mishra,8,F,r****a@rediffmail.com,****9366,0da0cb2fc8b3fc4eba256f51e3ae1169beeaec5a8e6e6a504183a4b53d106be8,2018-08-16
B1815,P1400,UK137,2025-05-01 11:37:36.952,PENDING,2484c5616cc9fb06c16949a02384f853845691b6b9ac16c887c8f541caeb4eac,3C,Owen Pathak,****2431,PAY1667,4905.53,NETBANKING,Vistara,BOM,MAA,2026-04-18 07:04:41.703,2026-04-18 09:14:41.703,130.0,BOM -> MAA,Shaurya,Agarwal,60,M,s****1@rediffmail.com,****2241,39a6baa761a98239781aa17d35d6148ffbce74f2e3858c93686d2e9496abb9ee,1966-08-23
B1815,P1400,UK137,2025-05-01 11:37:36.952,PENDING,2484c5616cc9fb06c16949a02384f853845691b6b9ac16c887c8f541caeb4eac,3C,Owen Pathak,****2431,PAY1794,1450.31,UPI,Vistara,BOM,MAA,2026-04-18 07:04:41.703,2026-04-18 09:14:41.703,130.0,BOM -> MAA,Shaurya,Agarwal,60,M,s****1@rediffmail.com,****2241,39a6baa761a98239781aa17d35d6148ffbce74f2e3858c93686d2e9496abb9ee,1966-08-23
B1816,P1278,UK214,2025-06-21 11:37:36.952,PENDING,cce67ae025959daaa0c33441e12d74ab330c519a30fcca05bce886d7ea18481c,20F,Yashoda Kapur,****0724,PAY1879,4762.94,UPI,Vistara,HYD,DEL,2026-04-18 05:30:41.704,2026-04-18 09:10:41.704,220.0,HYD -> DEL,Aditya,Naidu,17,M,a****u@hotmail.com,****9071,6d224a7164c7f9aaee4ba3a4ba02cdb9d58682a4447169cb3155dc00c2ed6fdb,2008-10-07
B1817,P1056,6F033,2025-06-07 11:37:36.952,PENDING,ed6179e2a5466ef6f12a6b58e42f42ce65cb0ee40f629a71866e3e4a7a7980f0,28D,Jairaj Iyer,****5836,PAY1544,11252.26,NETBANKING,IndiGo,DEL,HYD,2026-04-18 07:08:41.701,2026-04-18 09:08:41.701,120.0,DEL -> HYD,Saanvi,Das,70,F,s****s@rediffmail.com,****3628,9be5c098c761d9fad9492301a11a8cbd2123b9d091fe373cfeaa33fa0111f49b,1955-12-06
B1817,P1056,6F033,2025-06-07 11:37:36.952,PENDING,ed6179e2a5466ef6f12a6b58e42f42ce65cb0ee40f629a71866e3e4a7a7980f0,28D,Jairaj Iyer,****5836,PAY1637,7766.36,CARD,IndiGo,DEL,HYD,2026-04-18 07:08:41.701,2026-04-18 09:08:41.701,120.0,DEL -> HYD,Saanvi,Das,70,F,s****s@rediffmail.com,****3628,9be5c098c761d9fad9492301a11a8cbd2123b9d091fe373cfeaa33fa0111f49b,1955-12-06
B1818,P1976,AI114,2025-11-07 11:37:36.952,CONFIRMED,e77286a7fc8c0918f3b11f1bcae191b56ddb149fc16ce1ca86cce608f8b6b052,26B,Liam Khalsa,****6645,PAY1025,4317.72,NETBANKING,Air India,CCU,DEL,2026-04-18 07:48:41.702,2026-04-18 09:03:41.702,75.0,CCU -> DEL,Reyansh,Khan,60,M,r****n@hotmail.com,****6986,d5d7165ab204f4bfc03ac7a4ae3326bec1218fd8dc1e2b8ebe54e6b1d5a57c60,1966-04-27
B1819,P1185,AI017,2026-01-19 11:37:36.952,CONFIRMED,89253e839728ffee2e752cee367b1737c78c3c351d747362ebe526f49c2bc456,21E,Wakeeta Bal,****3150,,,,Air India,CCU,BOM,2026-04-18 05:15:41.701,2026-04-18 08:48:41.701,213.0,CCU -> BOM,Aditya,Kulkarni,24,M,a****i@outlook.com,****6129,a589164f9c8e62c146ccb51c223c238a58e04ebcbe7b8f1b86d9e9b27f927fb5,2002-07-25
B1820,P1397,6F244,2025-12-01 11:37:36.952,PENDING,c02bc93ead6158f637fcbcc9d2144ce70812bb1ca39829eae4a6173900020523,18E,Jalsa Pillay,****9804,PAY1123,7609.63,UPI,IndiGo,MAA,CCU,2026-04-18 07:07:41.704,2026-04-18 08:31:41.704,84.0,MAA -> CCU,Ishaan,Patel,60,M,i****l@gmail.com,****5005,15c775c808ec82677a6ca27d023647da2eeb132dcca82b6c14566160fad66ebb,1966-02-02
B1820,P1397,6F244,2025-12-01 11:37:36.952,PENDING,c02bc93ead6158f637fcbcc9d2144ce70812bb1ca39829eae4a6173900020523,18E,Jalsa Pillay,****9804,PAY1901,14865.24,UPI,IndiGo,MAA,CCU,2026-04-18 07:07:41.704,2026-04-18 08:31:41.704,84.0,MAA -> CCU,Ishaan,Patel,60,M,i****l@gmail.com,****5005,15c775c808ec82677a6ca27d023647da2eeb132dcca82b6c14566160fad66ebb,1966-02-02
B1821,P1604,6F160,2025-11-27 11:37:36.952,PENDING,09b389447f89b57019429810e1e088ce198adccd799bb24afb7965b182d774e8,1C,Unni Dayal,****1814,PAY1513,5390.05,UPI,IndiGo,MAA,BLR,2026-04-18 04:09:41.703,2026-04-18 08:26:41.703,257.0,MAA -> BLR,Riya,Mishra,12,F,r****a@gmail.com,****0229,2f93dca29ad27070132b01de768d6563e60d9e1b765496e199806c93a73e5d1a,2013-11-24
B1822,P1787,6F088,2026-01-05 11:37:36.952,CANCELLED,c6659e6f9a3ce2ac3115dc3fb14ff4a84a6a4cc2b655de3284209fddf9ac3721,17D,Gabriel Bhatti,****4944,PAY1391,7545.61,NETBANKING,IndiGo,CCU,BLR,2026-04-18 05:51:41.702,2026-04-18 08:22:41.702,151.0,CCU -> BLR,Reyansh,Mehta,16,F,r****a@gmail.com,****3612,65ded7bfc5c516804769e08a033fac81d8e7720e81c5a87c71a28fe184d40260,2010-07-13
B1823,P1157,6F155,2025-11-26 11:37:36.952,CANCELLED,784d546f628723ab8cede91b1f5b4eba2c57f3c353f83f691a7c6607fd17cd6e,19E,Dayamai Rao,****9978,PAY1349,7854.23,UPI,IndiGo,DEL,BLR,2026-04-18 07:47:41.703,2026-04-18 08:20:41.703,33.0,DEL -> BLR,Arjun,Agarwal,65,M,a****l@hotmail.com,****1733,ab4a89b331a399dd9951a9d315bc84bc8de76a402e64615c0097e0b17a62ef28,1960-10-13
B1824,P1786,AI095,2026-04-15 11:37:36.952,PENDING,e97d0383fe86aa5a71c3fd254e9a3288f576fc0bee8368e4eaec167a8161fd93,9B,Varenya Vora,****9591,PAY1452,10599.9,CARD,Air India,DEL,MAA,2026-04-18 05:00:41.702,2026-04-18 08:18:41.702,198.0,DEL -> MAA,Krishna,Verma,75,M,k****1@hotmail.com,****1325,16e20e4de286dcfcb97f339ec171c3b2925b14f0bc3118b6d19e52f034d025b6,1951-08-28
B1825,P1692,6F139,2025-05-17 11:37:36.952,PENDING,0740083a652c7a97a06c3ab11e0fe7040bc071c8344bc8b42c4c90d6fc6d18a9,5E,Nirja Rout,****3447,PAY1733,5950.28,CARD,IndiGo,HYD,MAA,2026-04-18 04:55:41.702,2026-04-18 08:17:41.702,202.0,HYD -> MAA,Sara,Verma,63,F,s****1@gmail.com,****0048,48d78a19f743780bb41bcd0b9b2b0d3d791eda80b047ab056aa5eca4122043e2,1963-01-21
B1826,P1358,6F101,2025-07-11 11:37:36.952,CANCELLED,4c069f6064232614bfdb5f56f69f4aa8fa6d3f963a922ba58730372999c23134,19A,Ethan Dass,****1324,PAY1413,5128.12,CARD,IndiGo,BOM,MAA,2026-04-18 03:18:41.702,2026-04-18 08:15:41.702,297.0,BOM -> MAA,Ishaan,Banerjee,42,F,i****e@rediffmail.com,****3247,6d3fe7d198fba789af128181036f0f5bae2d49e5bdff41ac75142a189e28b033,1984-05-21
B1827,P1439,AI054,2025-06-23 11:37:36.952,PENDING,c47053969b849f627f55640a32d82cc9f0693392291375fdb07ce53158502ef4,20D,Edhitha Borah,****8662,PAY1427,12661.75,UPI,Air India,HYD,CCU,2026-04-18 03:44:41.701,2026-04-18 08:10:41.701,266.0,HYD -> CCU,Aditya,Khan,86,M,a****n@outlook.com,****9586,3e8a2af96b41ab514b2134daa58b073c6a439a35eb14d37e571e989c7c9e4f5b,1940-07-11
B1827,P1439,AI054,2025-06-23 11:37:36.952,PENDING,c47053969b849f627f55640a32d82cc9f0693392291375fdb07ce53158502ef4,20D,Edhitha Borah,****8662,PAY1783,13802.23,NETBANKING,Air India,HYD,CCU,2026-04-18 03:44:41.701,2026-04-18 08:10:41.701,266.0,HYD -> CCU,Aditya,Khan,86,M,a****n@outlook.com,****9586,3e8a2af96b41ab514b2134daa58b073c6a439a35eb14d37e571e989c7c9e4f5b,1940-07-11
B1828,P1588,SJ094,2025-05-18 11:37:36.952,CANCELLED,05e9db9f9ff03e2a2a9ec835c7a51d0b9595d2b8852881398433552022e8bfbf,25B,Shivani Shukla,****0685,PAY1226,9418.44,UPI,SpiceJet,MAA,HYD,2026-04-18 03:23:41.702,2026-04-18 08:07:41.702,284.0,MAA -> HYD,Sara,Singh,71,M,s****h@yahoo.com,****8599,f5ec86e6266f6450322d923b66de97d485dea4eaa7a731b75706eb88b67d4132,1955-07-04
B1829,P1465,6F217,2026-01-15 11:37:36.952,CANCELLED,c5d2ffbfa44190105efb7952e53df0bfa89db4ebe2d88838dbd6eb2a0bd96b00,4E,Zansi Padmanabhan,****4517,PAY1470,4847.06,CARD,IndiGo,BLR,BOM,2026-04-18 05:13:41.704,2026-04-18 08:01:41.704,168.0,BLR -> BOM,Vivaan,Chatterjee,23,M,v****e@yahoo.com,****2240,94c599a3bbe5215f7c412b17468434e025fa54f2ab42ca75c03f536e5ca8ae5f,2002-10-10
B1830,P1662,6F100,2026-04-15 11:37:36.952,CANCELLED,f0c2ba88726e4eb0106ed1769552ea0178774ea9d26ee5b000f02f9f36b94c21,23C,Kabir Gopal,****1529,PAY1303,12651.33,CARD,IndiGo,BOM,BLR,2026-04-18 04:40:41.702,2026-04-18 07:49:41.702,189.0,BOM -> BLR,Ira,Verma,41,F,i****a@gmail.com,****4129,e0b1dad3a3756a90215143cc6692346836b79164f5142770d57d3e0fb7a91b7e,1985-03-23
B1831,P1445,6F081,2026-02-05 11:37:36.952,CONFIRMED,344f7c8a5ee6580c479b9e69db5ad6b0ce3fcfc7656b04fc5d07ca44c18c6d44,21C,Kai Sant,****6991,PAY1063,12421.49,CARD,IndiGo,MAA,BLR,2026-04-18 06:04:41.702,2026-04-18 07:43:41.702,99.0,MAA -> BLR,Diya,Naidu,62,F,d****1@hotmail.com,****6278,bd27f3b24487214ffaa8c3e1cd2cdf65659d96df09d56ee0e1a18350bc168601,1964-03-15
B1831,P1445,6F081,2026-02-05 11:37:36.952,CONFIRMED,344f7c8a5ee6580c479b9e69db5ad6b0ce3fcfc7656b04fc5d07ca44c18c6d44,21C,Kai Sant,****6991,PAY1713,13574.02,CARD,IndiGo,MAA,BLR,2026-04-18 06:04:41.702,2026-04-18 07:43:41.702,99.0,MAA -> BLR,Diya,Naidu,62,F,d****1@hotmail.com,****6278,bd27f3b24487214ffaa8c3e1cd2cdf65659d96df09d56ee0e1a18350bc168601,1964-03-15
B1832,P1749,SJ156,2025-06-17 11:37:36.952,CONFIRMED,67e813b76bf33d2cd58239f3abf0784efd7a07801aa0652df8f4ff7f35b0b3b2,4D,Yadavi Bhakta,****2142,PAY1645,11197.41,NETBANKING,SpiceJet,BOM,DEL,2026-04-18 06:59:41.703,2026-04-18 07:34:41.703,35.0,BOM -> DEL,Sara,Agarwal,38,M,s****1@rediffmail.com,****4202,05ffb742a61c4843b78812618f04ae362d816da747b13992d2e01f98a447c4f6,1988-04-26
B1833,P1800,6F060,2025-06-07 11:37:36.952,PENDING,1c6fae528078b8d04499bd24209a1a204af3c9dcf7e0dfb44a2201db281dd9c3,27D,Jeet Vasa,****4267,PAY1862,5872.19,UPI,IndiGo,DEL,BLR,2026-04-18 05:29:41.701,2026-04-18 07:29:42.000,120.00498333333331,DEL -> BLR,Reyansh,Joshi,19,M,r****i@yahoo.com,****5515,4909a7886452ce7e7951b1ee6b0ea4d84a1d2801ee99b5386225d98543012d37,2007-03-14
B1834,P1742,UK129,2025-08-14 11:37:36.952,CANCELLED,7c0ccb54f288e13cfa4534f3269ca13348ead6fba5f00837ce8c928fa7616a9c,33E,Michael Modi,****1511,PAY1958,7570.53,NETBANKING,Vistara,HYD,MAA,2026-04-18 06:29:41.702,2026-04-18 07:29:42.000,60.00496666666666,HYD -> MAA,Aditya,Mehta,23,M,a****a@hotmail.com,****7447,90312d565c87e475f51f7fca2e4e4fab2dacc5ddda9b804b2eb3d8220f50e917,2003-03-13
B1835,P1487,UK032,2026-02-07 11:37:36.952,CONFIRMED,c8af127b0eb2192ae8f3a73131db1c8db99a468f23d9cf41852cd0562fe61007,2E,Nitesh Edwin,****2240,,,,Vistara,BLR,BOM,2026-04-18 03:31:41.701,2026-04-18 07:28:41.701,237.0,BLR -> BOM,Ira,Banerjee,29,M,i****1@outlook.com,****0835,ff1e441533fe6e1592c1c334a0ceaddf86152d501a345be6d2b5034626fbbcee,1997-02-25
B1836,P1529,AI166,2025-09-23 11:37:36.952,PENDING,82f32974bca2d4fed02d75f755a21d9b0ad46b742ede29223d7e4a085083de89,13A,Ekantika Kar,****3090,,,,Air India,BOM,CCU,2026-04-18 04:20:41.703,2026-04-18 07:23:41.703,183.0,BOM -> CCU,Kavya,Singh,86,M,k****h@yahoo.com,****5664,f938e7dd245921f006e34dce3557fc9b00f8da4fd55ddc9fff7f5d80d8aee2d6,1940-06-13
B1837,P1072,SJ056,2025-10-31 11:37:36.952,PENDING,0962aea689fc9ad53d09c7ba2738d67eda7b38187e82e123922240d0437dc85f,22F,Hiral Venkataraman,****9029,PAY1697,14269.72,UPI,SpiceJet,HYD,DEL,2026-04-18 06:11:41.701,2026-04-18 07:10:41.701,59.0,HYD -> DEL,Krishna,Banerjee,18,M,k****e@yahoo.com,****7037,7fa979583c28087962c76fdf718a8a148ed0e9cf7bb035d35b27b9225e0c0ed4,2008-02-22
B1837,P1072,SJ056,2025-10-31 11:37:36.952,PENDING,0962aea689fc9ad53d09c7ba2738d67eda7b38187e82e123922240d0437dc85f,22F,Hiral Venkataraman,****9029,PAY1772,14270.18,NETBANKING,SpiceJet,HYD,DEL,2026-04-18 06:11:41.701,2026-04-18 07:10:41.701,59.0,HYD -> DEL,Krishna,Banerjee,18,M,k****e@yahoo.com,****7037,7fa979583c28087962c76fdf718a8a148ed0e9cf7bb035d35b27b9225e0c0ed4,2008-02-22
B1837,P1072,SJ056,2025-10-31 11:37:36.952,PENDING,0962aea689fc9ad53d09c7ba2738d67eda7b38187e82e123922240d0437dc85f,22F,Hiral Venkataraman,****9029,PAY1996,10803.01,NETBANKING,SpiceJet,HYD,DEL,2026-04-18 06:11:41.701,2026-04-18 07:10:41.701,59.0,HYD -> DEL,Krishna,Banerjee,18,M,k****e@yahoo.com,****7037,7fa979583c28087962c76fdf718a8a148ed0e9cf7bb035d35b27b9225e0c0ed4,2008-02-22
B1838,P1928,SJ101,2025-06-12 11:37:36.952,PENDING,377808e9942f148dec5b307b1dbce7e5e6e27c5fc3a5f6272965dcf7383b384c,18F,Bhanumati Brar,****8297,,,,SpiceJet,CCU,DEL,2026-04-18 05:17:41.702,2026-04-18 06:57:41.702,100.0,CCU -> DEL,Shaurya,Agarwal,12,M,s****l@gmail.com,****8473,e882f77028ca1240187b91e17cdf627852db6826df3cbe36d9dc47652caf95ce,2014-03-13
B1839,P1927,SJ065,2025-05-09 11:37:36.952,PENDING,5c66d8c55ac02fd8ec93332a65fd949da3d29e2daa61a6b993feac65106cc95e,9C,Zashil Hegde,****8494,PAY1041,11811.63,UPI,SpiceJet,MAA,BLR,2026-04-18 04:10:41.701,2026-04-18 06:54:41.701,164.0,MAA -> BLR,Sai,Reddy,20,F,s****y@gmail.com,****2199,3dc584f9ef18b361f1031ecd381f370d6ad99f0ab8dfc86ecd361f1447e25d87,2006-03-17
B1839,P1927,SJ065,2025-05-09 11:37:36.952,PENDING,5c66d8c55ac02fd8ec93332a65fd949da3d29e2daa61a6b993feac65106cc95e,9C,Zashil Hegde,****8494,PAY1304,4984.54,CARD,SpiceJet,MAA,BLR,2026-04-18 04:10:41.701,2026-04-18 06:54:41.701,164.0,MAA -> BLR,Sai,Reddy,20,F,s****y@gmail.com,****2199,3dc584f9ef18b361f1031ecd381f370d6ad99f0ab8dfc86ecd361f1447e25d87,2006-03-17
B1840,P1700,SJ100,2025-04-19 11:37:36.952,PENDING,6758aefbb2a1b57b92147501d34141cb9f6f64773dddad4fd7c753c7f29fb6cf,34A,Anvi Dass,****6349,PAY1042,7085.2,CARD,SpiceJet,MAA,BLR,2026-04-18 03:28:41.702,2026-04-18 06:50:41.702,202.0,MAA -> BLR,Kavya,Pillai,1,F,k****1@outlook.com,****1146,b516ccf801ef093d6e28e2b95683cf9dffd278cd4951e4234a32d37996639a97,2025-06-09
B1841,P1949,UK011,2025-10-24 11:37:36.952,CANCELLED,505d5425c20f90d91f883a3622ae450e687a71ad48de2f163e5a90f8d65d2456,1E,Chavvi Walla,****8358,,,,Vistara,CCU,DEL,2026-04-18 04:41:41.701,2026-04-18 06:25:41.701,104.0,CCU -> DEL,Saanvi,Ghosh,2,M,s****h@hotmail.com,****1333,0ed5c64d61f8c7f12b02edac1df9ac3f4332511aa6dd01585ee992b4a2376c80,2024-04-06
B1842,P1016,6F062,2026-02-17 11:37:36.952,PENDING,0b5e9c32c5343b69bccd337b1204a3b59d52f1dc621b25bb56003d37e1d816e2,3B,Girik Thakkar,****0123,PAY1319,1998.52,UPI,IndiGo,CCU,DEL,2026-04-18 04:55:41.701,2026-04-18 06:22:41.701,87.0,CCU -> DEL,Vivaan,Naidu,30,M,v****u@rediffmail.com,****0826,b740b55080e3f5e987b1e613f84e3f5e550281a34627b8e44b8ce5926d7a2e0c,1996-01-19
B1842,P1016,6F062,2026-02-17 11:37:36.952,PENDING,0b5e9c32c5343b69bccd337b1204a3b59d52f1dc621b25bb56003d37e1d816e2,3B,Girik Thakkar,****0123,PAY1873,7815.3,NETBANKING,IndiGo,CCU,DEL,2026-04-18 04:55:41.701,2026-04-18 06:22:41.701,87.0,CCU -> DEL,Vivaan,Naidu,30,M,v****u@rediffmail.com,****0826,b740b55080e3f5e987b1e613f84e3f5e550281a34627b8e44b8ce5926d7a2e0c,1996-01-19
B1843,P1530,SJ176,2025-08-15 11:37:36.952,CANCELLED,3cebec895481e8b32f60008adb5dc4d794e0d6b6ee967d0684988eb4a2dd6c5b,23E,Om Dube,****4938,PAY1314,4159.73,CARD,SpiceJet,DEL,BOM,2026-04-18 04:15:41.703,2026-04-18 06:17:41.703,122.0,DEL -> BOM,Riya,Patel,12,M,r****l@yahoo.com,****4179,e00fa4fbea835580cf046c228861b71ab458959ba4a180233a620eaa289e7304,2013-11-10
B1843,P1530,SJ176,2025-08-15 11:37:36.952,CANCELLED,3cebec895481e8b32f60008adb5dc4d794e0d6b6ee967d0684988eb4a2dd6c5b,23E,Om Dube,****4938,PAY1558,1488.32,UPI,SpiceJet,DEL,BOM,2026-04-18 04:15:41.703,2026-04-18 06:17:41.703,122.0,DEL -> BOM,Riya,Patel,12,M,r****l@yahoo.com,****4179,e00fa4fbea835580cf046c228861b71ab458959ba4a180233a620eaa289e7304,2013-11-10
B1844,P1730,6F120,2025-11-26 11:37:36.952,CONFIRMED,a5d7e81e999cd29c3d51e0c563741d6c9d9370ef32d33762c2fa97e5e3b78c7e,3B,Onveer Nazareth,****6465,PAY1938,7078.61,NETBANKING,IndiGo,BLR,BOM,2026-04-18 05:14:41.702,2026-04-18 06:14:41.702,60.0,BLR -> BOM,Myra,Patel,26,M,m****1@yahoo.com,****7681,30a4c5cc33306752a99016347717fb1f3d161195ea4e9e14a13081187cab211b,2000-09-10
B1845,P1325,AI121,2026-03-05 11:37:36.952,PENDING,40f7815268ab7d7fda89afa9a9ef5bb077e49dc4886580a90b708fd4b2da4f44,24A,Benjamin Balakrishnan,****1803,PAY1364,3147.85,UPI,Air India,HYD,MAA,2026-04-18 02:42:41.702,2026-04-18 06:11:41.702,209.0,HYD -> MAA,Ananya,Banerjee,46,M,a****e@yahoo.com,****6204,5d55c756aeabae991c35952318ce1d518fe68bcde431c9410744f2e8f602977f,1980-01-16
B1846,P1994,UK072,2025-08-30 11:37:36.952,CONFIRMED,27c8d3755ffe5fd70acd7ea613de660ceda3ab1e5c337a5f8f8c6bcca4cac6eb,34F,Finn Bath,****8958,PAY1338,8100.01,UPI,Vistara,BOM,BLR,2026-04-18 02:55:41.702,2026-04-18 05:55:42.000,180.0049666666667,BOM -> BLR,Diya,Kulkarni,89,F,d****1@hotmail.com,****8553,53e93a05fd30c90bdd4b70bf76727067417fb6f5ba512fb1583829597d76bf9a,1937-03-18
B1847,P1631,AI006,2026-04-06 11:37:36.952,CANCELLED,fca14ef5201992db163bc7e53ce027457a75f9ea59e5f456c7f86a0001305afb,11B,Alka Kade,****7140,PAY1222,10999.02,UPI,Air India,BOM,BLR,2026-04-18 03:04:41.701,2026-04-18 05:54:41.701,170.0,BOM -> BLR,Muhammad,Das,36,F,m****s@outlook.com,****8840,ee3444fd92d8faa09aa8aeb6cd7adcff1a213f776cd4cabddc8534003f044235,1990-04-23
B1848,P1612,SJ231,2025-05-19 11:37:36.952,CANCELLED,38b3d62ea2d2db3341bf3c055050d0ea58d521bd6e3a0e3c17a89d03cfb48e6f,30D,Omaja Balasubramanian,****7655,PAY1014,1779.42,UPI,SpiceJet,DEL,BLR,2026-04-18 04:23:41.704,2026-04-18 05:48:41.704,85.0,DEL -> BLR,Ananya,Pillai,77,F,a****i@rediffmail.com,****2885,9a64b3fa933cdbdf3f5b419930c424ca17d53095745410ecbe538f98a0d1e28e,1949-07-13
B1848,P1612,SJ231,2025-05-19 11:37:36.952,CANCELLED,38b3d62ea2d2db3341bf3c055050d0ea58d521bd6e3a0e3c17a89d03cfb48e6f,30D,Omaja Balasubramanian,****7655,PAY1401,4902.58,UPI,SpiceJet,DEL,BLR,2026-04-18 04:23:41.704,2026-04-18 05:48:41.704,85.0,DEL -> BLR,Ananya,Pillai,77,F,a****i@rediffmail.com,****2885,9a64b3fa933cdbdf3f5b419930c424ca17d53095745410ecbe538f98a0d1e28e,1949-07-13
B1850,P1595,6F110,2025-04-21 11:37:36.952,PENDING,86678ea921584c027e48545b56c11aa5ecd5fea456e618cddcd30c2708bd4d9d,33B,Chasmum Subramanian,****9822,PAY1072,7542.02,CARD,IndiGo,HYD,DEL,2026-04-18 02:27:41.702,2026-04-18 05:48:41.702,201.0,HYD -> DEL,Reyansh,Mishra,19,M,r****a@gmail.com,****3239,8ff522ccbae33715619869899e2cbff5d1b9d51fbe6a577c85d36c5b91a7919b,2007-02-26
B1850,P1595,6F110,2025-04-21 11:37:36.952,PENDING,86678ea921584c027e48545b56c11aa5ecd5fea456e618cddcd30c2708bd4d9d,33B,Chasmum Subramanian,****9822,PAY1995,14670.86,NETBANKING,IndiGo,HYD,DEL,2026-04-18 02:27:41.702,2026-04-18 05:48:41.702,201.0,HYD -> DEL,Reyansh,Mishra,19,M,r****a@gmail.com,****3239,8ff522ccbae33715619869899e2cbff5d1b9d51fbe6a577c85d36c5b91a7919b,2007-02-26
B1851,P1920,6F231,2025-11-26 11:37:36.952,PENDING,8b82eab6b4545a9a6f3ce201ef0e5dde52a08e208fd5e10f400db5f7b65a54aa,2D,Yash Ravi,****7673,,,,IndiGo,HYD,MAA,2026-04-18 01:16:41.704,2026-04-18 05:43:41.704,267.0,HYD -> MAA,Reyansh,Agarwal,44,F,r****l@outlook.com,****5140,2f74cc257643e00543c86b362fd38a1f610099ed82b285b358e849d31f55aa3a,1982-08-01
B1852,P1707,6F095,2025-08-09 11:37:36.952,CONFIRMED,6ad9b8fd28ffccf49264adcda3ecb143ce25f7b48adabc0ed75c102a092edb82,33E,Chameli Setty,****6582,PAY1560,2491.83,CARD,IndiGo,BLR,MAA,2026-04-18 01:53:41.702,2026-04-18 05:34:41.702,221.0,BLR -> MAA,Saanvi,Das,2,M,s****s@gmail.com,****9935,9a9492fdb91270b669bdb5f3afe30f45b4004dee0849115974d57ac6d43f5742,2023-09-09
B1853,P1841,UK054,2025-05-05 11:37:36.952,CONFIRMED,ed731eeabf504aa10d6d7d327a6d5be609de648cb002985abaa9040ddcc9bff3,18F,Elijah Bhasin,****0990,PAY1711,8948.88,NETBANKING,Vistara,BLR,BOM,2026-04-18 00:37:41.701,2026-04-18 05:30:41.701,293.0,BLR -> BOM,Diya,Das,2,M,d****1@hotmail.com,****1584,c309f9ed5572063376863c2a87c7addd45a50311726f389cee8922efdc28375a,2024-04-19
B1854,P1201,SJ123,2025-08-10 11:37:36.952,CONFIRMED,7f617c35090f09028d7fd7015b67c7d4a4709ec89b1cdd84daa18c87d0deabf4,29D,Nakul Sarraf,****2192,PAY1309,6004.76,NETBANKING,SpiceJet,BOM,CCU,2026-04-18 03:57:41.702,2026-04-18 05:25:41.702,88.0,BOM -> CCU,Myra,Reddy,2,F,m****y@gmail.com,****3744,0801b4d6d9729a8246056139b3e93722fe15d6cf6011cf27cc9e0603fca960ad,2024-04-05
B1854,P1201,SJ123,2025-08-10 11:37:36.952,CONFIRMED,7f617c35090f09028d7fd7015b67c7d4a4709ec89b1cdd84daa18c87d0deabf4,29D,Nakul Sarraf,****2192,PAY1486,14521.74,UPI,SpiceJet,BOM,CCU,2026-04-18 03:57:41.702,2026-04-18 05:25:41.702,88.0,BOM -> CCU,Myra,Reddy,2,F,m****y@gmail.com,****3744,0801b4d6d9729a8246056139b3e93722fe15d6cf6011cf27cc9e0603fca960ad,2024-04-05
B1854,P1201,SJ123,2025-08-10 11:37:36.952,CONFIRMED,7f617c35090f09028d7fd7015b67c7d4a4709ec89b1cdd84daa18c87d0deabf4,29D,Nakul Sarraf,****2192,PAY1554,10538.38,NETBANKING,SpiceJet,BOM,CCU,2026-04-18 03:57:41.702,2026-04-18 05:25:41.702,88.0,BOM -> CCU,Myra,Reddy,2,F,m****y@gmail.com,****3744,0801b4d6d9729a8246056139b3e93722fe15d6cf6011cf27cc9e0603fca960ad,2024-04-05
B1854,P1201,SJ123,2025-08-10 11:37:36.952,CONFIRMED,7f617c35090f09028d7fd7015b67c7d4a4709ec89b1cdd84daa18c87d0deabf4,29D,Nakul Sarraf,****2192,PAY1725,2278.95,UPI,SpiceJet,BOM,CCU,2026-04-18 03:57:41.702,2026-04-18 05:25:41.702,88.0,BOM -> CCU,Myra,Reddy,2,F,m****y@gmail.com,****3744,0801b4d6d9729a8246056139b3e93722fe15d6cf6011cf27cc9e0603fca960ad,2024-04-05
B1855,P1343,6F006,2026-01-04 11:37:36.952,PENDING,2b7ce9c324d52a6c5fc08bb0cfcac7f9816668ec37ddf7a7ef0883d8b7f8f6ea,3D,Ojasvi Sule,****4333,PAY1015,12165.24,CARD,IndiGo,BOM,BLR,2026-04-18 03:06:41.701,2026-04-18 05:06:42.000,120.00498333333331,BOM -> BLR,Ira,Das,46,F,i****s@hotmail.com,****0034,9b76cf07bc03c289c891652c3002163a8130ab77aa57b5925422a00ca787b2e0,1980-05-06
B1855,P1343,6F006,2026-01-04 11:37:36.952,PENDING,2b7ce9c324d52a6c5fc08bb0cfcac7f9816668ec37ddf7a7ef0883d8b7f8f6ea,3D,Ojasvi Sule,****4333,PAY1795,9744.36,UPI,IndiGo,BOM,BLR,2026-04-18 03:06:41.701,2026-04-18 05:06:42.000,120.00498333333331,BOM -> BLR,Ira,Das,46,F,i****s@hotmail.com,****0034,9b76cf07bc03c289c891652c3002163a8130ab77aa57b5925422a00ca787b2e0,1980-05-06
B1856,P1852,UK226,2025-05-04 11:37:36.952,PENDING,73ed2bc7916b9ce95651b90bf6e6fe2b653aeeee536b7c03c50e52bf4991f4ed,4E,Ucchal Jani,****8415,PAY1012,11604.48,CARD,Vistara,MAA,HYD,2026-04-18 03:58:41.704,2026-04-18 05:01:41.704,63.0,MAA -> HYD,Sai,Gupta,64,F,s****a@gmail.com,****2752,2d0fd110afa50e02fb706452d3f3c4359ac5100a69f7c612a6eb63e74a359385,1962-01-01
B1856,P1852,UK226,2025-05-04 11:37:36.952,PENDING,73ed2bc7916b9ce95651b90bf6e6fe2b653aeeee536b7c03c50e52bf4991f4ed,4E,Ucchal Jani,****8415,PAY1334,14055.6,NETBANKING,Vistara,MAA,HYD,2026-04-18 03:58:41.704,2026-04-18 05:01:41.704,63.0,MAA -> HYD,Sai,Gupta,64,F,s****a@gmail.com,****2752,2d0fd110afa50e02fb706452d3f3c4359ac5100a69f7c612a6eb63e74a359385,1962-01-01
B1857,P1522,AI065,2026-03-07 11:37:36.952,PENDING,1b269821155b17291f92bdd734f545935af8af2f82b4c42c875efd668db9cc8d,17E,Harini Dhawan,****4646,PAY1125,4516.22,NETBANKING,Air India,MAA,BLR,2026-04-18 00:09:41.701,2026-04-18 05:00:41.701,291.0,MAA -> BLR,Reyansh,Singh,23,F,r****h@yahoo.com,****7964,0530f34fd214b75e7de72bd1574536b47ad8f32c8372c2ae4b0625b9ec210106,2003-07-27
B1857,P1522,AI065,2026-03-07 11:37:36.952,PENDING,1b269821155b17291f92bdd734f545935af8af2f82b4c42c875efd668db9cc8d,17E,Harini Dhawan,****4646,PAY1819,13134.7,CARD,Air India,MAA,BLR,2026-04-18 00:09:41.701,2026-04-18 05:00:41.701,291.0,MAA -> BLR,Reyansh,Singh,23,F,r****h@yahoo.com,****7964,0530f34fd214b75e7de72bd1574536b47ad8f32c8372c2ae4b0625b9ec210106,2003-07-27
B1858,P1858,6F008,2025-11-25 11:37:36.952,PENDING,b05d5077011bcebecc862f56e36eb5d0e0856eb5548584b618df051c19a90347,10B,Dhriti Nagar,****6025,,,,IndiGo,DEL,BOM,2026-04-18 00:14:41.701,2026-04-18 04:59:41.701,285.0,DEL -> BOM,Myra,Gupta,17,F,m****3@hotmail.com,****0359,be6847e040eba9089475793923fe04d30a3022c05f42665d2ed6e369a5d64679,2009-04-23
B1859,P1399,AI195,2025-11-11 11:37:36.952,PENDING,73f723ba52ae0d3def30fa7a8c53b1e062c7295e54563625df4ea63cd5a39121,7B,Hemani Rastogi,****3071,,,,Air India,CCU,MAA,2026-04-18 02:58:41.703,2026-04-18 04:57:41.703,119.0,CCU -> MAA,Ananya,Das,53,F,a****1@gmail.com,****4585,1b17f8aa696d133a5597e0892d0727ffeb8846e13d7977c94462177ab6ddfc96,1973-05-06
B1860,P1217,UK043,2025-08-01 11:37:36.952,PENDING,af827a01b509e6ae6a924b8c8248cd3985d8d4d012c66a515cb38f31148661ca,3A,Kalpit Prabhakar,****0640,PAY1471,2531.6,UPI,Vistara,DEL,HYD,2026-04-18 00:48:41.701,2026-04-18 04:52:41.701,244.0,DEL -> HYD,Krishna,Iyer,17,M,k****r@yahoo.com,****9884,b3a7cbdaf935f315079282686e4422d10e3cb4052ed74bf7a05f64d6d7aa12b9,2009-03-02
B1860,P1217,UK043,2025-08-01 11:37:36.952,PENDING,af827a01b509e6ae6a924b8c8248cd3985d8d4d012c66a515cb38f31148661ca,3A,Kalpit Prabhakar,****0640,PAY1515,6999.9,NETBANKING,Vistara,DEL,HYD,2026-04-18 00:48:41.701,2026-04-18 04:52:41.701,244.0,DEL -> HYD,Krishna,Iyer,17,M,k****r@yahoo.com,****9884,b3a7cbdaf935f315079282686e4422d10e3cb4052ed74bf7a05f64d6d7aa12b9,2009-03-02
B1861,P1444,AI125,2025-10-15 11:37:36.952,CONFIRMED,cadf4859991b0f08442c71f2f384c565ba41d42f47e6a2099121b491b131f9bd,25E,Yutika Cherian,****4769,PAY1660,9044.04,UPI,Air India,CCU,DEL,2026-04-18 01:12:41.702,2026-04-18 04:51:41.702,219.0,CCU -> DEL,Sai,Gupta,47,M,s****a@outlook.com,****3548,d2abdc80008b73b8316d0511d69204f5e1d6ce5851e8063cd3030e9eed11061d,1979-02-27
B1862,P1764,AI089,2025-10-05 11:37:36.952,PENDING,0ba639f080c17c05c618e5dff5b7ec481deb94860b1c5d9bcd4fd319fb6edaa6,21A,Eiravati Khurana,****4480,,,,Air India,CCU,BOM,2026-04-18 04:05:41.702,2026-04-18 04:47:41.702,42.0,CCU -> BOM,Myra,Gupta,81,F,m****2@hotmail.com,****9023,bf7a9aa53ae2e57dc1caca22559e0eb03a00eb4847ea5c62cddc3073aaa7164f,1945-08-27
B1863,P1221,UK019,2026-02-12 11:37:36.952,CONFIRMED,2c8b1e3f7745d80a59e09e896ec39f63a1452f2e803e1b07b82ea68ccd3f5f69,22C,Unnati Das,****8235,PAY1151,9857.74,NETBANKING,Vistara,BOM,HYD,2026-04-18 03:41:41.701,2026-04-18 04:35:41.701,54.0,BOM -> HYD,Diya,Nair,69,M,d****r@gmail.com,****7680,9d5e82ba4c704763a0a5a2f92cf0b14bb61952430b46f0da55f569b9274632d4,1956-10-08
B1863,P1221,UK019,2026-02-12 11:37:36.952,CONFIRMED,2c8b1e3f7745d80a59e09e896ec39f63a1452f2e803e1b07b82ea68ccd3f5f69,22C,Unnati Das,****8235,PAY1679,13070.93,CARD,Vistara,BOM,HYD,2026-04-18 03:41:41.701,2026-04-18 04:35:41.701,54.0,BOM -> HYD,Diya,Nair,69,M,d****r@gmail.com,****7680,9d5e82ba4c704763a0a5a2f92cf0b14bb61952430b46f0da55f569b9274632d4,1956-10-08
B1864,P1382,UK078,2025-09-27 11:37:36.952,CANCELLED,9a98890c43ab6d738ba30badad60d43096ad8b32afeb38e1ee6902b5352d6937,22C,Amara Sengupta,****9220,PAY1600,10081.04,UPI,Vistara,BOM,HYD,2026-04-18 01:03:41.702,2026-04-18 04:32:41.702,209.0,BOM -> HYD,Anika,Iyer,51,F,a****r@gmail.com,****8861,527874983a59ddd478bc156440b9511e91019d40f47d5938dad08ceee97d4696,1975-04-07
B1865,P1880,SJ009,2025-07-28 11:37:36.952,CANCELLED,a20234a1879c3ba2a996acbfbe358ab884213bb023dcf78a63076012dc87e306,15E,Yug Dhaliwal,****2016,PAY1474,11740.51,NETBANKING,SpiceJet,CCU,BLR,2026-04-18 02:48:41.701,2026-04-18 04:23:41.701,95.0,CCU -> BLR,Reyansh,Khan,64,M,r****1@gmail.com,****3412,e77f78f606a5fff70b6b7923daac92586efa735b9f5daf97fe275af14ac9936f,1962-06-20
B1866,P1591,UK178,2026-01-28 11:37:36.952,CONFIRMED,ee7a801ac64c206dabd8579ff009fe2a9e990d3c698b16569372474fe2984461,7A,Gunbir Bedi,****2871,PAY1892,4987.99,NETBANKING,Vistara,DEL,BLR,2026-04-17 23:41:41.703,2026-04-18 04:09:41.703,268.0,DEL -> BLR,Krishna,Mehta,4,M,k****a@rediffmail.com,****1235,2184a6a7e6e6711e78078654ca64ec1150ad068d87c1c7c81715bfafe089ae54,2022-05-23
B1867,P1006,UK018,2025-11-23 11:37:36.952,CONFIRMED,e1185cbe1d9a066e6c2e0b935e9ceed0f6bd08569ce6001414a074215e8ededf,13D,Bina Rajagopalan,****4928,PAY1431,8158.17,NETBANKING,Vistara,BOM,CCU,2026-04-18 02:15:41.701,2026-04-18 04:08:41.701,113.0,BOM -> CCU,Kavya,Nair,87,M,k****r@yahoo.com,****5830,2b1c48782995bca7651b32a296333e0f8719bc8b98a27877ccf03c696c89f9bb,1939-02-25
B1868,P1271,SJ059,2026-04-10 11:37:36.952,CANCELLED,5c8f3466e8ea9194db8744fbccacfa8711c17d627bcd9723497fc7864ae74401,29E,Omya Kothari,****9805,,,,SpiceJet,CCU,DEL,2026-04-18 02:50:41.701,2026-04-18 04:06:41.701,76.0,CCU -> DEL,Muhammad,Pillai,74,F,m****i@gmail.com,****9013,2a3cfd40ad7d0c5f35df20fc4bc1c33d3703c9286f421d80a18d9e6146852986,1951-11-10
B1869,P1738,UK108,2026-02-04 11:37:36.952,CONFIRMED,bda456f6e93a598740fb7b630dc7636793ac21f202d3dbd2287b936b351b0852,19C,Nathaniel Narang,****0712,PAY1157,10155.04,CARD,Vistara,DEL,BLR,2026-04-18 00:28:41.702,2026-04-18 03:46:41.702,198.0,DEL -> BLR,Ananya,Pillai,4,M,a****1@yahoo.com,****2191,6807be21fed37c1ff50792b168653bd1c365db24da9ef5bc07898d9f2f51a9f1,2021-09-08
B1869,P1738,UK108,2026-02-04 11:37:36.952,CONFIRMED,bda456f6e93a598740fb7b630dc7636793ac21f202d3dbd2287b936b351b0852,19C,Nathaniel Narang,****0712,PAY1680,11398.23,NETBANKING,Vistara,DEL,BLR,2026-04-18 00:28:41.702,2026-04-18 03:46:41.702,198.0,DEL -> BLR,Ananya,Pillai,4,M,a****1@yahoo.com,****2191,6807be21fed37c1ff50792b168653bd1c365db24da9ef5bc07898d9f2f51a9f1,2021-09-08
B1870,P1015,6F045,2025-04-25 11:37:36.952,CANCELLED,6e6bfc99c9c06272fd6378ecc1b4af1e8ab8b57a5524bb6248ecaf46876a77dc,5D,Dhriti Gupta,****6506,,,,IndiGo,BOM,HYD,2026-04-17 23:04:41.701,2026-04-18 03:38:41.701,274.0,BOM -> HYD,Aadhya,Verma,88,F,a****a@gmail.com,****0141,d70bbd933fb62ae559b38998053c0fef4e5ea8498d7056cec5906af99cad0a16,1938-05-26
B1871,P1423,AI144,2025-10-04 11:37:36.952,CANCELLED,8f2d93a86434f0def24ea2a06c76636e0bbc41de6fe1a88c2143d7afa22f93b7,23E,Nathaniel Tara,****4791,,,,Air India,MAA,BOM,2026-04-18 00:43:41.702,2026-04-18 03:36:41.702,173.0,MAA -> BOM,Aditya,Gupta,1,M,a****a@rediffmail.com,****7808,e6202a9353ec050db1a9dde8b171723a4097603140eafecdd22207f0dd3c6ad6,2025-07-22
B1872,P1523,AI244,2025-07-09 11:37:36.952,PENDING,ac7314a3b694827e2f648d18570799cba02ddfc3700b602fee0bb90411f10e97,26E,Yutika Sibal,****6502,PAY1362,5721.08,CARD,Air India,BLR,BOM,2026-04-18 02:50:41.704,2026-04-18 03:25:41.704,35.0,BLR -> BOM,Krishna,Verma,89,F,k****a@gmail.com,****6560,e006983e32e81a942051dd5ee4c18c122b08eb4bfd714aa4b9a2e17efa91b222,1937-08-18
B1872,P1523,AI244,2025-07-09 11:37:36.952,PENDING,ac7314a3b694827e2f648d18570799cba02ddfc3700b602fee0bb90411f10e97,26E,Yutika Sibal,****6502,PAY1858,9096.04,UPI,Air India,BLR,BOM,2026-04-18 02:50:41.704,2026-04-18 03:25:41.704,35.0,BLR -> BOM,Krishna,Verma,89,F,k****a@gmail.com,****6560,e006983e32e81a942051dd5ee4c18c122b08eb4bfd714aa4b9a2e17efa91b222,1937-08-18
B1873,P1802,6F265,2025-04-25 11:37:36.952,CONFIRMED,78407459f2eae92cf3544db8bd6c6fc917fcebcd234c1e9099c8f17516842dce,11B,Wishi Morar,****8875,PAY1002,6495.37,UPI,IndiGo,DEL,HYD,2026-04-18 02:27:41.703,2026-04-18 03:24:41.703,57.0,DEL -> HYD,Myra,Gupta,5,M,m****a@rediffmail.com,****4141,526b528cd8bc12474118a2a6b6f53d207850c25cf49fc91d36cb8536094ece31,2021-07-14
B1873,P1802,6F265,2025-04-25 11:37:36.952,CONFIRMED,78407459f2eae92cf3544db8bd6c6fc917fcebcd234c1e9099c8f17516842dce,11B,Wishi Morar,****8875,PAY1133,12510.96,CARD,IndiGo,DEL,HYD,2026-04-18 02:27:41.703,2026-04-18 03:24:41.703,57.0,DEL -> HYD,Myra,Gupta,5,M,m****a@rediffmail.com,****4141,526b528cd8bc12474118a2a6b6f53d207850c25cf49fc91d36cb8536094ece31,2021-07-14
B1873,P1802,6F265,2025-04-25 11:37:36.952,CONFIRMED,78407459f2eae92cf3544db8bd6c6fc917fcebcd234c1e9099c8f17516842dce,11B,Wishi Morar,****8875,PAY1847,13283.24,CARD,IndiGo,DEL,HYD,2026-04-18 02:27:41.703,2026-04-18 03:24:41.703,57.0,DEL -> HYD,Myra,Gupta,5,M,m****a@rediffmail.com,****4141,526b528cd8bc12474118a2a6b6f53d207850c25cf49fc91d36cb8536094ece31,2021-07-14
B1874,P1752,6F108,2026-01-26 11:37:36.952,CONFIRMED,33264ded1e73cec888d060fb2951bf3209a08f1826cf0059a2f1756eaaea7233,16E,Widisha Bajaj,****6358,PAY1506,5715.47,NETBANKING,IndiGo,DEL,HYD,2026-04-17 23:41:41.702,2026-04-18 03:23:41.702,222.0,DEL -> HYD,Ira,Singh,49,M,i****h@outlook.com,****4256,f4288e7e855eeefdb9855c5dc1ffa3cc76689ad2acf4c56601e99fb2c6c15b2a,1976-11-16
B1874,P1752,6F108,2026-01-26 11:37:36.952,CONFIRMED,33264ded1e73cec888d060fb2951bf3209a08f1826cf0059a2f1756eaaea7233,16E,Widisha Bajaj,****6358,PAY1528,9993.97,NETBANKING,IndiGo,DEL,HYD,2026-04-17 23:41:41.702,2026-04-18 03:23:41.702,222.0,DEL -> HYD,Ira,Singh,49,M,i****h@outlook.com,****4256,f4288e7e855eeefdb9855c5dc1ffa3cc76689ad2acf4c56601e99fb2c6c15b2a,1976-11-16
B1874,P1752,6F108,2026-01-26 11:37:36.952,CONFIRMED,33264ded1e73cec888d060fb2951bf3209a08f1826cf0059a2f1756eaaea7233,16E,Widisha Bajaj,****6358,PAY1669,8735.05,NETBANKING,IndiGo,DEL,HYD,2026-04-17 23:41:41.702,2026-04-18 03:23:41.702,222.0,DEL -> HYD,Ira,Singh,49,M,i****h@outlook.com,****4256,f4288e7e855eeefdb9855c5dc1ffa3cc76689ad2acf4c56601e99fb2c6c15b2a,1976-11-16
B1875,P1020,6F069,2025-06-17 11:37:36.952,PENDING,7f34b31b8a74481bf12da0beaccb126ddb2985bb71709ab94dabb4c0851618e2,17D,Gautam Ramaswamy,****7200,,,,IndiGo,MAA,BLR,2026-04-17 23:44:41.701,2026-04-18 03:17:41.701,213.0,MAA -> BLR,Ananya,Khan,59,M,a****n@yahoo.com,****6828,c51671e5c87fc0045a67f16cfce4c3968b99b588d4374c43980352cb041b0bbb,1966-12-18
B1876,P1689,6F072,2025-06-14 11:37:36.952,CANCELLED,d46918b121864fe1d6475b1b7b41c0a5e2870bd2bce4258cc20fc79b41377638,18F,Yashasvi Shankar,****2552,PAY1139,11290.32,NETBANKING,IndiGo,BLR,CCU,2026-04-18 02:14:41.702,2026-04-18 03:11:41.702,57.0,BLR -> CCU,Ira,Patel,11,F,i****l@hotmail.com,****8529,cf52aad4d49f10891fa07b9a3ff29a37fa69a31182bb1bf2926a5cfaddc35f6b,2015-03-25
B1877,P1938,6F096,2025-11-09 11:37:36.952,CONFIRMED,bf9a2e549016485b25ef1f546187d1350218216a92cda5d73d26c5a64cf5f96c,33F,Wridesh Kale,****7284,,,,IndiGo,MAA,BLR,2026-04-17 22:45:41.702,2026-04-18 02:58:41.702,253.0,MAA -> BLR,Reyansh,Joshi,33,F,r****i@outlook.com,****0771,09bf794e73709fa09f110b2dc922e7fcfcc630ddfd1c089de44dcf3a15d6a89d,1993-04-26
B1878,P1227,SJ233,2025-12-31 11:37:36.952,PENDING,3a0d7f7bf9b7fd49d1254c7ffa7a8ca8285af77e35f123cb3d4eeb1090ef8d1d,31D,Ira Bava,****8597,PAY1204,14778.71,CARD,SpiceJet,DEL,HYD,2026-04-18 01:18:41.704,2026-04-18 02:56:41.704,98.0,DEL -> HYD,Aadhya,Reddy,69,M,a****y@outlook.com,****4902,f28206e79c6b3fe5940bbd242b999f1b02419c4be808a9e68b06d8fbeefa15ad,1956-12-14
B1879,P1784,AI203,2025-12-03 11:37:36.952,PENDING,e336afc8c867ecf662d9676b57a53700875ecb00670b7236efe2204a46de346f,9E,Chandresh Manda,****1228,PAY1215,4682.98,UPI,Air India,BOM,CCU,2026-04-18 00:09:41.703,2026-04-18 02:56:41.703,167.0,BOM -> CCU,Ira,Kulkarni,54,F,i****i@hotmail.com,****5234,ccc09ef6bed12065d0bed35abfbde3c0abc4bf76c993c3f8dcb41ced4a7d27f3,1971-09-21
B1880,P1287,UK147,2026-03-08 11:37:36.952,CONFIRMED,f733bf22e57fdd068c0819c6abfbab3538c9b83e40e0486990711f0b25e064ac,2E,Warda Singhal,****1556,PAY1864,11737.0,UPI,Vistara,CCU,DEL,2026-04-17 23:35:41.703,2026-04-18 02:55:41.703,200.0,CCU -> DEL,Ishaan,Kulkarni,68,F,i****2@hotmail.com,****8506,991cb8b238b083444be59d701846230dd1c06cdcdb9fe4408afc5217cebf744f,1958-02-01
B1881,P1808,UK039,2025-08-26 11:37:36.952,PENDING,d531397d9fe9a36a3cb9b9d3b56ce64abd6bc0151dc94f7cbfce2d5cb559eaca,8E,Bhavika Yadav,****6710,,,,Vistara,HYD,BOM,2026-04-18 01:40:41.701,2026-04-18 02:53:41.701,73.0,HYD -> BOM,Aditya,Joshi,69,M,a****1@outlook.com,****9993,dd14a5d7adec1b00962a0010b64345f78d91c566e3aa432ff60fec7aa249a381,1956-11-24
B1882,P1133,6F216,2025-10-17 11:37:36.952,CANCELLED,f0c17e6da411e7eb81e177e067248b7817ce7303bf6eb2839dbb16ac1b4408b7,18B,Abhiram Chokshi,****0189,,,,IndiGo,BLR,DEL,2026-04-17 21:58:41.704,2026-04-18 02:51:41.704,293.0,BLR -> DEL,Sai,Banerjee,0,F,s****e@gmail.com,****5745,1e1c9864ea4f80a9417b97fa8294e3fd321b5ae3be5d6c1019e6c8ae10d7583e,2025-12-15
B1883,P1983,AI214,2025-11-17 11:37:36.952,PENDING,dc092e5edf81fcf5f21a9a13af148522047904a8516e244bb95fc8fb11d688a5,5B,Raagini Desai,****7289,PAY1100,4498.27,CARD,Air India,CCU,DEL,2026-04-17 22:23:41.703,2026-04-18 02:49:41.703,266.0,CCU -> DEL,Muhammad,Khan,35,M,m****n@outlook.com,****8137,7f886e319fb0134e960d3a49aa07fef3f029461d589f73aa0dfff3bd411e16ea,1991-05-17
B1883,P1983,AI214,2025-11-17 11:37:36.952,PENDING,dc092e5edf81fcf5f21a9a13af148522047904a8516e244bb95fc8fb11d688a5,5B,Raagini Desai,****7289,PAY1359,3193.06,CARD,Air India,CCU,DEL,2026-04-17 22:23:41.703,2026-04-18 02:49:41.703,266.0,CCU -> DEL,Muhammad,Khan,35,M,m****n@outlook.com,****8137,7f886e319fb0134e960d3a49aa07fef3f029461d589f73aa0dfff3bd411e16ea,1991-05-17
B1884,P1282,UK025,2025-08-31 11:37:36.952,CANCELLED,973ea6687da71a9d2244d1d762f7f5262e8ebd380c5d7b7fa9b0a1475985318c,31D,Aishani Pau,****0744,,,,Vistara,DEL,BOM,2026-04-17 22:55:41.701,2026-04-18 02:47:41.701,232.0,DEL -> BOM,Kavya,Chatterjee,35,M,k****e@outlook.com,****1043,399e06c653080734a5eb9114c368a57b855e636da17388e1d657a2c6f32bc1f1,1991-09-09
B1885,P1403,UK053,2025-08-10 11:37:36.952,CANCELLED,66ecf7c3c34fc56dd0fe5a6681798f2b7c24150761ceeb25c37cbb3e8c507703,11B,Neha Pau,****1436,PAY1297,9992.33,NETBANKING,Vistara,BLR,BOM,2026-04-17 23:56:41.701,2026-04-18 02:46:41.701,170.0,BLR -> BOM,Myra,Ghosh,6,M,m****1@hotmail.com,****8166,190fde5af21c8960018cdfc067db2d62869a7b5da8e78ec63c244befee9a79f9,2020-09-02
B1887,P1065,6F247,2026-03-09 11:37:36.952,PENDING,a54ee7925788a1c30e4925ef22e3b1a9f84e4aea85f4a997369f215b8b039489,23F,Charan Hayer,****5663,PAY1588,9312.51,UPI,IndiGo,DEL,HYD,2026-04-18 01:27:41.702,2026-04-18 02:45:41.702,78.0,DEL -> HYD,Ishaan,Kulkarni,3,F,i****i@hotmail.com,****5206,d5581e13e655e01a2565fdb7248c7ca9199474c103cca009fbc360d02f503b7e,2022-10-10
B1888,P1648,6F159,2025-12-25 11:37:36.952,CANCELLED,e554f9bfa63b49d1f535b40af1abc4290d353ccb3315e69c4875a4f99a127f9f,25C,Janani Mani,****2120,PAY1047,8931.9,UPI,IndiGo,CCU,BOM,2026-04-18 02:08:41.703,2026-04-18 02:43:41.703,35.0,CCU -> BOM,Arjun,Agarwal,12,M,a****l@rediffmail.com,****8953,2821f62bdf4a84a3b9afbff6fc8bef72b54f049d23d536b139336190d2fadb54,2014-07-16
B1888,P1648,6F159,2025-12-25 11:37:36.952,CANCELLED,e554f9bfa63b49d1f535b40af1abc4290d353ccb3315e69c4875a4f99a127f9f,25C,Janani Mani,****2120,PAY1099,5981.84,CARD,IndiGo,CCU,BOM,2026-04-18 02:08:41.703,2026-04-18 02:43:41.703,35.0,CCU -> BOM,Arjun,Agarwal,12,M,a****l@rediffmail.com,****8953,2821f62bdf4a84a3b9afbff6fc8bef72b54f049d23d536b139336190d2fadb54,2014-07-16
B1889,P1603,UK086,2026-02-24 11:37:36.952,CANCELLED,f06a372de876e39ea3164ce26084361443445fad66167e692936e7eb07f85257,22C,Ethan Raju,****6194,,,,Vistara,CCU,BLR,2026-04-17 23:55:41.702,2026-04-18 02:27:41.702,152.0,CCU -> BLR,Ananya,Gupta,45,M,a****a@yahoo.com,****2655,bcbc37cbc65445f47b47395f9f3039cead525d6f833c835678b8848105b49d7d,1981-03-02
B1890,P1436,6F102,2025-08-30 11:37:36.952,PENDING,e2d2253611ec2328f01eac75c8b5d4af8584da56e137d35a89c4e74b2d3c5dd4,12E,Yamini Seshadri,****2127,PAY1380,13732.45,UPI,IndiGo,HYD,MAA,2026-04-18 01:10:41.702,2026-04-18 02:24:41.702,74.0,HYD -> MAA,Myra,Reddy,26,F,m****y@yahoo.com,****6091,87994bc0cdbf7ab6ae976f68976da9248f875e10cd603abff5607c29cc9ce65e,2000-06-17
B1891,P1828,UK186,2026-01-26 11:37:36.952,CANCELLED,97bdea92636d5c1aeb0b23123b3f173b513dab40a934994e337246684fa47581,18D,Ati Dani,****5420,PAY1190,2216.08,UPI,Vistara,BOM,BLR,2026-04-17 23:05:41.703,2026-04-18 02:22:41.703,197.0,BOM -> BLR,Reyansh,Banerjee,36,F,r****2@outlook.com,****5388,037e594e3c9a1f11d607219a3ade1256107afd2a647b4ad4671bc3e47cb76b49,1990-08-23
B1891,P1828,UK186,2026-01-26 11:37:36.952,CANCELLED,97bdea92636d5c1aeb0b23123b3f173b513dab40a934994e337246684fa47581,18D,Ati Dani,****5420,PAY1538,1978.49,UPI,Vistara,BOM,BLR,2026-04-17 23:05:41.703,2026-04-18 02:22:41.703,197.0,BOM -> BLR,Reyansh,Banerjee,36,F,r****2@outlook.com,****5388,037e594e3c9a1f11d607219a3ade1256107afd2a647b4ad4671bc3e47cb76b49,1990-08-23
B1892,P1933,6F032,2025-08-24 11:37:36.952,PENDING,c80b48758f08213c9f7b9be3bd957fe1d5eca34bbeb6e8bfe5bd2e584176408e,17F,Kabir Chatterjee,****0094,,,,IndiGo,DEL,BOM,2026-04-17 23:43:41.701,2026-04-18 02:22:41.701,159.0,DEL -> BOM,Ira,Khan,37,F,i****n@yahoo.com,****9456,a693dc753116c43a87df53e9318d296d9def5d925a86652fab16f889f4dc8c38,1988-12-16
B1893,P1258,6F186,2025-08-02 11:37:36.952,CONFIRMED,dce988fc36c97786f0fc3b069228618eb2420b0965db97906f37ac93fc1a3dba,19A,Meera Prakash,****1916,,,,IndiGo,HYD,BOM,2026-04-17 21:48:41.703,2026-04-18 02:02:41.703,254.0,HYD -> BOM,Diya,Pillai,68,M,d****i@hotmail.com,****4117,855e7cd8ce66c84df755fc0800e1cd235925db833862cd96d613b6f8edd2f550,1957-10-23
B1894,P1979,6F106,2026-02-24 11:37:36.952,CANCELLED,89f338cd7fc52c23e84a27fddf1c233389587c06e516f993a6033154c72ae091,4F,Harinakshi Pau,****0425,,,,IndiGo,BOM,CCU,2026-04-18 00:10:41.702,2026-04-18 01:52:41.702,102.0,BOM -> CCU,Kavya,Gupta,11,M,k****a@yahoo.com,****0295,c29fc11a61ceba02532d4f40bf61f1a1a6d53d0093a39169061144398378fccb,2015-08-13
B1895,P1965,AI021,2025-10-05 11:37:36.952,CANCELLED,3b5d797dc6c17d09db569f2242a00fca8e5d34b25e335a1665f323fbb328caa8,14E,Maanas Issac,****7042,PAY1231,13425.87,CARD,Air India,DEL,HYD,2026-04-17 21:39:41.701,2026-04-18 01:38:41.701,239.0,DEL -> HYD,Aarav,Banerjee,49,F,a****e@hotmail.com,****1852,bd0279ec5560afb9d403ec1e9f3defcf0c1a1f4d0b7d135cc944fa6d71308dfc,1976-09-25
B1895,P1965,AI021,2025-10-05 11:37:36.952,CANCELLED,3b5d797dc6c17d09db569f2242a00fca8e5d34b25e335a1665f323fbb328caa8,14E,Maanas Issac,****7042,PAY1259,6230.89,NETBANKING,Air India,DEL,HYD,2026-04-17 21:39:41.701,2026-04-18 01:38:41.701,239.0,DEL -> HYD,Aarav,Banerjee,49,F,a****e@hotmail.com,****1852,bd0279ec5560afb9d403ec1e9f3defcf0c1a1f4d0b7d135cc944fa6d71308dfc,1976-09-25
B1895,P1965,AI021,2025-10-05 11:37:36.952,CANCELLED,3b5d797dc6c17d09db569f2242a00fca8e5d34b25e335a1665f323fbb328caa8,14E,Maanas Issac,****7042,PAY1437,13629.71,CARD,Air India,DEL,HYD,2026-04-17 21:39:41.701,2026-04-18 01:38:41.701,239.0,DEL -> HYD,Aarav,Banerjee,49,F,a****e@hotmail.com,****1852,bd0279ec5560afb9d403ec1e9f3defcf0c1a1f4d0b7d135cc944fa6d71308dfc,1976-09-25
B1895,P1965,AI021,2025-10-05 11:37:36.952,CANCELLED,3b5d797dc6c17d09db569f2242a00fca8e5d34b25e335a1665f323fbb328caa8,14E,Maanas Issac,****7042,PAY1759,9624.54,CARD,Air India,DEL,HYD,2026-04-17 21:39:41.701,2026-04-18 01:38:41.701,239.0,DEL -> HYD,Aarav,Banerjee,49,F,a****e@hotmail.com,****1852,bd0279ec5560afb9d403ec1e9f3defcf0c1a1f4d0b7d135cc944fa6d71308dfc,1976-09-25
B1895,P1965,AI021,2025-10-05 11:37:36.952,CANCELLED,3b5d797dc6c17d09db569f2242a00fca8e5d34b25e335a1665f323fbb328caa8,14E,Maanas Issac,****7042,PAY1986,11120.61,NETBANKING,Air India,DEL,HYD,2026-04-17 21:39:41.701,2026-04-18 01:38:41.701,239.0,DEL -> HYD,Aarav,Banerjee,49,F,a****e@hotmail.com,****1852,bd0279ec5560afb9d403ec1e9f3defcf0c1a1f4d0b7d135cc944fa6d71308dfc,1976-09-25
B1896,P1102,AI157,2025-11-30 11:37:36.952,PENDING,57f1fcd062d63a5d12f7874f05ea90ad23813c191d2f2ab614e51557cf02a60e,11F,Yashodhara Ratti,****5052,,,,Air India,BLR,CCU,2026-04-17 22:45:41.703,2026-04-18 01:33:41.703,168.0,BLR -> CCU,Myra,Kulkarni,1,F,m****i@rediffmail.com,****6900,c68555727b39598f5aa32464d86e2f2f7d83ea9bf947246a7ec8e70d9599732e,2025-02-27
B1897,P1992,6F054,2025-11-01 11:37:36.952,PENDING,59a836c80d8c90a4cd29c0d93202e9a7d6c187043c01b566cfba8a85edddf695,26F,Xiti Baria,****5523,PAY1017,9752.05,CARD,IndiGo,HYD,BLR,2026-04-17 22:00:41.701,2026-04-18 01:25:41.701,205.0,HYD -> BLR,Diya,Singh,89,F,d****h@hotmail.com,****9636,758836bf958752fb654061f4e777c2615a943c45e68c39e04834524526885712,1937-09-09
B1897,P1992,6F054,2025-11-01 11:37:36.952,PENDING,59a836c80d8c90a4cd29c0d93202e9a7d6c187043c01b566cfba8a85edddf695,26F,Xiti Baria,****5523,PAY1371,7243.26,NETBANKING,IndiGo,HYD,BLR,2026-04-17 22:00:41.701,2026-04-18 01:25:41.701,205.0,HYD -> BLR,Diya,Singh,89,F,d****h@hotmail.com,****9636,758836bf958752fb654061f4e777c2615a943c45e68c39e04834524526885712,1937-09-09
B1898,P1566,AI187,2025-10-03 11:37:36.952,PENDING,f7d1380547c9d577e69eb8a7d1edb50d6973bcaa4535ae98f18e802b0a151d9e,10D,Chakradev Barad,****2963,PAY1854,5718.04,CARD,Air India,BLR,HYD,2026-04-17 23:32:41.703,2026-04-18 01:16:41.703,104.0,BLR -> HYD,Vivaan,Singh,9,F,v****1@rediffmail.com,****9657,f9d5c906327168b1052f257a14d1e19a38363d752ea2068605905f171619d218,2017-02-03
B1899,P1768,SJ124,2025-09-28 11:37:36.952,PENDING,e36862a918bfca92278dcc483d3665d714088f018b189fe916893724eafd1d98,4B,Laksh Nath,****8844,PAY1375,3146.15,UPI,SpiceJet,HYD,DEL,2026-04-17 21:05:41.702,2026-04-18 01:12:41.702,247.0,HYD -> DEL,Krishna,Ghosh,10,M,k****h@gmail.com,****6405,2af7707a78f760a85690352b8919c0e18772cc7efd9233a51a7a67e795ca7ec8,2016-05-17
B1900,P1100,SJ223,2025-10-06 11:37:36.952,CANCELLED,5bad9f4cf190e7d61a742438f82d2b7759f8584caed15c7103d75ab6b32b6d3b,11C,Urvi Venkataraman,****4878,PAY1904,1212.98,UPI,SpiceJet,HYD,MAA,2026-04-17 23:54:41.703,2026-04-18 01:08:41.703,74.0,HYD -> MAA,Muhammad,Joshi,9,M,m****i@rediffmail.com,****6219,2a2d6908068461040efa76a6234321bc55e26d05698454f04c924ddf18aa46a0,2017-05-02
B1901,P1197,UK103,2025-04-25 11:37:36.952,CONFIRMED,d4225f77ec76d7c60efce2e0eb6d461d37d327536a519919395faef3dd2ce074,21A,Tanmayi Dixit,****8079,PAY1434,10787.49,CARD,Vistara,MAA,DEL,2026-04-17 21:52:41.702,2026-04-18 01:06:41.702,194.0,MAA -> DEL,Krishna,Nair,3,M,k****r@gmail.com,****3129,f04a3fb41be8089bb6a145f2f263fe8ba5c91a32dce223388d126e0676d646e3,2023-06-07
B1902,P1812,SJ157,2026-02-08 11:37:36.952,CONFIRMED,1decbd29cfbe2544f50a6070121d96dbb55f881b2b4b7a1e9bcc8aae2f08bb11,14F,Yutika Dey,****7410,,,,SpiceJet,DEL,HYD,2026-04-17 22:11:41.703,2026-04-18 01:05:41.703,174.0,DEL -> HYD,Muhammad,Patel,46,F,m****l@yahoo.com,****0681,2a1e9f52e0499201e74d294e8824948b648e038719b1dc2c8064ffb0b76770f6,1980-01-05
B1903,P1225,6F242,2025-11-06 11:37:36.952,CONFIRMED,36d8ef2746e29dab52bf55c36173580d8bb10664e96e98729b3649b8c1401126,9B,Falak Nagar,****1530,,,,IndiGo,BLR,MAA,2026-04-17 21:10:41.704,2026-04-18 01:04:41.704,234.0,BLR -> MAA,Muhammad,Gupta,73,M,m****a@rediffmail.com,****8258,2605ebd45582cf61c005e1e4f7d22abb16aff86bdae51c6e1a90f386970bb5f7,1953-07-21
B1904,P1942,UK213,2025-07-01 11:37:36.952,CONFIRMED,40b1d023f363963c390ef67140adc12ce53e5038567bd953a8ab5aa1610625cc,8B,Nicholas Ramaswamy,****6866,PAY1110,5769.34,NETBANKING,Vistara,BOM,CCU,2026-04-17 23:21:41.704,2026-04-18 01:01:41.704,100.0,BOM -> CCU,Riya,Pillai,5,M,r****i@hotmail.com,****1910,752d5e077f72ec3f9fb979a1b1ae2d71529ed1fdb08b1964eca33ff1e833750b,2021-06-01
B1905,P1462,SJ120,2026-02-13 11:37:36.952,PENDING,207c5dfb1d81736ef00dc4bc3e321bd8cc7a54a516bf30ea11db2c1b13cc3235,24B,Chandani Nayar,****2608,,,,SpiceJet,MAA,BLR,2026-04-17 21:19:41.702,2026-04-18 00:56:41.702,217.0,MAA -> BLR,Reyansh,Kulkarni,69,F,r****i@hotmail.com,****5163,d3d172eb8c6c288ded448c93f4b7f974874acdc8bc150acb68f5b44dbf83d959,1957-09-07
B1906,P1236,AI035,2025-08-11 11:37:36.952,CANCELLED,8737dfca2fe6c8d5a5d070b0a16e7e86fd385774e03ba79d603cebed3cfe3b8f,22B,Yashica Upadhyay,****7385,PAY1032,11037.65,UPI,Air India,DEL,MAA,2026-04-17 23:17:41.701,2026-04-18 00:48:41.701,91.0,DEL -> MAA,Myra,Sharma,20,F,m****a@yahoo.com,****3281,8666742590d725fad39991461ea252b9c0fc46c561e236b1a3c3c4d706f93249,2006-03-22
B1907,P1025,6F147,2026-01-14 11:37:36.952,CANCELLED,4b432f17b1d3823095a26a8f2d2aa31fa1084c6f25ef951eadedcddbb286a7c5,1B,Vrishti Mistry,****9236,PAY1429,5451.44,CARD,IndiGo,HYD,MAA,2026-04-17 19:57:41.703,2026-04-18 00:31:41.703,274.0,HYD -> MAA,Aarav,Chatterjee,22,M,a****e@yahoo.com,****2872,3b6f062d77b2606553508ed0058dff0df66586e4f66c24560edc31f91a2d8986,2004-07-22
B1908,P1120,SJ229,2025-08-09 11:37:36.952,CANCELLED,8dcf010d1dd8b21d6807588366a216a71d2be91bb625a3b81bae0b6011c150dd,23B,Vaishnavi Badal,****6686,PAY1642,8834.05,CARD,SpiceJet,CCU,DEL,2026-04-17 22:25:41.704,2026-04-18 00:27:41.704,122.0,CCU -> DEL,Aarav,Ghosh,32,M,a****h@hotmail.com,****6275,be48b689d49130a1ecd1121a870692c8f6ee8bf3817deedef01941759ade2ead,1993-12-12
B1908,P1120,SJ229,2025-08-09 11:37:36.952,CANCELLED,8dcf010d1dd8b21d6807588366a216a71d2be91bb625a3b81bae0b6011c150dd,23B,Vaishnavi Badal,****6686,PAY1919,1912.8,CARD,SpiceJet,CCU,DEL,2026-04-17 22:25:41.704,2026-04-18 00:27:41.704,122.0,CCU -> DEL,Aarav,Ghosh,32,M,a****h@hotmail.com,****6275,be48b689d49130a1ecd1121a870692c8f6ee8bf3817deedef01941759ade2ead,1993-12-12
B1909,P1909,AI230,2025-11-14 11:37:36.952,PENDING,4f16c5f08f75eb483866cb2bb9554d0d45b2fc50a558250cdf1217aeebb73980,31B,Jyoti Narula,****4025,,,,Air India,CCU,BLR,2026-04-17 20:37:41.704,2026-04-18 00:22:41.704,225.0,CCU -> BLR,Ananya,Chatterjee,6,M,a****e@rediffmail.com,****1903,e2afb8e4feafe47ab00409934af0051ed00c102ada5f44b3d3fb044aa5d0ec84,2020-07-25
B1910,P1505,UK162,2025-06-10 11:37:36.952,CANCELLED,3c1e2f0fc3d3e5c3dacc196badc9c7b3a59e66dcd2bc7af43c6dc0f11dcdb80e,5C,Imaran Saha,****1612,PAY1687,13743.8,UPI,Vistara,BOM,CCU,2026-04-17 22:47:41.703,2026-04-18 00:21:41.703,94.0,BOM -> CCU,Myra,Mehta,89,F,m****a@yahoo.com,****9062,0f9dacfd5542a237c46171c41aac012f6dd02d680e940ef5a8a77f61fae7a03b,1937-03-25
B1910,P1505,UK162,2025-06-10 11:37:36.952,CANCELLED,3c1e2f0fc3d3e5c3dacc196badc9c7b3a59e66dcd2bc7af43c6dc0f11dcdb80e,5C,Imaran Saha,****1612,PAY1915,7810.25,CARD,Vistara,BOM,CCU,2026-04-17 22:47:41.703,2026-04-18 00:21:41.703,94.0,BOM -> CCU,Myra,Mehta,89,F,m****a@yahoo.com,****9062,0f9dacfd5542a237c46171c41aac012f6dd02d680e940ef5a8a77f61fae7a03b,1937-03-25
B1911,P1181,AI066,2025-05-29 11:37:36.952,PENDING,e266325a3fbbbd69e3f36ec300857d03a5aca171ff36982a0028309f98f2788c,27C,Darika Bala,****0684,,,,Air India,HYD,MAA,2026-04-17 21:51:41.701,2026-04-18 00:11:41.701,140.0,HYD -> MAA,Shaurya,Chatterjee,62,M,s****e@outlook.com,****3772,3b6f4f72a597bd9c2397ba528545372cf65df451671aad5706e84eaba757e110,1964-08-09
B1912,P1710,6F205,2025-09-09 11:37:36.952,CANCELLED,e151b2ebbb00d413ee6ee08609ac2cff3665f869a439a2b7e9be7805b107418e,19D,Urvi Lanka,****3156,PAY1111,6279.57,NETBANKING,IndiGo,HYD,BOM,2026-04-17 22:16:41.703,2026-04-18 00:02:41.703,106.0,HYD -> BOM,Vivaan,Verma,52,M,v****1@hotmail.com,****1958,438c35b137b8bd2b246b5637bd69690004d7dd6dfea58a723d8c628e57e92391,1973-09-23
B1913,P1813,AI124,2025-05-24 11:37:36.952,CONFIRMED,d2182e3232c2e2891fa851f071796fe3105f6c1cf1d8adbba3e2cc8ccea9b05a,27B,Vedant Behl,****1954,PAY1310,11211.97,NETBANKING,Air India,CCU,HYD,2026-04-17 20:28:41.702,2026-04-18 00:00:41.702,212.0,CCU -> HYD,Kavya,Joshi,34,M,k****1@hotmail.com,****5954,b63668286d324ae8c79c815b4ebcc9cf87ad6916bdcb762393fbc6b43a152bd5,1992-04-19
B1913,P1813,AI124,2025-05-24 11:37:36.952,CONFIRMED,d2182e3232c2e2891fa851f071796fe3105f6c1cf1d8adbba3e2cc8ccea9b05a,27B,Vedant Behl,****1954,PAY1678,4083.41,CARD,Air India,CCU,HYD,2026-04-17 20:28:41.702,2026-04-18 00:00:41.702,212.0,CCU -> HYD,Kavya,Joshi,34,M,k****1@hotmail.com,****5954,b63668286d324ae8c79c815b4ebcc9cf87ad6916bdcb762393fbc6b43a152bd5,1992-04-19
B1914,P1766,UK114,2025-10-19 11:37:36.952,PENDING,3d35368ba6389c44a4a75c2c68c31bd8a1254c57801c25da8ff9f6ad80ebf0e1,20A,Varsha Garde,****5246,PAY1003,5079.38,NETBANKING,Vistara,HYD,CCU,2026-04-17 22:10:41.702,2026-04-17 23:58:41.702,108.0,HYD -> CCU,Ira,Banerjee,28,F,i****e@gmail.com,****4681,c888bc197f0a9ccd47bb1231267ee59c0a44615958d3e4049f15f145d935eb17,1997-11-16
B1915,P1633,AI231,2025-06-03 11:37:36.952,CANCELLED,f2f8ab60b89747c0245612f970c2f3bd61aad47358a87c15e55de1e2b1374e03,18B,Lajita Divan,****9217,PAY1822,1162.01,CARD,Air India,DEL,HYD,2026-04-17 21:52:41.704,2026-04-17 23:51:41.704,119.0,DEL -> HYD,Sara,Verma,19,F,s****a@outlook.com,****2419,13dcc8e012d0122f1f262099fc59066d446327a5be57697b395bf69d82f71020,2006-12-05
B1916,P1542,AI113,2025-10-30 11:37:36.952,CONFIRMED,b0838bc2349b3e1a6d3e5dd073f856532d8e78d60305e3249583345d849c063f,7D,Xavier Balay,****5266,PAY1016,3156.86,CARD,Air India,CCU,HYD,2026-04-17 21:21:41.702,2026-04-17 23:51:41.702,150.0,CCU -> HYD,Sai, Kulkarni,51,M,s****i@outlook.com,****7810,24d5dd388f717456e76bd1c517c1463506367c001c8d8ece052c0d62009fd5ce,1974-11-07
B1918,P1314,UK180,2025-10-07 11:37:36.952,CONFIRMED,1356acc909e9194b24a9ae3ae464cb0fca1de55de2ad5dea0cc412668b7df4ff,2B,Anirudh Sastry,****0050,PAY1760,2739.31,NETBANKING,Vistara,CCU,MAA,2026-04-17 21:18:41.703,2026-04-17 23:29:41.703,131.0,CCU -> MAA,Anika,Joshi,68,M,a****1@yahoo.com,****7372,a23e5e7bea009a1d9fc5c37b1e0917d604c7bd67e8ac987582348dd491ed517e,1957-10-15
B1918,P1314,UK180,2025-10-07 11:37:36.952,CONFIRMED,1356acc909e9194b24a9ae3ae464cb0fca1de55de2ad5dea0cc412668b7df4ff,2B,Anirudh Sastry,****0050,PAY1828,1356.26,NETBANKING,Vistara,CCU,MAA,2026-04-17 21:18:41.703,2026-04-17 23:29:41.703,131.0,CCU -> MAA,Anika,Joshi,68,M,a****1@yahoo.com,****7372,a23e5e7bea009a1d9fc5c37b1e0917d604c7bd67e8ac987582348dd491ed517e,1957-10-15
B1919,P1990,6F080,2026-03-17 11:37:36.952,PENDING,51188cf53682052244474353c096fe5b409c265b60eacc1279844f05e3348c5d,7C,Dipta Sahota,****2300,,,,IndiGo,HYD,MAA,2026-04-17 19:47:41.702,2026-04-17 23:13:41.702,206.0,HYD -> MAA,Arjun,Agarwal,62,F,a****l@yahoo.com,****8953,408bb5de22823d0d21c1460c0ffc0916779d0a460b80ee15e6b1b76a3a450cc4,1964-07-20
B1920,P1796,SJ095,2025-05-11 11:37:36.952,PENDING,b311ced7623ee79c2a4e036eb15cc0bf555cfb3d2f163f66953cc75dc45d0eab,14A,Max Sachar,****8435,,,,SpiceJet,DEL,MAA,2026-04-17 20:09:41.702,2026-04-17 23:13:41.702,184.0,DEL -> MAA,Diya,Agarwal,31,M,d****l@gmail.com,****9566,16f80be00ffa2e78419644d28fe7dc940dcb92657965b880d0ce805c7e31fb73,1994-12-10
B1921,P1617,SJ115,2025-04-24 11:37:36.952,CANCELLED,cf13262d5ae355fb8981183d0ef1732d0825789eb6fa858ebec60952fb423a85,21F,Samar Roy,****9707,PAY1101,9627.04,CARD,SpiceJet,BOM,HYD,2026-04-17 21:05:41.702,2026-04-17 23:10:41.702,125.0,BOM -> HYD,Reyansh,Ghosh,32,F,r****h@gmail.com,****8704,31c35dc6ca07d6f81ecf49e41d57a90405a17826471782ffb5ffa7b9386fedad,1993-12-05
B1922,P1735,AI142,2025-05-14 11:37:36.952,CONFIRMED,3c6b7e635f83b45f68ba0019fb418c4ad02f7b0efdbb6b804585487ae0ce13a9,7D,Yachana Sinha,****3869,PAY1596,11708.41,CARD,Air India,BOM,DEL,2026-04-17 20:49:41.702,2026-04-17 23:03:41.702,134.0,BOM -> DEL,Aarav,Kulkarni,11,F,a****i@hotmail.com,****0669,6f3baab5bb7ec27243f8ca111063100759e8221cf3d9c44a105df5f543b90c15,2014-10-02
B1922,P1735,AI142,2025-05-14 11:37:36.952,CONFIRMED,3c6b7e635f83b45f68ba0019fb418c4ad02f7b0efdbb6b804585487ae0ce13a9,7D,Yachana Sinha,****3869,PAY1793,7858.51,CARD,Air India,BOM,DEL,2026-04-17 20:49:41.702,2026-04-17 23:03:41.702,134.0,BOM -> DEL,Aarav,Kulkarni,11,F,a****i@hotmail.com,****0669,6f3baab5bb7ec27243f8ca111063100759e8221cf3d9c44a105df5f543b90c15,2014-10-02
B1923,P1272,UK169,2025-11-28 11:37:36.952,CANCELLED,60d169d9b1d515c0f31f465ed1088df92b75a7bf6921c1521441da53ae726911,33F,David Devi,****2115,PAY1555,8467.53,NETBANKING,Vistara,HYD,DEL,2026-04-17 18:12:41.703,2026-04-17 23:01:41.703,289.0,HYD -> DEL,Sai,Chatterjee,71,F,s****e@hotmail.com,****7050,828375c13bd865a510353ec7f4682d76f0399baa35c92459cb6a319aad194f3c,1954-11-05
B1924,P1909,SJ041,2025-05-04 11:37:36.952,CANCELLED,3a228e031196fcb39cb52e835eddb41133243e3b6bdc65e246d1e4548a5239ae,27D,Zilmil Johal,****2973,PAY1549,4739.01,CARD,SpiceJet,CCU,HYD,2026-04-17 18:24:41.701,2026-04-17 22:59:41.701,275.0,CCU -> HYD,Ananya,Chatterjee,6,M,a****e@rediffmail.com,****1903,e2afb8e4feafe47ab00409934af0051ed00c102ada5f44b3d3fb044aa5d0ec84,2020-07-25
B1925,P1231,UK171,2025-04-20 11:37:36.952,CONFIRMED,0fe0322e7f3fd942550f8341d2ba9976a5c5ae35a0fb9a4908c9fc3c579959ef,7D,Ekta Sridhar,****0232,PAY1247,11102.07,UPI,Vistara,HYD,CCU,2026-04-17 19:59:41.703,2026-04-17 22:53:41.703,174.0,HYD -> CCU,Riya,Das,58,M,r****s@gmail.com,****4736,e840f019f50bd3fa946af4691fb61550d878009c1d47a69df53e4b062cbc3f55,1967-11-01
B1925,P1231,UK171,2025-04-20 11:37:36.952,CONFIRMED,0fe0322e7f3fd942550f8341d2ba9976a5c5ae35a0fb9a4908c9fc3c579959ef,7D,Ekta Sridhar,****0232,PAY1514,12741.86,CARD,Vistara,HYD,CCU,2026-04-17 19:59:41.703,2026-04-17 22:53:41.703,174.0,HYD -> CCU,Riya,Das,58,M,r****s@gmail.com,****4736,e840f019f50bd3fa946af4691fb61550d878009c1d47a69df53e4b062cbc3f55,1967-11-01
B1925,P1231,UK171,2025-04-20 11:37:36.952,CONFIRMED,0fe0322e7f3fd942550f8341d2ba9976a5c5ae35a0fb9a4908c9fc3c579959ef,7D,Ekta Sridhar,****0232,PAY1647,5691.29,UPI,Vistara,HYD,CCU,2026-04-17 19:59:41.703,2026-04-17 22:53:41.703,174.0,HYD -> CCU,Riya,Das,58,M,r****s@gmail.com,****4736,e840f019f50bd3fa946af4691fb61550d878009c1d47a69df53e4b062cbc3f55,1967-11-01
B1926,P1419,AI081,2025-11-27 11:37:36.952,CANCELLED,57d4b60c1075ce04830307f52aae8dc06b431592def85c0e5c4fb5aceee1b0df,18F,Krisha Murthy,****7004,,,,Air India,CCU,BOM,2026-04-17 21:03:41.702,2026-04-17 22:51:41.702,108.0,CCU -> BOM,Krishna,Iyer,8,F,k****1@rediffmail.com,****1366,bc3329937bc9c5e478deb5b7e4a30b992ba36098422b4feb8e2326c6fbf5ef62,2017-09-22
B1927,P1767,AI162,2026-01-28 11:37:36.952,PENDING,360e4cde1c73981c5818cbc44417f8afe02bf02caa6966e923d05fc56b5e6dc2,27D,Oscar Sharaf,****2307,,,,Air India,MAA,DEL,2026-04-17 19:20:41.703,2026-04-17 22:40:41.703,200.0,MAA -> DEL,Sai,Singh,3,M,s****h@rediffmail.com,****8074,2843e4eb6fd2399cc85ed601c18886041b93335ee29dd0b8d2ab27250a10c267,2022-11-14
B1928,P1441,SJ037,2026-01-23 11:37:36.952,CANCELLED,22f7d67dfc129df114e0893d8be0fcdef54bd94b26e740813a164268ebf442d2,6F,Hema Pandya,****6146,PAY1984,6983.66,NETBANKING,SpiceJet,BLR,BOM,2026-04-17 19:14:41.701,2026-04-17 22:31:41.701,197.0,BLR -> BOM,Arjun,Khan,29,M,a****n@yahoo.com,****8782,c1c1e3a03b919e432ee19b0e8e979590bcfdec5accebc8b2a8d64651ba969fee,1997-04-05
B1929,P1495,SJ037,2025-11-05 11:37:36.952,CONFIRMED,82a0755f38b853c2a0397820c2e8e748a7d3f2f4882608f0301399c324e332ba,6A,Aishani Sule,****0448,,,,SpiceJet,BLR,BOM,2026-04-17 19:14:41.701,2026-04-17 22:31:41.701,197.0,BLR -> BOM,Arjun,Nair,8,F,a****r@rediffmail.com,****6707,428c09f7e987554180c26389bd8dd7e305ef33aa9e373d822cd5c135a95903ee,2018-07-02
B1930,P1023,UK080,2025-12-16 11:37:36.952,PENDING,479132795205a60d545ffbdc684e584123876f960e7c001323b37469ba2ab302,3B,Rehaan Koshy,****3639,PAY1547,1625.9,CARD,Vistara,BLR,MAA,2026-04-17 21:09:41.702,2026-04-17 22:29:41.702,80.0,BLR -> MAA,Aditya,Patel,75,F,a****l@hotmail.com,****9973,aae89439b255e5dfa3dee8b4efa96bbacaccda93cd681b6c29f6d392312c06e5,1950-10-24
B1931,P1108,SJ031,2025-09-26 11:37:36.952,PENDING,fb70900ab05e0264026042946bb44015c906573fe233d642dd9263a3376e828f,16C,Arya Misra,****9946,PAY1066,10011.51,CARD,SpiceJet,DEL,BOM,2026-04-17 21:20:41.701,2026-04-17 22:29:41.701,69.0,DEL -> BOM,Ishaan,Kulkarni,8,M,i****i@outlook.com,****1573,b457a31b2a6bcbc47ce201fdfc59dfb607325e97e095acaaf5a3c218196fb666,2018-02-08
B1932,P1702,AI199,2025-12-28 11:37:36.952,CANCELLED,20177912a4b87913a816fe5073ba60299df6e4c88101a4ddc0bb0de952ba2b34,4B,Umang Mishra,****4441,PAY1284,8636.39,CARD,Air India,HYD,DEL,2026-04-17 18:47:41.703,2026-04-17 22:26:41.703,219.0,HYD -> DEL,Aadhya,Mehta,54,M,a****2@rediffmail.com,****2501,bee36effe39b6d266b49f11b5e401943bedfbfede5bd1126b8a1043e4580f100,1971-11-02
B1933,P1501,6F082,2025-05-28 11:37:36.952,CANCELLED,538d1b80eb257af055ca01e5b46a62f3065761c986fa6fa9853b620a678bab93,7B,Bhavya Johal,****3805,,,,IndiGo,BOM,BLR,2026-04-17 20:26:41.702,2026-04-17 22:26:41.702,120.0,BOM -> BLR,Sai,Joshi,58,M,s****i@hotmail.com,****1592,760e7487d55ff81f7f4172e593a63846dc0c7a3b5d6076c02affc734d7eef59d,1968-06-25
B1934,P1858,UK217,2026-04-12 11:37:36.952,PENDING,fe8da665f70f1cf9e63c874cc6e4c177314b86bc53dd6b27754acd07ca7396ef,9F,Vrinda Nadig,****5807,PAY1092,10978.81,UPI,Vistara,MAA,CCU,2026-04-17 21:19:41.704,2026-04-17 22:14:41.704,55.0,MAA -> CCU,Myra,Gupta,17,F,m****3@hotmail.com,****0359,be6847e040eba9089475793923fe04d30a3022c05f42665d2ed6e369a5d64679,2009-04-23
B1935,P1024,UK014,2026-04-13 11:37:36.952,CANCELLED,2437d254afcc829e485d3158d3c46b5865f42df49396e241c7f2657bdb007a36,6C,Varsha Palla,****3421,,,,Vistara,HYD,MAA,2026-04-17 20:41:41.701,2026-04-17 22:06:41.701,85.0,HYD -> MAA,Vivaan,Sharma,58,M,v****a@yahoo.com,****4941,5ccf28839dc58717f318474e0c64564c44295f407b7f1ff16fea2b382a63aa7f,1968-08-08
B1936,P1186,SJ180,2026-01-11 11:37:36.952,CONFIRMED,055ef86c67a7545e5462821ea3fff7b2215b0e94ea6df58822177a8874f44981,14D,Anusha Mani,****0382,PAY1187,5159.35,UPI,SpiceJet,HYD,CCU,2026-04-17 17:12:41.703,2026-04-17 22:00:41.703,288.0,HYD -> CCU,Sara,Mishra,79,F,s****a@yahoo.com,****6403,d2e61d70503b62992b23206700ed842f0c034f4869015c38b76775ecc89a08f7,1947-04-03
B1936,P1186,SJ180,2026-01-11 11:37:36.952,CONFIRMED,055ef86c67a7545e5462821ea3fff7b2215b0e94ea6df58822177a8874f44981,14D,Anusha Mani,****0382,PAY1937,6127.38,UPI,SpiceJet,HYD,CCU,2026-04-17 17:12:41.703,2026-04-17 22:00:41.703,288.0,HYD -> CCU,Sara,Mishra,79,F,s****a@yahoo.com,****6403,d2e61d70503b62992b23206700ed842f0c034f4869015c38b76775ecc89a08f7,1947-04-03
B1937,P1287,6F268,2026-02-19 11:37:36.952,CANCELLED,e86a0d4b95087ef9ff2c55adc58db9195fdba5b20d0684ad4e3f105b9b52c7a0,16E,Jairaj Raghavan,****5218,PAY1865,6825.66,CARD,IndiGo,DEL,MAA,2026-04-17 20:29:41.701,2026-04-17 21:58:41.701,89.0,DEL -> MAA,Ishaan,Kulkarni,68,F,i****2@hotmail.com,****8506,991cb8b238b083444be59d701846230dd1c06cdcdb9fe4408afc5217cebf744f,1958-02-01
B1938,P1627,UK205,2026-04-07 11:37:36.952,CANCELLED,1b76c24e008d12dec15f623e1ae8908c59cc28d3a846a6c78f1054d0c32e0a3c,19B,Megha Pai,****4643,PAY1419,12242.79,UPI,Vistara,HYD,MAA,2026-04-17 18:57:41.703,2026-04-17 21:46:41.703,169.0,HYD -> MAA,Aditya,Iyer,20,M,a****r@hotmail.com,****4695,7b3e2f27348867c295774a387bd52fd03adf330da67e030292135e711a58b83c,2005-10-06
B1939,P1337,SJ212,2025-07-22 11:37:36.952,PENDING,a1ceb7db9a8f4d37f2d0d06d9889b758b552af377527083d00ab64704af34f03,22B,Madhav Mannan,****9435,PAY1131,8851.37,UPI,SpiceJet,MAA,BLR,2026-04-17 19:49:41.703,2026-04-17 21:44:41.703,115.0,MAA -> BLR,Vivaan,Chatterjee,67,F,v****e@hotmail.com,****1093,fe497e14ecf725ba7a61bc3579d156bdac01fc8c8a96d742344cff4e8028be6b,1959-03-02
B1939,P1337,SJ212,2025-07-22 11:37:36.952,PENDING,a1ceb7db9a8f4d37f2d0d06d9889b758b552af377527083d00ab64704af34f03,22B,Madhav Mannan,****9435,PAY1174,9872.75,UPI,SpiceJet,MAA,BLR,2026-04-17 19:49:41.703,2026-04-17 21:44:41.703,115.0,MAA -> BLR,Vivaan,Chatterjee,67,F,v****e@hotmail.com,****1093,fe497e14ecf725ba7a61bc3579d156bdac01fc8c8a96d742344cff4e8028be6b,1959-03-02
B1939,P1337,SJ212,2025-07-22 11:37:36.952,PENDING,a1ceb7db9a8f4d37f2d0d06d9889b758b552af377527083d00ab64704af34f03,22B,Madhav Mannan,****9435,PAY1279,7506.15,NETBANKING,SpiceJet,MAA,BLR,2026-04-17 19:49:41.703,2026-04-17 21:44:41.703,115.0,MAA -> BLR,Vivaan,Chatterjee,67,F,v****e@hotmail.com,****1093,fe497e14ecf725ba7a61bc3579d156bdac01fc8c8a96d742344cff4e8028be6b,1959-03-02
B1939,P1337,SJ212,2025-07-22 11:37:36.952,PENDING,a1ceb7db9a8f4d37f2d0d06d9889b758b552af377527083d00ab64704af34f03,22B,Madhav Mannan,****9435,PAY1409,14923.36,UPI,SpiceJet,MAA,BLR,2026-04-17 19:49:41.703,2026-04-17 21:44:41.703,115.0,MAA -> BLR,Vivaan,Chatterjee,67,F,v****e@hotmail.com,****1093,fe497e14ecf725ba7a61bc3579d156bdac01fc8c8a96d742344cff4e8028be6b,1959-03-02
B1940,P1877,UK052,2025-06-25 11:37:36.952,CANCELLED,3dfe21b4717b273160e2ed0a859525fc0e946e3141f3a469c31f238336fcb019,17C,Brijesh Mani,****1855,PAY1728,13791.37,CARD,Vistara,BLR,CCU,2026-04-17 20:48:41.701,2026-04-17 21:40:41.701,52.0,BLR -> CCU,Ananya,Khan,6,F,a****1@gmail.com,****5640,fae82b72bf1999c676535f712e9c32a0906c8a04dc5891471a88f9a7a42743f6,2020-02-04
B1940,P1877,UK052,2025-06-25 11:37:36.952,CANCELLED,3dfe21b4717b273160e2ed0a859525fc0e946e3141f3a469c31f238336fcb019,17C,Brijesh Mani,****1855,PAY1810,4783.48,NETBANKING,Vistara,BLR,CCU,2026-04-17 20:48:41.701,2026-04-17 21:40:41.701,52.0,BLR -> CCU,Ananya,Khan,6,F,a****1@gmail.com,****5640,fae82b72bf1999c676535f712e9c32a0906c8a04dc5891471a88f9a7a42743f6,2020-02-04
B1941,P1913,UK230,2025-06-13 11:37:36.952,CANCELLED,297150fdc26a5809499a6f8f3a566b54890a441ab45ce52f760a066f8705419c,19D,Farhan Pal,****5442,PAY1288,1551.73,CARD,Vistara,BLR,BOM,2026-04-17 20:02:41.704,2026-04-17 21:35:41.704,93.0,BLR -> BOM,Ananya,Nair,65,F,a****1@hotmail.com,****6118,987859ac4690e276d3c0315c251779bf60f9cc31040c55acec92b6d7de95d358,1960-10-14
B1942,P1036,AI145,2025-07-18 11:37:36.952,CANCELLED,52c23117d0b6483f68891ad16809fa2425d6600c4b1402b23fedc2f0899bf746,23D,Riya Kunda,****6625,PAY1789,1755.58,UPI,Air India,DEL,BOM,2026-04-17 17:06:41.702,2026-04-17 21:31:41.702,265.0,DEL -> BOM,Riya,Reddy,62,F,r****y@rediffmail.com,****7896,e0f95c940d08624f1b2ca5a54608014485d97b4d5043c94a6996dae145b1c355,1964-07-09
B1943,P1793,SJ035,2026-03-13 11:37:36.952,CONFIRMED,2afc19eb30e33dfbb415b9d2d13e46bd169b1d437a59d2047d8c6e563a493a0f,7E,Varenya Kala,****2940,PAY1653,9116.92,NETBANKING,SpiceJet,CCU,DEL,2026-04-17 20:15:41.701,2026-04-17 21:15:42.000,60.004983333333335,CCU -> DEL,Anika,Joshi,67,M,a****i@hotmail.com,****1740,da8e4cb5b871da6d14cf3cc833a5a334778fbbbceab70f692a791edb48a89c58,1959-02-07
B1943,P1793,SJ035,2026-03-13 11:37:36.952,CONFIRMED,2afc19eb30e33dfbb415b9d2d13e46bd169b1d437a59d2047d8c6e563a493a0f,7E,Varenya Kala,****2940,PAY1920,5304.06,UPI,SpiceJet,CCU,DEL,2026-04-17 20:15:41.701,2026-04-17 21:15:42.000,60.004983333333335,CCU -> DEL,Anika,Joshi,67,M,a****i@hotmail.com,****1740,da8e4cb5b871da6d14cf3cc833a5a334778fbbbceab70f692a791edb48a89c58,1959-02-07
B1944,P1136,SJ184,2025-07-20 11:37:36.952,CANCELLED,0503ddbdc7954fc90f237dcceeba2e2b11793f11b81532dc71c758c2614a7dea,10B,Saksham Yohannan,****9984,PAY1027,3644.17,UPI,SpiceJet,CCU,DEL,2026-04-17 16:32:41.703,2026-04-17 21:00:41.703,268.0,CCU -> DEL,Aadhya,Verma,27,M,a****a@outlook.com,****5490,0b167603a30df161651eb3cfb51fc02c1be643a01a1a8ac4c36c3c4304a5e05a,1999-04-05
B1944,P1136,SJ184,2025-07-20 11:37:36.952,CANCELLED,0503ddbdc7954fc90f237dcceeba2e2b11793f11b81532dc71c758c2614a7dea,10B,Saksham Yohannan,****9984,PAY1508,9053.91,NETBANKING,SpiceJet,CCU,DEL,2026-04-17 16:32:41.703,2026-04-17 21:00:41.703,268.0,CCU -> DEL,Aadhya,Verma,27,M,a****a@outlook.com,****5490,0b167603a30df161651eb3cfb51fc02c1be643a01a1a8ac4c36c3c4304a5e05a,1999-04-05
B1945,P1507,6F207,2025-11-03 11:37:36.952,CONFIRMED,102be45dae9fa99573c9335ff2c5cd17f08f9889d522936e5f3a8708bd50a244,24A,Anika Magar,****8592,,,,IndiGo,BOM,HYD,2026-04-17 16:59:41.703,2026-04-17 21:00:41.703,241.0,BOM -> HYD,Ananya,Khan,35,F,a****1@rediffmail.com,****9532,2363092ebd3be27860b4a5d21c0fd2a4ec2800ab25a03d4427fa2da11191830e,1990-10-21
B1946,P1226,UK144,2026-03-30 11:37:36.952,CONFIRMED,9831fdc174faf57f891613747c613ee153595ff24600447cd1f4b5d255464891,15A,Laksh Chopra,****6602,PAY1988,11196.94,UPI,Vistara,BOM,CCU,2026-04-17 18:07:41.703,2026-04-17 20:59:41.703,172.0,BOM -> CCU,Kavya,Chatterjee,58,F,k****e@rediffmail.com,****8456,50d3945a4f03f5159be76e0ce2901a32e8c8f6d0dd60e8e1a311832e1c7f362a,1967-12-16
B1947,P1319,AI126,2025-10-22 11:37:36.952,CONFIRMED,8f8a317db0cdc0d183958349917aa7a953ad8073e8544e900adbc68edbbc728e,1A,Wriddhish Kibe,****1615,PAY1627,2186.2,NETBANKING,Air India,MAA,HYD,2026-04-17 17:26:41.702,2026-04-17 20:48:41.702,202.0,MAA -> HYD,Kavya,Chatterjee,34,M,k****e@hotmail.com,****7382,c52f68aaccc8c61732810fe7d499e1f00796b0e99527c8719ee0f2e567495916,1991-12-01
B1948,P1839,SJ145,2025-05-19 11:37:36.952,CONFIRMED,89e8c4f2714c9d00fcd15d35f409a7e3bc050a0d2fb9deda448778b8d1e26184,10A,Chandresh Wali,****4234,PAY1495,7705.92,CARD,SpiceJet,BLR,HYD,2026-04-17 17:41:41.702,2026-04-17 20:38:41.702,177.0,BLR -> HYD,Ishaan,Nair,77,M,i****2@yahoo.com,****1690,1aa8bfbebbf5feba728b7518cf38a479053034ca46df6e6d0c0eb3722fd0074f,1948-11-15
B1948,P1839,SJ145,2025-05-19 11:37:36.952,CONFIRMED,89e8c4f2714c9d00fcd15d35f409a7e3bc050a0d2fb9deda448778b8d1e26184,10A,Chandresh Wali,****4234,PAY1559,6743.77,NETBANKING,SpiceJet,BLR,HYD,2026-04-17 17:41:41.702,2026-04-17 20:38:41.702,177.0,BLR -> HYD,Ishaan,Nair,77,M,i****2@yahoo.com,****1690,1aa8bfbebbf5feba728b7518cf38a479053034ca46df6e6d0c0eb3722fd0074f,1948-11-15
B1949,P1915,6F040,2025-05-16 11:37:36.952,PENDING,78da5f3f104150a22d1bc3fe0248e0b2382e6718a94c4937455d5cbe59090c77,15B,Upkaar Kaul,****7188,PAY1980,11031.75,UPI,IndiGo,HYD,CCU,2026-04-17 15:52:41.701,2026-04-17 20:33:41.701,281.0,HYD -> CCU,Sai,Patel,74,M,s****l@outlook.com,****4209,ad61303fcc8221074c8df4e72bbc2d7f9ced908f418baf18a74cc5dc9da34b6f,1951-10-17
B1949,P1915,6F040,2025-05-16 11:37:36.952,PENDING,78da5f3f104150a22d1bc3fe0248e0b2382e6718a94c4937455d5cbe59090c77,15B,Upkaar Kaul,****7188,PAY1998,3328.36,CARD,IndiGo,HYD,CCU,2026-04-17 15:52:41.701,2026-04-17 20:33:41.701,281.0,HYD -> CCU,Sai,Patel,74,M,s****l@outlook.com,****4209,ad61303fcc8221074c8df4e72bbc2d7f9ced908f418baf18a74cc5dc9da34b6f,1951-10-17
B1950,P1181,UK049,2025-06-15 11:37:36.952,CONFIRMED,59abd1abe2875e045d6c7c4caa930e3b3779acc9c8316b6a09b529c9b932ad71,21B,Charles Chaudhry,****9225,,,,Vistara,HYD,BOM,2026-04-17 19:47:41.701,2026-04-17 20:32:41.701,45.0,HYD -> BOM,Shaurya,Chatterjee,62,M,s****e@outlook.com,****3772,3b6f4f72a597bd9c2397ba528545372cf65df451671aad5706e84eaba757e110,1964-08-09
B1951,P1873,UK049,2026-03-18 11:37:36.952,CANCELLED,220ac90c194efac7748272fa109833ad402eb36862d397ca84dbf76c15b013c0,3F,Odika Narayanan,****9796,PAY1929,12831.14,NETBANKING,Vistara,HYD,BOM,2026-04-17 19:47:41.701,2026-04-17 20:32:41.701,45.0,HYD -> BOM,Shaurya,Reddy,39,M,s****1@rediffmail.com,****3551,2ac493e3562d1b00738240dcb9815dc2f87d5a98cb8af33404e9ea96df9d2f11,1986-11-09
B1952,P1085,AI087,2025-10-18 11:37:36.952,CONFIRMED,dfcf5f4a11d157bbb3b62d5016c7150f7183911f83415b09c63851486f3e6da1,2C,Urmi Chaudhry,****4789,PAY1370,10237.24,NETBANKING,Air India,MAA,DEL,2026-04-17 16:32:41.702,2026-04-17 20:30:41.702,238.0,MAA -> DEL,Diya,Naidu,85,M,d****u@hotmail.com,****8399,c3d4891554b03ac8d08a19d2b53e98edc32bfb74c74c11f2097fe03c746f924f,1941-06-14
B1953,P1466,AI152,2025-05-24 11:37:36.952,CANCELLED,542539dfa11714e5af4aa490fe1d918aa53daa48f15c7ece5f0dc6d82662071d,19A,Laksh Ahluwalia,****2480,PAY1341,12741.76,CARD,Air India,BLR,CCU,2026-04-17 19:21:41.703,2026-04-17 20:26:41.703,65.0,BLR -> CCU,Aditya,Reddy,80,F,a****y@gmail.com,****4548,1ef71d9a0f865285fe08dadd9208f78a6f7e581c2c04c3d4b476e84717fee463,1946-08-03
B1954,P1925,SJ240,2025-11-06 11:37:36.952,CONFIRMED,d9121ffdc34b6a37be6babbd0e2f6f7e81dc926db1893f9715d0cb257289bab8,2A,Nakul Ray,****2001,PAY1799,14524.79,NETBANKING,SpiceJet,BOM,HYD,2026-04-17 16:42:41.704,2026-04-17 20:21:41.704,219.0,BOM -> HYD,Diya,Naidu,18,M,d****u@outlook.com,****2816,92f5a92dc30776d6e02c03146eda0eab144450023fafa4fc13eacf88b2fad07f,2007-11-28
B1955,P1052,AI212,2025-09-14 11:37:36.952,PENDING,ba06ccf0d09d344f244d9cc3d1104fcab10049db08b06503c5a90229db961afa,22B,Vamakshi Sood,****5387,,,,Air India,DEL,CCU,2026-04-17 15:31:41.703,2026-04-17 20:13:41.703,282.0,DEL -> CCU,Sai,Khan,52,F,s****n@gmail.com,****2365,1a6c56e0c65b72db424b16392b68294cc8b865218b6683f747e8dfde9ebbcbdd,1973-10-09
B1956,P1859,AI064,2025-09-21 11:37:36.952,CONFIRMED,7ef6d89813183832c02dc38467cd2b12346bb6bf2645281386a08371ab166baa,3B,Ryan Mani,****9169,,,,Air India,BLR,MAA,2026-04-17 18:24:41.701,2026-04-17 20:07:41.701,103.0,BLR -> MAA,Shaurya,Khan,85,F,s****n@rediffmail.com,****3093,8b3cd10a067568438e95896feb895472310215a42dfebb7972250eef78d1e141,1940-12-26
B1957,P1866,6F093,2025-06-07 11:37:36.952,CONFIRMED,67ccf72774c4e47ab2d137cc961ce17c7321ad79a1d7eb34f9d0bee3141bf931,32E,Ekani Mangal,****7600,PAY1337,4851.79,CARD,IndiGo,CCU,DEL,2026-04-17 16:09:41.702,2026-04-17 20:00:41.702,231.0,CCU -> DEL,Ishaan,Gupta,68,F,i****1@outlook.com,****3453,ba5d8076e8adf37b4bb17f0f609cf092807ddd52e6a389fe2a7feb2a1fb40839,1958-08-04
B1958,P1234,AI118,2025-04-28 11:37:36.952,PENDING,6d2015fd32402b94b1285f6623bc22112c9f504da35f26aa3fe78a26044b5dd6,29C,Daniel Chakraborty,****6511,PAY1691,1256.74,CARD,Air India,HYD,MAA,2026-04-17 17:50:41.702,2026-04-17 19:59:41.702,129.0,HYD -> MAA,Ananya,Banerjee,67,M,a****e@gmail.com,****4512,e6895f5fc57a08f9b53dd1bab8d6786458a0b40174299df860d737d0bae51f45,1959-07-22
B1958,P1234,AI118,2025-04-28 11:37:36.952,PENDING,6d2015fd32402b94b1285f6623bc22112c9f504da35f26aa3fe78a26044b5dd6,29C,Daniel Chakraborty,****6511,PAY1945,1471.1,NETBANKING,Air India,HYD,MAA,2026-04-17 17:50:41.702,2026-04-17 19:59:41.702,129.0,HYD -> MAA,Ananya,Banerjee,67,M,a****e@gmail.com,****4512,e6895f5fc57a08f9b53dd1bab8d6786458a0b40174299df860d737d0bae51f45,1959-07-22
B1959,P1958,AI172,2025-12-19 11:37:36.952,CONFIRMED,9b80358e64c8add365e8d0e3b93250692c5b687a8c0379655ed2dfd92cbfed15,23D,Vincent Warrior,****7933,PAY1076,9818.89,UPI,Air India,BOM,CCU,2026-04-17 19:08:41.703,2026-04-17 19:53:41.703,45.0,BOM -> CCU,Arjun,Ghosh,24,M,a****h@rediffmail.com,****2887,f45c5a2547e377b2b8aa441ee0439f56861c08f0580a56afe33adb714f7fb729,2002-06-25
B1959,P1958,AI172,2025-12-19 11:37:36.952,CONFIRMED,9b80358e64c8add365e8d0e3b93250692c5b687a8c0379655ed2dfd92cbfed15,23D,Vincent Warrior,****7933,PAY1242,7275.19,NETBANKING,Air India,BOM,CCU,2026-04-17 19:08:41.703,2026-04-17 19:53:41.703,45.0,BOM -> CCU,Arjun,Ghosh,24,M,a****h@rediffmail.com,****2887,f45c5a2547e377b2b8aa441ee0439f56861c08f0580a56afe33adb714f7fb729,2002-06-25
B1960,P1778,6F183,2026-01-30 11:37:36.952,CANCELLED,5c1d55a69680fffc5b600082e20954092f0c60dc3aae79fa3cc160f6a1b90715,27E,Baljiwan Gill,****8946,PAY1812,14657.97,CARD,IndiGo,MAA,HYD,2026-04-17 17:08:41.703,2026-04-17 19:52:41.703,164.0,MAA -> HYD,Krishna,Verma,53,F,k****1@gmail.com,****6140,c9f9ad1fa70fd0ea6eead332e4435555f0a7fb16ded8d00ff40c47fde5fcaa58,1973-04-02
B1961,P1798,6F200,2025-07-15 11:37:36.952,CONFIRMED,f24fcefc260522e9ee464d689ebe30483ef692ed9836c24777900b2f90ab4161,28A,Omisha Goda,****4518,,,,IndiGo,HYD,DEL,2026-04-17 14:54:41.703,2026-04-17 19:41:41.703,287.0,HYD -> DEL,Aarav,Mishra,60,F,a****1@outlook.com,****4710,d8584f94027bc44b073dd27d57b91a49e339428ebb828d3e218688adb8302236,1965-11-26
B1962,P1432,SJ077,2025-12-23 11:37:36.952,CONFIRMED,273f61215919d166819d198d03f6ff8d2b72dbb29d86fd77913845441e03ba3b,18C,Balhaar Ranganathan,****9246,PAY1067,9530.25,CARD,SpiceJet,BLR,MAA,2026-04-17 17:32:41.701,2026-04-17 19:40:41.701,128.0,BLR -> MAA,Sai,Chatterjee,68,F,s****e@outlook.com,****1007,7cd73111b2d4855eebf192ca0380d24a25ed1d2ca5ddb4ba7a67a966fc252557,1957-12-14
B1962,P1432,SJ077,2025-12-23 11:37:36.952,CONFIRMED,273f61215919d166819d198d03f6ff8d2b72dbb29d86fd77913845441e03ba3b,18C,Balhaar Ranganathan,****9246,PAY1209,1833.17,UPI,SpiceJet,BLR,MAA,2026-04-17 17:32:41.701,2026-04-17 19:40:41.701,128.0,BLR -> MAA,Sai,Chatterjee,68,F,s****e@outlook.com,****1007,7cd73111b2d4855eebf192ca0380d24a25ed1d2ca5ddb4ba7a67a966fc252557,1957-12-14
B1962,P1432,SJ077,2025-12-23 11:37:36.952,CONFIRMED,273f61215919d166819d198d03f6ff8d2b72dbb29d86fd77913845441e03ba3b,18C,Balhaar Ranganathan,****9246,PAY1656,7948.25,CARD,SpiceJet,BLR,MAA,2026-04-17 17:32:41.701,2026-04-17 19:40:41.701,128.0,BLR -> MAA,Sai,Chatterjee,68,F,s****e@outlook.com,****1007,7cd73111b2d4855eebf192ca0380d24a25ed1d2ca5ddb4ba7a67a966fc252557,1957-12-14
B1962,P1432,SJ077,2025-12-23 11:37:36.952,CONFIRMED,273f61215919d166819d198d03f6ff8d2b72dbb29d86fd77913845441e03ba3b,18C,Balhaar Ranganathan,****9246,PAY1790,11681.57,UPI,SpiceJet,BLR,MAA,2026-04-17 17:32:41.701,2026-04-17 19:40:41.701,128.0,BLR -> MAA,Sai,Chatterjee,68,F,s****e@outlook.com,****1007,7cd73111b2d4855eebf192ca0380d24a25ed1d2ca5ddb4ba7a67a966fc252557,1957-12-14
B1963,P1495,UK030,2026-02-24 11:37:36.952,CONFIRMED,e534e29c631809787204cfdab72a4740a7ecf0c3824e73da6331d104a272b6b9,27F,Warhi Grewal,****8001,,,,Vistara,CCU,DEL,2026-04-17 15:11:41.701,2026-04-17 19:38:41.701,267.0,CCU -> DEL,Arjun,Nair,8,F,a****r@rediffmail.com,****6707,428c09f7e987554180c26389bd8dd7e305ef33aa9e373d822cd5c135a95903ee,2018-07-02
B1964,P1998,SJ232,2025-05-21 11:37:36.952,PENDING,4c216ec64082c9f91467f4702a713013feb8a793be3063275556efca824871ae,18B,Bimala Barad,****2887,,,,SpiceJet,MAA,BLR,2026-04-17 15:02:41.704,2026-04-17 19:22:41.704,260.0,MAA -> BLR,Shaurya,Kulkarni,39,F,s****i@gmail.com,****9851,abf1ca9d3729c1867f6ff5a63989571a6df9474af77af11240db14e7797f0126,1987-04-14
B1965,P1099,6F090,2026-01-29 11:37:36.952,CONFIRMED,e88c91c4ce8e371f6a954d60d8aed9e90ca37ec0e8704bc718dff7a95ffa4015,20D,Aditya Misra,****9379,,,,IndiGo,HYD,BLR,2026-04-17 15:10:41.702,2026-04-17 19:22:41.702,252.0,HYD -> BLR,Vivaan,Agarwal,71,F,v****l@hotmail.com,****4348,0eb35e002d76a27e5ec4defc1d582adbb70c3fc7da43830888898b0761a03385,1955-05-26
B1966,P1989,UK002,2025-11-06 11:37:36.952,CONFIRMED,bd4984f9dc2c410aa5528163f84e75be39617c53ea3953dd61d812c13de557fa,12B,Hredhaan Nayak,****0512,PAY1291,14419.64,UPI,Vistara,CCU,MAA,2026-04-17 14:28:41.700,2026-04-17 19:20:41.700,292.0,CCU -> MAA,Reyansh,Chatterjee,26,M,r****e@outlook.com,****2352,44c9e3c045b6bb56693f1b750c2566ed1fb34c781714823c22b1809c0b6f8a84,2000-04-12
B1966,P1989,UK002,2025-11-06 11:37:36.952,CONFIRMED,bd4984f9dc2c410aa5528163f84e75be39617c53ea3953dd61d812c13de557fa,12B,Hredhaan Nayak,****0512,PAY1715,6405.91,UPI,Vistara,CCU,MAA,2026-04-17 14:28:41.700,2026-04-17 19:20:41.700,292.0,CCU -> MAA,Reyansh,Chatterjee,26,M,r****e@outlook.com,****2352,44c9e3c045b6bb56693f1b750c2566ed1fb34c781714823c22b1809c0b6f8a84,2000-04-12
B1966,P1989,UK002,2025-11-06 11:37:36.952,CONFIRMED,bd4984f9dc2c410aa5528163f84e75be39617c53ea3953dd61d812c13de557fa,12B,Hredhaan Nayak,****0512,PAY1964,13474.77,CARD,Vistara,CCU,MAA,2026-04-17 14:28:41.700,2026-04-17 19:20:41.700,292.0,CCU -> MAA,Reyansh,Chatterjee,26,M,r****e@outlook.com,****2352,44c9e3c045b6bb56693f1b750c2566ed1fb34c781714823c22b1809c0b6f8a84,2000-04-12
B1967,P1598,AI154,2025-07-03 11:37:36.952,CANCELLED,30e4570111fa8ea9c78a76ed0c2cfc08f70a0c771c2f837e8a7df90eec7b03b3,22C,Bhavani Sha,****3141,PAY1004,12518.31,CARD,Air India,HYD,MAA,2026-04-17 15:25:41.703,2026-04-17 19:16:41.703,231.0,HYD -> MAA,Aadhya,Gupta,39,M,a****a@yahoo.com,****2797,d469f9896d79e3506d4cf4318234d99ac8cf0015579e26ce39fb665b6b055af1,1987-06-05
B1968,P1402,6F089,2025-10-11 11:37:36.952,CONFIRMED,cf181aa9ccdcae847f6d5cecb47a70ef7c6d298fe45471153ac4f10999114809,2D,Wakeeta Desai,****4142,PAY1582,14600.78,NETBANKING,IndiGo,DEL,HYD,2026-04-17 17:06:41.702,2026-04-17 19:10:41.702,124.0,DEL -> HYD,Riya,Khan,68,F,r****n@outlook.com,****5275,8c2fb15914e3466d48962190ab2e8886247ee27afb85e5be4f02b930d8306dad,1958-02-19
B1969,P1395,6F218,2026-04-08 11:37:36.952,CONFIRMED,93bc7d27d08ae6c357739bfc29a9d85d9147669fba02662b238d22745ce20955,29A,Yamini Sidhu,****5719,PAY1849,13598.0,UPI,IndiGo,BLR,BOM,2026-04-17 15:16:41.704,2026-04-17 19:03:41.704,227.0,BLR -> BOM,Riya,Iyer,15,F,r****r@rediffmail.com,****8282,4f32eb7bae4c98071a9fcfea5e769d01f1dc06beb40b84c4ee43a6be356cd26d,2011-05-09
B1970,P1526,6F241,2025-11-26 11:37:36.952,CONFIRMED,62b0624b65cd64bf38a52d3f015128be7b43372cb27523d3587a216a4fb50c32,12B,Anjali Hans,****5066,PAY1300,4558.49,NETBANKING,IndiGo,DEL,HYD,2026-04-17 18:27:41.704,2026-04-17 19:02:41.704,35.0,DEL -> HYD,Saanvi,Singh,62,M,s****h@rediffmail.com,****6599,ceabb603d2e6e5b3a4c0480b9af02c77a7797daa17c79acfb1ec0d9b9be646e0,1964-05-02
B1971,P1414,6F116,2025-08-20 11:37:36.952,CONFIRMED,eb79ca72c0e56dec5149270e6e033d6bde3036441ca3dfe82197f6514a1f15a6,2B,Isaiah Narayanan,****9642,,,,IndiGo,MAA,CCU,2026-04-17 16:43:41.702,2026-04-17 19:02:41.702,139.0,MAA -> CCU,Muhammad,Singh,19,M,m****h@hotmail.com,****6420,909ad57d5c4c14db56a694357f683b0fad43d6dac81294f4d2a68ebab9a33a82,2007-03-19
B1972,P1938,UK199,2025-04-18 11:37:36.952,CANCELLED,173b7db0219f7e81207ad13b1e3dbc780550f6390e8ddfa9a5c0ada56bc2107a,19B,Nicholas Shanker,****8516,PAY1736,5458.57,UPI,Vistara,BOM,CCU,2026-04-17 15:24:41.703,2026-04-17 18:55:41.703,211.0,BOM -> CCU,Reyansh,Joshi,33,F,r****i@outlook.com,****0771,09bf794e73709fa09f110b2dc922e7fcfcc630ddfd1c089de44dcf3a15d6a89d,1993-04-26
B1973,P1612,SJ033,2025-04-28 11:37:36.952,CANCELLED,2a46c5fa309a225ff26b5a2b4e4eda47b54b24c79bd4b1484d521bfd1c9198fd,8C,Aarini Grewal,****3057,,,,SpiceJet,HYD,DEL,2026-04-17 17:26:41.701,2026-04-17 18:51:41.701,85.0,HYD -> DEL,Ananya,Pillai,77,F,a****i@rediffmail.com,****2885,9a64b3fa933cdbdf3f5b419930c424ca17d53095745410ecbe538f98a0d1e28e,1949-07-13
B1974,P1676,AI210,2025-08-03 11:37:36.952,PENDING,8df86f378cb27b0171891d4137d22d26ef61eaf24600a76401de73ec7b39781b,15B,Akshay Nazareth,****3035,,,,Air India,BLR,BOM,2026-04-17 16:13:41.703,2026-04-17 18:50:41.703,157.0,BLR -> BOM,Reyansh,Reddy,82,F,r****y@rediffmail.com,****4901,7654ca801744b8774e967b076227bd97b7e9f51c03a682fbfd820a62e91d95c9,1944-06-26
B1975,P1462,UK148,2025-08-26 11:37:36.952,PENDING,5f50e40ff96a0fd0a636d2db27f2d2cc82fa84a62c3dc46b57874414eec4a583,20E,Chakrika Hans,****9630,PAY1773,7791.01,CARD,Vistara,HYD,BOM,2026-04-17 16:31:41.703,2026-04-17 18:43:41.703,132.0,HYD -> BOM,Reyansh,Kulkarni,69,F,r****i@hotmail.com,****5163,d3d172eb8c6c288ded448c93f4b7f974874acdc8bc150acb68f5b44dbf83d959,1957-09-07
B1976,P1540,AI229,2025-08-27 11:37:36.952,PENDING,2c9c3a92cbf98579435772a078d4eea34c49abac973561b5b22c2c6467a66a18,16F,Parth Ravi,****3619,PAY1078,8576.26,NETBANKING,Air India,HYD,MAA,2026-04-17 16:48:41.703,2026-04-17 18:40:41.703,112.0,HYD -> MAA,Kavya,Khan,28,F,k****n@hotmail.com,****7029,f451c6bad83c1556e9b409cffd1f283f07bb19ca7237a81634eb4574650ee4a5,1998-03-26
B1977,P1625,UK005,2026-01-01 11:37:36.952,PENDING,c1c31fa9ed3bb84e838e0cc4bb1c6a2da220679fb5cfdcedf76bf8ec715619f3,4A,Prisha Varma,****4286,,,,Vistara,BOM,MAA,2026-04-17 14:02:41.701,2026-04-17 18:14:41.701,252.0,BOM -> MAA,Riya,Patel,61,F,r****1@outlook.com,****7658,e7c878671246f91b101bb6b6a2635ab85b15efceef62ddf97bca53704b936d57,1965-03-05
B1978,P1618,SJ080,2025-12-07 11:37:36.952,CONFIRMED,6990aa0ac8d60e401e153aa10b2017477140d0821b249853702bc75efbfa439b,12C,Falak Chadha,****7464,PAY1613,9450.85,UPI,SpiceJet,CCU,MAA,2026-04-17 16:04:41.702,2026-04-17 17:59:41.702,115.0,CCU -> MAA,Ishaan,Sharma,37,F,i****a@rediffmail.com,****9375,dbb741d33c0e0704b9fa5988b14311dd0edbeb68f26b1c3e31f7e7ae33424103,1988-11-20
B1979,P1921,SJ092,2025-12-02 11:37:36.952,CANCELLED,167f29c93a0c680ec95df9a925d32a0a37663f3ff225870ae27cba11511986b4,1F,Nandini Chandran,****0698,,,,SpiceJet,BLR,MAA,2026-04-17 13:19:41.702,2026-04-17 17:56:41.702,277.0,BLR -> MAA,Ishaan,Chatterjee,4,M,i****1@hotmail.com,****6961,e0f65046e76f3d652ab9f5bee190267c810474e56c6fa39a73eb98dae8d86d01,2021-12-10
B1980,P1363,SJ055,2025-12-04 11:37:36.952,CANCELLED,642656fead84ca6ed76c1963158cb9872391b055d5578882712e69113f235f4b,15A,Qasim Dey,****7348,PAY1500,12102.14,CARD,SpiceJet,HYD,MAA,2026-04-17 14:17:41.701,2026-04-17 17:56:41.701,219.0,HYD -> MAA,Sara,Iyer,13,F,s****r@yahoo.com,****1941,6bc6a8c28d1414cb187312fc59a134326ce36d91902ce1431bbd53ed34d1c346,2013-02-16
B1981,P1129,AI239,2025-05-17 11:37:36.952,CONFIRMED,194c1ff334ec6b7cdddbff3b3f5e8b7bf899e22f894224f4730c2d821a45ef05,19D,Vansha Naik,****2612,PAY1090,4761.81,CARD,Air India,BOM,HYD,2026-04-17 14:33:41.704,2026-04-17 17:47:41.704,194.0,BOM -> HYD,Vivaan,Joshi,65,F,v****i@hotmail.com,****5992,2a6c0b50dc5ae3233dcf036f84282da9251ada4259e8e73e592c0bd2fad97f66,1961-09-09
B1981,P1129,AI239,2025-05-17 11:37:36.952,CONFIRMED,194c1ff334ec6b7cdddbff3b3f5e8b7bf899e22f894224f4730c2d821a45ef05,19D,Vansha Naik,****2612,PAY1522,7404.46,UPI,Air India,BOM,HYD,2026-04-17 14:33:41.704,2026-04-17 17:47:41.704,194.0,BOM -> HYD,Vivaan,Joshi,65,F,v****i@hotmail.com,****5992,2a6c0b50dc5ae3233dcf036f84282da9251ada4259e8e73e592c0bd2fad97f66,1961-09-09
B1982,P1083,6F162,2025-06-17 11:37:36.952,PENDING,da2d4df4666b2a20176e78cb5e867d4681bfa112ee2ee47f0dfe2a03920172f2,7A,Yuvraj Ahuja,****6975,,,,IndiGo,CCU,BOM,2026-04-17 14:50:41.703,2026-04-17 17:44:41.703,174.0,CCU -> BOM,Arjun,Banerjee,62,F,a****e@outlook.com,****0285,142fa59a1062db224fdbce4eeea34443869bdde50a5a4b3ed40a725b754eee76,1964-02-24
B1983,P1270,UK101,2025-06-28 11:37:36.952,PENDING,b1ec26b79390538bd526ce8ab693f396ff548005ddfb2ab244e9911159061ec2,27A,Advika Rajagopal,****7066,PAY1689,9117.5,CARD,Vistara,DEL,HYD,2026-04-17 15:00:41.702,2026-04-17 17:43:41.702,163.0,DEL -> HYD,Reyansh,Nair,24,M,r****r@gmail.com,****9475,622f950d3654b4a90256a6474f1633e5cf60269aaf708814f9d7c0114b8bd108,2002-07-11
B1984,P1243,6F198,2025-04-25 11:37:36.952,CONFIRMED,9addb84ab4e74bf110979f242e8804f7c2370f56c1d74c6697b434d4b5a74cf8,27F,Warinder Sekhon,****7129,PAY1424,8109.9,UPI,IndiGo,HYD,BLR,2026-04-17 12:40:41.703,2026-04-17 17:39:41.703,299.0,HYD -> BLR,Aadhya,Chatterjee,1,M,a****e@gmail.com,****9531,5cdf97665094c4444a9f4b4341b56aafddde52e955a7370b879a6fd53cc08ac2,2025-07-04
B1984,P1243,6F198,2025-04-25 11:37:36.952,CONFIRMED,9addb84ab4e74bf110979f242e8804f7c2370f56c1d74c6697b434d4b5a74cf8,27F,Warinder Sekhon,****7129,PAY1754,11501.29,UPI,IndiGo,HYD,BLR,2026-04-17 12:40:41.703,2026-04-17 17:39:41.703,299.0,HYD -> BLR,Aadhya,Chatterjee,1,M,a****e@gmail.com,****9531,5cdf97665094c4444a9f4b4341b56aafddde52e955a7370b879a6fd53cc08ac2,2025-07-04
B1985,P1387,6F239,2025-09-28 11:37:36.952,CONFIRMED,b7bca1f547c035740cf2f1e80020451db493ac3d749b5f198c5c32671bd00012,31F,Amara Narayan,****3192,,,,IndiGo,CCU,BOM,2026-04-17 15:24:41.704,2026-04-17 17:37:41.704,133.0,CCU -> BOM,Anika,Sharma,21,F,a****a@hotmail.com,****4285,6042ebe73951da5075d0ce8cc07d9ee16caf07aa00d0060cd7973d64d3a844fa,2004-09-19
B1986,P1213,SJ177,2025-10-07 11:37:36.952,CONFIRMED,eccdbbde392ac5992d9c9a587ee50fd4fe6d1e44c57c014af81201cde61aae9c,13F,Chasmum Apte,****2114,,,,SpiceJet,BOM,CCU,2026-04-17 13:04:41.703,2026-04-17 17:37:41.703,273.0,BOM -> CCU,Sai,Pillai,67,F,s****i@outlook.com,****0044,c54625f6ea1e9d06a266584c0ff2c03b7878a789ade9f40806564b7121b68c35,1958-12-18
B1987,P1817,6F044,2026-03-12 11:37:36.952,CANCELLED,3a75e0b82eaab0a0f596cb2e77fe808887c6bfdca89fcd72da07dcd6e005c25c,19F,Advika Parsa,****0463,PAY1009,4585.24,CARD,IndiGo,DEL,HYD,2026-04-17 13:25:41.701,2026-04-17 17:36:41.701,251.0,DEL -> HYD,Reyansh,Patel,27,M,r****l@rediffmail.com,****0534,dce3d61ed7f4fe2e86369ff451c80e3da3ad1e76dbdc76611904747f95f5a526,1999-07-02
B1987,P1817,6F044,2026-03-12 11:37:36.952,CANCELLED,3a75e0b82eaab0a0f596cb2e77fe808887c6bfdca89fcd72da07dcd6e005c25c,19F,Advika Parsa,****0463,PAY1053,4148.68,CARD,IndiGo,DEL,HYD,2026-04-17 13:25:41.701,2026-04-17 17:36:41.701,251.0,DEL -> HYD,Reyansh,Patel,27,M,r****l@rediffmail.com,****0534,dce3d61ed7f4fe2e86369ff451c80e3da3ad1e76dbdc76611904747f95f5a526,1999-07-02
B1988,P1165,6F248,2026-02-17 11:37:36.952,PENDING,b2abdbadf4cb0ea2601978a4524286c2632d23120e4c492bbfde5e4323cf61c3,13A,Warinder Bhatia,****0464,PAY1211,13945.28,UPI,IndiGo,DEL,HYD,2026-04-17 13:25:41.701,2026-04-17 17:36:41.701,251.0,DEL -> HYD,Ira,Singh,44,M,i****h@rediffmail.com,****6118,db02db056bca53ee0d443a075352a4793e91c0a4de4fb93f5673939231a06b99,1982-07-22
B1989,P1790,6F002,2025-12-10 11:37:36.952,PENDING,bf47153d90dacf5f3154de862799c2e9eef96c24c26cbaf4f75ce8e21eb46c3e,16F,Jagat Shroff,****6840,,,,IndiGo,BLR,MAA,2026-04-17 14:11:41.700,2026-04-17 17:34:41.700,203.0,BLR -> MAA,Sai,Banerjee,4,F,s****2@yahoo.com,****7395,1476521c88a07985c5e19661fdb1356f6c8991e06a725e32a91f47a44d05b1ba,2022-01-20
B1990,P1058,SJ197,2026-03-31 11:37:36.952,CONFIRMED,2fb692e2db98726674fec92f835426b7a11d4d753f34f5e6df1e2d7b2141aab6,14B,Damyanti Dutta,****8281,PAY1148,4434.27,NETBANKING,SpiceJet,HYD,BLR,2026-04-17 14:49:41.703,2026-04-17 17:33:41.703,164.0,HYD -> BLR,Diya,Mehta,8,F,d****a@yahoo.com,****6368,537806a15aaa9c46452bd22f1fdf11c3ae3b52c25f2378c62aec4bcee69c5769,2018-01-10
B1990,P1058,SJ197,2026-03-31 11:37:36.952,CONFIRMED,2fb692e2db98726674fec92f835426b7a11d4d753f34f5e6df1e2d7b2141aab6,14B,Damyanti Dutta,****8281,PAY1539,9960.43,NETBANKING,SpiceJet,HYD,BLR,2026-04-17 14:49:41.703,2026-04-17 17:33:41.703,164.0,HYD -> BLR,Diya,Mehta,8,F,d****a@yahoo.com,****6368,537806a15aaa9c46452bd22f1fdf11c3ae3b52c25f2378c62aec4bcee69c5769,2018-01-10
B1991,P1601,UK091,2026-01-14 11:37:36.952,CANCELLED,4aa73e23192d35b7f2e0d05b7651956098eb0fcf636a3d9a8d77893fa25e22d0,22E,Nidra Thakkar,****0428,,,,Vistara,CCU,BOM,2026-04-17 13:37:41.702,2026-04-17 17:31:41.702,234.0,CCU -> BOM,Krishna,Naidu,38,M,k****u@yahoo.com,****9223,f1b3c302d6bdc4f704affd68fed17b30b90431653a8e6cc0b33ed75bc8bf6fa5,1987-12-28
B1992,P1882,6F215,2025-04-25 11:37:36.952,CONFIRMED,3bd00e59fdc2d052fb3bb47cf3af3d3f73814b0eafde9a02e2aae99237f2ab07,25C,Deepa Dalal,****2908,PAY1468,4590.22,CARD,IndiGo,DEL,BLR,2026-04-17 13:00:41.703,2026-04-17 17:30:41.703,270.0,DEL -> BLR,Krishna,Ghosh,56,F,k****h@rediffmail.com,****9026,ba9a913596fb0f3dffd058bbb67d301dba9fffc84f288d719c9c54a3536f322e,1970-09-06
B1992,P1882,6F215,2025-04-25 11:37:36.952,CONFIRMED,3bd00e59fdc2d052fb3bb47cf3af3d3f73814b0eafde9a02e2aae99237f2ab07,25C,Deepa Dalal,****2908,PAY1593,2164.83,NETBANKING,IndiGo,DEL,BLR,2026-04-17 13:00:41.703,2026-04-17 17:30:41.703,270.0,DEL -> BLR,Krishna,Ghosh,56,F,k****h@rediffmail.com,****9026,ba9a913596fb0f3dffd058bbb67d301dba9fffc84f288d719c9c54a3536f322e,1970-09-06
B1992,P1882,6F215,2025-04-25 11:37:36.952,CONFIRMED,3bd00e59fdc2d052fb3bb47cf3af3d3f73814b0eafde9a02e2aae99237f2ab07,25C,Deepa Dalal,****2908,PAY1960,7248.01,UPI,IndiGo,DEL,BLR,2026-04-17 13:00:41.703,2026-04-17 17:30:41.703,270.0,DEL -> BLR,Krishna,Ghosh,56,F,k****h@rediffmail.com,****9026,ba9a913596fb0f3dffd058bbb67d301dba9fffc84f288d719c9c54a3536f322e,1970-09-06
B1993,P1842,AI093,2026-03-11 11:37:36.952,CANCELLED,183ca99088a1487cfafc0cecde8b36dd324aa249957f90f65129687c37834f20,5B,Chakrika Pillai,****9255,,,,Air India,BOM,BLR,2026-04-17 12:35:41.702,2026-04-17 17:28:41.702,293.0,BOM -> BLR,Ira,Banerjee,26,F,i****e@yahoo.com,****0042,066498aca94ba0ca78fd5fe5ce16e1ac64a34abd05361159d6d8826b71c7f2d4,2000-04-09
B1994,P1923,UK090,2026-03-31 11:37:36.952,CONFIRMED,a173e965992f81ff13474086fab1e5d3f8e04eafbc0672557d0f76c631490280,21D,Timothy Kanda,****0874,,,,Vistara,HYD,MAA,2026-04-17 14:44:41.702,2026-04-17 17:24:41.702,160.0,HYD -> MAA,Sai,Gupta,26,M,s****a@rediffmail.com,****8545,73f62a4b319bf634b20d5b069f70fe14b7dc73d95788471be772abc9048da88e,2000-06-24
B1995,P1503,SJ005,2025-11-20 11:37:36.952,CANCELLED,5025eb66e890523a21dedac55104398ab026181500ed376c5fb84c48276cff05,11C,Kiaan Sridhar,****8644,,,,SpiceJet,DEL,MAA,2026-04-17 16:03:41.701,2026-04-17 17:24:41.701,81.0,DEL -> MAA,Riya,Verma,29,F,r****a@gmail.com,****8019,78c026195a426e36449e01d3a6bcebae17d916cd869411fb746c55cfea6510d3,1997-03-04
B1996,P1705,UK106,2025-08-08 11:37:36.952,CANCELLED,65c0e8317e379a5227bd3e56f893e0f9443e6024e59ae36fcb4ead0d62cd4aee,27E,Michael Sha,****9827,PAY1075,10358.84,UPI,Vistara,BOM,CCU,2026-04-17 15:12:41.702,2026-04-17 17:23:41.702,131.0,BOM -> CCU,Saanvi,Sharma,69,M,s****a@hotmail.com,****2650,0d2609660ae5284712c514814e8629778e1be71d4af7c3013c46b9faf7d3d58c,1957-07-11
B1997,P1122,6F223,2025-05-03 11:37:36.952,PENDING,9c2be330bc8f2b18931a79bc103805548df4750881e5afb01e428e0d94814344,27B,Kashvi Sagar,****6636,,,,IndiGo,MAA,BLR,2026-04-17 16:47:41.704,2026-04-17 17:21:41.704,34.0,MAA -> BLR,Ananya,Verma,23,M,a****a@hotmail.com,****1258,521c5e760c3f3c55793ad3fdccd80cbf248cfdcb47bcf32c2b343ebb4aef7766,2003-01-02
B1998,P1647,6F011,2025-10-23 11:37:36.952,CONFIRMED,f260e8c9632372f928de90c846fca8dd3fcb42bca9915456d4041841dea211ab,14C,Urishilla Yogi,****5033,PAY1005,7319.71,CARD,IndiGo,MAA,BLR,2026-04-17 15:16:41.701,2026-04-17 17:16:42.000,120.00498333333331,MAA -> BLR,Anika,Nair,74,M,a****r@outlook.com,****6005,47da74814661a94c2741762c39ce7a13a48c2537275397c2d832dad2cea9d30e,1951-12-26
B1998,P1647,6F011,2025-10-23 11:37:36.952,CONFIRMED,f260e8c9632372f928de90c846fca8dd3fcb42bca9915456d4041841dea211ab,14C,Urishilla Yogi,****5033,PAY1863,11065.89,NETBANKING,IndiGo,MAA,BLR,2026-04-17 15:16:41.701,2026-04-17 17:16:42.000,120.00498333333331,MAA -> BLR,Anika,Nair,74,M,a****r@outlook.com,****6005,47da74814661a94c2741762c39ce7a13a48c2537275397c2d832dad2cea9d30e,1951-12-26
