booking_id,passenger_id,flight_id,booking_date,status,passport_number,seat_number,emergency_contact_name,emergency_contact_phone,_ingested_at,_source_file
B1000,P1591,AI192,2025-06-14 11:37:36.951,CANCELLED,59e7e7738c8711b2f49be2c355b25b9bd41b780392aa2151796e8b52aaa0a056,3D,Isaac Bakshi,****5128,2026-09-05T15:59:28.766079,UseCase - Airlines.xlsx
B1001,P1803,6F026,2025-11-02 11:37:36.951,CANCELLED,6a95f336b866dc4d580b61301c1a96016a5ec24e056b4062fcb7eb48c0e14578,18A,Anvi Konda,****8662,2026-09-05T15:59:28.766079,UseCase - Airlines.xlsx
B1002,P1083,SJ010,2025-08-25 11:37:36.951,CANCELLED,8d413701d70b517478f82789245fa033726307ec10b14c2c18fc6f6deb940931,30C,Udant Dewan,****8220,2026-09-05T15:59:28.766079,UseCase - Airlines.xlsx
B1003,P1364,AI069,2025-12-30 11:37:36.951,CONFIRMED,19c4a665e8bc1266b54aee9a9925f0d4179044fbc7be190242d1b89272a91bff,33A,Harsh Chahal,****6839,2026-09-05T15:59:28.766079,UseCase - Airlines.xlsx
B1004,P1885,UK003,2025-10-02 11:37:36.951,PENDING,d9157c803314e083e13c0307a6e506c2beaa8c6e96140c318f3a5626acdbf658,25C,Pahal Balay,****8266,2026-09-05T15:59:28.766079,UseCase - Airlines.xlsx
B1005,P1548,AI048,2025-08-31 11:37:36.951,CONFIRMED,caabc2281b0da4c39b0a3b311e88f27b268a54a206f841d415910424688d7c97,13D,Ayushman Chander,****2726,2026-09-05T15:59:28.766079,UseCase - Airlines.xlsx
B1006,P1341,AI140,2025-06-29 11:37:36.951,CANCELLED,819d0525b412722fb313faf87f81a43b74df29a993116bd79095a97e202b44a5,17F,Tejas Kaul,****7864,2026-09-05T15:59:28.766079,UseCase - Airlines.xlsx
B1007,P1838,UK167,2026-03-12 11:37:36.951,CONFIRMED,481f342177d3cec469338517a9902c34973ae3e01e73170d054a2a22e8fed7a7,22E,Yashasvi Bala,****5776,2026-09-05T15:59:28.766079,UseCase - Airlines.xlsx
B1008,P1406,AI245,2025-09-07 11:37:36.951,PENDING,8c98a8c9d9ef366ea590a63c5fda7f9b38e3d7fd7cc2e1a664b318ac10d81116,34F,Rushil Saini,****8807,2026-09-05T15:59:28.766079,UseCase - Airlines.xlsx
B1009,P1424,SJ158,2025-04-28 11:37:36.951,CANCELLED,16d60fe92f5a58498240b07d1f06756c4004ccb8ac1a35e2805525d1a10f4bd5,33C,Thomas Sen,****6278,2026-09-05T15:59:28.766079,UseCase - Airlines.xlsx
B1010,P1743,AI155,2025-11-24 11:37:36.951,CONFIRMED,9b8bc958eb99de8fb7b16058960d026a06b3e7d596f3a18533a6dc3e4ff6331d,15B,Arunima Ahuja,****9414,2026-09-05T15:59:28.766079,UseCase - Airlines.xlsx
B1011,P1092,AI179,2025-10-25 11:37:36.951,CONFIRMED,2c38e171d27dcd125c6913f4d1c146a8da98219f63f72633e64e7bc3f19ef100,22C,Nathaniel Sami,****6153,2026-09-05T15:59:28.766079,UseCase - Airlines.xlsx
B1012,P1847,AI137,2025-08-15 11:37:36.951,PENDING,e6d22eaeb25269dd78b2086a7fbc88ea5604221f886dccec006c8c8cd13d8487,28B,Harini Mall,****6860,2026-09-05T15:59:28.766079,UseCase - Airlines.xlsx
B1013,P1613,SJ001,2025-07-20 11:37:36.951,CONFIRMED,fab85083e9f77799da2810373757ab2bcaba789e60580d046078a73a50453c99,26E,Nachiket Kale,****6561,2026-09-05T15:59:28.766079,UseCase - Airlines.xlsx
B1014,P1411,SJ172,2025-09-15 11:37:36.951,PENDING,ce79ecb116713ff5346d04d528e0b69c111ddb29f89f71c7489847f9def6277f,21E,Gayathri Chaudry,****9979,2026-09-05T15:59:28.766079,UseCase - Airlines.xlsx
B1015,P1431,UK094,2025-10-21 11:37:36.951,PENDING,e80647128945b84453cc832b9d012cca149f24816051350fa337a4774bb9f73b,6F,George Rai,****5012,2026-09-05T15:59:28.766079,UseCase - Airlines.xlsx
B1016,P1677,UK027,2026-01-13 11:37:36.951,CANCELLED,45ac44b766f544618147856de9f9ccef98e3e4a1cba38f6935f57ff86e03e8ea,6A,Gunbir Parmer,****0204,2026-09-05T15:59:28.766079,UseCase - Airlines.xlsx
B1017,P1158,UK067,2026-04-04 11:37:36.951,CONFIRMED,f27605d14d86e057ee7d1bb667412de210b87865cc6b2b19d6cf9c9030fc6f52,13B,Hemangini Lalla,****8257,2026-09-05T15:59:28.766079,UseCase - Airlines.xlsx
B1018,P1013,6F196,2026-03-25 11:37:36.951,CANCELLED,f08afc002842ef6c16197f0905029ce91549bdec0d015e96e30190fc31969a97,19B,Caleb Sharaf,****0106,2026-09-05T15:59:28.766079,UseCase - Airlines.xlsx
B1019,P1372,6F164,2025-07-31 11:37:36.951,CANCELLED,451e03d407510f4369ae3ce78672045ebc6e9a3a6fdee26b568e98bb183b3930,19A,Jeet Radhakrishnan,****0835,2026-09-05T15:59:28.766079,UseCase - Airlines.xlsx
B1020,P1224,SJ112,2025-12-06 11:37:36.951,CONFIRMED,548bb24f886551bdb139f2dd77f8d6f472d18d3fd99a207204fc30e6ad2c5a90,27B,Farhan Memon,****6249,2026-09-05T15:59:28.766079,UseCase - Airlines.xlsx
B1021,P1504,6F190,2025-12-07 11:37:36.951,CANCELLED,a81b91b550af858b5813b47037200dedd33d200c4448b11e296e408de35de8df,4E,Janaki Handa,****0161,2026-09-05T15:59:28.766079,UseCase - Airlines.xlsx
B1022,P1072,AI080,2026-03-25 11:37:36.951,CONFIRMED,d10b00994471367e9ef55092ad4fdad4c157e38636d7981e73d0271f0f4b9562,16F,Ekaraj Bath,****7221,2026-09-05T15:59:28.766079,UseCase - Airlines.xlsx
B1023,P1248,6F213,2026-02-03 11:37:36.951,PENDING,baf43ee0438d2412221049ea57b7cc8ae12e72fb43e4330b1dac75ca683c41b0,24B,Vedant Mann,****9325,2026-09-05T15:59:28.766079,UseCase - Airlines.xlsx
B1024,P1510,AI115,2025-06-21 11:37:36.951,PENDING,93992d112475cbf9a55b714ec62eeec9e22502e58494767bc38df2389738e843,30F,Fariq Kaul,****8072,2026-09-05T15:59:28.766079,UseCase - Airlines.xlsx
B1025,P1602,SJ049,2026-03-18 11:37:36.951,PENDING,1012f26ddc18bc3edf4a8ec464d0c27061f88c4b6af0e1a474b1b4b7e1a1798c,1B,Harrison Rai,****2966,2026-09-05T15:59:28.766079,UseCase - Airlines.xlsx
B1026,P1215,AI058,2025-06-27 11:37:36.951,CONFIRMED,56b08f0dbe81e0fd17a2f4fcf51d07e3893bf17d4a3de4b43cf344fcd3932fae,32C,Arunima Setty,****6345,2026-09-05T15:59:28.766079,UseCase - Airlines.xlsx
B1027,P1972,UK036,2025-07-25 11:37:36.951,CONFIRMED,5739e14cea5a14e268d82ad903d9cafa002c471187ff90bfaf9eb056abc7e070,22A,Janya Gaba,****0795,2026-09-05T15:59:28.766079,UseCase - Airlines.xlsx
B1028,P1601,SJ239,2025-05-25 11:37:36.951,CANCELLED,807a50e4d654f4cea485c6ebd7274f050195fed06f879b3f975a2ea1102d1213,26E,Kamala Pant,****0757,2026-09-05T15:59:28.766079,UseCase - Airlines.xlsx
B1029,P1540,6F025,2025-06-06 11:37:36.951,CANCELLED,47899709761c35e8690311381c256b2ace1142579dbfbabbd5611fe4847d60b4,19C,Shaurya Loke,****4016,2026-09-05T15:59:28.766079,UseCase - Airlines.xlsx
B1030,P1946,6F236,2026-03-18 11:37:36.951,CANCELLED,d307a6378262c7c97a0e60c8f2f05e982b98a6d02bf77945a704c32d11bcac24,21E,Ekbal Garg,****1429,2026-09-05T15:59:28.766079,UseCase - Airlines.xlsx
B1031,P1816,AI060,2025-11-16 11:37:36.951,CANCELLED,62954bcb007746dbaec8db12bda3bb7a0172e448d87fb8570bf3aea1f29eb383,1E,Yash Gade,****3949,2026-09-05T15:59:28.766079,UseCase - Airlines.xlsx
B1032,P1938,UK021,2025-09-03 11:37:36.951,CANCELLED,718575c7b7ffd0a23741e5ffd212fb012588f8db1b7b54f2e002d3792df04927,18E,Turvi Raghavan,****8599,2026-09-05T15:59:28.766079,UseCase - Airlines.xlsx
B1033,P1987,UK026,2025-05-06 11:37:36.951,PENDING,a52d3cb89e597a683b8e4923f892a18b9cc227fa05208424f920f164b5149ef6,19A,Anamika Kanda,****4041,2026-09-05T15:59:28.766079,UseCase - Airlines.xlsx
B1034,P1219,SJ179,2025-12-31 11:37:36.951,CONFIRMED,151e90282739e28aa3bcac20bd2620783b9466e601c1ebd3a504fdd82c37fab6,22F,Ekta Bhalla,****0606,2026-09-05T15:59:28.766079,UseCase - Airlines.xlsx
B1035,P1839,6F251,2025-08-21 11:37:36.951,PENDING,b20f5000d5f6615e42319e1f83503e20184791399b293b54e72a70c98fe7cccb,11D,Veer Balay,****1517,2026-09-05T15:59:28.766079,UseCase - Airlines.xlsx
B1036,P1726,SJ149,2025-11-24 11:37:36.951,PENDING,138ba87501deb785f7f1ca7bf1f15783178fc5b5d828e5f569b9aa7c8bf32d58,5B,Diya Rattan,****3647,2026-09-05T15:59:28.766079,UseCase - Airlines.xlsx
B1037,P1220,AI188,2026-03-20 11:37:36.951,PENDING,f583dd86ac1ab40cb5a19a1a3361bb223d0bfe35d9aef8f50d06436cb0051cf2,33E,Amrita Bhatti,****5418,2026-09-05T15:59:28.766079,UseCase - Airlines.xlsx
B1038,P1388,SJ093,2026-01-01 11:37:36.951,PENDING,2269d969b6195ed518ce51572ce2699f9ff19ba2195a691dc4ecb3eb6a2b62b7,12D,Siddharth Murty,****6192,2026-09-05T15:59:28.766079,UseCase - Airlines.xlsx
B1039,P1553,SJ205,2025-08-21 11:37:36.951,CONFIRMED,f29a77a8a97066be9719ce5f8afac04532cb302ae465eeaa9e72ad183d193d22,11E,Simon Tata,****9854,2026-09-05T15:59:28.766079,UseCase - Airlines.xlsx
B1040,P1646,6F099,2025-08-08 11:37:36.951,CONFIRMED,bcd1bf6246a8cf6477aa216c1deb2f96288f371bb92207024ee28f4c3b5758e1,26B,Meghana Shanker,****5230,2026-09-05T15:59:28.766079,UseCase - Airlines.xlsx
B1041,P1041,UK176,2025-05-28 11:37:36.951,CONFIRMED,86e67dbe9d95297aa5cdd7d7430bac23c7c85f7b1094844241d74ea65dd7c047,25C,Luke Lanka,****6035,2026-09-05T15:59:28.766079,UseCase - Airlines.xlsx
B1042,P1675,UK200,2025-12-02 11:37:36.951,CANCELLED,8e2d9b98b2af010a6674cd2be08b1dee592135a6d9f3e13e3d44518d1e531a12,24F,Liam Koshy,****5890,2026-09-05T15:59:28.766079,UseCase - Airlines.xlsx
B1043,P1872,6F195,2025-11-22 11:37:36.951,CANCELLED,af93a48a3274117cf67cda9e45fa3099ebf7c73e5d88b05f9e7bb825909489a8,8E,Adya Sangha,****1388,2026-09-05T15:59:28.766079,UseCase - Airlines.xlsx
B1044,P1282,6F174,2026-04-12 11:37:36.951,PENDING,16e174d0fb53c3ef2600c14f80d1b1dbc2b2ea88a664ec0d44404c7f2489a05a,16C,Mohini Pathak,****0954,2026-09-05T15:59:28.766079,UseCase - Airlines.xlsx
B1045,P1057,SJ214,2026-03-19 11:37:36.951,PENDING,fb7a1818d6acdfde779a7d20c0b6a295a36f4307df85ca80e7523565d13b1245,18C,Theodore Devi,****3432,2026-09-05T15:59:28.766079,UseCase - Airlines.xlsx
B1046,P1813,UK059,2025-10-14 11:37:36.951,CONFIRMED,ec8af10a02df2459541944cd23a5bc1c5aef5a9bc6b6bf4f0c9ebbcdbbecf36d,2C,Yashodhara Tak,****1874,2026-09-05T15:59:28.766079,UseCase - Airlines.xlsx
B1047,P1833,6F151,2025-12-29 11:37:36.951,PENDING,06fc223a46a46707a35e6a4569ecc688e8b1d80c03429bc85488c65cec015883,7C,Gavin Batta,****4608,2026-09-05T15:59:28.766079,UseCase - Airlines.xlsx
B1048,P1536,SJ236,2025-09-19 11:37:36.951,PENDING,8ca1865bfad8bc2ffa1453cd4ace62ef09e95e70ee7716c66e2aa2d21bdbb85c,18C,Imaran Dua,****4278,2026-09-05T15:59:28.766079,UseCase - Airlines.xlsx
B1050,P1884,AI220,2026-01-15 11:37:36.951,PENDING,0d72266c43031d8075a9ca2122f0e9b2a82cdf0c31185daa56e2456ab262f4e9,7D,Devansh Rajan,****4482,2026-09-05T15:59:28.766079,UseCase - Airlines.xlsx
B1051,P1922,6F028,2025-07-05 11:37:36.951,CANCELLED,720bfb736136a3f49714ae69486aa3516a34fca8fa71c12b03b2a9c1a7c44c4c,16A,Lakshmi Sidhu,****6443,2026-09-05T15:59:28.766079,UseCase - Airlines.xlsx
B1052,P1128,UK209,2025-12-30 11:37:36.951,CANCELLED,733cfebca1a82851626f27e20efa6e86b139c080846fc19239d822e20136f779,33B,Zayan Apte,****6326,2026-09-05T15:59:28.766079,UseCase - Airlines.xlsx
B1053,P1598,UK216,2026-04-01 11:37:36.951,PENDING,399a80b00d6a0a5806b1cefc245c3b406657819c79017d6d7fad319c09211dab,28B,Ishwar Yadav,****5009,2026-09-05T15:59:28.766079,UseCase - Airlines.xlsx
B1054,P1841,AI132,2026-04-11 11:37:36.951,CANCELLED,92064bfc79f8368f0179b8de82d8781456f621569b8d34f5014231604f2a3dc1,19C,Amara Oak,****8191,2026-09-05T15:59:28.766079,UseCase - Airlines.xlsx
B1055,P1425,6F012,2025-10-14 11:37:36.951,CANCELLED,08dbe884a6f408988d6490a34f80a501df250aed0c238ee8e4d692b3b693d6ed,13F,Isaac Memon,****7684,2026-09-05T15:59:28.766079,UseCase - Airlines.xlsx
B1056,P1947,UK173,2026-03-24 11:37:36.951,CANCELLED,f380fadf17567f8778a48f283ec28410a2d8ef3c35823b648832eb4df71bf780,15B,Radhika Dugar,****6381,2026-09-05T15:59:28.766079,UseCase - Airlines.xlsx
B1057,P1664,SJ047,2025-08-20 11:37:36.951,CANCELLED,a40b7e364b4f13f0557857ca6cc75203dc689c4fa8af12869370a73f5ee484a1,14F,Sudiksha Aggarwal,****4263,2026-09-05T15:59:28.766079,UseCase - Airlines.xlsx
B1058,P1693,SJ043,2025-12-07 11:37:36.951,PENDING,f93fc5b8f41c836b896bf9d7b20c5ffc6bbf0f35a4f18571c04f350279b06663,8C,Adya Tella,****4081,2026-09-05T15:59:28.766079,UseCase - Airlines.xlsx
B1059,P1124,UK140,2026-01-03 11:37:36.951,CONFIRMED,932065e04863f4c659e279065df5b3b5fc99642c2f6f90291f1326916fa126a7,23B,Pranav Tripathi,****0433,2026-09-05T15:59:28.766079,UseCase - Airlines.xlsx
B1060,P1066,6F086,2025-12-30 11:37:36.951,CONFIRMED,05f3d6b7a3517179f6b637c01087312a8eaae27562b862a9f26de0dd2bc6f683,11A,Hitesh Misra,****7113,2026-09-05T15:59:28.766079,UseCase - Airlines.xlsx
B1061,P1005,6F114,2026-04-05 11:37:36.951,CANCELLED,0296cf4c371c103a8f75c9777a19d515d8f20157481c61d628027c01bba7d41b,19C,Yashica Issac,****7530,2026-09-05T15:59:28.766079,UseCase - Airlines.xlsx
B1062,P1636,UK153,2025-06-12 11:37:36.951,CANCELLED,cdfa84a9b9646477d516d38ebc6afa6d79aa71c4737459149388ccd94f0feca8,15D,Michael Prakash,****7050,2026-09-05T15:59:28.766079,UseCase - Airlines.xlsx
B1063,P1313,6F149,2025-05-19 11:37:36.951,CANCELLED,26fe229152e764c4f33a03c4ed954509e4866712a76e13c10746934acb1f2dcd,9A,Neel Zacharia,****0081,2026-09-05T15:59:28.766079,UseCase - Airlines.xlsx
B1064,P1325,UK145,2025-09-14 11:37:36.951,CONFIRMED,da6bd392194e07308054e475433f6af7458f9e3a631aaeb15a6abcb45deeb01d,24E,Aadi Naik,****2918,2026-09-05T15:59:28.766079,UseCase - Airlines.xlsx
B1065,P1564,UK010,2026-03-06 11:37:36.951,CANCELLED,4b8e984326743f031008e8ac68017ce6cd5d936c14192a39ff48ec4a04d632fb,7B,Vrinda Bahl,****8991,2026-09-05T15:59:28.766079,UseCase - Airlines.xlsx
B1066,P1577,SJ003,2025-11-05 11:37:36.951,PENDING,3cb2c86e89a96e355b86d03374a383c704f3c626d6ee69c7516433df53760d87,1B,Isaac Patil,****8025,2026-09-05T15:59:28.766079,UseCase - Airlines.xlsx
B1067,P1825,SJ160,2025-07-23 11:37:36.951,PENDING,c25bf736040d96af978f325b73e2f2a38cd64416781667c401b9f6c4c1730ec7,7F,Damyanti Khatri,****9825,2026-09-05T15:59:28.766079,UseCase - Airlines.xlsx
B1068,P1505,UK224,2025-11-22 11:37:36.951,PENDING,4e6c0aada89e3523e1c4cd6c37eda829bbe01cb720cf505c725b4c686c471d84,23A,Dalbir Khosla,****9882,2026-09-05T15:59:28.766079,UseCase - Airlines.xlsx
B1069,P1081,UK152,2025-08-02 11:37:36.951,CONFIRMED,a62394e2c13ca2315ea394f03b587a3489bef477d9588ca0f4881b23ce4310c0,16E,Farhan Chada,****6369,2026-09-05T15:59:28.766079,UseCase - Airlines.xlsx
B1070,P1598,SJ034,2025-09-22 11:37:36.951,CANCELLED,460fb46958bd358e33d19bf2d0781731e88c4d4ff6bee3674d4da035a45b49a4,15D,Vedika Biswas,****3428,2026-09-05T15:59:28.766079,UseCase - Airlines.xlsx
B1071,P1001,UK215,2025-12-21 11:37:36.951,CANCELLED,3908c87404af101bb95eb2af92c157053dca2b0c71fc115cb1f977dcd0b49320,15F,Jeremiah Dave,****0870,2026-09-05T15:59:28.766079,UseCase - Airlines.xlsx
B1072,P1203,UK089,2025-08-10 11:37:36.951,CANCELLED,829a5131166353efc36e4b1f9d3ca72ba4d24379164ba1fa6757e3bd9c2eb1c2,18F,Vaishnavi Gandhi,****2708,2026-09-05T15:59:28.766079,UseCase - Airlines.xlsx
B1073,P1661,6F180,2025-12-04 11:37:36.951,CONFIRMED,2f3fda6f401627a4f10cdc01f10605473c1bb1c281f501912116a2d72e2ac3bc,16A,Alka Wable,****4571,2026-09-05T15:59:28.766079,UseCase - Airlines.xlsx
B1074,P1804,6F188,2025-09-25 11:37:36.951,CONFIRMED,2b7e5c29878ccee9576d9888bbee5ee8f6fab614742d2f5c6c5bd8c80334f512,7A,Pallavi Kakar,****6104,2026-09-05T15:59:28.766079,UseCase - Airlines.xlsx
B1075,P1403,UK131,2026-01-03 11:37:36.951,CONFIRMED,5a8625975fd85a292cbd06dbc38d7d26e047e4ae096b728163dd891967ba07b5,2F,Sai Muni,****7796,2026-09-05T15:59:28.766079,UseCase - Airlines.xlsx
B1076,P1102,UK055,2025-05-04 11:37:36.951,CONFIRMED,dab6677257e0df4d2575951ff59115be6d0dfa8437c7c2100529a7df0904e3e8,12B,Mohini Prakash,****9350,2026-09-05T15:59:28.766079,UseCase - Airlines.xlsx
B1077,P1535,UK181,2025-05-03 11:37:36.951,PENDING,d6789f8b10569f0b1c1a0792e158d54a3618262807fed1ccbfe675bedf73d16f,3A,Raksha Varughese,****9292,2026-09-05T15:59:28.766079,UseCase - Airlines.xlsx
B1078,P1367,6F077,2025-09-21 11:37:36.951,CONFIRMED,daeb52205df087feada170916b6244d00107ecd2266e588b7fb4eed40899c9f7,1B,Siya Dara,****0016,2026-09-05T15:59:28.766079,UseCase - Airlines.xlsx
B1079,P1211,SJ085,2025-06-03 11:37:36.951,CONFIRMED,04dd042c1e1ab3ff68ba723e43e89deed7eaac83a5a09a6c50950f1ddfbd6ae6,10D,Yug Kar,****8019,2026-09-05T15:59:28.766079,UseCase - Airlines.xlsx
B1080,P1576,SJ023,2025-06-05 11:37:36.951,CONFIRMED,ed6b7590cce5d1cf929d7e7a9dc8bf82120f7e9abdcc42f478669c79ef27d4b4,22D,Devansh Nigam,****0958,2026-09-05T15:59:28.766079,UseCase - Airlines.xlsx
B1081,P1960,SJ202,2025-11-13 11:37:36.951,CANCELLED,fc5693cfa4ecd4c4169ae4146eb4cd50c46d977fcabd6fae936f04cb2c65dd6e,29C,Ansh Karpe,****8400,2026-09-05T15:59:28.766079,UseCase - Airlines.xlsx
B1082,P1208,SJ150,2025-09-09 11:37:36.951,CANCELLED,8d8e07d18c560ccc64998306492c429138dcb592202f3528e8d15e3b0ae49d3e,30A,Thomas Amble,****4669,2026-09-05T15:59:28.766079,UseCase - Airlines.xlsx
B1083,P1762,SJ116,2025-05-12 11:37:36.951,CANCELLED,7692ebdaa67d0145af8800d55d19e4f5cc7b15fa640536b30e6fd05c6783fcd4,9A,Ekavir Bhargava,****4087,2026-09-05T15:59:28.766079,UseCase - Airlines.xlsx
B1084,P1896,6F270,2025-06-14 11:37:36.951,PENDING,a73f4fb59b6adb795facf290c7ed40ee09e7b2e549c3801315fab3501284fe55,16E,Veer Bir,****8688,2026-09-05T15:59:28.766079,UseCase - Airlines.xlsx
B1085,P1116,UK150,2026-03-24 11:37:36.951,PENDING,b5445c25a22ff18266161cffe871f660364a294ff5ad901e15961e3e920a0c8b,12A,Azad Narayanan,****9329,2026-09-05T15:59:28.766079,UseCase - Airlines.xlsx
B1086,P1627,SJ237,2026-02-16 11:37:36.951,CONFIRMED,353ce93dac98d0e1fe3daea08524868a077864020801fe4fed7b873911e26bcd,5D,Ekavir Varkey,****3483,2026-09-05T15:59:28.766079,UseCase - Airlines.xlsx
B1087,P1748,AI221,2025-05-08 11:37:36.951,CANCELLED,b5b24442fce4fc3e4c47c334e5aafda02cad58497dd565ba95194ee25a76de21,2F,Wazir Mallick,****8674,2026-09-05T15:59:28.766079,UseCase - Airlines.xlsx
B1088,P1477,SJ081,2026-03-25 11:37:36.951,PENDING,787ca2cc91810d7a593c9a3f8790425f9de3c537a5036212e39ed11d114f0712,31A,Vedika Kala,****7433,2026-09-05T15:59:28.766079,UseCase - Airlines.xlsx
B1089,P1104,UK189,2025-09-03 11:37:36.951,CANCELLED,9fe4832e466051710b143e91a6643907017d4554ae77e31fdd4147b57dcad8b0,25F,Kevin Solanki,****1422,2026-09-05T15:59:28.766079,UseCase - Airlines.xlsx
B1090,P1494,SJ068,2025-05-16 11:37:36.951,PENDING,7839eaee1278bad25669ee52fa112e4613f33625938f198a2c7e5da28f65288a,31C,Xavier Solanki,****1775,2026-09-05T15:59:28.766079,UseCase - Airlines.xlsx
B1091,P1770,6F043,2025-08-18 11:37:36.951,PENDING,dc742f97ecc693fb1c1711a3f47c48f970b04e254c884f5fc16b4200f8a8ef15,25D,Niharika Gupta,****1387,2026-09-05T15:59:28.766079,UseCase - Airlines.xlsx
B1092,P1045,UK187,2026-03-18 11:37:36.951,CONFIRMED,eeefb195c43465650e41222d8ec02280cbfa2d906e7b9e21af76d5308ac9485e,16D,Girindra Chatterjee,****6973,2026-09-05T15:59:28.766079,UseCase - Airlines.xlsx
B1093,P1822,UK074,2025-05-11 11:37:36.951,CONFIRMED,c6dfeae13ecd8e6996b85377bb6310f13e68dfd2cf3cb1d3e88fdcd90ba886b1,25E,Raagini Pandya,****0231,2026-09-05T15:59:28.766079,UseCase - Airlines.xlsx
B1094,P1330,UK004,2026-01-07 11:37:36.951,PENDING,95c4cf1c17f97b6f005ab9388c5dbd699c0322a48599e6583859784d51fc5367,24C,Pallavi Roy,****7557,2026-09-05T15:59:28.766079,UseCase - Airlines.xlsx
B1095,P1215,6F194,2025-07-30 11:37:36.951,CONFIRMED,3780979a5959ac4faa776a59f56c65b366f92e3d05c07fbe37b67c4b3074aa35,14B,Unni Bhagat,****2655,2026-09-05T15:59:28.766079,UseCase - Airlines.xlsx
B1096,P1981,UK068,2026-01-03 11:37:36.951,PENDING,b80bb2ec148699cb0a5dc2f100eb3af521e99b0b5b32ceb4a78b26ce3c02df54,12B,Guneet Bhat,****8767,2026-09-05T15:59:28.766079,UseCase - Airlines.xlsx
B1097,P1959,6F017,2025-08-26 11:37:36.951,PENDING,f7e02a56d9f1abe890dbafe442a14b1660fc9b577d164ddf3ba99ce2b77fdffa,34F,Neha Nori,****9257,2026-09-05T15:59:28.766079,UseCase - Airlines.xlsx
B1098,P1491,6F245,2025-10-15 11:37:36.951,PENDING,fb89aebe8aba117049d91464dd47586b549d7d7f03aca0dd4f7b4390eebad7cc,13D,Ikbal Kothari,****0675,2026-09-05T15:59:28.766079,UseCase - Airlines.xlsx
B1099,P1812,6F254,2025-12-07 11:37:36.951,CONFIRMED,693da76722da27aea25f7aba4cebcb0690a886150638ba2eebbab7940d415d0f,26E,Rehaan Gupta,****5408,2026-09-05T15:59:28.766079,UseCase - Airlines.xlsx
B1100,P1921,UK077,2026-03-05 11:37:36.951,CONFIRMED,eb419af2876a17e8da966fc8cddd2979c490e492aa67c9e0ce32bb667be34bcc,16D,Saumya Dey,****2423,2026-09-05T15:59:28.766079,UseCase - Airlines.xlsx
B1101,P1844,AI029,2025-07-19 11:37:36.951,CONFIRMED,2b318a4903e34f1dc87206c36862559a5b0509e15db3d18b36ffa4e093f535ed,3D,Pahal Goswami,****0041,2026-09-05T15:59:28.766079,UseCase - Airlines.xlsx
B1103,P1535,AI242,2025-08-08 11:37:36.951,CANCELLED,da51ed01fc777418bd54cbd22abb9679cbaefa928a792346da5bbbac7e4c90b2,20D,Zaid Borra,****0195,2026-09-05T15:59:28.766079,UseCase - Airlines.xlsx
B1104,P1510,AI242,2025-09-12 11:37:36.951,CANCELLED,c2b4835877d40b7a2f74add8237548e055a054b31dcfee5c65a727f549b8bfa7,16E,Saanvi Chaudhari,****1992,2026-09-05T15:59:28.766079,UseCase - Airlines.xlsx
B1105,P1457,SJ044,2025-09-11 11:37:36.951,CONFIRMED,1d3dac43b1594a125129d3589980032e017addb2af0d76cbcdb6970d3cffed4a,19F,Chandresh Zachariah,****2865,2026-09-05T15:59:28.766079,UseCase - Airlines.xlsx
B1106,P1546,UK063,2025-09-01 11:37:36.951,CONFIRMED,60b7af71e1bbb27bcfa3e329467ab95b4f47075c13b129a2c7f77acdffd970b5,21F,Alexander Chander,****7368,2026-09-05T15:59:28.766079,UseCase - Airlines.xlsx
B1107,P1535,AI056,2025-05-19 11:37:36.951,CONFIRMED,6a1fb7f1be0bccc719128235c39490c426edc0e75bffc7ccedef555c58ef7fe3,30F,Warjas Ganesan,****1339,2026-09-05T15:59:28.766079,UseCase - Airlines.xlsx
B1108,P1539,UK207,2025-10-11 11:37:36.951,CANCELLED,324fbc9c9b6f4a77972f5f7155e1baf03209043f5b91233edb2ad37b8b76c2d4,14B,Niharika Sunder,****0049,2026-09-05T15:59:28.766079,UseCase - Airlines.xlsx
B1109,P1483,UK166,2025-12-03 11:37:36.951,CANCELLED,320a00e4dcb1563612c50d8a3682de94cbfb905cbe279cc8f304278ac007eace,33D,Vasana Kala,****1363,2026-09-05T15:59:28.766079,UseCase - Airlines.xlsx
B1110,P1975,6F261,2025-12-17 11:37:36.951,PENDING,3f1988a5001b2e1bc8660720ab460f52b397a7dcdd1678cdfd6c28322a2d06c2,12B,Nandini Bhargava,****8743,2026-09-05T15:59:28.766079,UseCase - Airlines.xlsx
B1111,P1999,UK134,2025-12-25 11:37:36.951,CANCELLED,931436b7fc1d5cfffc56146a26515320beb07e248cee82efadb991d9f3a83c5e,34A,Nitesh Raghavan,****0327,2026-09-05T15:59:28.766079,UseCase - Airlines.xlsx
B1112,P1015,6F152,2025-10-02 11:37:36.951,PENDING,549b6d9a573b2201670570152d6aaf9917953310122c1fd0f5f1b8136998daae,27A,Aarnav Ramakrishnan,****0611,2026-09-05T15:59:28.766079,UseCase - Airlines.xlsx
B1113,P1570,SJ089,2025-11-23 11:37:36.951,CONFIRMED,789f60f2609362220be53b346448ec96e5328b933250c83673c8127d067060f2,5A,Alka Sha,****3389,2026-09-05T15:59:28.766079,UseCase - Airlines.xlsx
B1114,P1976,6F123,2025-09-26 11:37:36.951,CANCELLED,8dfedddcce75255575c53951ce274f62d6a5dfb6bba9f99cd1d497dda63f7a54,2E,Bhavika Sampath,****8435,2026-09-05T15:59:28.766079,UseCase - Airlines.xlsx
B1115,P1242,AI025,2025-08-23 11:37:36.951,CONFIRMED,26050249f05f3f74ae93aecaf8510fd8f754273786b36f388d7b6756c60f32f3,10A,Vidhi Dubey,****1024,2026-09-05T15:59:28.766079,UseCase - Airlines.xlsx
B1116,P1949,6F030,2025-12-05 11:37:36.951,CONFIRMED,89c9ea9c8f3c9e814c565ec654ca76141debb09154b451792001424a3669062b,19B,Ranveer Minhas,****1177,2026-09-05T15:59:28.766079,UseCase - Airlines.xlsx
B1117,P1206,SJ222,2025-09-02 11:37:36.951,CONFIRMED,872278f4b558af07da25e8c83ddb0b4f2b5d47e01ea7f86cf70f9e2ca2703e4a,28F,Teerth Bhardwaj,****6273,2026-09-05T15:59:28.766079,UseCase - Airlines.xlsx
B1118,P1911,UK109,2026-04-03 11:37:36.951,CONFIRMED,fc3df106b0b211795b8d39ff375b53dce925e9080ec53a4af57a0f4d733148b2,34B,Darsh Murthy,****2542,2026-09-05T15:59:28.766079,UseCase - Airlines.xlsx
B1119,P1270,SJ117,2025-11-25 11:37:36.951,CANCELLED,11657afab1fb6dc9b513a3f42617d9e039ee25b915dad9f4a6ea448c16c90c2d,21F,Dakshesh Bedi,****5920,2026-09-05T15:59:28.766079,UseCase - Airlines.xlsx
B1120,P1760,SJ142,2025-08-12 11:37:36.951,CONFIRMED,b84615456a996ebe5853dd99e9bbd2d5efa4e92e9c7b1906800e7687f7414715,12D,Vansha Thakkar,****9377,2026-09-05T15:59:28.766079,UseCase - Airlines.xlsx
B1121,P1993,SJ142,2025-06-01 11:37:36.951,PENDING,d6c9529c06c807cbd2b93128349d63a1ddc1158acaad1ad9e1fc2ff26388e1c7,17C,Nakul Bhandari,****9980,2026-09-05T15:59:28.766079,UseCase - Airlines.xlsx
B1122,P1778,AI030,2025-05-02 11:37:36.951,CANCELLED,14b099409634db76e54dd2740662d7fdf53e6ee427db166ef74d444e3fd8d123,20B,Yashoda Buch,****0459,2026-09-05T15:59:28.766079,UseCase - Airlines.xlsx
B1123,P1704,6F097,2025-09-23 11:37:36.951,CONFIRMED,84b99269d7259fde4f6cc144fabcc29e82433a2ed4f5ca68aeffb158142f79bb,8A,Quincy Biswas,****3440,2026-09-05T15:59:28.766079,UseCase - Airlines.xlsx
B1124,P1846,6F129,2025-05-23 11:37:36.951,CANCELLED,789b2151d973ab83196726feb632ac5789d32c504f0fe0cc23d232eee93c006b,5C,Ekansh Keer,****1753,2026-09-05T15:59:28.766079,UseCase - Airlines.xlsx
B1125,P1729,6F181,2026-01-15 11:37:36.951,PENDING,a0cab12df09a40743a1fc7ce3ed9fb2a1e34ac04ffe01dd12371d254642e679d,27E,Netra Dar,****5564,2026-09-05T15:59:28.766079,UseCase - Airlines.xlsx
B1126,P1114,AI072,2025-10-20 11:37:36.951,CONFIRMED,1662c7047ff4c2abcd8d6f075904881a62dcd6cfa8bf5029254e7c3dd6832489,10E,Yatin Baral,****6718,2026-09-05T15:59:28.766079,UseCase - Airlines.xlsx
B1127,P1579,SJ154,2025-06-29 11:37:36.951,PENDING,e8cfa1e951a826718bed6fba2eb04abaf6f73e9d871a8f955b3b3f2707306a09,2E,Finn Saini,****6141,2026-09-05T15:59:28.766079,UseCase - Airlines.xlsx
B1128,P1298,AI031,2026-04-08 11:37:36.951,CONFIRMED,742f734c2767995416630cc08e1d30bf669cc7e129c65bdc006aadd0a9e78a0e,10D,Diya Lal,****9264,2026-09-05T15:59:28.766079,UseCase - Airlines.xlsx
B1129,P1836,AI031,2025-09-18 11:37:36.951,PENDING,c410880c10b4e3fc7564b09a079906272d778905c35de2fea445a7588fb7724f,26F,Samarth Murthy,****4894,2026-09-05T15:59:28.766079,UseCase - Airlines.xlsx
B1130,P1482,6F158,2025-12-26 11:37:36.951,CONFIRMED,f09c0a93b6e2e17f6d074be07ea4737344d3cc00dc7f0e25cb34d16c37f9e0e4,34E,William Lanka,****1553,2026-09-05T15:59:28.766079,UseCase - Airlines.xlsx
B1131,P1396,6F184,2025-06-16 11:37:36.951,CANCELLED,2b93216a02a743cebeffd49b6bc7e3fea828e5bdd95db47fffa084819d325ef7,1C,Meghana Deep,****6703,2026-09-05T15:59:28.766079,UseCase - Airlines.xlsx
B1132,P1393,UK141,2025-06-20 11:37:36.951,CONFIRMED,706954c03a671001c7fba577294209a25b6c020b641dd8fb2efeaf52e7ba92f4,10D,Charita Shankar,****2875,2026-09-05T15:59:28.766079,UseCase - Airlines.xlsx
B1133,P1074,6F168,2025-12-29 11:37:36.951,CANCELLED,d378f468ed0457718dd6adc6ce43a1e1d97ec4e93ffeac715a5c81c61ccee85f,23D,Diya Bora,****2496,2026-09-05T15:59:28.766079,UseCase - Airlines.xlsx
B1134,P1977,6F051,2025-07-28 11:37:36.951,CONFIRMED,0a9256c654868404800f4c10c90b883a74f577a5d58aa5cc846c6698fa305cb0,34C,Aditya Shanker,****9254,2026-09-05T15:59:28.766079,UseCase - Airlines.xlsx
B1135,P1481,6F047,2025-12-02 11:37:36.951,CONFIRMED,19675c77c0ce2ef17d8dbe293f974b9e9878b220f3e00a2dced8a1e7c7cfdccd,20E,Harish Borah,****6706,2026-09-05T15:59:28.766079,UseCase - Airlines.xlsx
B1136,P1102,UK156,2025-10-26 11:37:36.951,PENDING,1a8e2ee9604dd7baf434702843922d7d093a7539b1b628a0986fd311763d1d39,28E,Tanay Toor,****2968,2026-09-05T15:59:28.766079,UseCase - Airlines.xlsx
B1137,P1296,AI094,2025-09-01 11:37:36.951,PENDING,3ffce22827c5a12c076c6e39d5512e0f37e323e1e3c80526292cb1a9f0db1ed0,13E,Alka Deo,****1393,2026-09-05T15:59:28.766079,UseCase - Airlines.xlsx
B1138,P1177,AI038,2025-07-14 11:37:36.951,PENDING,d55b6e72cb263db97dc387952fd9715fc0d732c4f2ead83eda0eb6de44852f69,6C,Ikshita Biswas,****1934,2026-09-05T15:59:28.766079,UseCase - Airlines.xlsx
B1139,P1214,6F255,2026-01-19 11:37:36.951,CONFIRMED,bbae7556e98aab266b76d0ed93074d60e1157aa75fe7a0be96edcef35e1ad151,29F,Yash Pingle,****2157,2026-09-05T15:59:28.766079,UseCase - Airlines.xlsx
B1140,P1966,SJ025,2026-01-23 11:37:36.951,CONFIRMED,f8f7cdc9ecb48ca59a0a47659d7090a4dec094dc8f70ae76792ad3b3c4424b0a,29D,Bhavani Dugar,****1700,2026-09-05T15:59:28.766079,UseCase - Airlines.xlsx
B1141,P1314,SJ185,2025-10-28 11:37:36.951,CONFIRMED,49d97b1c4c7dc5b601c293d854421aa2372849e9e60dbb3a0ce0f1f085886468,9C,Raksha Mittal,****5455,2026-09-05T15:59:28.766079,UseCase - Airlines.xlsx
B1142,P1038,6F259,2026-01-21 11:37:36.951,CANCELLED,fcde0e2b5da25ae6222d8984a093525203d8cb65521060a26d25984d886bba42,5C,Abhiram Mistry,****4971,2026-09-05T15:59:28.766079,UseCase - Airlines.xlsx
B1143,P1258,6F073,2026-04-07 11:37:36.951,CANCELLED,afdc34ca2d557c15ccea4f595211b06ba5aea4227c1c1e58ec171f60eb6cfa15,15A,Hemang Desai,****9840,2026-09-05T15:59:28.766079,UseCase - Airlines.xlsx
B1144,P1715,AI091,2025-09-26 11:37:36.951,CONFIRMED,7d87c96db5c0306d4222f2386deb1d02d31a0a7af1921c8ff502f31c8c1153b2,6D,Aishani D’Alia,****7996,2026-09-05T15:59:28.766079,UseCase - Airlines.xlsx
B1145,P1006,6F191,2025-08-23 11:37:36.951,PENDING,c42e261739311d312793d72db4aa9e2c888f3e72fe587c2ebd50382d863bfbf3,15D,Hredhaan Dugal,****6715,2026-09-05T15:59:28.766079,UseCase - Airlines.xlsx
B1146,P1048,UK228,2025-08-30 11:37:36.951,PENDING,b7639e905434a697b08b0dd3937856bc2dedf1b077c32ff2c5756668827f5581,25A,Anita Manda,****8150,2026-09-05T15:59:28.766079,UseCase - Airlines.xlsx
B1147,P1537,6F146,2026-03-25 11:37:36.951,PENDING,50a1a04ea43fe448fc8c2fc25bcbe1574063ef166b710e7c5c9f040538b4b599,11E,Shivansh Oza,****9430,2026-09-05T15:59:28.766079,UseCase - Airlines.xlsx
B1148,P1160,6F068,2025-10-13 11:37:36.951,CONFIRMED,1824f7428d639b2813364e445436dedd9fcdae36a4f4b6236a9b5ecb9bd67f37,19A,Samar Lalla,****0672,2026-09-05T15:59:28.766079,UseCase - Airlines.xlsx
B1149,P1868,SJ218,2026-01-08 11:37:36.951,PENDING,1070d881d49cf2af367820fdfc0a701fef3825e11cf40852b0c33931378f52c2,30F,Yashasvi Suresh,****2528,2026-09-05T15:59:28.766079,UseCase - Airlines.xlsx
B1150,P1175,UK083,2025-09-25 11:37:36.951,CONFIRMED,3b18d93f584be98b315591447e52842cbc96bb65475165c52d60b73be5f4a453,12A,Zayan Behl,****2234,2026-09-05T15:59:28.766079,UseCase - Airlines.xlsx
B1151,P1590,SJ007,2026-01-18 11:37:36.951,CANCELLED,14689b785bc985f0532befadaee10d858e5f410759b91bc61f46bb4a80bec0c6,29B,George Sampath,****9085,2026-09-05T15:59:28.766079,UseCase - Airlines.xlsx
B1152,P1001,AI077,2025-08-14 11:37:36.951,PENDING,9fbb2208f976683265b49c7e742f5ce3043bdb2b93f6f711ca080266af97058a,27A,Aradhana Basu,****8402,2026-09-05T15:59:28.766079,UseCase - Airlines.xlsx
B1153,P1894,UK017,2025-12-20 11:37:36.951,CANCELLED,27fa8ad298e54db4d32b9a720396c0a605dafc7c85cb1df36c2cb9e571b585f6,8D,Aarush Nath,****9050,2026-09-05T15:59:28.766079,UseCase - Airlines.xlsx
B1154,P1454,6F229,2026-02-17 11:37:36.951,PENDING,3c315599a219a4238a63f57f70ce0ecc1e3a2837a9b094479575876402c7e0b3,24A,Kalpit Lala,****7005,2026-09-05T15:59:28.766079,UseCase - Airlines.xlsx
B1155,P1927,6F074,2025-10-08 11:37:36.951,CONFIRMED,ab2ce452d61eed454d17f351dd066f2e8fd87705bdc14dfabd92740f770007c6,6D,Neel Sathe,****5900,2026-09-05T15:59:28.766079,UseCase - Airlines.xlsx
B1156,P1643,SJ088,2026-03-25 11:37:36.951,CONFIRMED,18105491da73b71e3b58f9eef13af92656c66ab882b94c03f3d265591c4ee9f4,5E,Prisha Andra,****8235,2026-09-05T15:59:28.766079,UseCase - Airlines.xlsx
B1157,P1275,SJ167,2025-06-28 11:37:36.951,CONFIRMED,d05f1dac37acdbb5bbbba2a6f923cb43bb571849a5acd831ac9765f96726fee7,18B,Isaac Borra,****0380,2026-09-05T15:59:28.766079,UseCase - Airlines.xlsx
B1158,P1497,6F234,2025-07-20 11:37:36.951,CONFIRMED,02e620d5c290a3973a601298568b6fac9d0b54195fa66d36239fbe832769df0e,22A,Manthan Banik,****3787,2026-09-05T15:59:28.766079,UseCase - Airlines.xlsx
B1159,P1628,UK071,2025-12-10 11:37:36.951,PENDING,37f83968179dbd01c8c89f7be02004ad23b8f340c09cb6db33eebf02ff651f20,22F,Kala Divan,****1686,2026-09-05T15:59:28.766079,UseCase - Airlines.xlsx
B1160,P1675,AI178,2025-11-21 11:37:36.951,CANCELLED,f60d6ae35bcbee280b4cff2229c6adce3485684bfb6e4c0c24199828eedf76de,29A,Qushi Datta,****5204,2026-09-05T15:59:28.766079,UseCase - Airlines.xlsx
B1161,P1799,UK104,2025-11-14 11:37:36.951,CONFIRMED,704cb660916331780a62ebf82fb4b42443fb7a7e9f58766f5a2701b26882e382,12A,Benjamin Morar,****1674,2026-09-05T15:59:28.766079,UseCase - Airlines.xlsx
B1163,P1332,SJ235,2025-11-10 11:37:36.951,CANCELLED,c4d3ee9b910c5e48e3a17c0f495f1eeadb7925899a36633b28b7b65a63621a11,13D,Ishita Kade,****2987,2026-09-05T15:59:28.766079,UseCase - Airlines.xlsx
B1164,P1000,6F209,2025-04-24 11:37:36.951,CONFIRMED,fbd36eb2eaea50ed0e5863fca6b487802ade1eb478dd9919c77eed3a3c758223,24A,Zaid Chauhan,****2471,2026-09-05T15:59:28.766079,UseCase - Airlines.xlsx
B1165,P1187,AI129,2025-08-20 11:37:36.951,CANCELLED,7e1e2b1f17b8b4b57068ef1c98c58d068086b448c2fd9d1e8280472a6f331730,2F,Irya Ray,****2367,2026-09-05T15:59:28.766079,UseCase - Airlines.xlsx
B1166,P1055,SJ141,2026-01-23 11:37:36.951,CONFIRMED,afd59be446e44c9a4e522bfbaaa8d523bab389aa0059e280f1820d599fa3eeb0,34D,Mohammed Khalsa,****7690,2026-09-05T15:59:28.766079,UseCase - Airlines.xlsx
B1167,P1546,SJ018,2026-02-02 11:37:36.951,CANCELLED,25c9918012ccad8a3386a7166e4e66401571fae8ff949e2322ce8b2e090a195a,9F,Nicholas Goel,****6854,2026-09-05T15:59:28.766079,UseCase - Airlines.xlsx
B1168,P1111,UK120,2025-10-14 11:37:36.951,CANCELLED,b2a4552d3e133305abe236cc941605a71e3705ac6264183724fd14221a09efeb,11C,Nitara Bakshi,****3269,2026-09-05T15:59:28.766079,UseCase - Airlines.xlsx
B1169,P1797,AI078,2025-11-15 11:37:36.951,CONFIRMED,ed1edafa73bc76f891088b2d9e70ddda8ce18a10c69c4c5a1b0892c6084d1a24,11E,Praneel Natarajan,****7397,2026-09-05T15:59:28.766079,UseCase - Airlines.xlsx
B1170,P1309,AI079,2025-09-14 11:37:36.951,PENDING,b89fef1bedb516d1e80082fd5e7ed0797e74168ed7a3341750db3498b4637b4e,15E,Nisha Kothari,****4039,2026-09-05T15:59:28.766079,UseCase - Airlines.xlsx
B1171,P1035,UK087,2025-09-19 11:37:36.951,CANCELLED,5587d350cca62364308403b46323688c7ff3a9051b2c90c1f4a05acab620d65f,21A,Amara Dutta,****5830,2026-09-05T15:59:28.766079,UseCase - Airlines.xlsx
B1172,P1438,UK133,2026-01-17 11:37:36.951,CONFIRMED,c4cd72969b5315c5d119557109775cc6fbd411dc34a29bda0f7174e981fe2ed3,8F,Hritik Raja,****9600,2026-09-05T15:59:28.766079,UseCase - Airlines.xlsx
B1173,P1728,AI222,2025-06-01 11:37:36.951,CANCELLED,2826a2e130e92edeb0bf8b4e98da6c75b987e022b74e670c5fae9d5affaf3044,22E,Balvan Singhal,****0197,2026-09-05T15:59:28.766079,UseCase - Airlines.xlsx
B1174,P1591,6F049,2026-04-12 11:37:36.951,CANCELLED,29e92ad39b5d6a5cf51948e1b57fe41074ecc0d65935624f7105e39f154db768,19D,Tristan Iyengar,****4287,2026-09-05T15:59:28.766079,UseCase - Airlines.xlsx
B1175,P1825,6F105,2026-01-29 11:37:36.951,PENDING,466c0cb9c65667489de2ed27cbfad00f77dcca37315db91e7d1797018c8015d3,27D,Triveni Palla,****0363,2026-09-05T15:59:28.766079,UseCase - Airlines.xlsx
B1176,P1594,SJ226,2025-04-17 11:37:36.951,CANCELLED,25b0176f8e2de949f4e17ebf1bbe2e6e1c61da8fe1212e880fa6a46da33e72ad,7C,Dalaja Kari,****7327,2026-09-05T15:59:28.766079,UseCase - Airlines.xlsx
B1177,P1576,SJ227,2025-07-29 11:37:36.951,CANCELLED,1faa946c34da555ba823e261f3cba33578d947a9f17e966ef0889e3cbbdf8c89,34D,Udant Bajwa,****0863,2026-09-05T15:59:28.766079,UseCase - Airlines.xlsx
B1178,P1324,6F034,2026-02-05 11:37:36.951,CONFIRMED,0e2f11d40ecb3e76d3a30cb8174630196db9fa74b29d965c3c8ef71b6e435a70,34E,Reyansh Rastogi,****2098,2026-09-05T15:59:28.766079,UseCase - Airlines.xlsx
B1179,P1639,SJ078,2025-10-03 11:37:36.951,CONFIRMED,70e7a5fb17d65d4fb88119cc1c6da0833d2cb160b6b1e78bda5c91285567fd66,33D,Falguni Mallick,****5466,2026-09-05T15:59:28.766079,UseCase - Airlines.xlsx
B1180,P1306,AI240,2026-04-10 11:37:36.951,PENDING,a64c6645c82fe4ffc23ec6ea7c130e8367d6bd70ecd25f18b56ece385196170e,22F,Ekaraj Mallick,****9558,2026-09-05T15:59:28.766079,UseCase - Airlines.xlsx
B1181,P1533,SJ002,2026-03-29 11:37:36.951,CANCELLED,77e39000ffec842565748bc0508ebb84d541dc0722f76377dd6bde1b643994db,12E,Indali Upadhyay,****9169,2026-09-05T15:59:28.766079,UseCase - Airlines.xlsx
B1182,P1727,AI044,2025-08-11 11:37:36.951,CANCELLED,4b02215cb1568771014a68abffbcd6ec51fe62d69e4298f13f6527b168e8faa6,3A,Mugdha Yadav,****4521,2026-09-05T15:59:28.766079,UseCase - Airlines.xlsx
B1183,P1618,UK076,2025-06-22 11:37:36.951,CANCELLED,86829e1ac6a1acf36d7da0fd603c944f246c12f0f24d15eff3f3fe36cfd572f4,8C,Garima Bala,****8652,2026-09-05T15:59:28.766079,UseCase - Airlines.xlsx
B1184,P1108,6F232,2025-08-01 11:37:36.951,PENDING,62190f4d1de67f08bf3ff0998afd6f4621df5a0e70262d6aafac5cd78318e105,28E,Jack Lal,****6490,2026-09-05T15:59:28.766079,UseCase - Airlines.xlsx
B1185,P1371,SJ228,2025-08-16 11:37:36.951,CANCELLED,287a4af8dd539be3c956e8e81df69800906e485061ff034901f29aaacc2faaec,25E,Pranav Lanka,****6542,2026-09-05T15:59:28.766079,UseCase - Airlines.xlsx
B1186,P1356,SJ074,2026-04-04 11:37:36.951,CONFIRMED,d05484ef6ee594fd089629328a74779f1792600441d472b34cb8c2c77ce1debe,1B,Balvan Chopra,****4213,2026-09-05T15:59:28.766079,UseCase - Airlines.xlsx
B1187,P1180,UK229,2025-08-04 11:37:36.951,PENDING,e41475699a6d3c201ad9db963898e75e8fbd8213261b8c894406d9c6e94c7e78,7F,Radha Pai,****5908,2026-09-05T15:59:28.766079,UseCase - Airlines.xlsx
B1188,P1355,AI208,2026-04-04 11:37:36.951,CONFIRMED,7a099f39ae7927f371494f99bfb4b5fcb2bf45de0b3224616ecb26e74db6675a,6A,Dipta Sarin,****9782,2026-09-05T15:59:28.766079,UseCase - Airlines.xlsx
B1189,P1675,AI019,2025-11-23 11:37:36.951,CONFIRMED,1e0b58e9054391e824729c00bd9a72ed93c6016a23b0072fbd154e99ee2f65a2,14F,Yasti D’Alia,****8556,2026-09-05T15:59:28.766079,UseCase - Airlines.xlsx
B1190,P1067,6F029,2025-05-23 11:37:36.951,PENDING,fb4608a3ca51111db2f3dcfb274b8330443f1146ecbc7da52f6b4eea2896fb78,12B,Lekha Gupta,****1523,2026-09-05T15:59:28.766079,UseCase - Airlines.xlsx
B1191,P1291,6F018,2025-04-27 11:37:36.951,CONFIRMED,667823d76db39ff394497f42abbbda47df86d5f594f022706be101b6cda79e54,25B,Aachal Basu,****2358,2026-09-05T15:59:28.766079,UseCase - Airlines.xlsx
B1192,P1691,AI059,2025-06-23 11:37:36.951,CANCELLED,6fc5ff2593b645cd9d045c7fc5f7d08cab180cd780a34ee4b0520d666f14cd9c,7D,Rajata Agarwal,****5924,2026-09-05T15:59:28.766079,UseCase - Airlines.xlsx
B1193,P1180,AI159,2025-05-22 11:37:36.951,PENDING,afa5b00ae8c19c0b068862b335350ef61024325ff0b31108358e43d01852aa0b,13D,Zinal Yohannan,****0978,2026-09-05T15:59:28.766079,UseCase - Airlines.xlsx
B1194,P1465,6F091,2025-07-11 11:37:36.951,CONFIRMED,21772342d60b2d2012e4b6962542c080e1ca1487037d6b8239896ed6cb6b76c3,14F,Ronith Patla,****6626,2026-09-05T15:59:28.766079,UseCase - Airlines.xlsx
B1195,P1433,6F084,2025-07-20 11:37:36.951,CANCELLED,7a5de755198c824b76ea8202754ee9c71c41497cb1622c9709856ffcc2c531e9,10B,Raagini Boase,****6166,2026-09-05T15:59:28.766079,UseCase - Airlines.xlsx
B1196,P1463,UK170,2026-01-15 11:37:36.951,CANCELLED,410a1643c227b32811dc1f1054358bb88c2f6a08f88628e7abb23199a9c11964,20C,Ganga Murthy,****4596,2026-09-05T15:59:28.766079,UseCase - Airlines.xlsx
B1197,P1680,UK212,2025-05-19 11:37:36.951,CONFIRMED,b4308a23ef27362101f51341aeca9c05d744a1b4da95a3b8c228ec1a5108bb39,2E,Jeet Mital,****7338,2026-09-05T15:59:28.766079,UseCase - Airlines.xlsx
B1199,P1533,SJ075,2025-12-13 11:37:36.951,PENDING,e44d23e29f0e31c6ae6853ad5afc49a40854067ae095e5b2893409474990366b,30E,Nilima Narain,****7632,2026-09-05T15:59:28.766079,UseCase - Airlines.xlsx
B1200,P1065,UK177,2025-09-17 11:37:36.951,CONFIRMED,d5b06c9879e936525d55e9d22dd1e877f5ae1cd005dce516184b8a85d1cf10b3,16B,Neha Merchant,****8921,2026-09-05T15:59:28.766079,UseCase - Airlines.xlsx
B1201,P1020,UK206,2026-02-01 11:37:36.951,CANCELLED,3e29f2cb2f8234e9a7756ff746a2123fb275da166d8c30cd10af66676551361e,3A,Joshua Handa,****4055,2026-09-05T15:59:28.766079,UseCase - Airlines.xlsx
B1202,P1611,UK079,2025-04-29 11:37:36.951,CANCELLED,69fda9e79160beb599b6b5c9715e63fe520f6ee51068c37a6a40169c60e40e31,29C,Osha Raghavan,****6263,2026-09-05T15:59:28.766079,UseCase - Airlines.xlsx
B1203,P1383,UK040,2025-06-21 11:37:36.951,CONFIRMED,0a16a9bbb8a5b9ee36598ca89c4cd865d579b853dcfdd46a5bee787bf3b038ed,3B,Owen Mitra,****0009,2026-09-05T15:59:28.766079,UseCase - Airlines.xlsx
B1204,P1811,AI034,2025-07-25 11:37:36.951,CONFIRMED,814d6c12e4912cffb6a2df504af504a16c6f9de1434f921402e798e7b56717ff,30A,Nidra Acharya,****2075,2026-09-05T15:59:28.766079,UseCase - Airlines.xlsx
B1205,P1614,UK034,2025-10-18 11:37:36.951,CONFIRMED,ee04af9da49bffa256b08ef986c1d0b2af336bd8323613a185905965f9b898c7,23F,Daksha Mangat,****4339,2026-09-05T15:59:28.766079,UseCase - Airlines.xlsx
B1206,P1558,AI088,2025-07-02 11:37:36.951,CONFIRMED,92b485c38fbce3d1a40af3b43d935b3b727791be8875f8e28cacc868d0aad180,13A,Shivansh Sani,****2395,2026-09-05T15:59:28.766079,UseCase - Airlines.xlsx
B1207,P1038,AI128,2025-06-11 11:37:36.951,PENDING,469b6ab25310994bf9eb7db6513f5f6d565bddd4dd41830fa75da066a1966a5c,26A,Ekanta Shroff,****6415,2026-09-05T15:59:28.766079,UseCase - Airlines.xlsx
B1209,P1821,AI233,2025-12-15 11:37:36.951,PENDING,d4b8065ae6c579acd7c338d72e51095dd9715a3f625eb019d57072ac1e28a3e1,3A,Tanay Vaidya,****6064,2026-09-05T15:59:28.766079,UseCase - Airlines.xlsx
B1210,P1601,AI012,2026-01-20 11:37:36.951,PENDING,4c431f72d5d04d2f7eb54b9bcfd055d7a838af448282727ad5f98a15a7bf9bd8,3C,Urvashi Gara,****4358,2026-09-05T15:59:28.766079,UseCase - Airlines.xlsx
B1211,P1596,AI084,2025-07-07 11:37:36.951,CONFIRMED,023ae20162c2f3178bd4afd815c1f6538d442639481ec353e661efa23d9a8066,34A,Frado Mander,****5378,2026-09-05T15:59:28.766079,UseCase - Airlines.xlsx
B1212,P1784,6F126,2025-07-08 11:37:36.951,PENDING,3af066e17c571ac5b0bfece9ea56058e0524ed72ad0ba644da1b790c696e6716,34B,Yutika Nayak,****6819,2026-09-05T15:59:28.766079,UseCase - Airlines.xlsx
B1213,P1335,SJ061,2025-06-16 11:37:36.951,CONFIRMED,6de19bcd15edd069bf30647a26e17387ce2b95d756451c3a86d97c0f59593e54,2E,Girik Keer,****1107,2026-09-05T15:59:28.766079,UseCase - Airlines.xlsx
B1214,P1187,UK194,2025-08-14 11:37:36.951,PENDING,c88d65fea3680e5f9d1f71ed7ed3d9f186af7c4cfedadf768ea8c93a57f2c25f,23B,Dayita Kar,****9571,2026-09-05T15:59:28.766079,UseCase - Airlines.xlsx
B1215,P1670,AI135,2025-08-08 11:37:36.951,CANCELLED,a4ccb4cebf51d991d78c8cf77077e243f5155e04690a07d20d8b8b3c6c1d09ae,28C,Rushil Din,****3317,2026-09-05T15:59:28.766079,UseCase - Airlines.xlsx
B1216,P1242,6F238,2025-12-09 11:37:36.951,CONFIRMED,9e7c2e3450410e8a398b07b4ab3cd22eb4a90d3c7f309250034def2619afce0d,10A,Aryan Batra,****5129,2026-09-05T15:59:28.766079,UseCase - Airlines.xlsx
B1217,P1072,6F092,2026-03-19 11:37:36.951,CANCELLED,6dc3d57d8ab76aa9d73c5f9badbce0d740d7308ab94ec1c650c31d41547f0b33,32C,Yash Soman,****8927,2026-09-05T15:59:28.766079,UseCase - Airlines.xlsx
B1218,P1478,AI213,2025-11-13 11:37:36.951,PENDING,f1b8efb28ccf874abcceafa0c060b1597785842c7a2da8e94f1b35b149a1da81,2D,Elijah Shah,****3132,2026-09-05T15:59:28.766079,UseCase - Airlines.xlsx
B1219,P1973,UK193,2026-02-15 11:37:36.951,CANCELLED,e6f7c7df80fc633fa4ac30338eff62f929800f2643569257433955042331a89f,1B,Oeshi Hayer,****0964,2026-09-05T15:59:28.766079,UseCase - Airlines.xlsx
B1220,P1560,6F178,2026-04-04 11:37:36.951,PENDING,2a111245db330168e7329b3680eda2702026242b1d14da346a34b2292688f555,29C,Leena Talwar,****2559,2026-09-05T15:59:28.766079,UseCase - Airlines.xlsx
B1221,P1100,AI158,2026-03-06 11:37:36.951,CONFIRMED,43dd69fe388e42171af5ac09ef66076abd3c2e1cad609508618bc88ed4902104,19D,Mugdha Kohli,****5218,2026-09-05T15:59:28.766079,UseCase - Airlines.xlsx
B1222,P1513,UK208,2026-03-30 11:37:36.951,PENDING,b36b5e62db340ae2441a54ace93d3fb457e313ef26b5f4f1db594ea6912ab2cd,8A,Manbir Ahluwalia,****5907,2026-09-05T15:59:28.766079,UseCase - Airlines.xlsx
B1223,P1755,6F056,2026-04-09 11:37:36.951,PENDING,102bf3cf727cb98767a5fd7b0a2795fb68b856bfe71a490945a40be3d72f0134,15A,Hredhaan Sandal,****4660,2026-09-05T15:59:28.766079,UseCase - Airlines.xlsx
B1224,P1175,UK185,2025-10-26 11:37:36.951,CONFIRMED,52bb409870cf2f6bd7eeab38acdd21f5ba9684edbf010194a59e84f28bc5802d,1E,Theodore Goda,****9317,2026-09-05T15:59:28.766079,UseCase - Airlines.xlsx
B1225,P1237,AI163,2026-01-13 11:37:36.951,PENDING,6c2608bc4b6a8e04f0ba56e37e4d68cd55501b8b2ce1161d64b39ec8019b6b96,4D,Zarna Shetty,****1229,2026-09-05T15:59:28.766079,UseCase - Airlines.xlsx
B1226,P1909,AI112,2025-08-23 11:37:36.951,CONFIRMED,7c9b8796ace1872c7799723a905197a51d319c92391649ae6457f017208fbe45,15C,Chandresh Krish,****3124,2026-09-05T15:59:28.766079,UseCase - Airlines.xlsx
B1227,P1058,AI227,2025-10-23 11:37:36.951,CANCELLED,53d5b02c4ececebc0679f0567c73dc3ceb5871e6097d281812cc3fb18698caa4,12A,Jairaj Shan,****8218,2026-09-05T15:59:28.766079,UseCase - Airlines.xlsx
B1228,P1864,SJ083,2026-04-17 11:37:36.951,CONFIRMED,5cea9f976a13567d82650e259a45fe934c19447efee2dc6a69b5f0ab77cc26b3,29D,Kiaan Shetty,****2235,2026-09-05T15:59:28.766079,UseCase - Airlines.xlsx
B1229,P1098,UK073,2026-02-07 11:37:36.951,CONFIRMED,e7d8dac664c7741b9af68ab674ae2bde534a8e5d4effcd52866422b42d8eab7b,13F,Edhitha Savant,****1227,2026-09-05T15:59:28.766079,UseCase - Airlines.xlsx
B1230,P1953,6F169,2025-04-29 11:37:36.951,PENDING,c07e950faded43375baf567f1e65af499ac3566a42c06d8daaa40dbec2432a46,6C,Yamini Sandhu,****2051,2026-09-05T15:59:28.766079,UseCase - Airlines.xlsx
B1231,P1870,UK154,2026-04-06 11:37:36.951,CANCELLED,56faa0947b399988d74a3593596fbf7402db998ca43e14fd6831bad1cb659498,27D,Sanaya Dutt,****5590,2026-09-05T15:59:28.766079,UseCase - Airlines.xlsx
B1232,P1953,SJ169,2025-10-06 11:37:36.951,CONFIRMED,01707546bff7edec03c00172018ff1957511e12f110ca6db1d04aa8adb589f2a,32F,Vaishnavi Sengupta,****1252,2026-09-05T15:59:28.766079,UseCase - Airlines.xlsx
B1233,P1494,6F187,2025-05-13 11:37:36.951,CANCELLED,bb896c0cbe48a46d20eb8be711a12e37cef6612cf4602106e44c0cc7eda92858,5F,Aashi Kota,****9119,2026-09-05T15:59:28.766079,UseCase - Airlines.xlsx
B1234,P1946,UK210,2025-11-21 11:37:36.951,CANCELLED,39097a96fd52f1ab575064b84aea1a1cf7d1f292f1a1f0a78a3ff315753ac594,33A,Aradhana Verma,****4349,2026-09-05T15:59:28.766079,UseCase - Airlines.xlsx
B1235,P1979,6F250,2025-12-23 11:37:36.951,PENDING,6cb9395cb1c9c17e4f07ec2f249cc94a53e00817798604d12edabe92ffe2ae51,13D,Vedhika Khare,****0345,2026-09-05T15:59:28.766079,UseCase - Airlines.xlsx
B1236,P1513,AI062,2025-07-05 11:37:36.951,CONFIRMED,271679179d225d9003b9302fdba69f47c23566780d5e4f906ea5203eb24d005e,25A,Anvi Sarraf,****2732,2026-09-05T15:59:28.766079,UseCase - Airlines.xlsx
B1237,P1754,AI047,2025-11-16 11:37:36.951,PENDING,121b9f591e6061df87f87d4d26b0ad0cccc70d64b7807a15ac348256b4da8d3c,15B,Faras Mangal,****1042,2026-09-05T15:59:28.766079,UseCase - Airlines.xlsx
B1238,P1296,SJ186,2025-10-20 11:37:36.951,PENDING,ad635b7764298da4a1ba1517a21fe4c375f57ac073e34ff7e32a508c29f6a51f,8E,Wahab Magar,****4048,2026-09-05T15:59:28.766079,UseCase - Airlines.xlsx
B1239,P1210,AI217,2025-11-17 11:37:36.951,CANCELLED,bfcfa5d90de2ed500ae6db328dbf58f7f9eeeca47def190af8fcb2f37471d9ce,30A,Gautami Nagarajan,****8284,2026-09-05T15:59:28.766079,UseCase - Airlines.xlsx
B1240,P1122,UK100,2025-12-31 11:37:36.951,CONFIRMED,cba42f3eeb784d654c1b82b776ab102f87a52844746981a5aa8b795658b60481,17A,Faris Devi,****5606,2026-09-05T15:59:28.766079,UseCase - Airlines.xlsx
B1241,P1228,UK116,2025-12-16 11:37:36.951,CONFIRMED,3908b31871d0dc99ce6c5c6f9400b196be23f1b17da44490dce921d0e5c19530,10A,Matthew Kashyap,****1868,2026-09-05T15:59:28.766079,UseCase - Airlines.xlsx
B1242,P1593,6F036,2025-12-01 11:37:36.951,CANCELLED,35124f879d9bdc9c7bd6151647e05e93c1e68285744adc7d56ac67bf6490e180,26C,Leela Dua,****3494,2026-09-05T15:59:28.766079,UseCase - Airlines.xlsx
B1243,P1655,AI175,2026-01-22 11:37:36.951,CANCELLED,f01fed20d615bfb1395af50e6501d30d5cd0f5c31654a5bfb892674c9ab720ba,29E,Tanish Bhatt,****2271,2026-09-05T15:59:28.766079,UseCase - Airlines.xlsx
B1244,P1387,UK051,2025-08-18 11:37:36.951,CONFIRMED,a096da9604312585bae2f16bbe292163cc231001d4421ea0cea2460cbd47a7a5,27D,Oeshi Reddy,****5439,2026-09-05T15:59:28.766079,UseCase - Airlines.xlsx
B1245,P1139,6F201,2026-04-17 11:37:36.951,PENDING,158444325e6a5961f2b246310e9967f157aed4d5f6f173c85ec59324eaeab8ca,26A,Ganga Shukla,****9724,2026-09-05T15:59:28.766079,UseCase - Airlines.xlsx
B1246,P1540,6F230,2026-04-09 11:37:36.951,CONFIRMED,0da0daebff36ffa79c7e6d9d18e839fa46452b26d7320921cccc19ce880ae953,33B,Ojasvi Bhatia,****7156,2026-09-05T15:59:28.766079,UseCase - Airlines.xlsx
B1247,P1390,SJ138,2025-08-13 11:37:36.951,CANCELLED,29e7e007c93225f8a5e240d0f8789e31feb99b80da4984f106dc3f9120f385e1,15F,Samuel Salvi,****4867,2026-09-05T15:59:28.766079,UseCase - Airlines.xlsx
B1248,P1269,AI246,2026-03-04 11:37:36.951,PENDING,983f6a394bfa18dcd892074686c0d0998d7359181eec8494c72a92c740c5eb48,16B,Lopa Bahri,****8805,2026-09-05T15:59:28.766079,UseCase - Airlines.xlsx
B1249,P1758,6F179,2025-06-06 11:37:36.951,CANCELLED,48fd39716a1b09b8013a46ceee6df87753fe3f7cd028a2fc90ffbe4e1a3db18a,26B,Lajita Sood,****3294,2026-09-05T15:59:28.766079,UseCase - Airlines.xlsx
B1250,P1011,6F031,2026-01-28 11:37:36.951,CANCELLED,b05acaaa26ffe2cfd7f1540caa0b6cdd669041bcf7a9f7627542d2d867b18fbd,16F,Abeer Pandey,****9472,2026-09-05T15:59:28.766079,UseCase - Airlines.xlsx
B1251,P1866,UK015,2025-08-30 11:37:36.951,PENDING,ad3874deb14adcb7c55ed1ad0275141741910c25688c46c97e917ec4ba13363d,29A,Chanchal Ramakrishnan,****0000,2026-09-05T15:59:28.766079,UseCase - Airlines.xlsx
B1252,P1388,UK001,2025-04-21 11:37:36.951,CANCELLED,72295d408d5005a6471d7caa3ffddf7d7edc3a2e630f954b96b54754cfebe6f8,27C,Oni Yohannan,****8619,2026-09-05T15:59:28.766079,UseCase - Airlines.xlsx
B1253,P1336,6F133,2026-02-27 11:37:36.951,CANCELLED,ea593d2c3b9d9ab76a4a702e2105a747d3f773561532472e36e3624ba948299f,15E,Thomas Sura,****2911,2026-09-05T15:59:28.766079,UseCase - Airlines.xlsx
B1254,P1505,6F143,2025-07-22 11:37:36.951,CANCELLED,47682f6856f8cd6f968a693fc5b4f7174f44f40b7efa11d9c3525e9edd080630,5D,Theodore Mahajan,****7840,2026-09-05T15:59:28.766079,UseCase - Airlines.xlsx
B1255,P1105,UK165,2025-09-22 11:37:36.951,CANCELLED,219bef4831f829eba13ef950bb31040d50925853855124b6e147fdeaff799216,23F,Rajata Sunder,****1946,2026-09-05T15:59:28.766079,UseCase - Airlines.xlsx
B1256,P1031,6F083,2025-08-10 11:37:36.951,CANCELLED,48493a1e456195504efc37245c15adf5e014422138e19c6a152b175b89eae6e8,22B,Ayush Ramachandran,****0072,2026-09-05T15:59:28.766079,UseCase - Airlines.xlsx
B1257,P1073,AI082,2025-08-19 11:37:36.951,CANCELLED,b9d993e38146c100a794784374ec2e297cb1fb852088bf82b1e08c3f4743f23c,11C,Gayathri Ravel,****7961,2026-09-05T15:59:28.766079,UseCase - Airlines.xlsx
B1258,P1170,AI164,2025-10-28 11:37:36.951,CANCELLED,d42f09f610f9243a5d615f5ae0bc93909893393f65af728b03bb56c0d655891a,21F,Noah Sibal,****9118,2026-09-05T15:59:28.766079,UseCase - Airlines.xlsx
B1259,P1848,SJ155,2026-01-19 11:37:36.951,CANCELLED,4b77e15ca9a67f1445ad49750ca3e95e4f953556307d6a8d2b3f2d0bc4e30c70,31F,Joshua Walla,****8041,2026-09-05T15:59:28.766079,UseCase - Airlines.xlsx
B1260,P1068,AI189,2026-01-04 11:37:36.951,CANCELLED,4523ef270407c19e4f086d29234321e612e68c190279f639f1bc790d54d08b88,1D,Avi Ramesh,****9063,2026-09-05T15:59:28.766079,UseCase - Airlines.xlsx
B1261,P1812,SJ057,2025-12-21 11:37:36.951,CONFIRMED,8b12b9b6c47a74bc099d5cab1ebfa24bb47dc6dbe718b757ec605d61bb733c95,34A,Avi Chacko,****0909,2026-09-05T15:59:28.766079,UseCase - Airlines.xlsx
B1262,P1361,SJ198,2025-05-07 11:37:36.951,CONFIRMED,93b683f45f63e7161753160421b56aa7818051e3b9e39b57e6491af9e3694512,16F,Priya Deshmukh,****8944,2026-09-05T15:59:28.766079,UseCase - Airlines.xlsx
B1263,P1648,6F122,2026-01-03 11:37:36.951,CANCELLED,363b9fb8fce1194f32f7ea4f43e23e713f3724b8f21ec8408afde36934413c25,6C,Triya Gopal,****8359,2026-09-05T15:59:28.766079,UseCase - Airlines.xlsx
B1264,P1432,SJ097,2026-04-15 11:37:36.951,CONFIRMED,d2eaa1f0d671e6fe921ad536c4ac241d35c79cd91442d83e8012f0dc3d9402cb,12A,Chandresh Lad,****0179,2026-09-05T15:59:28.766079,UseCase - Airlines.xlsx
B1265,P1928,UK203,2025-08-06 11:37:36.951,PENDING,9042ffc6235420bc16844f9582e7d5fdc82f072ba166f1db543ce1b1c8521315,28F,Ladli Narang,****3723,2026-09-05T15:59:28.766079,UseCase - Airlines.xlsx
B1266,P1995,UK093,2026-01-16 11:37:36.951,CONFIRMED,73908b01d924b10c68b3844ae60834c81ea6cb86ca144d7cad49b075d3f4c45b,27F,Siddharth Sha,****3106,2026-09-05T15:59:28.766079,UseCase - Airlines.xlsx
B1267,P1099,AI205,2025-05-21 11:37:36.951,CANCELLED,eb44b7a5311fd8e71596b4925d7e6fbc8df8a35a38634283e5f8d904b1699a60,32A,Eta Nazareth,****0019,2026-09-05T15:59:28.766079,UseCase - Airlines.xlsx
B1269,P1008,6F046,2025-09-06 11:37:36.951,CONFIRMED,8739a392d975ad68d40e3505b336a8ecac430bc2aed3b5b6348321f6de0d3703,4C,Oviya Krishnan,****0807,2026-09-05T15:59:28.766079,UseCase - Airlines.xlsx
B1270,P1573,SJ017,2025-06-02 11:37:36.951,PENDING,5cfcbbb44314e2ad5a8778bdb200f9fb146db654372473549fb07012ee96d3cd,22E,Finn Singhal,****2228,2026-09-05T15:59:28.766079,UseCase - Airlines.xlsx
B1271,P1696,6F156,2025-10-20 11:37:36.951,PENDING,d8ba4d5d252f7b48c9bd83043b496aeaac83a708891e7ebdf750da7ddc68d280,28B,Anirudh Zacharia,****3662,2026-09-05T15:59:28.766079,UseCase - Airlines.xlsx
B1272,P1028,AI068,2025-07-18 11:37:36.951,PENDING,640500d978ddaa98d31fb112c1563d1f47258c81e6d0d7a162ac0537fecdd92e,19A,Charles Palla,****8311,2026-09-05T15:59:28.766079,UseCase - Airlines.xlsx
B1273,P1892,AI150,2025-06-05 11:37:36.951,PENDING,069b2c7abe450ba5f6ba863da4de7bb0be1c05c94659d3fdafc3737d63063116,28B,Udarsh Biswas,****6375,2026-09-05T15:59:28.766079,UseCase - Airlines.xlsx
B1274,P1113,UK008,2025-10-15 11:37:36.951,PENDING,df9df1cea85fc191751add8bf025303f021ea73c73043298127f23ad838899e5,20D,Banjeet Balasubramanian,****3571,2026-09-05T15:59:28.766079,UseCase - Airlines.xlsx
B1275,P1461,6F166,2025-07-11 11:37:36.951,PENDING,d7881e02ec5c14d4da7f2f97908c12ffbf840118b6daed488ed58ba998da7649,18F,Yug Iyengar,****6536,2026-09-05T15:59:28.766079,UseCase - Airlines.xlsx
B1276,P1920,6F177,2025-07-15 11:37:36.951,CONFIRMED,00e170dec3f39461ba6e53903b1a87e14b35bb0045d7c7ee93433766342ea30c,1A,Anmol Dua,****9840,2026-09-05T15:59:28.766079,UseCase - Airlines.xlsx
B1277,P1142,AI196,2026-01-19 11:37:36.951,PENDING,142f5cb76d1edde195fade290aba8156708b312316962f5d0a3e56055eeb8f84,12E,William Date,****6223,2026-09-05T15:59:28.766079,UseCase - Airlines.xlsx
B1278,P1389,SJ191,2025-08-09 11:37:36.951,CONFIRMED,0003f77c12cdd762db1e56e7388f6e55d4f470dde0fd0fff165f6a225af5a1d8,5B,Urvashi Contractor,****3565,2026-09-05T15:59:28.766079,UseCase - Airlines.xlsx
B1279,P1631,6F019,2025-05-10 11:37:36.951,PENDING,4190b8c35d5ceac4714eb7bccae04e43d3117777859b9a066afa24d4ab7a358b,28C,Tejas Shroff,****4052,2026-09-05T15:59:28.766079,UseCase - Airlines.xlsx
B1280,P1681,AI226,2026-04-12 11:37:36.951,CONFIRMED,217ef94d41a61ab6813b69152cfbd41bc74aa4cc0f5b43bf31084b9f90a8aae0,33B,Aahana Pillay,****9514,2026-09-05T15:59:28.766079,UseCase - Airlines.xlsx
B1281,P1156,SJ207,2026-01-21 11:37:36.951,CANCELLED,348a1a78e838501bc087d402690b132808681aa324a4061ba1ad587aa40a0dd4,4A,Oliver Contractor,****9374,2026-09-05T15:59:28.766079,UseCase - Airlines.xlsx
B1282,P1334,AI009,2025-12-30 11:37:36.951,CANCELLED,d81e45c4922a75eafd7cccd66cf3090d7395e6f2428eba05c09fa39f4d4db8c3,8B,Nihal Mukhopadhyay,****2151,2026-09-05T15:59:28.766079,UseCase - Airlines.xlsx
B1284,P1259,SJ127,2026-02-22 11:37:36.951,CANCELLED,d6f10f5ff45f64005c91a2e9d84f106266c47ff2cc49ee2dad080dec2fd6ed92,25F,Devika Prashad,****0070,2026-09-05T15:59:28.766079,UseCase - Airlines.xlsx
B1285,P1081,UK188,2026-03-26 11:37:36.951,CANCELLED,1b57d26efecdc40edf4402903798fb8de4dd784962f81b55d7a5e48c0844f02e,25B,Mekhala Issac,****8913,2026-09-05T15:59:28.766079,UseCase - Airlines.xlsx
B1287,P1440,SJ098,2025-12-13 11:37:36.951,CANCELLED,665cda5ea3706bcc0ca32c7d2959902df3591c2456a0ff3e6ae508fec1030cf5,5F,Harsh Mitra,****7930,2026-09-05T15:59:28.766079,UseCase - Airlines.xlsx
B1288,P1944,6F058,2025-12-11 11:37:36.951,PENDING,0a453657a8991145cbe32f1f76df08a0570cd50e031b17bc2b44db73088651e9,18C,Jai Barman,****4865,2026-09-05T15:59:28.766079,UseCase - Airlines.xlsx
B1289,P1171,SJ030,2026-03-23 11:37:36.951,PENDING,912e5deff48e328c894dab139ca72303380d8f75d8abc97c7ea9ab4a724ad764,24F,Idika Walia,****7017,2026-09-05T15:59:28.766079,UseCase - Airlines.xlsx
B1290,P1230,UK175,2025-07-26 11:37:36.951,CANCELLED,959dbab753b9827301f1f2199c20e783c7bc6b510be6fe3ba0958148ad357305,16F,Priya Prabhakar,****9769,2026-09-05T15:59:28.766079,UseCase - Airlines.xlsx
B1291,P1719,SJ108,2026-04-01 11:37:36.951,PENDING,b64d80e52b6b05a4821654bf5a15b4a93a383119bf62b33e4f092198d3f2e4c2,28E,Ekapad Toor,****7572,2026-09-05T15:59:28.766079,UseCase - Airlines.xlsx
B1292,P1074,6F075,2025-08-03 11:37:36.951,CONFIRMED,ef61e9a15b7fa058cdcb16caf7ab9720db6601182780d4a470deaa62dfd33d02,7C,Harita Arora,****3679,2026-09-05T15:59:28.766079,UseCase - Airlines.xlsx
B1293,P1269,UK222,2025-08-31 11:37:36.951,CONFIRMED,aa7a8ba3800b824b2eb32963e014c1d07ca3ed3bb053694f00c0346839f9afc8,25F,Osha Suri,****6545,2026-09-05T15:59:28.766079,UseCase - Airlines.xlsx
B1294,P1898,6F250,2025-07-13 11:37:36.951,CANCELLED,5c1be3340e3e09ae37d729d39d179c6c77d6eb2cfdbcc79fa1c817116bb960f8,34B,Hitesh Sant,****9502,2026-09-05T15:59:28.766079,UseCase - Airlines.xlsx
B1295,P1625,AI096,2025-12-29 11:37:36.951,CANCELLED,0c9373278df71e25bf24ca7c6fd8aa868a1ccd4a6329eff914ab1a0ff2ed3c0c,14B,Janaki Sharaf,****2053,2026-09-05T15:59:28.766079,UseCase - Airlines.xlsx
B1296,P1061,AI216,2025-12-23 11:37:36.951,CANCELLED,691c9626fab47ae57ab071d8836c3b5a4a7af7aa16dbd9a3fda00141fcaca533,1B,Michael Saran,****7733,2026-09-05T15:59:28.766079,UseCase - Airlines.xlsx
B1297,P1873,6F193,2026-01-23 11:37:36.951,PENDING,a7e1c411aee0eef48fe48259fe764e4575082ba99893ff74767304d64e620479,8A,Patrick Vig,****8361,2026-09-05T15:59:28.766079,UseCase - Airlines.xlsx
B1298,P1319,SJ194,2026-01-02 11:37:36.951,PENDING,f5d1b416901ecc2a9cdb5e41a18fcda3ee8437851598045b096bfbe27b9b0960,6C,Anamika Yohannan,****2809,2026-09-05T15:59:28.766079,UseCase - Airlines.xlsx
B1299,P1101,SJ020,2025-09-11 11:37:36.951,CONFIRMED,9f205c3059639765c686d642af0473c9001920ac1a10ca06540adcc82316106c,16F,Veda Shroff,****3217,2026-09-05T15:59:28.766079,UseCase - Airlines.xlsx
B1300,P1428,6F070,2025-06-14 11:37:36.951,PENDING,4437ed6e1810562f1a485ad92f698682f821d62d6043b85e437cd2282f90f5e2,21C,Rajata Loyal,****3521,2026-09-05T15:59:28.766079,UseCase - Airlines.xlsx
B1301,P1873,AI051,2025-09-03 11:37:36.951,CONFIRMED,71fc6b978e64cb415c70d1f09318dfa5c0b84000abbd268c193bd4a0e84dbfef,12A,Ekantika Korpal,****4069,2026-09-05T15:59:28.766079,UseCase - Airlines.xlsx
B1302,P1721,UK219,2025-12-27 11:37:36.951,PENDING,9d5ca609c2e118896874c0c7e485fe65402a293b9d0fb96d90373167bdd925db,3D,Gabriel Mallick,****4089,2026-09-05T15:59:28.766079,UseCase - Airlines.xlsx
B1303,P1953,AI235,2025-12-13 11:37:36.951,CONFIRMED,7ed0701a6a9964e4905cd1f4a5aaca561163bfb34a90732f52fa37c55867e48e,20A,Shravya Kohli,****9768,2026-09-05T15:59:28.766079,UseCase - Airlines.xlsx
B1305,P1531,SJ114,2025-09-28 11:37:36.951,PENDING,49ba46c5e75f0440225e3c35ed0823e9274a56a9f43842994b566dde445a8538,13C,Gayathri Balakrishnan,****9203,2026-09-05T15:59:28.766079,UseCase - Airlines.xlsx
B1306,P1569,SJ076,2025-12-01 11:37:36.951,CONFIRMED,9b40efdd02edca7473aeb886cba65ea6c74fdb2aa98b60f806a7f3228783e7ab,30A,Warda Nair,****1450,2026-09-05T15:59:28.766079,UseCase - Airlines.xlsx
B1307,P1111,UK227,2026-01-26 11:37:36.951,PENDING,51c9538f633e0462ab84a7ea98c14e614540d1630ae6d2df61a0acde5151bcc6,32E,Qabil Sura,****2614,2026-09-05T15:59:28.766079,UseCase - Airlines.xlsx
B1308,P1984,UK135,2025-07-22 11:37:36.951,CANCELLED,497a0fa9fba2d1280cfd2f12fad59b7eb54d3afbc35d5a64bc3ed8b7aef3af7d,30D,Simon Pant,****2287,2026-09-05T15:59:28.766079,UseCase - Airlines.xlsx
B1309,P1312,AI234,2025-05-06 11:37:36.951,CONFIRMED,e43563330de40c32ef1c68480d5ee3251c5c9779ca1e8928a7b73db04744be15,30F,Aarna Oak,****2677,2026-09-05T15:59:28.766079,UseCase - Airlines.xlsx
B1310,P1997,6F113,2025-08-20 11:37:36.951,PENDING,d73e460424314a38bc3d9e1ba275bba74adee5f58c8deab42c832668a923a90f,5D,Ati Majumdar,****3222,2026-09-05T15:59:28.766079,UseCase - Airlines.xlsx
B1311,P1460,SJ206,2025-11-16 11:37:36.951,PENDING,24a2dd5953d1fa34355527aeb0dd35d470d1060340cab5f2971e3030ef9f0439,9D,Advaith Varughese,****4288,2026-09-05T15:59:28.766079,UseCase - Airlines.xlsx
B1312,P1707,AI015,2026-03-29 11:37:36.951,PENDING,c4d086169a7507466fa9a0170c1ef43a998d39e8bc6fa17768c7bf6cf40a8d9d,6E,Rayaan Chada,****0241,2026-09-05T15:59:28.766079,UseCase - Airlines.xlsx
B1313,P1886,6F260,2025-05-16 11:37:36.951,CANCELLED,38525d5c1f8ae9daa42012c12652dcdf4d63630a0d58eba63bc665b7a221160f,33E,Wyatt Ray,****9760,2026-09-05T15:59:28.766079,UseCase - Airlines.xlsx
B1314,P1461,AI061,2025-04-28 11:37:36.951,CONFIRMED,cdb6154d11533ac954c23a4d154796979cc4a5b7d60f91520abc6f594fba8d88,19C,Vrinda Khosla,****8284,2026-09-05T15:59:28.766079,UseCase - Airlines.xlsx
B1315,P1864,6F237,2026-03-26 11:37:36.951,PENDING,20f9a1e0516eaf24a765a21919da90f20aad47b46ace74e6d5be7b7da9415a4c,9C,Vamakshi Swaminathan,****7462,2026-09-05T15:59:28.766079,UseCase - Airlines.xlsx
B1316,P1091,SJ099,2026-01-06 11:37:36.951,PENDING,67689abdb8d7f1671df44d1c1b2335d3702407f3630fca8e1a76cdb3bf7b81db,27C,Sara Badal,****2068,2026-09-05T15:59:28.766079,UseCase - Airlines.xlsx
B1317,P1051,SJ146,2026-02-24 11:37:36.951,CANCELLED,b47a852f240a516728aaaeb14873a2927205700d95c4da048247e39dd0f1cc34,21F,Girik Menon,****9773,2026-09-05T15:59:28.766079,UseCase - Airlines.xlsx
B1318,P1804,SJ146,2025-05-23 11:37:36.951,CANCELLED,15967d729aecdf5d62e44a8158776aa5f8ecf737f558e9b1d19e37c85d2c2c46,29B,Timothy Ravel,****7023,2026-09-05T15:59:28.766079,UseCase - Airlines.xlsx
B1319,P1519,6F071,2025-05-04 11:37:36.951,CONFIRMED,2f8d45159232b3190193d9f908f3dd5d182bb4dbb58182ee12406e500b62870f,4C,Yagnesh Mohan,****1758,2026-09-05T15:59:28.766079,UseCase - Airlines.xlsx
B1320,P1811,6F272,2025-08-13 11:37:36.951,PENDING,2c9c503922f39989c14c6d5f58d6e6a826b54e57ab22c8a9331993a883824896,6C,Jyoti Solanki,****1202,2026-09-05T15:59:28.766079,UseCase - Airlines.xlsx
B1321,P1097,SJ029,2026-02-12 11:37:36.951,PENDING,6d2700a38d548513d5d0ca91e1ac682b174cb085fb3680f46139fd0b9613d58c,13A,Hemangini Sandal,****1866,2026-09-05T15:59:28.766079,UseCase - Airlines.xlsx
B1322,P1235,UK084,2025-07-27 11:37:36.951,CONFIRMED,e6f8b77cf283486d859b3a72e376eeee65d0064cdad2a37f79bc70267f948c60,6E,Ganga Pandey,****0643,2026-09-05T15:59:28.766079,UseCase - Airlines.xlsx
B1323,P1900,SJ048,2026-02-06 11:37:36.951,CONFIRMED,1d2dd6c7e3ab38d00785c31ae05386bbb6605995875102adcc8a371c6cf869f1,14D,Sudiksha Madan,****2487,2026-09-05T15:59:28.766079,UseCase - Airlines.xlsx
B1324,P1373,AI108,2026-02-04 11:37:36.951,CANCELLED,ff1d9f0c94ac5410586489c3245eea7af7455e922e25679dcc50c44067c3a244,33B,Damini Krishnamurthy,****4040,2026-09-05T15:59:28.766079,UseCase - Airlines.xlsx
B1325,P1580,SJ134,2025-08-11 11:37:36.951,CANCELLED,b257d1364fcf468633589cde9eb81fe6276764a57e545f89722fac49db4f5333,3B,Vihaan Dara,****9747,2026-09-05T15:59:28.766079,UseCase - Airlines.xlsx
B1326,P1926,UK146,2025-10-31 11:37:36.951,CONFIRMED,4928a4597bf9ff72a5a3fa88ff2423bb7075bc093b51575a755d0186168290ed,14F,Reyansh Mutti,****8283,2026-09-05T15:59:28.766079,UseCase - Airlines.xlsx
B1327,P1556,SJ036,2025-09-24 11:37:36.951,CONFIRMED,24e7d2bed5401e51e8ebe2749da434a80e5164ab1c118de30d712d266fa16b5e,26C,Jagdish Wason,****7662,2026-09-05T15:59:28.766079,UseCase - Airlines.xlsx
B1328,P1648,6F202,2025-11-01 11:37:36.951,PENDING,fbcc49740bee69b724038cfb0b5597ccb0b82ec9ead2b16720bd6009754116ac,33B,Qasim Handa,****9958,2026-09-05T15:59:28.766079,UseCase - Airlines.xlsx
B1329,P1233,UK041,2026-02-13 11:37:36.951,CONFIRMED,04c2df7e3055c5ddab5a0ad2b02c6a0ecb3436439ef25ae6cb6ea152d8e6b1e4,22C,Tarak Sule,****9243,2026-09-05T15:59:28.766079,UseCase - Airlines.xlsx
B1330,P1031,6F078,2025-12-06 11:37:36.951,CONFIRMED,7c74a634ab87bfc462069759fb332a5e466c96897bd959963f9edb2b2d2b7c3b,23A,Aradhana Vohra,****6256,2026-09-05T15:59:28.766079,UseCase - Airlines.xlsx
B1331,P1288,AI097,2025-07-03 11:37:36.951,PENDING,7bedfb6edbc97683219eccb567679abc4ed46f84a38d9212dcd511571e87b599,22C,Barkha Chaudhry,****9583,2026-09-05T15:59:28.766079,UseCase - Airlines.xlsx
B1332,P1637,UK159,2026-01-15 11:37:36.951,CONFIRMED,aa7917807af2a7bb98f8291f4f9bfca0a2e65893a9f63d6d4aadc64ee14320ac,7D,Rishi Minhas,****2108,2026-09-05T15:59:28.766079,UseCase - Airlines.xlsx
B1333,P1578,UK044,2025-09-06 11:37:36.951,CANCELLED,ada839a2b3566f17b03e8a1dc6b8a6249e847b38fa9bb505c387e08941fc8649,12B,Utkarsh Patel,****1145,2026-09-05T15:59:28.766079,UseCase - Airlines.xlsx
B1334,P1541,6F176,2025-09-27 11:37:36.951,CANCELLED,df12b11e26da7102c9ccf76f8e59eae9736f9183884919eb689f3ce72706fe4f,6F,Praneel Mittal,****9658,2026-09-05T15:59:28.766079,UseCase - Airlines.xlsx
B1335,P1113,SJ221,2026-02-11 11:37:36.951,PENDING,7758641bcfcffae1e55dbe649f9ef33c8b88d79bc2babdbb9536e3ded50a827c,4A,Akshay Walla,****8680,2026-09-05T15:59:28.766079,UseCase - Airlines.xlsx
B1336,P1203,6F112,2025-07-03 11:37:36.951,CONFIRMED,5b7194549b8c5ab6e06833b76fcf2f62671d5bc90885002dff070c1606831c73,22A,Jonathan Mahal,****3059,2026-09-05T15:59:28.766079,UseCase - Airlines.xlsx
B1338,P1642,6F014,2026-02-21 11:37:36.951,CANCELLED,175731475f81e69af76659bbb90c1a11d411ad3f7cc29f996109cf5ebd5d3732,14C,Brinda Date,****2453,2026-09-05T15:59:28.766079,UseCase - Airlines.xlsx
B1339,P1473,AI237,2025-09-17 11:37:36.951,CANCELLED,d0f7fe6b13e7e6502c640dec58da60e4b01cd8f1ae844bb4d645b0c802814917,28A,Vritti Chauhan,****9137,2026-09-05T15:59:28.766079,UseCase - Airlines.xlsx
B1340,P1696,6F003,2025-12-14 11:37:36.951,CANCELLED,ccb113f060388251508881d01ebdd156e80fe0a254da084785869dec07a8aa26,12E,Advik Mane,****0823,2026-09-05T15:59:28.766079,UseCase - Airlines.xlsx
B1341,P1252,6F249,2025-07-04 11:37:36.951,CONFIRMED,bbd80c064ee67cd3a897cbfa48e9cabf4788c98f4ad671f4478b330d22d4628a,5A,Upasna Srinivas,****1075,2026-09-05T15:59:28.766079,UseCase - Airlines.xlsx
B1342,P1797,UK149,2025-04-29 11:37:36.951,CONFIRMED,33a3535b78b20f63ff2601a6af70e10621d94b69d7844ec1ec46dcfc3de97ea8,4A,Ridhi Oak,****1209,2026-09-05T15:59:28.766079,UseCase - Airlines.xlsx
B1343,P1904,SJ163,2026-03-08 11:37:36.951,CONFIRMED,6ca5b32549694f5923a252c69398f758016fa376c6beb02a86116068943f8f3c,9F,Qarin Behl,****5104,2026-09-05T15:59:28.766079,UseCase - Airlines.xlsx
B1344,P1921,SJ243,2026-03-28 11:37:36.951,CONFIRMED,07f0bc71fd91a31bd86aebed71ff496567cd5205eb33a364f404a24c4dedd824,1D,Zayyan Sridhar,****5145,2026-09-05T15:59:28.766079,UseCase - Airlines.xlsx
B1345,P1385,UK113,2025-06-06 11:37:36.951,CANCELLED,a5daf2e8f4531a6f1870b75a01a6cc68e36171c4d79f3e980b8c210b3a39de34,1A,Ishaan Bhattacharyya,****7922,2026-09-05T15:59:28.766079,UseCase - Airlines.xlsx
B1346,P1061,AI071,2025-06-07 11:37:36.951,PENDING,681f904ad52c424e8d850a2477dec185a37dcd8ffce5580717fab9a856e473e6,30E,Nandini Swamy,****1806,2026-09-05T15:59:28.766079,UseCase - Airlines.xlsx
B1347,P1514,6F271,2026-02-07 11:37:36.951,PENDING,00a66261287c6861c29bcc4dd2e8bf6119b35af4dd906b0e02d9cf3a7b401e87,22A,Ethan Bera,****6679,2026-09-05T15:59:28.766079,UseCase - Airlines.xlsx
B1348,P1429,SJ015,2025-06-05 11:37:36.951,CANCELLED,5f301b0ba7ccb4f5738f6cd33c6d0b2c7317fd7c3bb93d3f0d099f2a1e12f612,27E,Max Dixit,****3196,2026-09-05T15:59:28.766079,UseCase - Airlines.xlsx
B1349,P1579,UK047,2025-11-19 11:37:36.951,CANCELLED,5d8d4baffff6be8414db7b2caf6bc05ebff1c4e3d4334038b11d1196b1e0275b,9E,Daksha Chada,****4833,2026-09-05T15:59:28.766079,UseCase - Airlines.xlsx
B1350,P1536,UK020,2026-02-04 11:37:36.951,PENDING,e9f08ab11a79a0f14f5d1d8e071eb58e712b4870a962ab4c5ca49161860eac15,12A,Yuvraj Dani,****8891,2026-09-05T15:59:28.766079,UseCase - Airlines.xlsx
B1351,P1690,AI122,2025-09-03 11:37:36.951,PENDING,402773efa149b4a3f2a468baf0a1c832beaeec21485bee3a174e31a16e4f767d,27F,Omaja Kara,****6783,2026-09-05T15:59:28.766079,UseCase - Airlines.xlsx
B1352,P1140,UK223,2025-10-20 11:37:36.951,CANCELLED,0eb08a05c60b48134eae17ed7fca666eab6249948fa4a701d51d07f5ba71294a,17D,Lajita Seshadri,****2884,2026-09-05T15:59:28.766079,UseCase - Airlines.xlsx
B1353,P1742,6F148,2025-09-19 11:37:36.951,CANCELLED,b96ce92d3c9770668eaef00fb8b8e5df7817bea490d7bba6851fbbda8f7e7c56,15F,Saanvi Mishra,****4844,2026-09-05T15:59:28.766079,UseCase - Airlines.xlsx
B1354,P1299,SJ162,2025-12-14 11:37:36.951,CONFIRMED,9a64abfcb02a5ab892fa24ebbc403e7b96287406ee00575526b1d71821175b1d,34A,Pushti Mody,****9213,2026-09-05T15:59:28.766079,UseCase - Airlines.xlsx
B1355,P1674,6F127,2026-03-30 11:37:36.951,CONFIRMED,7702c0c7d09e733d6ed8369eb00b7a2680f036a1ff4499871e17962598bf821a,28B,Darpan Chaudhary,****1313,2026-09-05T15:59:28.766079,UseCase - Airlines.xlsx
B1356,P1310,AI173,2025-11-10 11:37:36.951,PENDING,a0048b680a0c3213e7ca8f7ccbf01ad861c403450bdcdd4e9301a4602d888f57,11F,Sarthak Kakar,****8460,2026-09-05T15:59:28.766079,UseCase - Airlines.xlsx
B1357,P1470,6F065,2026-02-05 11:37:36.951,PENDING,cc05021b7e48085054d6106c06099d15d7edc4630145411925a915fefe64d2e7,14A,Aishani Bumb,****9923,2026-09-05T15:59:28.766079,UseCase - Airlines.xlsx
B1358,P1392,AI053,2025-06-22 11:37:36.951,PENDING,44a787f5c7f3c707a9b794379b9830fd20c3bdaaa83e25925537e8eed3bc9d97,20A,Naksh Khatri,****0560,2026-09-05T15:59:28.766079,UseCase - Airlines.xlsx
B1359,P1641,AI241,2025-10-22 11:37:36.951,CONFIRMED,0df3c26c1d9a164988f5fcd5f08d0ddd693186b4877098fbd706dd030d061aa5,14E,Oscar Borde,****8471,2026-09-05T15:59:28.766079,UseCase - Airlines.xlsx
B1360,P1444,AI105,2025-06-15 11:37:36.951,PENDING,56d5d91c069771eca6d0234a5a7198c8fdc8498c26f92fcb4e8b0b4290e91bbd,18D,Naksh Agate,****2317,2026-09-05T15:59:28.766079,UseCase - Airlines.xlsx
B1361,P1757,AI110,2025-08-24 11:37:36.951,PENDING,405df91caeda8214889c7a03b99f3557218a1453b7efd0a8f52755a041c992ed,13F,Nilima Seshadri,****3821,2026-09-05T15:59:28.766079,UseCase - Airlines.xlsx
B1362,P1808,AI252,2025-10-22 11:37:36.951,CONFIRMED,6e90791109cf2a1022a0cf817aad200bc95d12b496397e7119237265a90e8ede,15B,Upma Manne,****7951,2026-09-05T15:59:28.766079,UseCase - Airlines.xlsx
B1363,P1171,AI149,2025-12-14 11:37:36.951,CANCELLED,fa04490151f10a1a32a7326f2425fa617138a4f9bd77a134063c040f646859b8,3B,Bachittar Kata,****7515,2026-09-05T15:59:28.766079,UseCase - Airlines.xlsx
B1364,P1575,AI224,2025-09-09 11:37:36.951,PENDING,47ce1895315db10dd00a7075624a90c5ac77c02679decb1189750979749bf546,23F,Bhavya Mandal,****8079,2026-09-05T15:59:28.766079,UseCase - Airlines.xlsx
B1365,P1030,UK158,2025-07-03 11:37:36.951,CANCELLED,a33cfeaddf4ae4d645f159f65b9591682c8b1883536787c062fd95a25ab410d7,15B,Sudiksha Bobal,****0703,2026-09-05T15:59:28.766079,UseCase - Airlines.xlsx
B1366,P1046,6F125,2025-05-05 11:37:36.951,CANCELLED,1c3ba54320320a7a716edcbec2d7d8f9ad38ff08acdf2b31b343dff3c3065aa4,25E,Vivaan Lalla,****5252,2026-09-05T15:59:28.766079,UseCase - Airlines.xlsx
B1367,P1129,UK164,2025-12-14 11:37:36.951,CONFIRMED,df2ef55a7363268de57571697d6b835f839dfecfdf6d55d5bb3eea17d59ddd00,18A,Rudra Sandal,****0157,2026-09-05T15:59:28.766079,UseCase - Airlines.xlsx
B1368,P1351,UK007,2025-12-26 11:37:36.951,CANCELLED,da7d5e0922b2c7c8c28e617b5cdadf4e78ef81f2d731e0cf0fac8ba260256129,1E,Ishwar Kar,****7814,2026-09-05T15:59:28.766079,UseCase - Airlines.xlsx
B1369,P1977,6F118,2026-03-18 11:37:36.951,PENDING,b1b564b8900a1215896719fdae9189077dd1162c13996e62133a0881d4aa3e58,15F,Manthan Lata,****2076,2026-09-05T15:59:28.766079,UseCase - Airlines.xlsx
B1370,P1844,SJ004,2026-01-01 11:37:36.951,CANCELLED,fbbfedb409ce20aa2a9221d740666192579e91ccb4e9d1feb16b26b69e151179,19C,Lucky Bora,****3721,2026-09-05T15:59:28.766079,UseCase - Airlines.xlsx
B1371,P1621,6F206,2025-09-25 11:37:36.951,CANCELLED,ab673c268b0b6bb4a7fd3b104bfc83012467f1e5b62b68b6fe629fc0923afaf7,15E,Darpan Gandhi,****1602,2026-09-05T15:59:28.766079,UseCase - Airlines.xlsx
B1372,P1580,SJ130,2025-05-11 11:37:36.951,CANCELLED,e5683d8f5cd99f2f9887e861da47efc71e61700fa21e46d7ce635fc87acb0084,11D,Damyanti Mani,****2017,2026-09-05T15:59:28.766079,UseCase - Airlines.xlsx
B1373,P1057,SJ070,2026-02-14 11:37:36.951,CANCELLED,5d66ccfa715a8a84e66e1686dff3372330d4e5ae29d53685980bed018dba27b3,22F,Reva Dash,****1304,2026-09-05T15:59:28.766079,UseCase - Airlines.xlsx
B1374,P1105,AI085,2025-04-24 11:37:36.951,CANCELLED,e19337a471ceaf82a3edcf2fe3add431ce42be6616da8307dd234f3e0dcd85d8,7F,Upadhriti Modi,****7223,2026-09-05T15:59:28.766079,UseCase - Airlines.xlsx
B1375,P1811,SJ109,2025-09-02 11:37:36.951,CONFIRMED,2b1f5483a4cc78927354fcf1efd9937032c1ca229a01231ad347559d71b5f66c,15B,Neha Magar,****9962,2026-09-05T15:59:28.766079,UseCase - Airlines.xlsx
B1376,P1329,AI168,2025-08-24 11:37:36.951,PENDING,272f505c37ab1597644a8b702fd0667ea6cf5e951bf84aabd2acf885ad628036,16B,Xiti Zacharia,****9634,2026-09-05T15:59:28.766079,UseCase - Airlines.xlsx
B1377,P1767,UK123,2025-10-24 11:37:36.951,CONFIRMED,f9036ada771a2986538540e69ed66cab9fabf004d38451555f0fa735956ef1e6,26A,Wakeeta Sarma,****1232,2026-09-05T15:59:28.766079,UseCase - Airlines.xlsx
B1378,P1823,UK110,2026-01-16 11:37:36.951,PENDING,f585a0af8cdadab5c0d506a03bab6433eb4c43b704d8a6e1fe81343026089724,30D,Faris Baral,****8535,2026-09-05T15:59:28.766079,UseCase - Airlines.xlsx
B1379,P1682,AI206,2025-11-02 11:37:36.951,PENDING,75e6b8e20c4beb48c4a8819f8a3a309f0a8d8d12feb4de568e2362c15ab7cf9c,31C,Rachana Naidu,****2178,2026-09-05T15:59:28.766079,UseCase - Airlines.xlsx
B1380,P1382,6F007,2026-04-16 11:37:36.951,PENDING,5850503d1da37199d02407b7c674a7ed82a1ac5b43a13b571904ebe7fee7150d,6B,Zashil Bal,****7743,2026-09-05T15:59:28.766079,UseCase - Airlines.xlsx
B1381,P1984,SJ013,2025-11-11 11:37:36.951,PENDING,25d8d806736c98185b1b965eebb464c65d25fd29ed46891bce1a7bc4983214c0,33A,Gavin Karnik,****3911,2026-09-05T15:59:28.766079,UseCase - Airlines.xlsx
B1382,P1161,UK061,2025-09-19 11:37:36.951,PENDING,664c32a013817b374e7372a993eced6a0bdfbb5ee574870568ae1657524c1bfe,20D,Ansh Luthra,****2822,2026-09-05T15:59:28.766079,UseCase - Airlines.xlsx
B1383,P1996,AI010,2025-09-24 11:37:36.951,CANCELLED,9f2376bf007e0326e5bbb9d721c3fbd4950769d8045e8ce6b8164816c49a3ba5,8C,Banjeet Gill,****2261,2026-09-05T15:59:28.766079,UseCase - Airlines.xlsx
B1384,P1285,AI024,2025-05-16 11:37:36.951,CONFIRMED,8acc935278d46678bcc065830cd44ecb579665da48d91c77b0b1ea897aee2719,11D,Upma Venkataraman,****3523,2026-09-05T15:59:28.766079,UseCase - Airlines.xlsx
B1385,P1070,UK130,2025-06-08 11:37:36.951,CONFIRMED,352af516850369165f07fce32b4285c5824ebb0556d76cb600cf96b464455446,30B,Riya Mall,****3433,2026-09-05T15:59:28.766079,UseCase - Airlines.xlsx
B1386,P1766,AI161,2026-03-12 11:37:36.951,CANCELLED,25b94b35c22556924a58853b8a3cb666a4f30b11e2ff269bcb25508f4a4710f4,10A,Pratyush Sarin,****3897,2026-09-05T15:59:28.766079,UseCase - Airlines.xlsx
B1387,P1453,SJ208,2025-07-23 11:37:36.951,PENDING,fe741fa0d15aada3829fb87473872a94eda8df1fd1cf1345543287327d265c96,24F,Vyanjana Chand,****8754,2026-09-05T15:59:28.766079,UseCase - Airlines.xlsx
B1389,P1566,6F085,2026-02-22 11:37:36.951,PENDING,5b0337f649c4d44e756d6b02297263536c7938466839efb2aeaf8a1420cd18ba,30D,Nilima Nath,****6220,2026-09-05T15:59:28.766079,UseCase - Airlines.xlsx
B1390,P1834,SJ028,2026-03-09 11:37:36.951,CANCELLED,e90f78cf72157732a18b624bba25f10f8c8324551191e4d519dc20134942cc33,8C,Ekani Cheema,****0994,2026-09-05T15:59:28.766079,UseCase - Airlines.xlsx
B1391,P1396,SJ084,2025-11-26 11:37:36.951,CONFIRMED,6c66927b488f66868f9db78514715ed03968fc6942566ebedff26b4c2c592596,21F,Naveen Narayan,****8281,2026-09-05T15:59:28.766079,UseCase - Airlines.xlsx
B1392,P1514,AI139,2026-03-27 11:37:36.951,CONFIRMED,c6aed61e810837f7174917dc8e20eb2be69893004ea7d779690f1f187c065181,21D,Nisha Tandon,****7852,2026-09-05T15:59:28.766079,UseCase - Airlines.xlsx
B1393,P1025,UK179,2026-04-06 11:37:36.951,PENDING,b07a839f0d71b0e6a80975cb0e5955c9fd33438e666270a6ac64007ae89f04fd,26E,Bhavya Rattan,****3402,2026-09-05T15:59:28.766079,UseCase - Airlines.xlsx
B1394,P1312,6F256,2025-07-23 11:37:36.951,PENDING,b20bdee61b6bbccbde4dc1a61c1110bae77045145b99c724c3070a21236a5def,23F,Balhaar Sha,****2923,2026-09-05T15:59:28.766079,UseCase - Airlines.xlsx
B1396,P1407,AI039,2025-08-03 11:37:36.951,PENDING,2535e1ec2a432b45bf33457a8a7d863b69d14e944a58f4239364f4198e5680f3,13E,Zayyan Naik,****9194,2026-09-05T15:59:28.766079,UseCase - Airlines.xlsx
B1397,P1564,UK190,2026-02-05 11:37:36.951,CANCELLED,32f6bf49dcd7f3a3a4fc0cd24d2422a78935b5da4e9a8a992f29be41a1aa43a1,28D,Jack Raval,****3359,2026-09-05T15:59:28.766079,UseCase - Airlines.xlsx
B1398,P1197,6F224,2026-02-04 11:37:36.951,PENDING,08af2eb8f4257835b69491e9252b7bb40f90b7191f376d62d0d232b0ac677538,3E,Yoshita Agarwal,****2164,2026-09-05T15:59:28.766079,UseCase - Airlines.xlsx
B1399,P1810,UK221,2025-05-31 11:37:36.951,PENDING,ba0a84be81a24a6c1740e4700ed8bd43191f7c9ae4f3c7f326a69a13e66069e4,7A,Turvi Sachdev,****5517,2026-09-05T15:59:28.766079,UseCase - Airlines.xlsx
B1400,P1187,SJ107,2026-04-02 11:37:36.951,CANCELLED,b5e87d4c746853271443049845b13b02adedb7ade30fb78d112f4831f33e1a90,12F,Chatura Guha,****9488,2026-09-05T15:59:28.766079,UseCase - Airlines.xlsx
B1401,P1697,UK155,2025-04-20 11:37:36.951,PENDING,f7aa5a0c885017eaef8b46bd0a938c2ef396e639fa1d9c53b82b3ffead2531a0,21D,Zarna Pathak,****6092,2026-09-05T15:59:28.766079,UseCase - Airlines.xlsx
B1402,P1816,UK183,2026-03-21 11:37:36.951,CANCELLED,d7a7d31cb5c9471ab310f2a048aa4a1216f6e1acbde1d49fd81155ae6ee65db2,7E,Wishi Sathe,****8758,2026-09-05T15:59:28.766079,UseCase - Airlines.xlsx
B1403,P1809,SJ203,2025-05-08 11:37:36.951,PENDING,886ca7c450f6feb23a9c9d3ecea656a593c421c676642c149045b150b9971f65,26A,Charan Jani,****8210,2026-09-05T15:59:28.766079,UseCase - Airlines.xlsx
B1405,P1483,AI100,2025-08-26 11:37:36.951,PENDING,3e464b814eac09b31a5d558cd29395d79e1897f8b13294c3d5fa871e16c8719a,32F,Bhavna Sarma,****0547,2026-09-05T15:59:28.766079,UseCase - Airlines.xlsx
B1406,P1449,6F140,2025-06-24 11:37:36.951,CONFIRMED,ad101d350a5ddb9ea6344cc2bfebf927246587e8790b3da5f371e46e7d112f54,15D,Vedhika Dara,****4687,2026-09-05T15:59:28.766079,UseCase - Airlines.xlsx
B1407,P1522,UK048,2025-08-26 11:37:36.951,CONFIRMED,9826ff0c1804bc8c8676ace0f2df8ad028d0078ec33d0168d7e90243c1c85755,25A,Ayush Khatri,****5796,2026-09-05T15:59:28.766079,UseCase - Airlines.xlsx
B1408,P1870,SJ204,2025-07-29 11:37:36.951,CONFIRMED,4bcb9e78bb4742fef5d5bfd6cda8883f33469bb874c8e61f78879ee57736498a,12F,Nathan Mukhopadhyay,****5629,2026-09-05T15:59:28.766079,UseCase - Airlines.xlsx
B1409,P1353,UK105,2026-03-24 11:37:36.951,CONFIRMED,a3dd6179270a3c9c0da0f407162e6f9284f912d7574b1a511918cb815fa45548,28C,Akshay Reddy,****6973,2026-09-05T15:59:28.766079,UseCase - Airlines.xlsx
B1410,P1985,AI098,2026-04-13 11:37:36.951,CONFIRMED,1b2f7dacd2d50b2a87e7673d3bf9b5b9836c55477df1e7c50cd1435bd9114a59,32C,Girik Kar,****7244,2026-09-05T15:59:28.766079,UseCase - Airlines.xlsx
B1411,P1657,6F013,2025-10-12 11:37:36.951,CANCELLED,eb06f8b0987eb961c13e75337c29ec88ee312db3db85c2377f82369562812a05,1A,Ishaan Shenoy,****0131,2026-09-05T15:59:28.766079,UseCase - Airlines.xlsx
B1412,P1596,6F128,2025-11-18 11:37:36.951,CANCELLED,f09ecfe022259ccb65b245d8ee19248b438c14f937495d48ee7be55f1eef3f1f,28E,Jacob Dube,****1987,2026-09-05T15:59:28.766079,UseCase - Airlines.xlsx
B1413,P1099,SJ038,2025-10-05 11:37:36.951,PENDING,65110ab0608c5a431fe01e94bb0b837fa493a9244cd9317bff0400fc6724020e,14A,Wishi Manne,****3192,2026-09-05T15:59:28.766079,UseCase - Airlines.xlsx
B1414,P1615,SJ182,2026-01-07 11:37:36.951,CONFIRMED,b7d4741a357479899d235b691838cd5f00c8a80ab850f89999571b4f916c769c,25F,Yashodhara Mahajan,****1680,2026-09-05T15:59:28.766079,UseCase - Airlines.xlsx
B1415,P1947,6F199,2026-03-22 11:37:36.951,PENDING,20e9b755ab54b245b7a34f977d71c76cb9fd5962d2c5f396b56291e693829159,23B,Ojasvi Subramanian,****3723,2026-09-05T15:59:28.766079,UseCase - Airlines.xlsx
B1416,P1557,SJ187,2025-08-17 11:37:36.951,CANCELLED,ba26634eb12f352507d6b56f63df26106d8fd258e9060242f50f29ab067c2b6e,20B,Urmi Kohli,****6446,2026-09-05T15:59:28.766079,UseCase - Airlines.xlsx
B1417,P1555,AI182,2025-08-18 11:37:36.951,PENDING,b52bc04c66a4a4571290f9a7312098b898f9378e6d842629c98197c3023c26f2,8E,Tanmayi Dhillon,****7960,2026-09-05T15:59:28.766079,UseCase - Airlines.xlsx
B1418,P1277,SJ027,2025-05-04 11:37:36.951,PENDING,01c32390eaf548963758a5e29ff5022b2a8cc0383dbc929615cc72af611f5415,19D,Leela Halder,****4412,2026-09-05T15:59:28.766079,UseCase - Airlines.xlsx
B1419,P1692,SJ062,2026-01-20 11:37:36.951,CONFIRMED,4b5851018e8e67a8419dd336a90fe12e57f83c8e6a98cae19687fc8fc5fd9b58,20E,Yashoda Deshpande,****8119,2026-09-05T15:59:28.766079,UseCase - Airlines.xlsx
B1420,P1698,SJ161,2026-02-24 11:37:36.951,CONFIRMED,8372df661f86a9653065700c75a4a35c54a24585c4efe165c29fd9a6cd7608bd,27B,Ekaraj Majumdar,****8349,2026-09-05T15:59:28.766079,UseCase - Airlines.xlsx
B1421,P1989,UK058,2025-10-03 11:37:36.951,PENDING,443ce9a73da46a9c06701b7c62d21e325d6e411ee044c8c8449b86ef3ad318b9,23C,Oeshi Oak,****7587,2026-09-05T15:59:28.766079,UseCase - Airlines.xlsx
B1422,P1625,AI181,2026-01-04 11:37:36.951,CANCELLED,a5f3594f96ff89990f4d309d5a31b55e007d977b2a722d81a86394dbe0c6938e,12D,Yashica Loke,****9552,2026-09-05T15:59:28.766079,UseCase - Airlines.xlsx
B1423,P1490,AI003,2025-06-12 11:37:36.951,CONFIRMED,57dfd94bd4ef351963262b963388262b44d7d4128d1178b4a321f7c2e522c58a,14A,Aarnav Mandal,****4983,2026-09-05T15:59:28.766079,UseCase - Airlines.xlsx
B1424,P1254,6F150,2025-11-05 11:37:36.951,CANCELLED,8e94a2d9289a3a84f38f97894fc8f0c599af11eb7a160e956a0e4568e14228a5,11D,Chanchal Suri,****4194,2026-09-05T15:59:28.766079,UseCase - Airlines.xlsx
B1425,P1380,SJ175,2025-06-28 11:37:36.951,CANCELLED,2c11e289f300ae6c8a52ef1bcfb70920916d843946e22100597cf0caee12f129,34E,Manthan Sekhon,****3711,2026-09-05T15:59:28.766079,UseCase - Airlines.xlsx
B1426,P1891,6F041,2025-12-15 11:37:36.951,CANCELLED,d5fe3b72f50b2828af4973d0e174278691596aa02f12b291d6e86e78afbcdf44,17C,Veda Pai,****9164,2026-09-05T15:59:28.766079,UseCase - Airlines.xlsx
B1427,P1541,SJ040,2026-04-15 11:37:36.951,CANCELLED,6c6500f7f00865d63c4623efb2558c178bf5b71e8d3fd29ad14000e1700efafa,16E,Gaurangi Purohit,****8098,2026-09-05T15:59:28.766079,UseCase - Airlines.xlsx
B1428,P1263,6F020,2025-06-17 11:37:36.951,CONFIRMED,ea17837d5f417ba66f5d7a7aba2f094df5f7d00035b90a6f06929a1812ebe13a,27C,Tamanna Nagy,****9799,2026-09-05T15:59:28.766079,UseCase - Airlines.xlsx
B1429,P1609,AI248,2025-05-08 11:37:36.951,CANCELLED,48c21d848f29f5344a1057c36baff6bee4c26d8a3738ac092f404080959f78ce,27B,Ranbir Khare,****1643,2026-09-05T15:59:28.766079,UseCase - Airlines.xlsx
B1430,P1824,SJ016,2026-02-08 11:37:36.951,CONFIRMED,66838d17d0c3dee938b6dc3f9a4aa777914372c460851a39a9cc8431f460ce02,11A,Leela Kaur,****0947,2026-09-05T15:59:28.766079,UseCase - Airlines.xlsx
B1431,P1878,UK204,2025-11-21 11:37:36.951,CONFIRMED,134432d491a3b0e75f0b312c1ea08dab5e900b5a8ef3521be2aef4ac59a031a0,31C,Nirja Bassi,****2572,2026-09-05T15:59:28.766079,UseCase - Airlines.xlsx
B1432,P1328,6F211,2025-09-02 11:37:36.951,CANCELLED,446bc6a2a65e4cd45c81f6c771cf1e1fd2956cb2587e7e26057f8dd2355f7cc6,9B,Eesha Solanki,****8848,2026-09-05T15:59:28.766079,UseCase - Airlines.xlsx
B1433,P1114,SJ166,2025-05-07 11:37:36.951,CONFIRMED,32791dabb82b4393c2fd3cfe70e6006a7e4288214c4910f40677d179914b5dc5,5B,Lakshmi Raju,****3703,2026-09-05T15:59:28.766079,UseCase - Airlines.xlsx
B1434,P1275,AI036,2025-10-19 11:37:36.951,PENDING,f1760baab5471d13a08e829d27289390168f1a8e14947d063d9c008446949f40,30C,Max Tandon,****8755,2026-09-05T15:59:28.766079,UseCase - Airlines.xlsx
B1435,P1487,SJ215,2025-09-18 11:37:36.951,CONFIRMED,3da80707ab31b3152329e66079eadc86c1891deba9badcdd8151ae942ab3b6ee,1E,Balhaar Date,****2470,2026-09-05T15:59:28.766079,UseCase - Airlines.xlsx
B1436,P1280,AI076,2026-01-05 11:37:36.951,CONFIRMED,83ff48264ebb0d881791668d7412a1ec552d73699124f26aafeffc71ce8b0016,20B,Yadavi Narula,****9786,2026-09-05T15:59:28.766079,UseCase - Airlines.xlsx
B1437,P1274,SJ012,2025-11-28 11:37:36.951,CANCELLED,7be5f7dae78ef72d7e2a71f55bd14d1d9c26a23ae805dbbec36633557b165bd6,24A,Harish Sarraf,****6956,2026-09-05T15:59:28.766079,UseCase - Airlines.xlsx
B1438,P1772,AI073,2026-04-01 11:37:36.951,PENDING,e73cec75cd6b229592fb9031e050e58c679139507f5f5861afac6c5baf148ea3,20D,Harish Vora,****4578,2026-09-05T15:59:28.766079,UseCase - Airlines.xlsx
B1439,P1842,SJ173,2025-11-09 11:37:36.951,CONFIRMED,eecf9504f8115c38a760ee5fb45b4d5be2d503e801e4527a25b564d1eb884762,27E,Tanmayi Aurora,****5093,2026-09-05T15:59:28.766079,UseCase - Airlines.xlsx
B1440,P1718,AI193,2026-03-09 11:37:36.951,CANCELLED,5c2bb459e1c2612e3c462dd2bdeafd5633cbf83eaaf8c3aaa90d8abcf28ada0a,25E,Maanas Rout,****2446,2026-09-05T15:59:28.766079,UseCase - Airlines.xlsx
B1442,P1327,AI225,2025-06-02 11:37:36.951,PENDING,a1e9964a530b7dacbb1cac3e0749777bac8ffee67c2c3761da8bafe3a860a67e,11E,Upasna Lanka,****2524,2026-09-05T15:59:28.766079,UseCase - Airlines.xlsx
B1443,P1210,AI190,2025-10-09 11:37:36.951,CANCELLED,cde7a00501fe4df32920ca24e11029d33fa1747b71da6d30d302ce795bb5b4a8,9E,Hamsini Rao,****4504,2026-09-05T15:59:28.766079,UseCase - Airlines.xlsx
B1444,P1726,SJ238,2025-12-25 11:37:36.951,CONFIRMED,1db92bf52d6e167b77017867d4a3d1fe6ef91c519b28fbd54ad332781fd52198,7B,Faris Narasimhan,****5352,2026-09-05T15:59:28.766079,UseCase - Airlines.xlsx
B1445,P1922,6F005,2025-12-21 11:37:36.951,PENDING,0ff96f71cfb679caf367b36dfbec25a05a17abc8fc1ad06abd833835b6a074d1,5F,Lajita Nadig,****8689,2026-09-05T15:59:28.766079,UseCase - Airlines.xlsx
B1446,P1551,UK136,2025-09-25 11:37:36.951,PENDING,4904b07e5d4278e0c0fb3ea14c4fb4f08e77d31c0a585849c6dc9421b80e8282,23C,Vinaya Banik,****0651,2026-09-05T15:59:28.766079,UseCase - Airlines.xlsx
B1447,P1991,SJ063,2025-05-21 11:37:36.951,CONFIRMED,bdd31f573906bfdd0a2a14b19ae0c568cd1a106616c1e35dbabda95985bead1a,15F,Ekapad Keer,****2839,2026-09-05T15:59:28.766079,UseCase - Airlines.xlsx
B1448,P1025,6F175,2025-11-21 11:37:36.951,CANCELLED,4bed1472fe6db6fba453493f5b3ddaa216fac730d5429feae69e9ca98f2bb192,9E,Bhavna Karan,****9801,2026-09-05T15:59:28.766079,UseCase - Airlines.xlsx
B1449,P1026,AI037,2025-05-23 11:37:36.951,PENDING,d93f43de76fac5e7cd061c7e12d08d4ea7ab5a267d0a0cf92cc16b902b1f0cd9,19A,Gautam Saraf,****2828,2026-09-05T15:59:28.766079,UseCase - Airlines.xlsx
B1450,P1701,UK225,2025-11-11 11:37:36.951,CONFIRMED,f4e54aa26d9f0129081a619e528ec57ed40b6e840b36583adc42c469a6c96e30,21C,Guneet Chaudhry,****7953,2026-09-05T15:59:28.766079,UseCase - Airlines.xlsx
B1451,P1082,AI141,2025-05-20 11:37:36.951,CONFIRMED,f5fd0df8f5ed7582b2c83f620abd102a7c3b1d3dfd6034e5f101ca38e20783d0,15E,Sachi Ganesan,****8759,2026-09-05T15:59:28.766079,UseCase - Airlines.xlsx
B1452,P1895,6F172,2026-01-26 11:37:36.951,PENDING,2d2b83ccbfaed9929377516ad21b6cb7be02f3ca898a81b260563fff93ad5573,3E,Chandani Balakrishnan,****8446,2026-09-05T15:59:28.766079,UseCase - Airlines.xlsx
B1453,P1945,6F219,2026-02-07 11:37:36.951,CANCELLED,58323f485d32d67f7b3ce6834557082783c17331774b2dc0a5ab208862d1afa1,16F,Chakradhar Nair,****4326,2026-09-05T15:59:28.766079,UseCase - Airlines.xlsx
B1454,P1681,AI045,2025-08-16 11:37:36.951,PENDING,f11d996211899566490a9ab25b12cc4f3a11fdda2a96f2ddb809376bc2bdcb03,8E,Daksh Memon,****0104,2026-09-05T15:59:28.766079,UseCase - Airlines.xlsx
B1455,P1412,AI198,2026-04-12 11:37:36.951,CONFIRMED,7b91fa2031331205dd4cf074eb117dfc096312a0a6a07cb5081eb054c86d97d4,30A,Jagrati Prasad,****2579,2026-09-05T15:59:28.766079,UseCase - Airlines.xlsx
B1456,P1166,AI120,2025-04-24 11:37:36.951,PENDING,442f1d7f13e55ad3c61d20fc5ed11c9c3bd3b17194a4f383c9d940a2762a79c2,17F,Raagini Dhingra,****3796,2026-09-05T15:59:28.766079,UseCase - Airlines.xlsx
B1457,P1699,6F134,2025-06-11 11:37:36.951,CANCELLED,d00be8032494b1a73463dd4a8f5fdf1a13d2dde0131e58179cb2e8154ee14f2d,32D,Yash Wali,****2082,2026-09-05T15:59:28.766079,UseCase - Airlines.xlsx
B1458,P1168,UK102,2025-11-19 11:37:36.951,CONFIRMED,89b800253fd07cd17855c01866a4161aae8f0417bb6667c23df05265307c994c,10B,Nisha Gole,****3841,2026-09-05T15:59:28.766079,UseCase - Airlines.xlsx
B1459,P1800,SJ199,2025-06-10 11:37:36.951,CANCELLED,3f4ee4adbe47c023a8aa973abae87f652b80dfb953f486600f471e58ec2126f4,1F,Onkar Gill,****8817,2026-09-05T15:59:28.766079,UseCase - Airlines.xlsx
B1460,P1978,6F235,2025-10-01 11:37:36.951,PENDING,6ee5308b0c9ee5aa481428033724f3d0f6e0d0586bb43cd578302e6571628636,32E,Farhan Raja,****9563,2026-09-05T15:59:28.766079,UseCase - Airlines.xlsx
B1461,P1228,UK065,2025-10-14 11:37:36.951,PENDING,6cdffe387e98f96c911035d965df20db987b67fe4dde03d038b4cb931bae5cbe,33F,Wridesh Tank,****4497,2026-09-05T15:59:28.766079,UseCase - Airlines.xlsx
B1462,P1978,6F135,2025-12-03 11:37:36.951,CANCELLED,bbafd94a1679df27fba169ec18ee29a6732b5945eac55738183aa34eba21ca33,26D,Luke Kata,****3941,2026-09-05T15:59:28.766079,UseCase - Airlines.xlsx
B1463,P1608,SJ148,2026-02-10 11:37:36.951,PENDING,5e7e664b303279baece5af1da1c47420c37fef23e7c6a7b32c36971813501064,31C,Triya Kumar,****7988,2026-09-05T15:59:28.766079,UseCase - Airlines.xlsx
B1464,P1366,AI083,2026-03-07 11:37:36.951,CANCELLED,eafb917bf2dbf514e1be86aaae0ea8fe1cf86ba47f648a0ee706d1166059f60c,6B,Tripti Kumer,****5287,2026-09-05T15:59:28.766079,UseCase - Airlines.xlsx
B1465,P1527,UK024,2025-07-02 11:37:36.951,PENDING,c8ed86bc4b1f5b2a09402c8f4229497cf8167a44b623ed4e76e747f485beacf1,5C,Aditya Shroff,****9035,2026-09-05T15:59:28.766079,UseCase - Airlines.xlsx
B1466,P1790,UK220,2025-04-27 11:37:36.951,CANCELLED,db1e1f7bed19757ec03c73a95e816cd168439d98bd3f8246c5ffbdba2e6a6135,28B,Bhavna Dugar,****2257,2026-09-05T15:59:28.766079,UseCase - Airlines.xlsx
B1467,P1646,UK115,2025-04-30 11:37:36.951,CANCELLED,16c31d4c77527f2ca2ec9f0599e6ffe79538c8044d0872c54c91682e5a6927b7,25A,Ethan Sathe,****4253,2026-09-05T15:59:28.766079,UseCase - Airlines.xlsx
B1468,P1537,AI255,2025-07-16 11:37:36.951,CONFIRMED,cfce696e6992ad7133656086d323b05c917885cf01c5028f6f7fadfe829a5b04,14F,Hemani Mistry,****2325,2026-09-05T15:59:28.766079,UseCase - Airlines.xlsx
B1469,P1863,6F001,2025-12-25 11:37:36.951,CONFIRMED,78bda9a94bec5a874ff31f2fad8d140eb53464aaca673796a71065c1566d024b,11A,Panini Krishna,****6316,2026-09-05T15:59:28.766079,UseCase - Airlines.xlsx
B1470,P1523,6F132,2025-05-27 11:37:36.951,CANCELLED,d4bf3c31b9fba13e4cea7ad9b73f3ca84533b03852e9da4008f91a0f7894e7c4,24E,Tanmayi Mittal,****0375,2026-09-05T15:59:28.766079,UseCase - Airlines.xlsx
B1471,P1071,UK184,2026-03-28 11:37:36.951,PENDING,a6b2053c8f7fdca146822e58369412f6ce55b11568206d1c357bf713e6f45261,8E,Rushil Rajagopalan,****4844,2026-09-05T15:59:28.766079,UseCase - Airlines.xlsx
B1472,P1644,6F098,2025-06-06 11:37:36.951,PENDING,398566e4efab1bc367111e8830c16d334ddb41d37a968d5e628af185a8d74600,3D,Vasudha Chhabra,****1373,2026-09-05T15:59:28.766079,UseCase - Airlines.xlsx
B1473,P1105,SJ168,2025-07-19 11:37:36.951,PENDING,2d1bca16bb43040410c82d80c38641eb61905218629b762817c10bdd70f098ff,21F,Warjas Raj,****8854,2026-09-05T15:59:28.766079,UseCase - Airlines.xlsx
B1474,P1731,SJ178,2025-07-28 11:37:36.951,CANCELLED,0f290cea7657e120a95793362db2cdd070fe4684ea5ea715036b0c1708187c71,14C,Jagrati Merchant,****6881,2026-09-05T15:59:28.766079,UseCase - Airlines.xlsx
B1475,P1884,UK111,2026-03-07 11:37:36.951,CANCELLED,7e95721715325d787e84c596accf19fb4179a5b9701dfdd511d037d674d4ce31,2C,Chakrika Bains,****5334,2026-09-05T15:59:28.766079,UseCase - Airlines.xlsx
B1476,P1964,SJ051,2026-02-27 11:37:36.951,CANCELLED,d2ea77c0e608c401bb2f32a937d97c277d2d485f0f613fa58f6f02f1745a9881,32E,Meghana Maharaj,****7876,2026-09-05T15:59:28.766079,UseCase - Airlines.xlsx
B1477,P1688,SJ193,2025-07-06 11:37:36.951,CANCELLED,2075384dcb84dfb895515a2d5162a46fc0f44919c0a5dd98569691e9c2f95c7a,18E,Abhiram Bawa,****4320,2026-09-05T15:59:28.766079,UseCase - Airlines.xlsx
B1478,P1281,SJ039,2026-02-24 11:37:36.951,CONFIRMED,524094225ff1be42d08b50e85034b0b5126c19951726d48ca369ea25a5fa4369,28D,Watika Mangat,****0683,2026-09-05T15:59:28.766079,UseCase - Airlines.xlsx
B1479,P1132,UK066,2025-12-17 11:37:36.951,CANCELLED,bd1d9854620422ec848b85db24920e9a6303010c0b8e1347352105543a247999,22B,Victor Pandey,****6229,2026-09-05T15:59:28.766079,UseCase - Airlines.xlsx
B1480,P1533,SJ050,2026-03-14 11:37:36.951,PENDING,272e67418c149210752a6717bda39b371ef42ab7765fe2ebb45353748c13cbbe,34B,Theodore Gupta,****6905,2026-09-05T15:59:28.766079,UseCase - Airlines.xlsx
B1481,P1974,6F052,2025-06-11 11:37:36.951,CONFIRMED,5ec0eb20c5e81aa1dca6b35df2a3d6948d8b4f7e0c18ec1c83d52bb1b3d475f3,4D,Zashil Devan,****8664,2026-09-05T15:59:28.766079,UseCase - Airlines.xlsx
B1482,P1268,SJ170,2025-08-29 11:37:36.951,PENDING,a2904b4ae9aa36e16b75c69bd7d0436f996ac3d6017d26bd99bb93e00a2e692a,14E,Gunbir Baral,****6092,2026-09-05T15:59:28.766079,UseCase - Airlines.xlsx
B1483,P1411,SJ119,2025-06-09 11:37:36.951,PENDING,56453b9d46fd3d02236092dbc9bc2ce5402a9a908dcf496bb6f215a201033646,26B,Dayamai Sastry,****9169,2026-09-05T15:59:28.766079,UseCase - Airlines.xlsx
B1484,P1672,AI219,2025-05-07 11:37:36.951,CONFIRMED,7c4fe80f20f9b66483cc64025a221578d32a5f7799e4c45a4c28907ddad111bb,13B,Bahadurjit Patla,****6412,2026-09-05T15:59:28.766079,UseCase - Airlines.xlsx
B1485,P1618,6F220,2025-07-05 11:37:36.951,CANCELLED,69be083ce3cad74bea05b2dcd4924e7e39223920ce454182d0329d6bec0eec6f,12D,Karan Chana,****6833,2026-09-05T15:59:28.766079,UseCase - Airlines.xlsx
B1486,P1790,AI207,2025-05-04 11:37:36.951,CONFIRMED,a924a4199183bcc1a6ef1e33bd61ba5cb9b95289b653d27fcaed87c8518b8fd2,3D,Chakrika Narain,****7259,2026-09-05T15:59:28.766079,UseCase - Airlines.xlsx
B1487,P1864,6F024,2026-01-26 11:37:36.951,PENDING,c80f98a465beef558881197b27e4e3b2c521bb92a5ecbc70c1e056eb1bdd2d94,5E,Ojasvi Gill,****2871,2026-09-05T15:59:28.766079,UseCase - Airlines.xlsx
B1488,P1746,SJ073,2025-05-04 11:37:36.951,CANCELLED,3d53e7809ed61bf918feb4d22f73f586ca9fda44f7fa8d1cb1a6f3b55b865bb5,27E,Sai Deo,****3418,2026-09-05T15:59:28.766079,UseCase - Airlines.xlsx
B1489,P1017,SJ201,2025-07-08 11:37:36.951,CANCELLED,b5595e03ca062d474bc033d681435cb2f296ab85256ab1aed60a960941c65396,24F,Jasmit Wali,****4879,2026-09-05T15:59:28.766079,UseCase - Airlines.xlsx
B1490,P1753,AI180,2026-03-10 11:37:36.951,CONFIRMED,0c6e56d9c9929121c6fc03016d34004c851d17b2d4cd687003e10d1b5fcd3d53,29B,Yachana Mahajan,****2386,2026-09-05T15:59:28.766079,UseCase - Airlines.xlsx
B1491,P1116,UK022,2025-07-16 11:37:36.951,CONFIRMED,b3a50d387bc3a935f1110f7350c8aef65bb6b97af96586f58fc5230e4b002f1f,18F,Nitesh Kurian,****4694,2026-09-05T15:59:28.766079,UseCase - Airlines.xlsx
B1492,P1797,AI202,2026-03-27 11:37:36.951,CANCELLED,7d4544f6735d1cf42af13f92eeb97970c9af32913af6d6dd58a23a8f75cc9230,29C,Vasatika Merchant,****3773,2026-09-05T15:59:28.766079,UseCase - Airlines.xlsx
B1493,P1793,6F212,2025-06-01 11:37:36.952,CONFIRMED,c07324d0d0366f022f5072cef3e87ae0600b542e5199284c09c57a213bbfb09e,26D,Hamsini Contractor,****0915,2026-09-05T15:59:28.766079,UseCase - Airlines.xlsx
B1494,P1143,6F163,2025-06-09 11:37:36.952,CANCELLED,8582756bc78a7da7ef52481c8155b51be2a9ef99db417cc695363902372ea444,23F,Upadhriti Borra,****9861,2026-09-05T15:59:28.766079,UseCase - Airlines.xlsx
B1495,P1716,UK028,2025-10-15 11:37:36.952,CONFIRMED,9d5f2fe9ab866f07b01711615f8549bdd624c4eb2d12a4561713afeecfaff719,27D,Lohit Kara,****4823,2026-09-05T15:59:28.766079,UseCase - Airlines.xlsx
B1496,P1550,6F243,2026-03-21 11:37:36.952,PENDING,a712ea3ae32e4e90c949b49b3cd19c94aaf25f636bc06d3f934312a94292e287,7D,Mekhala Pau,****9307,2026-09-05T15:59:28.766079,UseCase - Airlines.xlsx
B1497,P1928,AI165,2025-09-02 11:37:36.952,CONFIRMED,46c9f2f81ebe9bac23cd7612e372fa0488abfe9d4489f7af31932844d99274a3,11F,Gautam Rana,****3751,2026-09-05T15:59:28.766079,UseCase - Airlines.xlsx
B1498,P1665,UK099,2025-07-18 11:37:36.952,PENDING,25f54e01705990847ab3acf45f035cdec32dd6841bd6d21afbc2dd4f3c024097,3D,Akshay Lalla,****4113,2026-09-05T15:59:28.766079,UseCase - Airlines.xlsx
B1500,P1960,UK056,2025-04-30 11:37:36.952,CONFIRMED,cf05d383479f502be49caeb6a6be583f88de812986263f74bc600bd9f6989207,22D,Jyoti Lala,****5186,2026-09-05T15:59:28.766079,UseCase - Airlines.xlsx
B1501,P1752,SJ122,2025-09-04 11:37:36.952,CANCELLED,73051b55c7e97fdc216ea8d94d2fa425d527bd3c93f12b148d8bdff4d72428dc,23D,Lakshmi Prabhu,****3227,2026-09-05T15:59:28.766079,UseCase - Airlines.xlsx
B1502,P1421,AI086,2025-10-15 11:37:36.952,CONFIRMED,3c7f220cb5068b0163c0739311a4ff6ba049b425d291231b83adda72a01394e5,23F,Hritik Kaur,****9285,2026-09-05T15:59:28.766079,UseCase - Airlines.xlsx
B1503,P1897,SJ011,2025-10-17 11:37:36.952,CONFIRMED,20807ba9eae1985a2f0d95b03073f334df96c2030accc2b503427e0644629647,25C,Urishilla Bakshi,****3000,2026-09-05T15:59:28.766079,UseCase - Airlines.xlsx
B1504,P1368,SJ021,2025-04-21 11:37:36.952,PENDING,2f1b87f7cf7e4ea93c56db4b6055dfb8a3eb63a4cdd4b98758edd02edd518f75,4E,Falak Kant,****2210,2026-09-05T15:59:28.766079,UseCase - Airlines.xlsx
B1505,P1645,SJ106,2025-11-29 11:37:36.952,CONFIRMED,0328c1bc934ba3cabcc3e1eac5adac9446836ade845d0a2150a4a3e6bd4991b8,8F,Dev Shetty,****8147,2026-09-05T15:59:28.766079,UseCase - Airlines.xlsx
B1506,P1557,SJ026,2026-01-29 11:37:36.952,CANCELLED,e69d7f79bc574473fe3a1f982ecbeb5470716e49528b89f44eaacdf1efd05bb1,9E,Chasmum Rege,****4300,2026-09-05T15:59:28.766079,UseCase - Airlines.xlsx
B1507,P1049,SJ245,2025-11-27 11:37:36.952,PENDING,7bff29254611796d8955118ed35c1cdf92b85ad46e7fdbdc630f41318cac7c7b,20A,Jackson Dey,****7266,2026-09-05T15:59:28.766079,UseCase - Airlines.xlsx
B1508,P1677,AI023,2025-07-31 11:37:36.952,PENDING,1687175f826bcf70b75cd7e9072c71a54f2c06edba75069e14750a121ecc7af8,9C,Chakradev Barad,****0857,2026-09-05T15:59:28.766079,UseCase - Airlines.xlsx
B1509,P1105,AI032,2025-09-25 11:37:36.952,CANCELLED,1fc210e4387fbb3c3b1f684df5873f5884a381408afea3dd11babe6f8ba456f5,14F,Daksha Tailor,****2022,2026-09-05T15:59:28.766079,UseCase - Airlines.xlsx
B1510,P1215,AI236,2025-05-11 11:37:36.952,CANCELLED,c18ad2c166bf6122e9d3c3c4c0e4f36d445752e85e6cd796aee313d20408e596,19F,Jack Chatterjee,****4326,2026-09-05T15:59:28.766079,UseCase - Airlines.xlsx
B1511,P1657,6F094,2025-12-24 11:37:36.952,CANCELLED,b3fbf117ace790642594f69dbfd4fd632c775f50de9392ed5c24e50e06e44f32,15C,Wahab Yogi,****5952,2026-09-05T15:59:28.766079,UseCase - Airlines.xlsx
B1512,P1922,UK163,2025-12-21 11:37:36.952,PENDING,115fd913ebc291abd5c78a6fc8c4f932c224b40f70bade00782a408f11e4d6d4,4A,Krishna Rama,****9229,2026-09-05T15:59:28.766079,UseCase - Airlines.xlsx
B1513,P1424,UK163,2025-06-30 11:37:36.952,CONFIRMED,a42a5130b1a1787b71f82ea7deffbe03f304b33c03ee32637abd24c0565343f8,32B,Sudiksha Prabhakar,****9146,2026-09-05T15:59:28.766079,UseCase - Airlines.xlsx
B1514,P1071,SJ045,2025-05-07 11:37:36.952,CANCELLED,3da8d023b85cd0a171b1f2726f2871e3fae2a12394ed1b1f3295631301dae861,21E,Oni Dubey,****6774,2026-09-05T15:59:28.766079,UseCase - Airlines.xlsx
B1515,P1987,SJ006,2025-07-06 11:37:36.952,PENDING,a6cae71ab6b18e469a8f5c4bbe2927b8237fd8214bd018428e03b3404a7ab33e,26A,Oeshi Chaudhary,****1986,2026-09-05T15:59:28.766079,UseCase - Airlines.xlsx
B1516,P1841,SJ103,2025-08-05 11:37:36.952,CANCELLED,70bb52f06ec5a0512c87a717354391dd59f0e5f24dde64f88adea1e3a82d3345,34F,Vrishti Reddy,****1214,2026-09-05T15:59:28.766079,UseCase - Airlines.xlsx
B1519,P1445,SJ064,2026-03-25 11:37:36.952,PENDING,d802ef9a25cd2c80d7078ddfabb8514e8d6fe53654b5c49ac6a0fd77dc963a3a,3C,Sachi Saxena,****0765,2026-09-05T15:59:28.766079,UseCase - Airlines.xlsx
B1520,P1924,AI028,2026-04-02 11:37:36.952,CONFIRMED,e839dbf85d70e738066f2aa3da7f8b3aa553c85ca70d82cd94008e41ca5a7fd0,27A,Warinder Patil,****3299,2026-09-05T15:59:28.766079,UseCase - Airlines.xlsx
B1521,P1185,AI148,2025-11-08 11:37:36.952,PENDING,0d35de9dfeaffcc673d4416891beb61661a7d69aa209def9196afa88b1e51260,31E,Hardik Pillai,****9694,2026-09-05T15:59:28.766079,UseCase - Airlines.xlsx
B1522,P1069,6F263,2025-08-31 11:37:36.952,CONFIRMED,bbc5e31f4377c7b2ff4700764160d2fb7ce8fa84a7f9adfa72520762be4060d8,1C,Jagrati Bhat,****9631,2026-09-05T15:59:28.766079,UseCase - Airlines.xlsx
B1523,P1973,SJ067,2025-05-19 11:37:36.952,PENDING,9e8d151770b78effff840c3da38bcd72b6f6f2a01801b0a62915dee9d47764aa,21F,Mitali Majumdar,****3458,2026-09-05T15:59:28.766079,UseCase - Airlines.xlsx
B1524,P1149,6F061,2025-06-17 11:37:36.952,PENDING,f78818522b64dbd4d2f534181350bf6d25bd28af3277b382b7c874b4ed50f84d,23D,Ranveer Das,****4363,2026-09-05T15:59:28.766079,UseCase - Airlines.xlsx
B1525,P1245,AI254,2025-05-29 11:37:36.952,PENDING,aafbcd16874425013c509c94284dbf00cbfff6422b74edce0ae3d0ca14bee7db,11E,Suhani Chand,****3227,2026-09-05T15:59:28.766079,UseCase - Airlines.xlsx
B1526,P1773,SJ136,2025-11-15 11:37:36.952,CONFIRMED,fd110a595c7a06bc06f9679de14117cc88e02b42a2de3f1f2db5aaad6ca83e3e,17D,Simon Bail,****2969,2026-09-05T15:59:28.766079,UseCase - Airlines.xlsx
B1527,P1537,AI046,2025-07-09 11:37:36.952,PENDING,587d97ef85d284a22def857c6bdc273bd98843022808fb3de2b1663363b317ab,8A,Chandresh Nath,****3822,2026-09-05T15:59:28.766079,UseCase - Airlines.xlsx
B1528,P1934,UK174,2026-03-28 11:37:36.952,PENDING,3e5ad2c601bf82bbe6f55a2650bcaec3a32644316d342a63e221b33a62a1d00b,6E,Yagnesh Dass,****4067,2026-09-05T15:59:28.766079,UseCase - Airlines.xlsx
B1529,P1651,6F066,2025-04-30 11:37:36.952,PENDING,dedbadc838bd62c7f66f1b89dc7c99214ba20ac4a37c8b1f519e54f76239baa2,34C,Samesh Biswas,****8533,2026-09-05T15:59:28.766079,UseCase - Airlines.xlsx
B1531,P1909,6F063,2026-04-01 11:37:36.952,PENDING,9d9255c610233be4f38775044718113e64064682c6f727b0028cd9aab2b6a75a,30F,Viraj Narasimhan,****0108,2026-09-05T15:59:28.766079,UseCase - Airlines.xlsx
B1532,P1277,UK118,2025-04-22 11:37:36.952,PENDING,a640a6fc52f85b75f1a69d5732f6dcb8a88c0b627a28fc727b20b5978f9cf1a0,30A,Manbir Agate,****4314,2026-09-05T15:59:28.766079,UseCase - Airlines.xlsx
B1533,P1562,UK218,2025-09-15 11:37:36.952,PENDING,72aef7faad6a1f5c60480b4a257c51a66a3260e43b6aa68d3d862c4c6aa87627,28D,Aradhana Dhillon,****4584,2026-09-05T15:59:28.766079,UseCase - Airlines.xlsx
B1534,P1662,UK031,2025-09-11 11:37:36.952,CONFIRMED,8e1b9a2ed02a4e5e77d9b7b539f7ed0bfce0c30596cd4002547887beff79e7f5,34E,Kalpit Zachariah,****8286,2026-09-05T15:59:28.766079,UseCase - Airlines.xlsx
B1535,P1943,UK142,2026-04-02 11:37:36.952,PENDING,4cac606eba3e8c4e72f2f64f067dc061d16fc7c4577d6f4a0f49f70ae8801ed6,6C,Zashil Ghosh,****5314,2026-09-05T15:59:28.766079,UseCase - Airlines.xlsx
B1536,P1454,AI002,2025-06-01 11:37:36.952,PENDING,083c7620070f3214e20115a43024a8d8c30c1a1b048268738e30643762327834,4C,Imaran Bal,****6512,2026-09-05T15:59:28.766079,UseCase - Airlines.xlsx
B1537,P1103,UK070,2025-10-08 11:37:36.952,CONFIRMED,29a974b13af675fcdcfaae4c17d4f10cc678d05d96824de2be099d9638e8ab98,21F,Karan Aurora,****5625,2026-09-05T15:59:28.766079,UseCase - Airlines.xlsx
B1538,P1945,SJ121,2026-03-17 11:37:36.952,PENDING,bc41d1e5250c21770a8524c65c1325686badd1562e9a6b0b0eb985b575bca737,8E,Ishita Khanna,****9144,2026-09-05T15:59:28.766079,UseCase - Airlines.xlsx
B1539,P1600,UK201,2025-06-11 11:37:36.952,CONFIRMED,8ef9c1aa92d749163c58f4e8f8d51eabb6cab1e1e14e8eb4e68296864dde25a6,20B,Ekiya Babu,****9059,2026-09-05T15:59:28.766079,UseCase - Airlines.xlsx
B1540,P1652,AI138,2026-01-15 11:37:36.952,CANCELLED,456d01ba12323d400f1cbc0b52c4fe96dcbbdc3a9d3439f7b1fd04eb050cee07,7E,Owen Lanka,****6491,2026-09-05T15:59:28.766079,UseCase - Airlines.xlsx
B1541,P1724,SJ014,2025-12-16 11:37:36.952,CONFIRMED,195c819f87475defcd989d63467ab5c68ed4d839fb40ca43fc0b1a860ced492c,26A,Charles Date,****9845,2026-09-05T15:59:28.766079,UseCase - Airlines.xlsx
B1542,P1232,SJ053,2025-12-13 11:37:36.952,PENDING,0f5c9f6389227c6e1f525ec17d8d6d228ee2b753412da946e7d7ccdcce4aef09,14F,Oviya Vora,****0037,2026-09-05T15:59:28.766079,UseCase - Airlines.xlsx
B1543,P1393,SJ241,2025-06-16 11:37:36.952,CANCELLED,938856af766d905b5b3c4cf1fabb3324d3e06188fca7a3181ba01040e67fa4cb,4F,Ishaan Bhatt,****0271,2026-09-05T15:59:28.766079,UseCase - Airlines.xlsx
B1544,P1500,AI249,2025-09-01 11:37:36.952,CANCELLED,d9e4dc1aff8cf9471df3a6bf78539250ff1a5c3fa1a4de7649c85bc521410e6b,16A,Vamakshi Sen,****6093,2026-09-05T15:59:28.766079,UseCase - Airlines.xlsx
B1545,P1694,AI176,2026-03-08 11:37:36.952,PENDING,f0cdd2e9aa86a33bbb1a93d6f96f5cad33fd04f1fef42ff5a72440d7d8769edd,8A,Janaki Varghese,****5520,2026-09-05T15:59:28.766079,UseCase - Airlines.xlsx
B1546,P1250,SJ234,2026-04-02 11:37:36.952,PENDING,9cac3e84da757941e95160df08fd3251f1d8cc3d9b537dd482799e2a3aea18d5,32B,Ikbal Seth,****0567,2026-09-05T15:59:28.766079,UseCase - Airlines.xlsx
B1547,P1520,6F115,2025-04-18 11:37:36.952,PENDING,2101ba54061d9495ac2fda1d9a8abfc9dbfc54b8bc239530e81e07a5a99850a1,16C,Yahvi Kant,****7207,2026-09-05T15:59:28.766079,UseCase - Airlines.xlsx
B1548,P1078,AI020,2025-10-04 11:37:36.952,CONFIRMED,d73dc68c4e326432a3dceef93acf0f7a2244bd3b651aae2f1426ed46f7af8baa,7E,Caleb Verma,****2739,2026-09-05T15:59:28.766079,UseCase - Airlines.xlsx
B1549,P1051,AI020,2025-12-16 11:37:36.952,CONFIRMED,67f0d93bf65ce35cb30af266d5ca6a9b0582d57b7ada032dbb7ccaa60f5bff0e,24A,Charvi Shanker,****9899,2026-09-05T15:59:28.766079,UseCase - Airlines.xlsx
B1550,P1897,6F079,2025-12-06 11:37:36.952,CONFIRMED,0691432311c289a4b6a1088293087597ea44377f3c0886bd3b94018531e56bc4,10D,Azaan Bhat,****8049,2026-09-05T15:59:28.766079,UseCase - Airlines.xlsx
B1552,P1780,UK046,2026-02-06 11:37:36.952,PENDING,68f96837be47df0ef0d8abe73fd00d87a671649e5c76d8178e126b1c6ac91aea,32D,Pooja Chokshi,****5811,2026-09-05T15:59:28.766079,UseCase - Airlines.xlsx
B1553,P1225,SJ217,2025-11-15 11:37:36.952,CONFIRMED,327d7923ba84dc125d313b3f313997abf15e09a193a41fc605cb8416560726cd,33D,Vritti Sawhney,****1142,2026-09-05T15:59:28.766079,UseCase - Airlines.xlsx
B1554,P1050,6F142,2025-08-26 11:37:36.952,CANCELLED,90587db3ca08d8366e3847926cd68ee8a2b8cdeb072504a7c8ae1e09fc4072a1,8D,Ethan Buch,****9652,2026-09-05T15:59:28.766079,UseCase - Airlines.xlsx
B1555,P1185,SJ139,2026-04-04 11:37:36.952,CONFIRMED,d02b268ada5cea55f3ef00d66e8c2ba7574c891a77d9807514e49adab6d58988,3B,Ekanta Divan,****2397,2026-09-05T15:59:28.766079,UseCase - Airlines.xlsx
B1556,P1033,6F059,2026-01-18 11:37:36.952,CANCELLED,a8be11d1dce2fea4e7f9365371b412f62737131578a48a716f497d93c306849f,31D,Dominic Date,****2837,2026-09-05T15:59:28.766079,UseCase - Airlines.xlsx
B1557,P1802,6F067,2025-08-10 11:37:36.952,PENDING,eb5f6e33d1cdc45c8e41284f6380de46d106d1ab35359e26201f424b8b6c4c92,17A,Anvi Nair,****6950,2026-09-05T15:59:28.766079,UseCase - Airlines.xlsx
B1558,P1741,AI007,2025-08-07 11:37:36.952,PENDING,db0b8fd08bcf3be49b9874bf04a614b9f53463de614a8d491bd03307c2fd62f0,27A,Lakshmi Wali,****6792,2026-09-05T15:59:28.766079,UseCase - Airlines.xlsx
B1559,P1130,UK202,2026-01-20 11:37:36.952,CONFIRMED,22bca92c99154a516795fdab44cb22bf4b3a9f7dd59fbe6876e57d625033f093,5F,Chaitaly Setty,****9332,2026-09-05T15:59:28.766079,UseCase - Airlines.xlsx
B1560,P1631,AI200,2026-03-07 11:37:36.952,CONFIRMED,a7354c849bc2dc639885847a4b0b550b94a281f42d7a71172dd63da132d00891,18C,Yashasvi Sani,****1527,2026-09-05T15:59:28.766079,UseCase - Airlines.xlsx
B1561,P1442,UK172,2026-01-27 11:37:36.952,PENDING,e4c409c2bf97fed9b36ae59e0a669f14ae35f55db732be8e50af2929630d13ad,18C,Hardik Contractor,****8123,2026-09-05T15:59:28.766079,UseCase - Airlines.xlsx
B1562,P1837,6F214,2025-05-01 11:37:36.952,CONFIRMED,d3cddf774a5c01476a495a8c64f828df50c28c2c064e609e3f4de23daf54c2db,10B,Tanveer Sani,****0671,2026-09-05T15:59:28.766079,UseCase - Airlines.xlsx
B1563,P1758,UK037,2025-09-11 11:37:36.952,PENDING,47f8762b8a9e4b6eec1af51d98367dedaa157101453f29ebeea4e8e534cf6994,27B,Siya Kari,****2002,2026-09-05T15:59:28.766079,UseCase - Airlines.xlsx
B1564,P1431,AI022,2025-08-14 11:37:36.952,PENDING,19bd6375ab34461576ad6e4f0545542738c3af022e4f73d2bedf0e812dc5e43a,17F,Odika Nori,****3793,2026-09-05T15:59:28.766079,UseCase - Airlines.xlsx
B1565,P1703,AI243,2026-02-06 11:37:36.952,CANCELLED,05eab4037205fdbad8048c4ef6e4aa9ff935b0f66950dc4e2863b9b5a6406637,20D,Sudiksha Rastogi,****3185,2026-09-05T15:59:28.766079,UseCase - Airlines.xlsx
B1566,P1496,SJ174,2025-10-08 11:37:36.952,CONFIRMED,929b517da2f662f3f1b9665859b93da7688edcba4bb2b6ab9271cc5c9e4045f8,29F,Ojasvi Chandran,****6762,2026-09-05T15:59:28.766079,UseCase - Airlines.xlsx
B1567,P1402,SJ079,2025-11-13 11:37:36.952,PENDING,ce3f5b0279ed8a4d956477239562bf89acbd0323928164d70632f60ae3d201c8,9A,Dhriti Sane,****1070,2026-09-05T15:59:28.766079,UseCase - Airlines.xlsx
B1568,P1322,UK097,2025-12-21 11:37:36.952,CONFIRMED,d2d204a15dc3e2877c25f03ef870931a760f025e6876ac2781f66d8e9d226e41,21A,Dhriti Kumer,****2658,2026-09-05T15:59:28.766079,UseCase - Airlines.xlsx
B1569,P1209,AI013,2025-12-26 11:37:36.952,CANCELLED,aeafdcc07301c67a66fda887a166fa1ed496b3bdb12066c1d0dd0e670aaa49e5,14E,Kavya Dua,****3310,2026-09-05T15:59:28.766079,UseCase - Airlines.xlsx
B1570,P1614,UK196,2025-11-21 11:37:36.952,CANCELLED,46cd253d0ddfc280cd5e312a8b3b580aca96642e0d34b36353d2eb9a81413292,25E,Urvi Bhavsar,****2605,2026-09-05T15:59:28.766079,UseCase - Airlines.xlsx
B1571,P1328,SJ213,2025-11-06 11:37:36.952,CONFIRMED,2c13d59651525445fcddba7bef8a8be50e3f77648e815c63b54236f994f5273a,2C,Gavin Chada,****7878,2026-09-05T15:59:28.766079,UseCase - Airlines.xlsx
B1572,P1371,UK119,2025-05-26 11:37:36.952,CONFIRMED,8685742643f91937706de31345b336e557bac1bbabf00b66d3281d4a065ce810,5D,Girik Sankaran,****5075,2026-09-05T15:59:28.766079,UseCase - Airlines.xlsx
B1573,P1459,AI043,2026-03-18 11:37:36.952,PENDING,d508364ae4a65b26ecc74b7260994ccbc50a7a933a78c3c767527168f4f568ee,19B,Gopal Pradhan,****3229,2026-09-05T15:59:28.766079,UseCase - Airlines.xlsx
B1574,P1132,AI043,2025-04-29 11:37:36.952,CANCELLED,354fc8f9c9f50c0459aa3c75d27bb7445e888d4bb1726ffbbcddb977f8f2b2a4,18A,Kalpit Bhasin,****9310,2026-09-05T15:59:28.766079,UseCase - Airlines.xlsx
B1575,P1834,AI143,2025-06-16 11:37:36.952,CANCELLED,589aa892161cb27c820ff093570e9e3e67b879eb1a0a78e5f618fceb3a03537d,2B,Forum Das,****6952,2026-09-05T15:59:28.766079,UseCase - Airlines.xlsx
B1576,P1650,SJ032,2025-10-20 11:37:36.952,PENDING,b63b8cf743f305554c62b27a7fd12e1f2823347d4fa6b0ec57a9f547130417ba,6F,Nirja Pandya,****0459,2026-09-05T15:59:28.766079,UseCase - Airlines.xlsx
B1577,P1120,6F050,2026-01-24 11:37:36.952,CONFIRMED,68073d18015288515b531cd94747508bcb82979a66387b1bc6b69def38bfc1b2,23A,Pallavi Behl,****7918,2026-09-05T15:59:28.766079,UseCase - Airlines.xlsx
B1578,P1605,AI134,2025-12-25 11:37:36.952,PENDING,6b971d54c209110c30956bc63618e702194d39c491f79340cc36756fedbb658a,6B,Bhavna Muni,****9506,2026-09-05T15:59:28.766079,UseCase - Airlines.xlsx
B1579,P1451,6F182,2025-04-24 11:37:36.952,CONFIRMED,0e5d2cb7117cad6aa05deaf99d73e6489a83aa853f426b892b603c6bb6ae1967,28E,Indira Chawla,****9676,2026-09-05T15:59:28.766079,UseCase - Airlines.xlsx
B1580,P1964,SJ086,2025-10-08 11:37:36.952,CONFIRMED,467cb9edc7f56b1e9650e98df33a3ae703f30fac072633f4533b7f01aae005c0,20D,Yashica Kala,****8537,2026-09-05T15:59:28.766079,UseCase - Airlines.xlsx
B1581,P1128,6F170,2025-08-06 11:37:36.952,CONFIRMED,8b38c8bc31f03a953051381a06cca4cd367789794989c90034b0b36e9aa8c336,3D,Mohammed Subramaniam,****9860,2026-09-05T15:59:28.766079,UseCase - Airlines.xlsx
B1582,P1090,UK168,2025-04-24 11:37:36.952,PENDING,c828971554c2ca5652fe7f5489ee3a18957430ba20de3a192a36bdac455e956c,34B,Udarsh Chokshi,****9275,2026-09-05T15:59:28.766079,UseCase - Airlines.xlsx
B1583,P1603,SJ072,2026-02-22 11:37:36.952,PENDING,60c30884aafb820739c8b489a1ba7b80ba746358480dd6550957c45bb7856d0a,33D,Inaya Pillai,****0940,2026-09-05T15:59:28.766079,UseCase - Airlines.xlsx
B1584,P1574,UK075,2025-04-28 11:37:36.952,CANCELLED,8808199079ca16ac79a74160263a0cb2f5a2d082454aa4933068afb2fc095922,21C,Ishwar Mallick,****7633,2026-09-05T15:59:28.766079,UseCase - Airlines.xlsx
B1585,P1028,6F233,2026-01-08 11:37:36.952,CANCELLED,a594297ee416bbef8c48a7d52605e6b1896e8bb851a0048622ab676ee3663f03,1C,Upkaar Sanghvi,****9970,2026-09-05T15:59:28.766079,UseCase - Airlines.xlsx
B1586,P1721,SJ143,2025-11-13 11:37:36.952,CANCELLED,a691462429b9550d2a14e5b2c6abbda569dffeaab1ecea405e68a034d03e17b8,25B,Atharv Loke,****4180,2026-09-05T15:59:28.766079,UseCase - Airlines.xlsx
B1587,P1523,SJ246,2025-06-28 11:37:36.952,PENDING,5259c492c7710ba1213be024f1e71e562db86c51bb3e82f1b840c416d093801f,34E,Ayush Gole,****4298,2026-09-05T15:59:28.766079,UseCase - Airlines.xlsx
B1588,P1332,SJ247,2025-11-04 11:37:36.952,CONFIRMED,2a4803305cd02857bbd9cbc896ea36dd6576ed5dc3dc5ca34bae43487663cf1c,10B,Anjali More,****1813,2026-09-05T15:59:28.766079,UseCase - Airlines.xlsx
B1589,P1296,UK157,2025-08-31 11:37:36.952,PENDING,9a68f2fde5c292642af815fae1bf5237515c8efa9eeeca1589252999dcb09944,3D,Harinakshi Panchal,****8641,2026-09-05T15:59:28.766079,UseCase - Airlines.xlsx
B1590,P1129,UK069,2026-04-01 11:37:36.952,CONFIRMED,8665d4d18dca34d8e907b69724e21509aeb32d6b9f5443f6e937a296133ca88f,25B,Abeer Golla,****8124,2026-09-05T15:59:28.766079,UseCase - Airlines.xlsx
B1591,P1292,AI106,2025-11-20 11:37:36.952,CANCELLED,c4a96038b4f9e9072673f93977eef98634a3b631eb3ad8f6da7a2126cf6e6363,8A,Luke Rattan,****3665,2026-09-05T15:59:28.766079,UseCase - Airlines.xlsx
B1592,P1172,UK085,2025-11-17 11:37:36.952,CONFIRMED,bfb12fa9d66b7690439d44a2ccb431ce616adac8c05658ff3227eb04ec5bf62e,24F,Ekaraj Dhar,****0691,2026-09-05T15:59:28.766079,UseCase - Airlines.xlsx
B1593,P1719,6F087,2025-09-24 11:37:36.952,PENDING,b6d47f8c80fa1004c544d744bdc3e1332f155cab682b02c88bcef88bb0b4779d,1A,Azaan Chand,****6311,2026-09-05T15:59:28.766079,UseCase - Airlines.xlsx
B1594,P1943,AI067,2025-06-01 11:37:36.952,CONFIRMED,aaea2ce38aa9005fdd29d85101918f87b2faf46637d0553d1aa9a5c6a8722d5a,25E,Tanveer Puri,****0775,2026-09-05T15:59:28.766079,UseCase - Airlines.xlsx
B1595,P1023,6F226,2026-01-07 11:37:36.952,PENDING,171725b3e2f4f8a7b2f40c65ccd0302f4ae4e77948bf25d8698c989cc2888e3f,4E,Oni Setty,****5375,2026-09-05T15:59:28.766079,UseCase - Airlines.xlsx
B1596,P1098,SJ210,2025-12-20 11:37:36.952,CONFIRMED,34988969eee46e40feb29de238dc3b58d149a3671bbf308ab731266e412319c3,15E,Harita Dugar,****7815,2026-09-05T15:59:28.766079,UseCase - Airlines.xlsx
B1597,P1405,6F269,2025-10-23 11:37:36.952,CONFIRMED,4a123b9d3137e4956275825f2c230b789b04f7fa1231444ac48cb53c53a884c3,33A,Kala Muni,****6201,2026-09-05T15:59:28.766079,UseCase - Airlines.xlsx
B1598,P1355,UK013,2026-01-02 11:37:36.952,CONFIRMED,77969c3eddb831d9b5e2ea3f984ced1d8f948afb9cd9ac28029623ba66691c99,11B,Ekta Chad,****4577,2026-09-05T15:59:28.766079,UseCase - Airlines.xlsx
B1599,P1138,UK013,2025-09-30 11:37:36.952,PENDING,1229af52a1691e215ecbea86802e9f45e89e5b7ff0f88e234532a081e7913281,9E,Charles Dugal,****6733,2026-09-05T15:59:28.766079,UseCase - Airlines.xlsx
B1600,P1502,UK143,2025-07-20 11:37:36.952,PENDING,8b020d637180a2659678c41c72898733e8f9cb748080b70f0a8cb4938738ae3f,2C,Nakul Bawa,****9966,2026-09-05T15:59:28.766079,UseCase - Airlines.xlsx
B1601,P1825,6F262,2025-09-07 11:37:36.952,PENDING,401daf4031e0aac358f5c337d8430e1985e508a023734ec5285ae1a5b2c63f65,28D,Finn Magar,****8100,2026-09-05T15:59:28.766079,UseCase - Airlines.xlsx
B1602,P1173,6F042,2025-07-07 11:37:36.952,PENDING,495450b9989e598c739c2f02a674028cc0678812711f4c1c70112c4877932d15,2A,Saanvi Samra,****9344,2026-09-05T15:59:28.766079,UseCase - Airlines.xlsx
B1603,P1028,SJ118,2025-12-06 11:37:36.952,CANCELLED,9be67efa903416f26cb42d1fc017ccc25989f3bb44149385260380dc32125449,17E,Vedika Sathe,****8468,2026-09-05T15:59:28.766079,UseCase - Airlines.xlsx
B1604,P1930,SJ118,2025-11-17 11:37:36.952,CANCELLED,def234c0b75c5d1ecb108bb9a591eb372afa4b0850c3ad4ab3bf6a4e980b5a18,3C,Oeshi Mahajan,****9471,2026-09-05T15:59:28.766079,UseCase - Airlines.xlsx
B1605,P1495,SJ082,2025-10-03 11:37:36.952,CANCELLED,1bb2de95b853a6df990f2d2c13b0360989174d7afd048bb270d098f3a57fedc1,6C,Tanveer Vala,****8238,2026-09-05T15:59:28.766079,UseCase - Airlines.xlsx
B1606,P1654,6F015,2025-07-18 11:37:36.952,CONFIRMED,35ffd069ac415985455607c754d59f4b89da1c838ec1b51f0d88dee5ebdc0767,23E,Ishaan Pai,****0192,2026-09-05T15:59:28.766079,UseCase - Airlines.xlsx
B1608,P1350,SJ110,2025-06-28 11:37:36.952,CANCELLED,19cc3241f12ff2d8e0adc3c77125d7fcd74ab3bd530c4fed2352588bf608123c,10B,Bhanumati Sur,****6165,2026-09-05T15:59:28.766079,UseCase - Airlines.xlsx
B1609,P1553,SJ042,2025-10-21 11:37:36.952,CANCELLED,5af0cd586be384f47f22b1029b6ca4ba29f537c07be6cef04e2e53c87624ee89,19D,Darika Bath,****5414,2026-09-05T15:59:28.766079,UseCase - Airlines.xlsx
B1610,P1298,6F145,2025-10-13 11:37:36.952,CONFIRMED,0d14865cc37b5496709db82f46fa8886391c80eda7f2308a71d3121ed4e14d20,27A,Thomas Rana,****3593,2026-09-05T15:59:28.766079,UseCase - Airlines.xlsx
B1611,P1719,UK029,2026-01-05 11:37:36.952,CANCELLED,bc83cd7d4f7b2e69a00ea3d6a6328ac81ee1499addce04e31f7135b4208d6c04,14C,Christopher Amble,****4892,2026-09-05T15:59:28.766079,UseCase - Airlines.xlsx
B1612,P1841,SJ200,2025-04-18 11:37:36.952,CANCELLED,362f1c4c29ca8172ad830b53c14a432d98a7888badbaabc38883d3e4993ef317,28C,Samarth Mitra,****3103,2026-09-05T15:59:28.766079,UseCase - Airlines.xlsx
B1613,P1944,SJ209,2026-01-29 11:37:36.952,CONFIRMED,36f3e7a69bc2d13790e8a894c66562871a911115668d3cb98ac88eacdeb61089,6A,Siddharth Devan,****0449,2026-09-05T15:59:28.766079,UseCase - Airlines.xlsx
B1614,P1191,AI116,2025-05-11 11:37:36.952,PENDING,0ce6ea43c344e22757535d637930bcd151258570338b269cd62e9c619df19cec,30B,Aadhya Mann,****0528,2026-09-05T15:59:28.766079,UseCase - Airlines.xlsx
B1615,P1671,6F117,2025-05-23 11:37:36.952,CANCELLED,1e8011c366fcb76760042a444e32c9f3ed0753ec855fad78672b049b4d8a168a,33B,Falak Dar,****8111,2026-09-05T15:59:28.766079,UseCase - Airlines.xlsx
B1616,P1063,SJ181,2025-12-23 11:37:36.952,PENDING,98281bd664be8df030f4a802f10ee4e2d73a3c7519a0dffb1538db7f2e14a405,17A,Abhimanyu Tank,****1327,2026-09-05T15:59:28.766079,UseCase - Airlines.xlsx
B1618,P1769,AI070,2026-01-19 11:37:36.952,CONFIRMED,a74fb0fb0ef754576acafd952f52601c6b8c4bdadb1ee91032b525c18961e42e,1B,Kai Rai,****9430,2026-09-05T15:59:28.766079,UseCase - Airlines.xlsx
B1619,P1663,UK042,2026-02-05 11:37:36.952,PENDING,35f6b0b3061afb9ecd49547631aeab3ab63636d893f2b098cbdbb64f4df2293b,13A,Victor Tella,****2740,2026-09-05T15:59:28.766079,UseCase - Airlines.xlsx
B1620,P1214,AI169,2026-02-24 11:37:36.952,PENDING,d565b8fae932abe0ab78f3d66e622c64933f9d11ed355e3b20c7046d61958874,1B,Irya Bora,****9727,2026-09-05T15:59:28.766079,UseCase - Airlines.xlsx
B1621,P1833,6F021,2025-12-21 11:37:36.952,PENDING,5e348003290cc55802633c6b7c925a2f32abe5d0993eddbbb87f941fc446581a,27A,Mekhala Basak,****3445,2026-09-05T15:59:28.766079,UseCase - Airlines.xlsx
B1622,P1165,SJ046,2025-06-23 11:37:36.952,PENDING,0b6e015de6f981476050ecaba97e69c3e347e11d93177ce8a6628a2458d03dcc,19F,Rajata Bahl,****2713,2026-09-05T15:59:28.766079,UseCase - Airlines.xlsx
B1623,P1542,AI211,2025-08-17 11:37:36.952,CANCELLED,b36653540e86085dd458cff345f5505a6aea923ea93910e069d467eca88d56d3,22B,Tripti Brahmbhatt,****0353,2026-09-05T15:59:28.766079,UseCase - Airlines.xlsx
B1624,P1882,SJ091,2025-12-20 11:37:36.952,CANCELLED,4aa292eccc639cea3e43735013e104b18448ce780c3df929eef27c3bdf3875e6,34F,Dhriti Sanghvi,****5944,2026-09-05T15:59:28.766079,UseCase - Airlines.xlsx
B1625,P1231,AI123,2026-04-05 11:37:36.952,PENDING,165b745f5ed02eebbd44517b434a5068bd6d56f343b0f79698c102c568103beb,7D,Nidhi Sahni,****8999,2026-09-05T15:59:28.766079,UseCase - Airlines.xlsx
B1626,P1793,6F053,2025-04-17 11:37:36.952,CANCELLED,bfb888771f3080fdde82ec55a46ca6e9c2aaf00343473cf379483198de2db70a,25C,Bimala Contractor,****3732,2026-09-05T15:59:28.766079,UseCase - Airlines.xlsx
B1627,P1540,UK012,2026-01-09 11:37:36.952,PENDING,77d9cefc7cced9b07aca5cce887b0a1791a5aa19689d25fd00aac9224683bfa3,27E,Nidhi Bail,****8394,2026-09-05T15:59:28.766079,UseCase - Airlines.xlsx
B1628,P1194,6F023,2025-11-25 11:37:36.952,PENDING,e660354dbd4dbdb97609351b6566aae0af518354a0cb04b34b0d75d4c8081626,33A,Ekta Garg,****1638,2026-09-05T15:59:28.766079,UseCase - Airlines.xlsx
B1629,P1505,AI250,2026-01-02 11:37:36.952,CONFIRMED,4142e92c8dd6278b20696b25930b548f1257a21d80355d86fccdb8c2518db85c,11A,Triveni Pathak,****5072,2026-09-05T15:59:28.766079,UseCase - Airlines.xlsx
B1630,P1333,AI238,2026-04-07 11:37:36.952,PENDING,fc03e909e8a5710c6eea82fb20d708794049f993c9a7f0138dee4ced49d44559,26F,Gaurang Sarkar,****2269,2026-09-05T15:59:28.766079,UseCase - Airlines.xlsx
B1631,P1767,UK096,2026-02-17 11:37:36.952,CANCELLED,4adfeb15fe587f60bda9c9cb1fe445c8b18f49e81ca5c3d9fb3244a2b3ecbbc3,24F,Hitesh Kohli,****8353,2026-09-05T15:59:28.766079,UseCase - Airlines.xlsx
B1632,P1792,UK126,2026-03-30 11:37:36.952,PENDING,5a2fd0bac26c9c553a7cf0e79d0dda235fb909aaf13ee975f958d7af28bf7605,1D,Rajata Rattan,****0781,2026-09-05T15:59:28.766079,UseCase - Airlines.xlsx
B1633,P1303,SJ195,2025-08-30 11:37:36.952,CONFIRMED,b2d7cffcbe296ffe43b48c5a281559d1739bcc8024698888ada73e29bbc2de68,8E,Farhan Randhawa,****1769,2026-09-05T15:59:28.766079,UseCase - Airlines.xlsx
B1634,P1832,SJ171,2025-12-25 11:37:36.952,CANCELLED,2a5178901251bcd2883d370bc10b7e38b1934a0d3905ac55254d75285f032b45,1C,Dayita Nori,****5198,2026-09-05T15:59:28.766079,UseCase - Airlines.xlsx
B1636,P1322,SJ192,2025-05-27 11:37:36.952,CONFIRMED,4c07947ec29f9f8eb077fd497bfd2d722ec2e62ab6774deaa7b8d25247f195f0,22B,Om Bose,****4980,2026-09-05T15:59:28.766079,UseCase - Airlines.xlsx
B1637,P1501,6F035,2025-12-01 11:37:36.952,PENDING,9ef28d67266b2b8587e9e069b8d59e33c43eea740790da2bf017af169b8e86a5,27C,Yashvi Comar,****0528,2026-09-05T15:59:28.766079,UseCase - Airlines.xlsx
B1638,P1857,UK088,2026-02-23 11:37:36.952,CONFIRMED,3b1ba257ab17e50995fc934a9d9fe7cf1a43d14fc63619dab231293e2c0570b2,22C,Yashvi Hari,****4781,2026-09-05T15:59:28.766079,UseCase - Airlines.xlsx
B1639,P1913,6F009,2025-09-14 11:37:36.952,CONFIRMED,99a304cb3a4f0714213282c70900746dd74004f058691ab972deb7187fd28f4f,24E,Ikshita Panchal,****3873,2026-09-05T15:59:28.766079,UseCase - Airlines.xlsx
B1640,P1392,6F004,2026-01-28 11:37:36.952,CANCELLED,0dfa3d2dc8c7955279553fd9b434969d6ea71290b779f541137cdbd95539c0a8,30B,Manbir Keer,****4451,2026-09-05T15:59:28.766079,UseCase - Airlines.xlsx
B1641,P1805,UK122,2026-03-27 11:37:36.952,PENDING,a5a177db9d351cbfa115988e10cc1ab9d4e3cc237371f779459d05acd1e79c96,28D,Harshil Dhingra,****9571,2026-09-05T15:59:28.766079,UseCase - Airlines.xlsx
B1642,P1598,AI251,2026-02-15 11:37:36.952,PENDING,8e5bb2f1f092aa3218c9dda46065b9191625d1d6ffea0b069ab14f9d9e76cf38,4E,Aahana Hora,****6644,2026-09-05T15:59:28.766079,UseCase - Airlines.xlsx
B1643,P1148,AI027,2026-02-04 11:37:36.952,PENDING,21f4ba7013f69a4083864f0d557ab6a857ce19dbe63bcea75dedfcbe5240fdb8,14A,Oscar Dua,****3774,2026-09-05T15:59:28.766079,UseCase - Airlines.xlsx
B1644,P1760,SJ165,2025-10-20 11:37:36.952,PENDING,7f89177d2919ec57ebb0ce955bee9a7ebd010dab10f3dfbc9d05d11bda65cb95,20E,Faqid Goel,****5792,2026-09-05T15:59:28.766079,UseCase - Airlines.xlsx
B1645,P1832,UK081,2025-08-16 11:37:36.952,CONFIRMED,0bd50d55d21c694559257336b2f109adcb559c4e48c99ef5d56abd6d3ed7e08b,17D,Wakeeta Shetty,****7529,2026-09-05T15:59:28.766079,UseCase - Airlines.xlsx
B1646,P1404,UK191,2025-09-27 11:37:36.952,CANCELLED,dcb3450557115d32760688a0eddf65b4d433b3182cb7c82ee4a4059d0926c414,28C,Saumya Naidu,****4076,2026-09-05T15:59:28.766079,UseCase - Airlines.xlsx
B1647,P1282,SJ188,2025-11-06 11:37:36.952,PENDING,2a3d133a580f0244d5055aeb03d5861b48c0db66700c2255a4f87a4cb369f087,14F,Diya Dora,****0840,2026-09-05T15:59:28.766079,UseCase - Airlines.xlsx
B1648,P1361,6F016,2025-08-09 11:37:36.952,CONFIRMED,4ccbef63e0bdf9971c5a0271cf1e1c51066678819b1184857fd3d837f00b2aa7,33D,Ria Bir,****8368,2026-09-05T15:59:28.766079,UseCase - Airlines.xlsx
B1649,P1378,6F064,2026-04-05 11:37:36.952,PENDING,ec7e3cc1e6cc47310a6c5b8045529e83c9e37d3d0e5a208f8aedd7efc36c3eba,4F,Upasna Sathe,****3414,2026-09-05T15:59:28.766079,UseCase - Airlines.xlsx
B1650,P1197,SJ105,2026-04-03 11:37:36.952,PENDING,d3fb11aa8268cf78159b56a1922d5bc35b93b2f1da7422853f8ba1a95a1cd4bd,10D,Chavvi Maharaj,****1933,2026-09-05T15:59:28.766079,UseCase - Airlines.xlsx
B1651,P1555,SJ054,2025-09-09 11:37:36.952,CANCELLED,a7c92440f67553788ac51a3006d3f594190690c8c4e318ef94f2fce31af98b4d,21B,Daksh Pandey,****8199,2026-09-05T15:59:28.766079,UseCase - Airlines.xlsx
B1652,P1355,6F197,2025-12-19 11:37:36.952,PENDING,cdd97d2f70f6382d57ae8705afa5a49f53bf2dc246c0b8d0ce00cda359a9dd5e,23C,Yashica Borah,****0269,2026-09-05T15:59:28.766079,UseCase - Airlines.xlsx
B1653,P1539,AI040,2026-03-26 11:37:36.952,CANCELLED,9eeee144b1866f99b0d2df76e443f52e0b981aa4c44047b59ba9b1011a57242e,31B,Dayita Shenoy,****4504,2026-09-05T15:59:28.766079,UseCase - Airlines.xlsx
B1654,P1428,AI131,2025-08-14 11:37:36.952,PENDING,3dbbdc54cf78fa74627153f9f3c73db5a5f4dd5a26659be8d94c6c0f536f2034,31A,Siya Barad,****6787,2026-09-05T15:59:28.766079,UseCase - Airlines.xlsx
B1655,P1016,6F141,2025-10-09 11:37:36.952,PENDING,ec748ee3966e242dd071b616eb2b3950c4a0823a507fb366c1d452aae80738ee,7D,Dakshesh Pillay,****4650,2026-09-05T15:59:28.766079,UseCase - Airlines.xlsx
B1656,P1638,UK035,2025-05-12 11:37:36.952,CONFIRMED,41b998aba0b892c7848107ad75833c47cf0cf1efdabcfd7590b8913089a38a62,26E,Bhavini Bose,****9841,2026-09-05T15:59:28.766079,UseCase - Airlines.xlsx
B1657,P1378,AI005,2025-08-28 11:37:36.952,CONFIRMED,180ed27dc9100f4b46748fc0136ae279e50a681b9db2c0d4e0423188495b031b,12B,Gautam Tripathi,****9851,2026-09-05T15:59:28.766079,UseCase - Airlines.xlsx
B1658,P1679,AI001,2025-06-22 11:37:36.952,CONFIRMED,c2c3095f7f47e91accb93424ab2f8d55635f6920ef2a8a20ee31dbf6af331d93,18D,Leena Shere,****5091,2026-09-05T15:59:28.766079,UseCase - Airlines.xlsx
B1659,P1505,UK211,2026-01-17 11:37:36.952,PENDING,57d6033ba5fe53db82a5838d6b9456095b179c9d3f7350feabc515c28acb4c15,6D,Benjamin Sengupta,****1131,2026-09-05T15:59:28.766079,UseCase - Airlines.xlsx
B1660,P1755,SJ189,2026-04-04 11:37:36.952,CANCELLED,93771791c943605c56fd329f1c855f615facbd8e925cb36c21fcfaca8f9545e8,12D,Raghav Nagy,****4370,2026-09-05T15:59:28.766079,UseCase - Airlines.xlsx
B1661,P1898,UK006,2025-04-21 11:37:36.952,PENDING,4f34bb1dd5c1aac2dbf2cac678d864b1bd910390b2a09a763cf5957b1e16bc7b,18D,Vamakshi Thaker,****6864,2026-09-05T15:59:28.766079,UseCase - Airlines.xlsx
B1662,P1075,6F189,2025-10-13 11:37:36.952,CONFIRMED,6eab22ee2340440216b5b46852f6702c6251519f3338ab166da7dbe69c2bf9e0,17A,Matthew Bhatia,****8498,2026-09-05T15:59:28.766079,UseCase - Airlines.xlsx
B1663,P1230,AI133,2025-05-16 11:37:36.952,CANCELLED,180d2539362f06e6fcef368043fdadc847e0e419fd4ac9943463d294aafbff33,15B,Shravya Chauhan,****6291,2026-09-05T15:59:28.766079,UseCase - Airlines.xlsx
B1664,P1715,SJ216,2025-11-08 11:37:36.952,CONFIRMED,48bc740d5cd7931c759fa7354a4e778dad19f4782826d09da2a8fea6fa562b06,25B,Hemal Chad,****3111,2026-09-05T15:59:28.766079,UseCase - Airlines.xlsx
B1665,P1961,SJ133,2026-03-04 11:37:36.952,CANCELLED,23b39a585f3e43b6fa5ca3bda306679bd7fcdd013f3f1d5fe61ef3eaef2456a8,29D,Yamini Gera,****0703,2026-09-05T15:59:28.766079,UseCase - Airlines.xlsx
B1666,P1247,UK082,2026-03-05 11:37:36.952,PENDING,98c0dcb3e2837662543ffcfc0b2c8091e52cf4c854db339f741d0cdfe57b17da,32C,Balveer Kota,****0106,2026-09-05T15:59:28.766079,UseCase - Airlines.xlsx
B1667,P1301,6F136,2026-02-16 11:37:36.952,CANCELLED,20e8c56e6c76ef8e908e9006f270974c367e303585d8bf61c25ff89701f36faf,32C,Raksha Sarna,****0625,2026-09-05T15:59:28.766079,UseCase - Airlines.xlsx
B1668,P1725,6F039,2025-04-30 11:37:36.952,PENDING,08542579bc6c9a81fa147f521c06c1e73a91b5cfaef4dc81dbc6d26f9978a8aa,3B,Nathan Patla,****9908,2026-09-05T15:59:28.766079,UseCase - Airlines.xlsx
B1669,P1214,AI011,2025-06-16 11:37:36.952,CONFIRMED,76c9be4589d3d2ea7af44bf648d90c2f4a3825119a1f343bbd5d06f3e541ffb2,3E,Kashish Mandal,****6069,2026-09-05T15:59:28.766079,UseCase - Airlines.xlsx
B1670,P1157,SJ225,2025-05-12 11:37:36.952,CANCELLED,cb964c0495c097ea1d8cf3f134a8fcebe47080f10ee6e65de7e5784cf32515a0,16C,Lila Rege,****1026,2026-09-05T15:59:28.766079,UseCase - Airlines.xlsx
B1671,P1068,SJ024,2025-07-08 11:37:36.952,CONFIRMED,e2af476ea74868e91cff727f20fa729cc658d10be935444c80e18c48e773b3da,22C,Hamsini Ben,****8950,2026-09-05T15:59:28.766079,UseCase - Airlines.xlsx
B1672,P1392,AI109,2025-08-01 11:37:36.952,CANCELLED,650128205a4c56282bb499374f986a0a00147acd99d1752c8206128142604375,14E,Gaurika Bhatti,****1994,2026-09-05T15:59:28.766079,UseCase - Airlines.xlsx
B1673,P1084,AI147,2025-06-12 11:37:36.952,PENDING,823745f06bee486452ed54941a0896edab25d433ac003559eaa00fee2dbe983e,28B,Forum Chandra,****2711,2026-09-05T15:59:28.766079,UseCase - Airlines.xlsx
B1674,P1266,UK057,2025-11-03 11:37:36.952,CANCELLED,dd3467605c235ed48e0e6dc9e96975bf446f633c432626d5068230bd0b7bf280,18C,Libni Mander,****5782,2026-09-05T15:59:28.766079,UseCase - Airlines.xlsx
B1675,P1068,6F111,2025-08-01 11:37:36.952,CANCELLED,a7cec80fbdbc1c3be346c196dcd5d1a4a98ec4b1b59e2d2f9de745a586d2c689,9A,Zayyan Doctor,****1692,2026-09-05T15:59:28.766079,UseCase - Airlines.xlsx
B1676,P1610,AI197,2026-04-14 11:37:36.952,PENDING,9111e950c2dccf9abc029c423d8bdcae94696130304dbce78af0b947bca9ba95,24C,Gauri Bumb,****1522,2026-09-05T15:59:28.766079,UseCase - Airlines.xlsx
B1677,P1346,UK127,2026-01-31 11:37:36.952,PENDING,84a57e583b3fc3fc3c7008e4fcdf8bd053622942ab0ac54e9938c428a09f81b0,29C,Lohit Palla,****6384,2026-09-05T15:59:28.766079,UseCase - Airlines.xlsx
B1678,P1961,6F240,2025-12-31 11:37:36.952,PENDING,51d9180b215f977557cfc1a9625313f0ff03a324b1bddc50af350c99c19b8a3c,24B,Dayita Ramanathan,****5813,2026-09-05T15:59:28.766079,UseCase - Airlines.xlsx
B1679,P1727,6F257,2025-08-17 11:37:36.952,CANCELLED,9edfd73850d65cef58b94746eb8a0991a8b9e9523488aec06412be4712057b86,25A,Kai Chad,****8728,2026-09-05T15:59:28.766079,UseCase - Airlines.xlsx
B1680,P1926,AI253,2026-03-19 11:37:36.952,PENDING,336e0a1cc660d92e1a8e081c15561d3cba85916d602ec7bc69f106e9dc1296c2,11F,Dayita Puri,****3589,2026-09-05T15:59:28.766079,UseCase - Airlines.xlsx
B1681,P1672,SJ135,2026-04-02 11:37:36.952,CANCELLED,df283b8533f84ceaabfe530012193ad0a656096ece9b22ce72b6a2cd991c3bb0,15C,Falguni Datta,****5577,2026-09-05T15:59:28.766079,UseCase - Airlines.xlsx
B1682,P1422,UK112,2025-07-10 11:37:36.952,CANCELLED,232d1c0d9502797c3d1ede1c44b2a2dc72a0414340cb99b83a1de649a470028c,20B,Girik Sampath,****0562,2026-09-05T15:59:28.766079,UseCase - Airlines.xlsx
B1683,P1605,AI050,2025-08-07 11:37:36.952,CONFIRMED,9f61d041b615380030761ce903ce215e3948337f37bf514e79d6d6cb0372c2e7,9C,Yashoda Pathak,****4031,2026-09-05T15:59:28.766079,UseCase - Airlines.xlsx
B1684,P1173,UK060,2025-11-18 11:37:36.952,PENDING,7f3a90ad9d4d71b27cb739193d965999f40f3cdce051a5622bb6d665718a886d,8E,Andrew Patil,****4337,2026-09-05T15:59:28.766079,UseCase - Airlines.xlsx
B1685,P1676,SJ183,2025-05-15 11:37:36.952,CANCELLED,2df5d0e071d2793562836d03bcf44c796125f5318ec427b69238792996c08b49,25E,Dayamai Gole,****9394,2026-09-05T15:59:28.766079,UseCase - Airlines.xlsx
B1686,P1114,UK138,2025-11-17 11:37:36.952,CONFIRMED,e2ccff8e291a3bcfa056bfbe58bf6e4aa87f6d08452d803f7f565b1b89bc6cc5,23E,Tanish Om,****5076,2026-09-05T15:59:28.766079,UseCase - Airlines.xlsx
B1687,P1219,SJ071,2025-10-12 11:37:36.952,PENDING,e7deaaae6ca16ac1f93988fea9988431c332be1baa360dbd8f4d9f80b1fc0851,22F,Vedika Handa,****8889,2026-09-05T15:59:28.766079,UseCase - Airlines.xlsx
B1688,P1955,AI057,2025-06-14 11:37:36.952,PENDING,a01873f30682f0db39d7f039f6adcb28e5dd0617b99153f54a544f0548901925,9D,Upkaar Devan,****6032,2026-09-05T15:59:28.766079,UseCase - Airlines.xlsx
B1689,P1030,SJ151,2025-07-10 11:37:36.952,CANCELLED,30a69f52e614decfac070ad7a6250050a5763c157081c23f39e86a05ae1a72f7,20B,Mohammed Brahmbhatt,****9943,2026-09-05T15:59:28.766079,UseCase - Airlines.xlsx
B1690,P1522,SJ144,2025-06-28 11:37:36.952,PENDING,84cbd470a56bad5a23b8c226dd6f9a00df74f4287916f711c2bffed2b650ae63,12C,Chakrika Chaudhuri,****5739,2026-09-05T15:59:28.766079,UseCase - Airlines.xlsx
B1691,P1342,SJ087,2026-01-23 11:37:36.952,PENDING,5ab2047d375d8b9bd18c3db304eccdcaaddfcbe3c5982fddd2669289d85f42f1,12E,Yashica Zacharia,****8246,2026-09-05T15:59:28.766079,UseCase - Airlines.xlsx
B1692,P1376,SJ066,2026-04-02 11:37:36.952,CONFIRMED,fde81946c722e21662728779b862ab437142c013c45647383edd1e28fad7d7ac,18A,Baljiwan Nayar,****4649,2026-09-05T15:59:28.766079,UseCase - Airlines.xlsx
B1693,P1129,AI247,2026-01-02 11:37:36.952,CONFIRMED,fd88a5243fc93e55c4a8be787902372d6ddf0355795afaa4770d62b1d2f8cb5f,11F,Karan Puri,****9241,2026-09-05T15:59:28.766079,UseCase - Airlines.xlsx
B1694,P1999,SJ102,2026-04-01 11:37:36.952,PENDING,d1786521094812672de71e02e08a42b51125f064840ece118724361641b3ad14,24D,Mitesh Gaba,****2013,2026-09-05T15:59:28.766079,UseCase - Airlines.xlsx
B1695,P1616,6F252,2026-04-13 11:37:36.952,CONFIRMED,4438155ebe696c02b25e927623acc0350e86b49b7aeda9945a13bfc97d126e5b,4F,Pratyush Gandhi,****6531,2026-09-05T15:59:28.766079,UseCase - Airlines.xlsx
B1696,P1538,6F055,2025-11-28 11:37:36.952,PENDING,276ecaadcc0e56c0b6420f4beceb8f04aa06a2465b5cd357d35e7f4abc78571f,11C,Raksha Bassi,****1789,2026-09-05T15:59:28.766079,UseCase - Airlines.xlsx
B1697,P1738,AI204,2025-11-12 11:37:36.952,CANCELLED,50c21caf5356a78de6c1091caec42b224847ae476100e0dfa02fe1ad12b8d7bd,34B,Nirja Patla,****1258,2026-09-05T15:59:28.766079,UseCase - Airlines.xlsx
B1698,P1001,AI016,2026-02-02 11:37:36.952,CONFIRMED,f0d567941af209ed076469fa5d683100e045a6c9c53657d3b8383d27728257d9,31D,Wazir Sawhney,****9640,2026-09-05T15:59:28.766079,UseCase - Airlines.xlsx
B1699,P1870,AI209,2025-12-11 11:37:36.952,PENDING,cecc55d3ec697230da35ac861476e3084b3a6045b77b1a8992d81b9c42c88018,15D,Bhavani Sen,****5089,2026-09-05T15:59:28.766079,UseCase - Airlines.xlsx
B1700,P1100,SJ211,2026-01-04 11:37:36.952,PENDING,65e1cbc46369844c7ee2f37303b3a6869ecc7490b08650570a4a30885020afcb,14B,Vivaan Walla,****1891,2026-09-05T15:59:28.766079,UseCase - Airlines.xlsx
B1701,P1532,6F103,2025-10-16 11:37:36.952,CONFIRMED,778a78c05c94abc6c75831345b46be8b956ce152fefe25be3da0ef63c8403814,13F,William More,****1575,2026-09-05T15:59:28.766079,UseCase - Airlines.xlsx
B1702,P1057,UK182,2025-04-22 11:37:36.952,CONFIRMED,448e80cb3fd8af983a1e5ad218020663dc87cc19372a01db8365a5a6b155c719,31F,Upasna Hari,****2340,2026-09-05T15:59:28.766079,UseCase - Airlines.xlsx
B1703,P1388,6F264,2025-12-25 11:37:36.952,CANCELLED,238f552984c69ef516a03274e6c889155ffd85d0c968f09320c6c3aa79eb5c00,19B,Jhalak Sastry,****8483,2026-09-05T15:59:28.766079,UseCase - Airlines.xlsx
B1704,P1691,6F027,2025-07-23 11:37:36.952,PENDING,28a8f1ea96a0662d672bd3c696da56972a9f3feb46db05d9b8733be9656dfb85,29A,Triya Manda,****3747,2026-09-05T15:59:28.766079,UseCase - Airlines.xlsx
B1705,P1940,UK198,2026-01-31 11:37:36.952,CANCELLED,ec5ba277b2139e72caf29c5794985e028cb54c7e02beabc89f90503640e90915,3B,Lavanya Thakkar,****4029,2026-09-05T15:59:28.766079,UseCase - Airlines.xlsx
B1706,P1340,6F171,2025-09-07 11:37:36.952,CANCELLED,6b2d1b2113c249923c23547dc7afefaf5cbda758e7068725c430c1468fa68906,15C,Omya Edwin,****1687,2026-09-05T15:59:28.766079,UseCase - Airlines.xlsx
B1707,P1860,AI004,2025-07-05 11:37:36.952,CANCELLED,ca48569f7510d5079a623f176ac9b0c8694e874d3fe3daf225d2db99618cbe5b,1B,Ryan Devi,****9365,2026-09-05T15:59:28.766079,UseCase - Airlines.xlsx
B1708,P1019,6F157,2025-11-22 11:37:36.952,CONFIRMED,28265e9fff3a747905810827751d5a75efe5f62e34b47afaa28be163b348d21a,3C,Zashil Ben,****0743,2026-09-05T15:59:28.766079,UseCase - Airlines.xlsx
B1709,P1254,AI018,2025-10-03 11:37:36.952,CANCELLED,63b55a036f684a91a31d0e6eb1fbbf47825ec85699f5a92dc946f90df0fc1430,22B,Vasana Prabhu,****0661,2026-09-05T15:59:28.766079,UseCase - Airlines.xlsx
B1710,P1316,UK098,2025-08-05 11:37:36.952,CONFIRMED,a2b9033cfed071e538b59f3f82a2a968256719e2463328cd484fc6e78863c13d,21E,Harshil Varty,****0381,2026-09-05T15:59:28.766079,UseCase - Airlines.xlsx
B1711,P1037,6F167,2026-01-29 11:37:36.952,PENDING,fa143555327c86b01fb53e6c45e1858c42e9d627bc6151146945e4050cef337d,4C,Jeet Mane,****4431,2026-09-05T15:59:28.766079,UseCase - Airlines.xlsx
B1712,P1659,AI228,2025-09-06 11:37:36.952,CANCELLED,efc47f6e0d4875430a8ea7529056a7d9e33165eb32dfa66681b05ca33f195bc0,17C,Fiyaz Dyal,****9130,2026-09-05T15:59:28.766079,UseCase - Airlines.xlsx
B1713,P1536,SJ242,2025-08-31 11:37:36.952,CANCELLED,a493d09b9d53e4b175fa525ac85a2f947c1c8218f2956e5e9376d5c61dbfa3e7,17D,Anjali Sengupta,****1328,2026-09-05T15:59:28.766079,UseCase - Airlines.xlsx
B1714,P1385,6F227,2025-12-11 11:37:36.952,PENDING,7c0e390fcbe61c5e9577bdeb773711aa029f4451d7e0ea5a3237848587565b8d,34C,Yochana Din,****1002,2026-09-05T15:59:28.766079,UseCase - Airlines.xlsx
B1715,P1632,6F037,2025-08-27 11:37:36.952,CANCELLED,9547aa7e70298b9e857eac5213035cea4807fac76dab67d9d21fd9c5b1850ea3,20C,Rajeshri Chand,****9547,2026-09-05T15:59:28.766079,UseCase - Airlines.xlsx
B1716,P1927,6F107,2025-12-22 11:37:36.952,PENDING,a0aee1417b3c36e8babca6d9569f010bc76ae349194d79b9d520a026c9db0f1c,28A,Tristan Seshadri,****6925,2026-09-05T15:59:28.766079,UseCase - Airlines.xlsx
B1717,P1025,SJ125,2025-11-06 11:37:36.952,CANCELLED,40db31827ba69c6691ac474577792db2924510243ae55cc21ebdc944b789c143,14A,Ikshita Bala,****7746,2026-09-05T15:59:28.766079,UseCase - Airlines.xlsx
B1718,P1453,UK117,2025-06-17 11:37:36.952,CANCELLED,436237ae11aadadcc8c6c136b91c7bf4dbd3aca1973204d0667a12c5c78f4878,9B,Oeshi Bera,****7696,2026-09-05T15:59:28.766079,UseCase - Airlines.xlsx
B1719,P1680,6F192,2025-11-12 11:37:36.952,CANCELLED,0403274a854c90495b35b45ed2713838f4dc756b51a28ba56dfec2ee8be9d999,29E,Meghana Thakkar,****5025,2026-09-05T15:59:28.766079,UseCase - Airlines.xlsx
B1720,P1322,AI201,2025-11-27 11:37:36.952,CANCELLED,deee309e609cfd2a0a8f2464ca4b38386c4b1b48b36c23a5eae1b54769aff9de,27B,Kashvi Keer,****2378,2026-09-05T15:59:28.766079,UseCase - Airlines.xlsx
B1721,P1736,SJ126,2026-03-25 11:37:36.952,PENDING,621d3cf046eda8651132994e53b75795b028df74c896782b031089738c441c81,21A,Libni Bumb,****8415,2026-09-05T15:59:28.766079,UseCase - Airlines.xlsx
B1722,P1512,AI177,2026-02-10 11:37:36.952,PENDING,ab399f26f93999ceb543883c78d22219ce45bd3ab6d8eda3db2812629067c7b8,5E,Kavya Kapur,****4457,2026-09-05T15:59:28.766079,UseCase - Airlines.xlsx
B1723,P1818,AI092,2025-12-23 11:37:36.952,CANCELLED,568ba77d20124faa8a7915b34c7a8a6a53d093e91755460c53e8f2e32f9edd06,26B,Ayaan Nagar,****1969,2026-09-05T15:59:28.766079,UseCase - Airlines.xlsx
B1724,P1772,6F076,2025-10-10 11:37:36.952,CANCELLED,14abd42aea37be5924dc9a3d70fce4860e61aaa0a171597c0e549b90cd3da238,11D,Hardik Nayak,****4296,2026-09-05T15:59:28.766079,UseCase - Airlines.xlsx
B1725,P1012,AI185,2025-04-29 11:37:36.952,PENDING,1dc394ec4e5ce312428ebcb4790974885a0865c6cd9bc281ce6c1b66f95c643b,1E,Madhav Devan,****0747,2026-09-05T15:59:28.766079,UseCase - Airlines.xlsx
B1726,P1914,AI055,2025-05-14 11:37:36.952,CONFIRMED,9dccff1425fde8754961e39a5e2905a629d8e80ab75425ed4dcbed4a4b8e03d3,2B,Balvan Mangat,****0806,2026-09-05T15:59:28.766079,UseCase - Airlines.xlsx
B1727,P1907,6F222,2026-03-15 11:37:36.952,CONFIRMED,c17ef9d640b3a612685694b8a03d39936c14bc09fe1f63d8f6be6963e221078f,27D,Urmi Dewan,****1375,2026-09-05T15:59:28.766079,UseCase - Airlines.xlsx
B1728,P1559,AI090,2025-12-12 11:37:36.952,CONFIRMED,2c63961575d5f19025444e701e3124e27f6d419de2fc9ed04796de326868e2a5,1C,Upasna Sen,****8503,2026-09-05T15:59:28.766079,UseCase - Airlines.xlsx
B1729,P1920,AI183,2025-06-03 11:37:36.952,PENDING,2a62e425ef788d0bf303e1171b7941e250bacf5845418d8870248b0ca3791501,4F,Abdul Buch,****5835,2026-09-05T15:59:28.766079,UseCase - Airlines.xlsx
B1730,P1824,AI041,2025-04-29 11:37:36.952,PENDING,62d74181a0f3b1f0fe242db338c0bc97d6b4f692ba1c3e66b6a0291214f281fb,25F,Anirudh Kunda,****3732,2026-09-05T15:59:28.766079,UseCase - Airlines.xlsx
B1731,P1370,6F210,2025-07-12 11:37:36.952,CONFIRMED,7d85991b6e0166378e54d225498c53354fc737922de5d7f32f1b1f5a403026b4,25F,Tanveer Doctor,****6891,2026-09-05T15:59:28.766079,UseCase - Airlines.xlsx
B1732,P1290,AI170,2026-01-15 11:37:36.952,CONFIRMED,229aba8e47b68a29ac08c0322003be83cbcbcb4625ab219b2e4939217f82f796,3A,Pallavi Choudhry,****0707,2026-09-05T15:59:28.766079,UseCase - Airlines.xlsx
B1733,P1331,SJ008,2026-04-16 11:37:36.952,CANCELLED,d60682ef8a3ae1d6d1652916fd5a1de732c1f36a0f966059773c8500c445d5c4,2E,Bhavya Khanna,****8779,2026-09-05T15:59:28.766079,UseCase - Airlines.xlsx
B1734,P1605,AI049,2025-09-29 11:37:36.952,PENDING,a4ca03fb72681515a68f02e01269d80c93eb496f7017132913fe62bd9ea4b2d7,27E,Charvi Dara,****8705,2026-09-05T15:59:28.766079,UseCase - Airlines.xlsx
B1735,P1260,SJ132,2025-05-12 11:37:36.952,PENDING,1804564eca7ae2dfcfd7e8f7bb45b131b932f8323df4125b8a75841f5f5a1181,34E,Champak Khare,****7116,2026-09-05T15:59:28.766079,UseCase - Airlines.xlsx
B1736,P1993,SJ224,2026-01-26 11:37:36.952,CONFIRMED,286eb81467f00fa13c18e856293ffcb0ab79c9bb5a01eb5ad213ac3b6be44696,28E,Oni Shankar,****9849,2026-09-05T15:59:28.766079,UseCase - Airlines.xlsx
B1737,P1789,UK038,2025-06-11 11:37:36.952,CONFIRMED,a766ce097138901401c92de1b55ef435379d33518038089050ddf50e4519534d,1E,Dev Choudhry,****5244,2026-09-05T15:59:28.766079,UseCase - Airlines.xlsx
B1738,P1870,SJ220,2025-08-14 11:37:36.952,PENDING,5062102443c70495b5ea3df24372d29a8a1921c7ef0918f6aa9665b25a0ceda5,27B,Xalak Wason,****3803,2026-09-05T15:59:28.766079,UseCase - Airlines.xlsx
B1739,P1204,6F124,2025-06-29 11:37:36.952,CANCELLED,e337b0b7de821418d655e191b1a10187e8db98f617b8072520b7b761e1f92b05,34F,Amol Varma,****2522,2026-09-05T15:59:28.766079,UseCase - Airlines.xlsx
B1740,P1696,SJ164,2025-11-16 11:37:36.952,CONFIRMED,418e7a8e8be89dd3487eb0f0db94d57a5a17d20d63cad7c8a9528c024566355f,14D,Wyatt Dhawan,****7652,2026-09-05T15:59:28.766079,UseCase - Airlines.xlsx
B1741,P1686,AI026,2025-05-18 11:37:36.952,PENDING,b9c7dd7912666b943acc97ccf9836b0aef809869a6e849d95332014793d6b7f9,18E,Bishakha Sanghvi,****9579,2026-09-05T15:59:28.766079,UseCase - Airlines.xlsx
B1742,P1949,6F144,2025-09-14 11:37:36.952,PENDING,066f10077caa38deb8e7d51dd17f624411ead3815e4c9af0db177f83bf9e2927,16D,Aarav Pandit,****2145,2026-09-05T15:59:28.766079,UseCase - Airlines.xlsx
B1744,P1891,UK139,2025-09-05 11:37:36.952,CANCELLED,fd801dce6b0b07a90dd0975c255b72c55f87290a6da3a790300cead88802ecbf,10A,Rachit Chada,****1410,2026-09-05T15:59:28.766079,UseCase - Airlines.xlsx
B1745,P1820,UK139,2025-05-20 11:37:36.952,CONFIRMED,687048c14a9a8d98f1a85a81cb0ce005af4cffc096509103a77feff34450e095,27B,Jalsa Bir,****1103,2026-09-05T15:59:28.766079,UseCase - Airlines.xlsx
B1746,P1467,SJ140,2025-08-31 11:37:36.952,CONFIRMED,3127f284842cf5cb0789bae92be082a8702469b00940be4a0bdbdab8e40ffbcb,34D,Yashica Tripathi,****8793,2026-09-05T15:59:28.766079,UseCase - Airlines.xlsx
B1747,P1414,6F131,2025-04-20 11:37:36.952,CONFIRMED,1a781a89e36abd64f3a56e73f8643f345d297e5e7e8557b2887156c788f50a36,9F,Anmol Ramakrishnan,****2405,2026-09-05T15:59:28.766079,UseCase - Airlines.xlsx
B1748,P1068,UK128,2025-11-15 11:37:36.952,PENDING,64d55121052705eea04227b367110561c5d579e708ac37a8ea41a0f43cf4ad25,9A,Upma Bassi,****9749,2026-09-05T15:59:28.766079,UseCase - Airlines.xlsx
B1749,P1471,SJ219,2026-02-19 11:37:36.952,CONFIRMED,0cfb80a3c0ef9ae4da000a8ecb4fc2b02eee94da4201ae492887e795e0c2bc27,23D,Lila Prakash,****6991,2026-09-05T15:59:28.766079,UseCase - Airlines.xlsx
B1750,P1103,SJ159,2025-09-21 11:37:36.952,PENDING,083c7ad8ee107d9808c1772637703ed03d52675ad81d2b41cbd46cfba54b2809,33D,Zehaan Babu,****2935,2026-09-05T15:59:28.766079,UseCase - Airlines.xlsx
B1751,P1757,UK192,2025-09-19 11:37:36.952,CONFIRMED,ea38a080e71076fba94eed68d1882e6fd71005a610e421c6a5b78407be84f995,17E,Ishanvi Bir,****8441,2026-09-05T15:59:28.766079,UseCase - Airlines.xlsx
B1752,P1160,AI014,2025-08-13 11:37:36.952,CANCELLED,cb0d89eb3ea58cb91146ee8052f45a7fe0ad6d3db5467e27a9d394c780fbb7ce,34F,Hemani Khosla,****6711,2026-09-05T15:59:28.766079,UseCase - Airlines.xlsx
B1753,P1199,SJ152,2025-08-08 11:37:36.952,CANCELLED,57c7287ec752f50e973f11ed869acf36edb4716f811c42c9fac91150c85cd0f4,5C,Hemang Natarajan,****3127,2026-09-05T15:59:28.766079,UseCase - Airlines.xlsx
B1754,P1215,SJ060,2026-02-11 11:37:36.952,PENDING,c457b729a60b5bd0660e3464dbf0613134b078e739a9fc66c1718fa404f873df,3C,Kiaan Basu,****2758,2026-09-05T15:59:28.766079,UseCase - Airlines.xlsx
B1755,P1945,AI127,2026-02-17 11:37:36.952,CANCELLED,d9281b4addffec4d0a79cd5677d2967e710f81fb6c5a3f8abf5ff5f3d5416519,10F,Indira Nigam,****8329,2026-09-05T15:59:28.766079,UseCase - Airlines.xlsx
B1756,P1211,SJ096,2026-01-27 11:37:36.952,PENDING,7270e53e6e1099f38fe0853bbe5c409c116913047127c2d588f40e5e72007f68,11F,Parth Shetty,****1838,2026-09-05T15:59:28.766079,UseCase - Airlines.xlsx
B1757,P1507,AI215,2025-04-24 11:37:36.952,PENDING,951783aef93037db5f1bd019480e7eb982ffee531274bd88d835706eea9a6b9f,22B,Varenya Gopal,****7329,2026-09-05T15:59:28.766079,UseCase - Airlines.xlsx
B1758,P1015,UK009,2026-02-28 11:37:36.952,CANCELLED,da3cc671cfd39e8a9edcef4124d1c8d745e29d19c9b8f8d350038a2ca174cb24,26B,Krishna Bhatnagar,****6016,2026-09-05T15:59:28.766079,UseCase - Airlines.xlsx
B1759,P1497,AI171,2025-10-26 11:37:36.952,PENDING,a610bf56c1a436f6406856ae640d151b444d6230159cca584c46c202d5275f7a,16F,Tanvi Bansal,****8264,2026-09-05T15:59:28.766079,UseCase - Airlines.xlsx
B1760,P1883,UK151,2026-01-14 11:37:36.952,CANCELLED,f95268e21cabf4904ab450e7e022c716e5ccda5b5560261842adc704b1d6ea80,31B,Chaaya Jaggi,****3665,2026-09-05T15:59:28.766079,UseCase - Airlines.xlsx
B1761,P1331,AI099,2025-05-22 11:37:36.952,CONFIRMED,bb977b2f4251ccba9fd1c29d02b619ccbabb38395b830712865aaaa5dedec800,15A,Caleb Iyengar,****7364,2026-09-05T15:59:28.766079,UseCase - Airlines.xlsx
B1762,P1716,UK050,2025-06-04 11:37:36.952,CONFIRMED,0dddf52e82351b07a8bd47ae931166a69f97fc9b7ae0880708d169898fdee7d2,32B,Benjamin Mutti,****7986,2026-09-05T15:59:28.766079,UseCase - Airlines.xlsx
B1763,P1876,UK092,2025-10-06 11:37:36.952,CANCELLED,1057e76832fa8edb3205486a5e322787dded5eae85a6c11fd9ffe36c1fde4d7f,3B,Dayita Varma,****6964,2026-09-05T15:59:28.766079,UseCase - Airlines.xlsx
B1764,P1550,SJ058,2025-06-20 11:37:36.952,CANCELLED,7b1dc121358b8506a6463d12cd32ffc5395fedb0b4ec9c2c2670f13429d7ecb2,13B,Mitali Solanki,****7667,2026-09-05T15:59:28.766079,UseCase - Airlines.xlsx
B1765,P1600,SJ090,2025-12-21 11:37:36.952,CANCELLED,bc699cdb65e77f343e6d979dc3f9030fc15fc963b7c9398449f350ccfc0872ac,1C,Zehaan Bansal,****3223,2026-09-05T15:59:28.766079,UseCase - Airlines.xlsx
B1766,P1941,6F173,2025-09-07 11:37:36.952,CANCELLED,b94872c224622b0ce5080503d9d1cd35ba605be3fe9fc6bdc7d676a34200c026,1F,Rayaan Mangal,****3967,2026-09-05T15:59:28.766079,UseCase - Airlines.xlsx
B1767,P1255,AI186,2025-11-19 11:37:36.952,CONFIRMED,93d1331aff7bfd2d7b8fff1e3227f5bbf7a9c3472e7dfda6ba9fa564f33c466e,6D,Ishanvi Batta,****8557,2026-09-05T15:59:28.766079,UseCase - Airlines.xlsx
B1768,P1991,AI130,2026-03-23 11:37:36.952,PENDING,bd0ae61fb994748f8981e22e0864197bcf658156fae0a1afe7eff40a6be5e512,13C,Garima Mahajan,****3715,2026-09-05T15:59:28.766079,UseCase - Airlines.xlsx
B1770,P1727,6F203,2025-08-04 11:37:36.952,CONFIRMED,214d210c97b4b26a82ef4c347962d091595a029263489da1af595e48694d511b,8D,Rajeshri Ratta,****4847,2026-09-05T15:59:28.766079,UseCase - Airlines.xlsx
B1771,P1879,6F138,2025-05-24 11:37:36.952,PENDING,e32408bdbc25cb92de72bd47ac64e79d7da49caad4707750cb7b1b887207623f,1F,Ria Raju,****1929,2026-09-05T15:59:28.766079,UseCase - Airlines.xlsx
B1772,P1814,6F109,2025-08-29 11:37:36.952,PENDING,5855b49d3fa8689fc958a594f6848ef6f8f3acaee173f7120117654f93900af9,10B,Harinakshi Grover,****0379,2026-09-05T15:59:28.766079,UseCase - Airlines.xlsx
B1773,P1171,AI074,2026-01-01 11:37:36.952,PENDING,f95c87cfa5819590cb47e2239e7fe05384d9cc30bee29d7e572913ef05b77417,16E,Watika Tank,****2633,2026-09-05T15:59:28.766079,UseCase - Airlines.xlsx
B1774,P1648,UK161,2026-01-07 11:37:36.952,CANCELLED,b69a687b1873cd903818aeb62f714ea600f0ba2e9f260ba218f6998d198052d1,1B,Jhalak Venkataraman,****8399,2026-09-05T15:59:28.766079,UseCase - Airlines.xlsx
B1775,P1999,AI008,2025-06-19 11:37:36.952,CANCELLED,60b57faf4fc883ab158282ce4c652b2aba0e8e396b21695cdf3553c23a4d0338,14B,Amara Butala,****5751,2026-09-05T15:59:28.766079,UseCase - Airlines.xlsx
B1776,P1497,UK121,2025-12-27 11:37:36.952,CANCELLED,69033b999023067ed715d78dd76665001d2c858fcd955b670d56f5ae490c22b5,17A,Panini Brar,****4805,2026-09-05T15:59:28.766079,UseCase - Airlines.xlsx
B1777,P1470,6F154,2025-04-26 11:37:36.952,CONFIRMED,0bb25a612cf987a76101212c1d45f5e444951ffe58905a4091aa1aa7ab6bfb5f,11A,Qushi Gole,****2332,2026-09-05T15:59:28.766079,UseCase - Airlines.xlsx
B1778,P1383,6F161,2025-08-01 11:37:36.952,CONFIRMED,a933d60d9bdbe9c03f7374e6b3988fedd4726c1a5f82ecb66a4ca59d02f811c8,10D,Chaaya Nagi,****3333,2026-09-05T15:59:28.766079,UseCase - Airlines.xlsx
B1779,P1689,6F153,2026-02-01 11:37:36.952,PENDING,b5efe065917d66b8641f2980257325b859f9bfdd8b3ebe214a4f4cb3f611a9e7,22B,Harshil Buch,****8308,2026-09-05T15:59:28.766079,UseCase - Airlines.xlsx
B1780,P1588,6F225,2026-02-10 11:37:36.952,PENDING,1e0494cc0f478fece310f0c9a04c4046576842db063e56526610f71c6ceebbe1,11B,Falak Merchant,****0421,2026-09-05T15:59:28.766079,UseCase - Airlines.xlsx
B1781,P1699,AI191,2026-02-09 11:37:36.952,PENDING,36e8c8067645e94b683bf26d3869c97d310f0cb7cbd50fc31eab95c6cf8c528f,18C,Damini Sehgal,****6256,2026-09-05T15:59:28.766079,UseCase - Airlines.xlsx
B1782,P1506,AI218,2025-08-18 11:37:36.952,CONFIRMED,7b5566e1bf897dadaf93594a0b86ad8c5787e64433947ce9f7d2296fe6d0c24f,25F,Pooja Ganesan,****4515,2026-09-05T15:59:28.766079,UseCase - Airlines.xlsx
B1783,P1991,6F267,2025-09-28 11:37:36.952,PENDING,8b07c6c20b2383a73c187de79250ad8d663ca6deaa62bca12103f00046626c89,25D,Sachi Panchal,****0935,2026-09-05T15:59:28.766079,UseCase - Airlines.xlsx
B1784,P1526,UK125,2025-08-20 11:37:36.952,CANCELLED,3886a1faa09b685180a1f650d9bd8bcbe33221089b8cbbda1ce4fb01c4a0ae19,1B,Sanya Basak,****5181,2026-09-05T15:59:28.766079,UseCase - Airlines.xlsx
B1785,P1803,6F208,2025-08-19 11:37:36.952,PENDING,c78fd77799b368fee0424822dcda842cf68d278bc15c4a2fc99f66f8b08dd98a,1B,Ira Saran,****6443,2026-09-05T15:59:28.766079,UseCase - Airlines.xlsx
B1786,P1830,6F119,2026-02-12 11:37:36.952,CANCELLED,1fc08c52c32651a5753af897c83065e4e1768f3cb43b2c0a521b10bb2c49cce6,26B,Anvi Bhandari,****4345,2026-09-05T15:59:28.766079,UseCase - Airlines.xlsx
B1787,P1324,AI063,2025-07-11 11:37:36.952,CONFIRMED,3ea97cb742b62d1a00c376fc6ad1a8b9c04130db401878420481abffdd202246,1E,Falan Ravi,****6387,2026-09-05T15:59:28.766079,UseCase - Airlines.xlsx
B1788,P1213,UK016,2025-06-05 11:37:36.952,CANCELLED,5393a4a8aec23638a4349c3e888ef2a80425e532005ce2fd5f8dab705396e0d7,2B,Januja Varghese,****9612,2026-09-05T15:59:28.766079,UseCase - Airlines.xlsx
B1789,P1207,6F048,2026-01-13 11:37:36.952,CANCELLED,29118d6e6864630097d1ab77ff7e57b8c4d4436a7fdca4a69f2b1b927d534fc2,30F,Nathaniel Balasubramanian,****9133,2026-09-05T15:59:28.766079,UseCase - Airlines.xlsx
B1790,P1168,6F266,2025-04-23 11:37:36.952,CANCELLED,09696b649598115db9697a17c925dc8a9ee1e8c1ee30028c010703e330d85b71,28A,Luke Sarma,****5551,2026-09-05T15:59:28.766079,UseCase - Airlines.xlsx
B1791,P1329,AI167,2026-02-24 11:37:36.952,CONFIRMED,377ee23c58948a5dc420433e61d4af59dfe3a0fa3d8e141b426612934e80745b,3C,Bakhshi Date,****4040,2026-09-05T15:59:28.766079,UseCase - Airlines.xlsx
B1792,P1279,6F165,2026-01-17 11:37:36.952,CONFIRMED,2921dbc35c449f8fc04f91f7514cce6ee81dec4d6ea84fb1ee5d9f8e065d0f29,8E,Ekalinga Keer,****4900,2026-09-05T15:59:28.766079,UseCase - Airlines.xlsx
B1793,P1977,SJ104,2025-11-25 11:37:36.952,CONFIRMED,a7dfd0570e55a09376713a56beb8c17ce8743f5c81bc54ca8eae3f40b6d701ab,14C,Jeevika Pathak,****6899,2026-09-05T15:59:28.766079,UseCase - Airlines.xlsx
B1794,P1304,UK160,2025-06-26 11:37:36.952,CONFIRMED,c779190e99477ab32b28f6daa0151e0eab1034ca0e5acd3f9e4ffc8b3259756e,8D,Leela Bali,****2055,2026-09-05T15:59:28.766079,UseCase - Airlines.xlsx
B1795,P1145,UK160,2026-03-21 11:37:36.952,PENDING,b3312b0b6152eceb5135cd803214643e78f361ce1c8cefe7e46a45e57cf1d442,9C,Mitesh Sengupta,****1256,2026-09-05T15:59:28.766079,UseCase - Airlines.xlsx
B1796,P1774,SJ230,2025-11-28 11:37:36.952,CONFIRMED,912c45fda4856be49228fe91f4a1277214e15732ab0c8280464a9b9b14716d3d,9B,Kamala Prabhu,****4004,2026-09-05T15:59:28.766079,UseCase - Airlines.xlsx
B1797,P1515,AI042,2025-06-03 11:37:36.952,CANCELLED,eea73527e427e74aa79e60b8884456a3a517f9d59ce7b7b8d774cae0e0b4198e,1A,Sachi Bose,****9536,2026-09-05T15:59:28.766079,UseCase - Airlines.xlsx
B1798,P1089,UK197,2025-05-16 11:37:36.952,CONFIRMED,9c71f9d3a6e780e79d360d616348fe272d3e537e49bab8068cf40013d6ab04d3,23E,Laksh Wagle,****7952,2026-09-05T15:59:28.766079,UseCase - Airlines.xlsx
B1799,P1452,AI107,2026-02-05 11:37:36.952,PENDING,6bf15e3f33b925a335606a3f9cc3a8ca22a6a97aee7599432dd968133d716345,16E,Jeevika Rao,****3044,2026-09-05T15:59:28.766079,UseCase - Airlines.xlsx
B1800,P1059,SJ128,2025-08-22 11:37:36.952,PENDING,eef52c1399aedc9a0c59664725cae3b046b594615a0160dcd904b485b78e0246,7F,Dipta Mallick,****2677,2026-09-05T15:59:28.766079,UseCase - Airlines.xlsx
B1801,P1310,6F121,2026-04-14 11:37:36.952,PENDING,2137a0d6eb13d49ad96fd4d2057c59000a1a3b5e24e1f688c05f746feab81733,34F,Zaid Comar,****4800,2026-09-05T15:59:28.766079,UseCase - Airlines.xlsx
B1803,P1226,SJ137,2026-02-21 11:37:36.952,CONFIRMED,3c71fb9d6c85ef2d0b970be13d1e8c3d49d7cdbb3c5a482bda256bec2c96ed52,24F,Xalak Vasa,****2358,2026-09-05T15:59:28.766079,UseCase - Airlines.xlsx
B1804,P1473,AI232,2025-11-12 11:37:36.952,CONFIRMED,516fa95af3ca4c7b4bab79741cbf204d847ccf30c100dc5a5ac9f2d781da663e,1F,Lila Dalal,****7409,2026-09-05T15:59:28.766079,UseCase - Airlines.xlsx
B1805,P1977,SJ113,2025-10-26 11:37:36.952,CONFIRMED,56d5c7476d10e16412dd57f2a6e0c1be1067f48d4b502f9a6ba39e110fa30d92,14B,Adweta Lad,****0072,2026-09-05T15:59:28.766079,UseCase - Airlines.xlsx
B1806,P1540,AI117,2025-08-02 11:37:36.952,CANCELLED,b6e51833d26c78a53bb09873a7edda69d8a2039f6507341a66251cceb8507474,17A,Sanaya Kala,****5917,2026-09-05T15:59:28.766079,UseCase - Airlines.xlsx
B1807,P1662,6F185,2025-06-28 11:37:36.952,CANCELLED,e37166d7121c8d90f38e15c5d648e97f2423389910b4e31391a53eeaaad549a2,12C,Bhavika Swaminathan,****0544,2026-09-05T15:59:28.766079,UseCase - Airlines.xlsx
B1808,P1756,AI194,2026-01-26 11:37:36.952,PENDING,24f75f7198e41855863afbee5d7465be7050a2bcec2413b7b425d5bfd08c7355,3B,Ryan Das,****8184,2026-09-05T15:59:28.766079,UseCase - Airlines.xlsx
B1809,P1781,UK045,2026-04-09 11:37:36.952,PENDING,4568afa34a4cb48fdc7ec77f9022dbc77e8db95c1ab3c337e0d302ee780a24b7,13B,Krishna Borah,****6068,2026-09-05T15:59:28.766079,UseCase - Airlines.xlsx
B1810,P1078,6F228,2026-03-20 11:37:36.952,CONFIRMED,703372582d619254cec03f93a7f2c0ccbd7c2504a9714dec129d45a21765482b,34B,Siya Gera,****6421,2026-09-05T15:59:28.766079,UseCase - Airlines.xlsx
B1811,P1432,SJ190,2026-04-04 11:37:36.952,CANCELLED,d65fda1865faf86bea04d8907bf8bd48610c6d74daf9aa08322341c35138eb23,25A,Sai Chahal,****0858,2026-09-05T15:59:28.766079,UseCase - Airlines.xlsx
B1812,P1800,AI156,2026-01-06 11:37:36.952,CANCELLED,eb85d00ee61f47fb3564718e09ca5c549282c6b366ebc3c3b4d9103eaf0f5431,8A,Ekaja Palan,****5943,2026-09-05T15:59:28.766079,UseCase - Airlines.xlsx
B1814,P1788,UK033,2025-06-22 11:37:36.952,CONFIRMED,65e8422d839596f942c9cf2923fb31cee842641790c8d4e3ea3710d5d7571349,26C,Charita Dugar,****2354,2026-09-05T15:59:28.766079,UseCase - Airlines.xlsx
B1815,P1400,UK137,2025-05-01 11:37:36.952,PENDING,2484c5616cc9fb06c16949a02384f853845691b6b9ac16c887c8f541caeb4eac,3C,Owen Pathak,****2431,2026-09-05T15:59:28.766079,UseCase - Airlines.xlsx
B1816,P1278,UK214,2025-06-21 11:37:36.952,PENDING,cce67ae025959daaa0c33441e12d74ab330c519a30fcca05bce886d7ea18481c,20F,Yashoda Kapur,****0724,2026-09-05T15:59:28.766079,UseCase - Airlines.xlsx
B1817,P1056,6F033,2025-06-07 11:37:36.952,PENDING,ed6179e2a5466ef6f12a6b58e42f42ce65cb0ee40f629a71866e3e4a7a7980f0,28D,Jairaj Iyer,****5836,2026-09-05T15:59:28.766079,UseCase - Airlines.xlsx
B1818,P1976,AI114,2025-11-07 11:37:36.952,CONFIRMED,e77286a7fc8c0918f3b11f1bcae191b56ddb149fc16ce1ca86cce608f8b6b052,26B,Liam Khalsa,****6645,2026-09-05T15:59:28.766079,UseCase - Airlines.xlsx
B1819,P1185,AI017,2026-01-19 11:37:36.952,CONFIRMED,89253e839728ffee2e752cee367b1737c78c3c351d747362ebe526f49c2bc456,21E,Wakeeta Bal,****3150,2026-09-05T15:59:28.766079,UseCase - Airlines.xlsx
B1820,P1397,6F244,2025-12-01 11:37:36.952,PENDING,c02bc93ead6158f637fcbcc9d2144ce70812bb1ca39829eae4a6173900020523,18E,Jalsa Pillay,****9804,2026-09-05T15:59:28.766079,UseCase - Airlines.xlsx
B1821,P1604,6F160,2025-11-27 11:37:36.952,PENDING,09b389447f89b57019429810e1e088ce198adccd799bb24afb7965b182d774e8,1C,Unni Dayal,****1814,2026-09-05T15:59:28.766079,UseCase - Airlines.xlsx
B1822,P1787,6F088,2026-01-05 11:37:36.952,CANCELLED,c6659e6f9a3ce2ac3115dc3fb14ff4a84a6a4cc2b655de3284209fddf9ac3721,17D,Gabriel Bhatti,****4944,2026-09-05T15:59:28.766079,UseCase - Airlines.xlsx
B1823,P1157,6F155,2025-11-26 11:37:36.952,CANCELLED,784d546f628723ab8cede91b1f5b4eba2c57f3c353f83f691a7c6607fd17cd6e,19E,Dayamai Rao,****9978,2026-09-05T15:59:28.766079,UseCase - Airlines.xlsx
B1824,P1786,AI095,2026-04-15 11:37:36.952,PENDING,e97d0383fe86aa5a71c3fd254e9a3288f576fc0bee8368e4eaec167a8161fd93,9B,Varenya Vora,****9591,2026-09-05T15:59:28.766079,UseCase - Airlines.xlsx
B1825,P1692,6F139,2025-05-17 11:37:36.952,PENDING,0740083a652c7a97a06c3ab11e0fe7040bc071c8344bc8b42c4c90d6fc6d18a9,5E,Nirja Rout,****3447,2026-09-05T15:59:28.766079,UseCase - Airlines.xlsx
B1826,P1358,6F101,2025-07-11 11:37:36.952,CANCELLED,4c069f6064232614bfdb5f56f69f4aa8fa6d3f963a922ba58730372999c23134,19A,Ethan Dass,****1324,2026-09-05T15:59:28.766079,UseCase - Airlines.xlsx
B1827,P1439,AI054,2025-06-23 11:37:36.952,PENDING,c47053969b849f627f55640a32d82cc9f0693392291375fdb07ce53158502ef4,20D,Edhitha Borah,****8662,2026-09-05T15:59:28.766079,UseCase - Airlines.xlsx
B1828,P1588,SJ094,2025-05-18 11:37:36.952,CANCELLED,05e9db9f9ff03e2a2a9ec835c7a51d0b9595d2b8852881398433552022e8bfbf,25B,Shivani Shukla,****0685,2026-09-05T15:59:28.766079,UseCase - Airlines.xlsx
B1829,P1465,6F217,2026-01-15 11:37:36.952,CANCELLED,c5d2ffbfa44190105efb7952e53df0bfa89db4ebe2d88838dbd6eb2a0bd96b00,4E,Zansi Padmanabhan,****4517,2026-09-05T15:59:28.766079,UseCase - Airlines.xlsx
B1830,P1662,6F100,2026-04-15 11:37:36.952,CANCELLED,f0c2ba88726e4eb0106ed1769552ea0178774ea9d26ee5b000f02f9f36b94c21,23C,Kabir Gopal,****1529,2026-09-05T15:59:28.766079,UseCase - Airlines.xlsx
B1831,P1445,6F081,2026-02-05 11:37:36.952,CONFIRMED,344f7c8a5ee6580c479b9e69db5ad6b0ce3fcfc7656b04fc5d07ca44c18c6d44,21C,Kai Sant,****6991,2026-09-05T15:59:28.766079,UseCase - Airlines.xlsx
B1832,P1749,SJ156,2025-06-17 11:37:36.952,CONFIRMED,67e813b76bf33d2cd58239f3abf0784efd7a07801aa0652df8f4ff7f35b0b3b2,4D,Yadavi Bhakta,****2142,2026-09-05T15:59:28.766079,UseCase - Airlines.xlsx
B1833,P1800,6F060,2025-06-07 11:37:36.952,PENDING,1c6fae528078b8d04499bd24209a1a204af3c9dcf7e0dfb44a2201db281dd9c3,27D,Jeet Vasa,****4267,2026-09-05T15:59:28.766079,UseCase - Airlines.xlsx
B1834,P1742,UK129,2025-08-14 11:37:36.952,CANCELLED,7c0ccb54f288e13cfa4534f3269ca13348ead6fba5f00837ce8c928fa7616a9c,33E,Michael Modi,****1511,2026-09-05T15:59:28.766079,UseCase - Airlines.xlsx
B1835,P1487,UK032,2026-02-07 11:37:36.952,CONFIRMED,c8af127b0eb2192ae8f3a73131db1c8db99a468f23d9cf41852cd0562fe61007,2E,Nitesh Edwin,****2240,2026-09-05T15:59:28.766079,UseCase - Airlines.xlsx
B1836,P1529,AI166,2025-09-23 11:37:36.952,PENDING,82f32974bca2d4fed02d75f755a21d9b0ad46b742ede29223d7e4a085083de89,13A,Ekantika Kar,****3090,2026-09-05T15:59:28.766079,UseCase - Airlines.xlsx
B1837,P1072,SJ056,2025-10-31 11:37:36.952,PENDING,0962aea689fc9ad53d09c7ba2738d67eda7b38187e82e123922240d0437dc85f,22F,Hiral Venkataraman,****9029,2026-09-05T15:59:28.766079,UseCase - Airlines.xlsx
B1838,P1928,SJ101,2025-06-12 11:37:36.952,PENDING,377808e9942f148dec5b307b1dbce7e5e6e27c5fc3a5f6272965dcf7383b384c,18F,Bhanumati Brar,****8297,2026-09-05T15:59:28.766079,UseCase - Airlines.xlsx
B1839,P1927,SJ065,2025-05-09 11:37:36.952,PENDING,5c66d8c55ac02fd8ec93332a65fd949da3d29e2daa61a6b993feac65106cc95e,9C,Zashil Hegde,****8494,2026-09-05T15:59:28.766079,UseCase - Airlines.xlsx
B1840,P1700,SJ100,2025-04-19 11:37:36.952,PENDING,6758aefbb2a1b57b92147501d34141cb9f6f64773dddad4fd7c753c7f29fb6cf,34A,Anvi Dass,****6349,2026-09-05T15:59:28.766079,UseCase - Airlines.xlsx
B1841,P1949,UK011,2025-10-24 11:37:36.952,CANCELLED,505d5425c20f90d91f883a3622ae450e687a71ad48de2f163e5a90f8d65d2456,1E,Chavvi Walla,****8358,2026-09-05T15:59:28.766079,UseCase - Airlines.xlsx
B1842,P1016,6F062,2026-02-17 11:37:36.952,PENDING,0b5e9c32c5343b69bccd337b1204a3b59d52f1dc621b25bb56003d37e1d816e2,3B,Girik Thakkar,****0123,2026-09-05T15:59:28.766079,UseCase - Airlines.xlsx
B1843,P1530,SJ176,2025-08-15 11:37:36.952,CANCELLED,3cebec895481e8b32f60008adb5dc4d794e0d6b6ee967d0684988eb4a2dd6c5b,23E,Om Dube,****4938,2026-09-05T15:59:28.766079,UseCase - Airlines.xlsx
B1844,P1730,6F120,2025-11-26 11:37:36.952,CONFIRMED,a5d7e81e999cd29c3d51e0c563741d6c9d9370ef32d33762c2fa97e5e3b78c7e,3B,Onveer Nazareth,****6465,2026-09-05T15:59:28.766079,UseCase - Airlines.xlsx
B1845,P1325,AI121,2026-03-05 11:37:36.952,PENDING,40f7815268ab7d7fda89afa9a9ef5bb077e49dc4886580a90b708fd4b2da4f44,24A,Benjamin Balakrishnan,****1803,2026-09-05T15:59:28.766079,UseCase - Airlines.xlsx
B1846,P1994,UK072,2025-08-30 11:37:36.952,CONFIRMED,27c8d3755ffe5fd70acd7ea613de660ceda3ab1e5c337a5f8f8c6bcca4cac6eb,34F,Finn Bath,****8958,2026-09-05T15:59:28.766079,UseCase - Airlines.xlsx
B1847,P1631,AI006,2026-04-06 11:37:36.952,CANCELLED,fca14ef5201992db163bc7e53ce027457a75f9ea59e5f456c7f86a0001305afb,11B,Alka Kade,****7140,2026-09-05T15:59:28.766079,UseCase - Airlines.xlsx
B1848,P1612,SJ231,2025-05-19 11:37:36.952,CANCELLED,38b3d62ea2d2db3341bf3c055050d0ea58d521bd6e3a0e3c17a89d03cfb48e6f,30D,Omaja Balasubramanian,****7655,2026-09-05T15:59:28.766079,UseCase - Airlines.xlsx
B1850,P1595,6F110,2025-04-21 11:37:36.952,PENDING,86678ea921584c027e48545b56c11aa5ecd5fea456e618cddcd30c2708bd4d9d,33B,Chasmum Subramanian,****9822,2026-09-05T15:59:28.766079,UseCase - Airlines.xlsx
B1851,P1920,6F231,2025-11-26 11:37:36.952,PENDING,8b82eab6b4545a9a6f3ce201ef0e5dde52a08e208fd5e10f400db5f7b65a54aa,2D,Yash Ravi,****7673,2026-09-05T15:59:28.766079,UseCase - Airlines.xlsx
B1852,P1707,6F095,2025-08-09 11:37:36.952,CONFIRMED,6ad9b8fd28ffccf49264adcda3ecb143ce25f7b48adabc0ed75c102a092edb82,33E,Chameli Setty,****6582,2026-09-05T15:59:28.766079,UseCase - Airlines.xlsx
B1853,P1841,UK054,2025-05-05 11:37:36.952,CONFIRMED,ed731eeabf504aa10d6d7d327a6d5be609de648cb002985abaa9040ddcc9bff3,18F,Elijah Bhasin,****0990,2026-09-05T15:59:28.766079,UseCase - Airlines.xlsx
B1854,P1201,SJ123,2025-08-10 11:37:36.952,CONFIRMED,7f617c35090f09028d7fd7015b67c7d4a4709ec89b1cdd84daa18c87d0deabf4,29D,Nakul Sarraf,****2192,2026-09-05T15:59:28.766079,UseCase - Airlines.xlsx
B1855,P1343,6F006,2026-01-04 11:37:36.952,PENDING,2b7ce9c324d52a6c5fc08bb0cfcac7f9816668ec37ddf7a7ef0883d8b7f8f6ea,3D,Ojasvi Sule,****4333,2026-09-05T15:59:28.766079,UseCase - Airlines.xlsx
B1856,P1852,UK226,2025-05-04 11:37:36.952,PENDING,73ed2bc7916b9ce95651b90bf6e6fe2b653aeeee536b7c03c50e52bf4991f4ed,4E,Ucchal Jani,****8415,2026-09-05T15:59:28.766079,UseCase - Airlines.xlsx
B1857,P1522,AI065,2026-03-07 11:37:36.952,PENDING,1b269821155b17291f92bdd734f545935af8af2f82b4c42c875efd668db9cc8d,17E,Harini Dhawan,****4646,2026-09-05T15:59:28.766079,UseCase - Airlines.xlsx
B1858,P1858,6F008,2025-11-25 11:37:36.952,PENDING,b05d5077011bcebecc862f56e36eb5d0e0856eb5548584b618df051c19a90347,10B,Dhriti Nagar,****6025,2026-09-05T15:59:28.766079,UseCase - Airlines.xlsx
B1859,P1399,AI195,2025-11-11 11:37:36.952,PENDING,73f723ba52ae0d3def30fa7a8c53b1e062c7295e54563625df4ea63cd5a39121,7B,Hemani Rastogi,****3071,2026-09-05T15:59:28.766079,UseCase - Airlines.xlsx
B1860,P1217,UK043,2025-08-01 11:37:36.952,PENDING,af827a01b509e6ae6a924b8c8248cd3985d8d4d012c66a515cb38f31148661ca,3A,Kalpit Prabhakar,****0640,2026-09-05T15:59:28.766079,UseCase - Airlines.xlsx
B1861,P1444,AI125,2025-10-15 11:37:36.952,CONFIRMED,cadf4859991b0f08442c71f2f384c565ba41d42f47e6a2099121b491b131f9bd,25E,Yutika Cherian,****4769,2026-09-05T15:59:28.766079,UseCase - Airlines.xlsx
B1862,P1764,AI089,2025-10-05 11:37:36.952,PENDING,0ba639f080c17c05c618e5dff5b7ec481deb94860b1c5d9bcd4fd319fb6edaa6,21A,Eiravati Khurana,****4480,2026-09-05T15:59:28.766079,UseCase - Airlines.xlsx
B1863,P1221,UK019,2026-02-12 11:37:36.952,CONFIRMED,2c8b1e3f7745d80a59e09e896ec39f63a1452f2e803e1b07b82ea68ccd3f5f69,22C,Unnati Das,****8235,2026-09-05T15:59:28.766079,UseCase - Airlines.xlsx
B1864,P1382,UK078,2025-09-27 11:37:36.952,CANCELLED,9a98890c43ab6d738ba30badad60d43096ad8b32afeb38e1ee6902b5352d6937,22C,Amara Sengupta,****9220,2026-09-05T15:59:28.766079,UseCase - Airlines.xlsx
B1865,P1880,SJ009,2025-07-28 11:37:36.952,CANCELLED,a20234a1879c3ba2a996acbfbe358ab884213bb023dcf78a63076012dc87e306,15E,Yug Dhaliwal,****2016,2026-09-05T15:59:28.766079,UseCase - Airlines.xlsx
B1866,P1591,UK178,2026-01-28 11:37:36.952,CONFIRMED,ee7a801ac64c206dabd8579ff009fe2a9e990d3c698b16569372474fe2984461,7A,Gunbir Bedi,****2871,2026-09-05T15:59:28.766079,UseCase - Airlines.xlsx
B1867,P1006,UK018,2025-11-23 11:37:36.952,CONFIRMED,e1185cbe1d9a066e6c2e0b935e9ceed0f6bd08569ce6001414a074215e8ededf,13D,Bina Rajagopalan,****4928,2026-09-05T15:59:28.766079,UseCase - Airlines.xlsx
B1868,P1271,SJ059,2026-04-10 11:37:36.952,CANCELLED,5c8f3466e8ea9194db8744fbccacfa8711c17d627bcd9723497fc7864ae74401,29E,Omya Kothari,****9805,2026-09-05T15:59:28.766079,UseCase - Airlines.xlsx
B1869,P1738,UK108,2026-02-04 11:37:36.952,CONFIRMED,bda456f6e93a598740fb7b630dc7636793ac21f202d3dbd2287b936b351b0852,19C,Nathaniel Narang,****0712,2026-09-05T15:59:28.766079,UseCase - Airlines.xlsx
B1870,P1015,6F045,2025-04-25 11:37:36.952,CANCELLED,6e6bfc99c9c06272fd6378ecc1b4af1e8ab8b57a5524bb6248ecaf46876a77dc,5D,Dhriti Gupta,****6506,2026-09-05T15:59:28.766079,UseCase - Airlines.xlsx
B1871,P1423,AI144,2025-10-04 11:37:36.952,CANCELLED,8f2d93a86434f0def24ea2a06c76636e0bbc41de6fe1a88c2143d7afa22f93b7,23E,Nathaniel Tara,****4791,2026-09-05T15:59:28.766079,UseCase - Airlines.xlsx
B1872,P1523,AI244,2025-07-09 11:37:36.952,PENDING,ac7314a3b694827e2f648d18570799cba02ddfc3700b602fee0bb90411f10e97,26E,Yutika Sibal,****6502,2026-09-05T15:59:28.766079,UseCase - Airlines.xlsx
B1873,P1802,6F265,2025-04-25 11:37:36.952,CONFIRMED,78407459f2eae92cf3544db8bd6c6fc917fcebcd234c1e9099c8f17516842dce,11B,Wishi Morar,****8875,2026-09-05T15:59:28.766079,UseCase - Airlines.xlsx
B1874,P1752,6F108,2026-01-26 11:37:36.952,CONFIRMED,33264ded1e73cec888d060fb2951bf3209a08f1826cf0059a2f1756eaaea7233,16E,Widisha Bajaj,****6358,2026-09-05T15:59:28.766079,UseCase - Airlines.xlsx
B1875,P1020,6F069,2025-06-17 11:37:36.952,PENDING,7f34b31b8a74481bf12da0beaccb126ddb2985bb71709ab94dabb4c0851618e2,17D,Gautam Ramaswamy,****7200,2026-09-05T15:59:28.766079,UseCase - Airlines.xlsx
B1876,P1689,6F072,2025-06-14 11:37:36.952,CANCELLED,d46918b121864fe1d6475b1b7b41c0a5e2870bd2bce4258cc20fc79b41377638,18F,Yashasvi Shankar,****2552,2026-09-05T15:59:28.766079,UseCase - Airlines.xlsx
B1877,P1938,6F096,2025-11-09 11:37:36.952,CONFIRMED,bf9a2e549016485b25ef1f546187d1350218216a92cda5d73d26c5a64cf5f96c,33F,Wridesh Kale,****7284,2026-09-05T15:59:28.766079,UseCase - Airlines.xlsx
B1878,P1227,SJ233,2025-12-31 11:37:36.952,PENDING,3a0d7f7bf9b7fd49d1254c7ffa7a8ca8285af77e35f123cb3d4eeb1090ef8d1d,31D,Ira Bava,****8597,2026-09-05T15:59:28.766079,UseCase - Airlines.xlsx
B1879,P1784,AI203,2025-12-03 11:37:36.952,PENDING,e336afc8c867ecf662d9676b57a53700875ecb00670b7236efe2204a46de346f,9E,Chandresh Manda,****1228,2026-09-05T15:59:28.766079,UseCase - Airlines.xlsx
B1880,P1287,UK147,2026-03-08 11:37:36.952,CONFIRMED,f733bf22e57fdd068c0819c6abfbab3538c9b83e40e0486990711f0b25e064ac,2E,Warda Singhal,****1556,2026-09-05T15:59:28.766079,UseCase - Airlines.xlsx
B1881,P1808,UK039,2025-08-26 11:37:36.952,PENDING,d531397d9fe9a36a3cb9b9d3b56ce64abd6bc0151dc94f7cbfce2d5cb559eaca,8E,Bhavika Yadav,****6710,2026-09-05T15:59:28.766079,UseCase - Airlines.xlsx
B1882,P1133,6F216,2025-10-17 11:37:36.952,CANCELLED,f0c17e6da411e7eb81e177e067248b7817ce7303bf6eb2839dbb16ac1b4408b7,18B,Abhiram Chokshi,****0189,2026-09-05T15:59:28.766079,UseCase - Airlines.xlsx
B1883,P1983,AI214,2025-11-17 11:37:36.952,PENDING,dc092e5edf81fcf5f21a9a13af148522047904a8516e244bb95fc8fb11d688a5,5B,Raagini Desai,****7289,2026-09-05T15:59:28.766079,UseCase - Airlines.xlsx
B1884,P1282,UK025,2025-08-31 11:37:36.952,CANCELLED,973ea6687da71a9d2244d1d762f7f5262e8ebd380c5d7b7fa9b0a1475985318c,31D,Aishani Pau,****0744,2026-09-05T15:59:28.766079,UseCase - Airlines.xlsx
B1885,P1403,UK053,2025-08-10 11:37:36.952,CANCELLED,66ecf7c3c34fc56dd0fe5a6681798f2b7c24150761ceeb25c37cbb3e8c507703,11B,Neha Pau,****1436,2026-09-05T15:59:28.766079,UseCase - Airlines.xlsx
B1887,P1065,6F247,2026-03-09 11:37:36.952,PENDING,a54ee7925788a1c30e4925ef22e3b1a9f84e4aea85f4a997369f215b8b039489,23F,Charan Hayer,****5663,2026-09-05T15:59:28.766079,UseCase - Airlines.xlsx
B1888,P1648,6F159,2025-12-25 11:37:36.952,CANCELLED,e554f9bfa63b49d1f535b40af1abc4290d353ccb3315e69c4875a4f99a127f9f,25C,Janani Mani,****2120,2026-09-05T15:59:28.766079,UseCase - Airlines.xlsx
B1889,P1603,UK086,2026-02-24 11:37:36.952,CANCELLED,f06a372de876e39ea3164ce26084361443445fad66167e692936e7eb07f85257,22C,Ethan Raju,****6194,2026-09-05T15:59:28.766079,UseCase - Airlines.xlsx
B1890,P1436,6F102,2025-08-30 11:37:36.952,PENDING,e2d2253611ec2328f01eac75c8b5d4af8584da56e137d35a89c4e74b2d3c5dd4,12E,Yamini Seshadri,****2127,2026-09-05T15:59:28.766079,UseCase - Airlines.xlsx
B1891,P1828,UK186,2026-01-26 11:37:36.952,CANCELLED,97bdea92636d5c1aeb0b23123b3f173b513dab40a934994e337246684fa47581,18D,Ati Dani,****5420,2026-09-05T15:59:28.766079,UseCase - Airlines.xlsx
B1892,P1933,6F032,2025-08-24 11:37:36.952,PENDING,c80b48758f08213c9f7b9be3bd957fe1d5eca34bbeb6e8bfe5bd2e584176408e,17F,Kabir Chatterjee,****0094,2026-09-05T15:59:28.766079,UseCase - Airlines.xlsx
B1893,P1258,6F186,2025-08-02 11:37:36.952,CONFIRMED,dce988fc36c97786f0fc3b069228618eb2420b0965db97906f37ac93fc1a3dba,19A,Meera Prakash,****1916,2026-09-05T15:59:28.766079,UseCase - Airlines.xlsx
B1894,P1979,6F106,2026-02-24 11:37:36.952,CANCELLED,89f338cd7fc52c23e84a27fddf1c233389587c06e516f993a6033154c72ae091,4F,Harinakshi Pau,****0425,2026-09-05T15:59:28.766079,UseCase - Airlines.xlsx
B1895,P1965,AI021,2025-10-05 11:37:36.952,CANCELLED,3b5d797dc6c17d09db569f2242a00fca8e5d34b25e335a1665f323fbb328caa8,14E,Maanas Issac,****7042,2026-09-05T15:59:28.766079,UseCase - Airlines.xlsx
B1896,P1102,AI157,2025-11-30 11:37:36.952,PENDING,57f1fcd062d63a5d12f7874f05ea90ad23813c191d2f2ab614e51557cf02a60e,11F,Yashodhara Ratti,****5052,2026-09-05T15:59:28.766079,UseCase - Airlines.xlsx
B1897,P1992,6F054,2025-11-01 11:37:36.952,PENDING,59a836c80d8c90a4cd29c0d93202e9a7d6c187043c01b566cfba8a85edddf695,26F,Xiti Baria,****5523,2026-09-05T15:59:28.766079,UseCase - Airlines.xlsx
B1898,P1566,AI187,2025-10-03 11:37:36.952,PENDING,f7d1380547c9d577e69eb8a7d1edb50d6973bcaa4535ae98f18e802b0a151d9e,10D,Chakradev Barad,****2963,2026-09-05T15:59:28.766079,UseCase - Airlines.xlsx
B1899,P1768,SJ124,2025-09-28 11:37:36.952,PENDING,e36862a918bfca92278dcc483d3665d714088f018b189fe916893724eafd1d98,4B,Laksh Nath,****8844,2026-09-05T15:59:28.766079,UseCase - Airlines.xlsx
B1900,P1100,SJ223,2025-10-06 11:37:36.952,CANCELLED,5bad9f4cf190e7d61a742438f82d2b7759f8584caed15c7103d75ab6b32b6d3b,11C,Urvi Venkataraman,****4878,2026-09-05T15:59:28.766079,UseCase - Airlines.xlsx
B1901,P1197,UK103,2025-04-25 11:37:36.952,CONFIRMED,d4225f77ec76d7c60efce2e0eb6d461d37d327536a519919395faef3dd2ce074,21A,Tanmayi Dixit,****8079,2026-09-05T15:59:28.766079,UseCase - Airlines.xlsx
B1902,P1812,SJ157,2026-02-08 11:37:36.952,CONFIRMED,1decbd29cfbe2544f50a6070121d96dbb55f881b2b4b7a1e9bcc8aae2f08bb11,14F,Yutika Dey,****7410,2026-09-05T15:59:28.766079,UseCase - Airlines.xlsx
B1903,P1225,6F242,2025-11-06 11:37:36.952,CONFIRMED,36d8ef2746e29dab52bf55c36173580d8bb10664e96e98729b3649b8c1401126,9B,Falak Nagar,****1530,2026-09-05T15:59:28.766079,UseCase - Airlines.xlsx
B1904,P1942,UK213,2025-07-01 11:37:36.952,CONFIRMED,40b1d023f363963c390ef67140adc12ce53e5038567bd953a8ab5aa1610625cc,8B,Nicholas Ramaswamy,****6866,2026-09-05T15:59:28.766079,UseCase - Airlines.xlsx
B1905,P1462,SJ120,2026-02-13 11:37:36.952,PENDING,207c5dfb1d81736ef00dc4bc3e321bd8cc7a54a516bf30ea11db2c1b13cc3235,24B,Chandani Nayar,****2608,2026-09-05T15:59:28.766079,UseCase - Airlines.xlsx
B1906,P1236,AI035,2025-08-11 11:37:36.952,CANCELLED,8737dfca2fe6c8d5a5d070b0a16e7e86fd385774e03ba79d603cebed3cfe3b8f,22B,Yashica Upadhyay,****7385,2026-09-05T15:59:28.766079,UseCase - Airlines.xlsx
B1907,P1025,6F147,2026-01-14 11:37:36.952,CANCELLED,4b432f17b1d3823095a26a8f2d2aa31fa1084c6f25ef951eadedcddbb286a7c5,1B,Vrishti Mistry,****9236,2026-09-05T15:59:28.766079,UseCase - Airlines.xlsx
B1908,P1120,SJ229,2025-08-09 11:37:36.952,CANCELLED,8dcf010d1dd8b21d6807588366a216a71d2be91bb625a3b81bae0b6011c150dd,23B,Vaishnavi Badal,****6686,2026-09-05T15:59:28.766079,UseCase - Airlines.xlsx
B1909,P1909,AI230,2025-11-14 11:37:36.952,PENDING,4f16c5f08f75eb483866cb2bb9554d0d45b2fc50a558250cdf1217aeebb73980,31B,Jyoti Narula,****4025,2026-09-05T15:59:28.766079,UseCase - Airlines.xlsx
B1910,P1505,UK162,2025-06-10 11:37:36.952,CANCELLED,3c1e2f0fc3d3e5c3dacc196badc9c7b3a59e66dcd2bc7af43c6dc0f11dcdb80e,5C,Imaran Saha,****1612,2026-09-05T15:59:28.766079,UseCase - Airlines.xlsx
B1911,P1181,AI066,2025-05-29 11:37:36.952,PENDING,e266325a3fbbbd69e3f36ec300857d03a5aca171ff36982a0028309f98f2788c,27C,Darika Bala,****0684,2026-09-05T15:59:28.766079,UseCase - Airlines.xlsx
B1912,P1710,6F205,2025-09-09 11:37:36.952,CANCELLED,e151b2ebbb00d413ee6ee08609ac2cff3665f869a439a2b7e9be7805b107418e,19D,Urvi Lanka,****3156,2026-09-05T15:59:28.766079,UseCase - Airlines.xlsx
B1913,P1813,AI124,2025-05-24 11:37:36.952,CONFIRMED,d2182e3232c2e2891fa851f071796fe3105f6c1cf1d8adbba3e2cc8ccea9b05a,27B,Vedant Behl,****1954,2026-09-05T15:59:28.766079,UseCase - Airlines.xlsx
B1914,P1766,UK114,2025-10-19 11:37:36.952,PENDING,3d35368ba6389c44a4a75c2c68c31bd8a1254c57801c25da8ff9f6ad80ebf0e1,20A,Varsha Garde,****5246,2026-09-05T15:59:28.766079,UseCase - Airlines.xlsx
B1915,P1633,AI231,2025-06-03 11:37:36.952,CANCELLED,f2f8ab60b89747c0245612f970c2f3bd61aad47358a87c15e55de1e2b1374e03,18B,Lajita Divan,****9217,2026-09-05T15:59:28.766079,UseCase - Airlines.xlsx
B1916,P1542,AI113,2025-10-30 11:37:36.952,CONFIRMED,b0838bc2349b3e1a6d3e5dd073f856532d8e78d60305e3249583345d849c063f,7D,Xavier Balay,****5266,2026-09-05T15:59:28.766079,UseCase - Airlines.xlsx
B1918,P1314,UK180,2025-10-07 11:37:36.952,CONFIRMED,1356acc909e9194b24a9ae3ae464cb0fca1de55de2ad5dea0cc412668b7df4ff,2B,Anirudh Sastry,****0050,2026-09-05T15:59:28.766079,UseCase - Airlines.xlsx
B1919,P1990,6F080,2026-03-17 11:37:36.952,PENDING,51188cf53682052244474353c096fe5b409c265b60eacc1279844f05e3348c5d,7C,Dipta Sahota,****2300,2026-09-05T15:59:28.766079,UseCase - Airlines.xlsx
B1920,P1796,SJ095,2025-05-11 11:37:36.952,PENDING,b311ced7623ee79c2a4e036eb15cc0bf555cfb3d2f163f66953cc75dc45d0eab,14A,Max Sachar,****8435,2026-09-05T15:59:28.766079,UseCase - Airlines.xlsx
B1921,P1617,SJ115,2025-04-24 11:37:36.952,CANCELLED,cf13262d5ae355fb8981183d0ef1732d0825789eb6fa858ebec60952fb423a85,21F,Samar Roy,****9707,2026-09-05T15:59:28.766079,UseCase - Airlines.xlsx
B1922,P1735,AI142,2025-05-14 11:37:36.952,CONFIRMED,3c6b7e635f83b45f68ba0019fb418c4ad02f7b0efdbb6b804585487ae0ce13a9,7D,Yachana Sinha,****3869,2026-09-05T15:59:28.766079,UseCase - Airlines.xlsx
B1923,P1272,UK169,2025-11-28 11:37:36.952,CANCELLED,60d169d9b1d515c0f31f465ed1088df92b75a7bf6921c1521441da53ae726911,33F,David Devi,****2115,2026-09-05T15:59:28.766079,UseCase - Airlines.xlsx
B1924,P1909,SJ041,2025-05-04 11:37:36.952,CANCELLED,3a228e031196fcb39cb52e835eddb41133243e3b6bdc65e246d1e4548a5239ae,27D,Zilmil Johal,****2973,2026-09-05T15:59:28.766079,UseCase - Airlines.xlsx
B1925,P1231,UK171,2025-04-20 11:37:36.952,CONFIRMED,0fe0322e7f3fd942550f8341d2ba9976a5c5ae35a0fb9a4908c9fc3c579959ef,7D,Ekta Sridhar,****0232,2026-09-05T15:59:28.766079,UseCase - Airlines.xlsx
B1926,P1419,AI081,2025-11-27 11:37:36.952,CANCELLED,57d4b60c1075ce04830307f52aae8dc06b431592def85c0e5c4fb5aceee1b0df,18F,Krisha Murthy,****7004,2026-09-05T15:59:28.766079,UseCase - Airlines.xlsx
B1927,P1767,AI162,2026-01-28 11:37:36.952,PENDING,360e4cde1c73981c5818cbc44417f8afe02bf02caa6966e923d05fc56b5e6dc2,27D,Oscar Sharaf,****2307,2026-09-05T15:59:28.766079,UseCase - Airlines.xlsx
B1928,P1441,SJ037,2026-01-23 11:37:36.952,CANCELLED,22f7d67dfc129df114e0893d8be0fcdef54bd94b26e740813a164268ebf442d2,6F,Hema Pandya,****6146,2026-09-05T15:59:28.766079,UseCase - Airlines.xlsx
B1929,P1495,SJ037,2025-11-05 11:37:36.952,CONFIRMED,82a0755f38b853c2a0397820c2e8e748a7d3f2f4882608f0301399c324e332ba,6A,Aishani Sule,****0448,2026-09-05T15:59:28.766079,UseCase - Airlines.xlsx
B1930,P1023,UK080,2025-12-16 11:37:36.952,PENDING,479132795205a60d545ffbdc684e584123876f960e7c001323b37469ba2ab302,3B,Rehaan Koshy,****3639,2026-09-05T15:59:28.766079,UseCase - Airlines.xlsx
B1931,P1108,SJ031,2025-09-26 11:37:36.952,PENDING,fb70900ab05e0264026042946bb44015c906573fe233d642dd9263a3376e828f,16C,Arya Misra,****9946,2026-09-05T15:59:28.766079,UseCase - Airlines.xlsx
B1932,P1702,AI199,2025-12-28 11:37:36.952,CANCELLED,20177912a4b87913a816fe5073ba60299df6e4c88101a4ddc0bb0de952ba2b34,4B,Umang Mishra,****4441,2026-09-05T15:59:28.766079,UseCase - Airlines.xlsx
B1933,P1501,6F082,2025-05-28 11:37:36.952,CANCELLED,538d1b80eb257af055ca01e5b46a62f3065761c986fa6fa9853b620a678bab93,7B,Bhavya Johal,****3805,2026-09-05T15:59:28.766079,UseCase - Airlines.xlsx
B1934,P1858,UK217,2026-04-12 11:37:36.952,PENDING,fe8da665f70f1cf9e63c874cc6e4c177314b86bc53dd6b27754acd07ca7396ef,9F,Vrinda Nadig,****5807,2026-09-05T15:59:28.766079,UseCase - Airlines.xlsx
B1935,P1024,UK014,2026-04-13 11:37:36.952,CANCELLED,2437d254afcc829e485d3158d3c46b5865f42df49396e241c7f2657bdb007a36,6C,Varsha Palla,****3421,2026-09-05T15:59:28.766079,UseCase - Airlines.xlsx
B1936,P1186,SJ180,2026-01-11 11:37:36.952,CONFIRMED,055ef86c67a7545e5462821ea3fff7b2215b0e94ea6df58822177a8874f44981,14D,Anusha Mani,****0382,2026-09-05T15:59:28.766079,UseCase - Airlines.xlsx
B1937,P1287,6F268,2026-02-19 11:37:36.952,CANCELLED,e86a0d4b95087ef9ff2c55adc58db9195fdba5b20d0684ad4e3f105b9b52c7a0,16E,Jairaj Raghavan,****5218,2026-09-05T15:59:28.766079,UseCase - Airlines.xlsx
B1938,P1627,UK205,2026-04-07 11:37:36.952,CANCELLED,1b76c24e008d12dec15f623e1ae8908c59cc28d3a846a6c78f1054d0c32e0a3c,19B,Megha Pai,****4643,2026-09-05T15:59:28.766079,UseCase - Airlines.xlsx
B1939,P1337,SJ212,2025-07-22 11:37:36.952,PENDING,a1ceb7db9a8f4d37f2d0d06d9889b758b552af377527083d00ab64704af34f03,22B,Madhav Mannan,****9435,2026-09-05T15:59:28.766079,UseCase - Airlines.xlsx
B1940,P1877,UK052,2025-06-25 11:37:36.952,CANCELLED,3dfe21b4717b273160e2ed0a859525fc0e946e3141f3a469c31f238336fcb019,17C,Brijesh Mani,****1855,2026-09-05T15:59:28.766079,UseCase - Airlines.xlsx
B1941,P1913,UK230,2025-06-13 11:37:36.952,CANCELLED,297150fdc26a5809499a6f8f3a566b54890a441ab45ce52f760a066f8705419c,19D,Farhan Pal,****5442,2026-09-05T15:59:28.766079,UseCase - Airlines.xlsx
B1942,P1036,AI145,2025-07-18 11:37:36.952,CANCELLED,52c23117d0b6483f68891ad16809fa2425d6600c4b1402b23fedc2f0899bf746,23D,Riya Kunda,****6625,2026-09-05T15:59:28.766079,UseCase - Airlines.xlsx
B1943,P1793,SJ035,2026-03-13 11:37:36.952,CONFIRMED,2afc19eb30e33dfbb415b9d2d13e46bd169b1d437a59d2047d8c6e563a493a0f,7E,Varenya Kala,****2940,2026-09-05T15:59:28.766079,UseCase - Airlines.xlsx
B1944,P1136,SJ184,2025-07-20 11:37:36.952,CANCELLED,0503ddbdc7954fc90f237dcceeba2e2b11793f11b81532dc71c758c2614a7dea,10B,Saksham Yohannan,****9984,2026-09-05T15:59:28.766079,UseCase - Airlines.xlsx
B1945,P1507,6F207,2025-11-03 11:37:36.952,CONFIRMED,102be45dae9fa99573c9335ff2c5cd17f08f9889d522936e5f3a8708bd50a244,24A,Anika Magar,****8592,2026-09-05T15:59:28.766079,UseCase - Airlines.xlsx
B1946,P1226,UK144,2026-03-30 11:37:36.952,CONFIRMED,9831fdc174faf57f891613747c613ee153595ff24600447cd1f4b5d255464891,15A,Laksh Chopra,****6602,2026-09-05T15:59:28.766079,UseCase - Airlines.xlsx
B1947,P1319,AI126,2025-10-22 11:37:36.952,CONFIRMED,8f8a317db0cdc0d183958349917aa7a953ad8073e8544e900adbc68edbbc728e,1A,Wriddhish Kibe,****1615,2026-09-05T15:59:28.766079,UseCase - Airlines.xlsx
B1948,P1839,SJ145,2025-05-19 11:37:36.952,CONFIRMED,89e8c4f2714c9d00fcd15d35f409a7e3bc050a0d2fb9deda448778b8d1e26184,10A,Chandresh Wali,****4234,2026-09-05T15:59:28.766079,UseCase - Airlines.xlsx
B1949,P1915,6F040,2025-05-16 11:37:36.952,PENDING,78da5f3f104150a22d1bc3fe0248e0b2382e6718a94c4937455d5cbe59090c77,15B,Upkaar Kaul,****7188,2026-09-05T15:59:28.766079,UseCase - Airlines.xlsx
B1950,P1181,UK049,2025-06-15 11:37:36.952,CONFIRMED,59abd1abe2875e045d6c7c4caa930e3b3779acc9c8316b6a09b529c9b932ad71,21B,Charles Chaudhry,****9225,2026-09-05T15:59:28.766079,UseCase - Airlines.xlsx
B1951,P1873,UK049,2026-03-18 11:37:36.952,CANCELLED,220ac90c194efac7748272fa109833ad402eb36862d397ca84dbf76c15b013c0,3F,Odika Narayanan,****9796,2026-09-05T15:59:28.766079,UseCase - Airlines.xlsx
B1952,P1085,AI087,2025-10-18 11:37:36.952,CONFIRMED,dfcf5f4a11d157bbb3b62d5016c7150f7183911f83415b09c63851486f3e6da1,2C,Urmi Chaudhry,****4789,2026-09-05T15:59:28.766079,UseCase - Airlines.xlsx
B1953,P1466,AI152,2025-05-24 11:37:36.952,CANCELLED,542539dfa11714e5af4aa490fe1d918aa53daa48f15c7ece5f0dc6d82662071d,19A,Laksh Ahluwalia,****2480,2026-09-05T15:59:28.766079,UseCase - Airlines.xlsx
B1954,P1925,SJ240,2025-11-06 11:37:36.952,CONFIRMED,d9121ffdc34b6a37be6babbd0e2f6f7e81dc926db1893f9715d0cb257289bab8,2A,Nakul Ray,****2001,2026-09-05T15:59:28.766079,UseCase - Airlines.xlsx
B1955,P1052,AI212,2025-09-14 11:37:36.952,PENDING,ba06ccf0d09d344f244d9cc3d1104fcab10049db08b06503c5a90229db961afa,22B,Vamakshi Sood,****5387,2026-09-05T15:59:28.766079,UseCase - Airlines.xlsx
B1956,P1859,AI064,2025-09-21 11:37:36.952,CONFIRMED,7ef6d89813183832c02dc38467cd2b12346bb6bf2645281386a08371ab166baa,3B,Ryan Mani,****9169,2026-09-05T15:59:28.766079,UseCase - Airlines.xlsx
B1957,P1866,6F093,2025-06-07 11:37:36.952,CONFIRMED,67ccf72774c4e47ab2d137cc961ce17c7321ad79a1d7eb34f9d0bee3141bf931,32E,Ekani Mangal,****7600,2026-09-05T15:59:28.766079,UseCase - Airlines.xlsx
B1958,P1234,AI118,2025-04-28 11:37:36.952,PENDING,6d2015fd32402b94b1285f6623bc22112c9f504da35f26aa3fe78a26044b5dd6,29C,Daniel Chakraborty,****6511,2026-09-05T15:59:28.766079,UseCase - Airlines.xlsx
B1959,P1958,AI172,2025-12-19 11:37:36.952,CONFIRMED,9b80358e64c8add365e8d0e3b93250692c5b687a8c0379655ed2dfd92cbfed15,23D,Vincent Warrior,****7933,2026-09-05T15:59:28.766079,UseCase - Airlines.xlsx
B1960,P1778,6F183,2026-01-30 11:37:36.952,CANCELLED,5c1d55a69680fffc5b600082e20954092f0c60dc3aae79fa3cc160f6a1b90715,27E,Baljiwan Gill,****8946,2026-09-05T15:59:28.766079,UseCase - Airlines.xlsx
B1961,P1798,6F200,2025-07-15 11:37:36.952,CONFIRMED,f24fcefc260522e9ee464d689ebe30483ef692ed9836c24777900b2f90ab4161,28A,Omisha Goda,****4518,2026-09-05T15:59:28.766079,UseCase - Airlines.xlsx
B1962,P1432,SJ077,2025-12-23 11:37:36.952,CONFIRMED,273f61215919d166819d198d03f6ff8d2b72dbb29d86fd77913845441e03ba3b,18C,Balhaar Ranganathan,****9246,2026-09-05T15:59:28.766079,UseCase - Airlines.xlsx
B1963,P1495,UK030,2026-02-24 11:37:36.952,CONFIRMED,e534e29c631809787204cfdab72a4740a7ecf0c3824e73da6331d104a272b6b9,27F,Warhi Grewal,****8001,2026-09-05T15:59:28.766079,UseCase - Airlines.xlsx
B1964,P1998,SJ232,2025-05-21 11:37:36.952,PENDING,4c216ec64082c9f91467f4702a713013feb8a793be3063275556efca824871ae,18B,Bimala Barad,****2887,2026-09-05T15:59:28.766079,UseCase - Airlines.xlsx
B1965,P1099,6F090,2026-01-29 11:37:36.952,CONFIRMED,e88c91c4ce8e371f6a954d60d8aed9e90ca37ec0e8704bc718dff7a95ffa4015,20D,Aditya Misra,****9379,2026-09-05T15:59:28.766079,UseCase - Airlines.xlsx
B1966,P1989,UK002,2025-11-06 11:37:36.952,CONFIRMED,bd4984f9dc2c410aa5528163f84e75be39617c53ea3953dd61d812c13de557fa,12B,Hredhaan Nayak,****0512,2026-09-05T15:59:28.766079,UseCase - Airlines.xlsx
B1967,P1598,AI154,2025-07-03 11:37:36.952,CANCELLED,30e4570111fa8ea9c78a76ed0c2cfc08f70a0c771c2f837e8a7df90eec7b03b3,22C,Bhavani Sha,****3141,2026-09-05T15:59:28.766079,UseCase - Airlines.xlsx
B1968,P1402,6F089,2025-10-11 11:37:36.952,CONFIRMED,cf181aa9ccdcae847f6d5cecb47a70ef7c6d298fe45471153ac4f10999114809,2D,Wakeeta Desai,****4142,2026-09-05T15:59:28.766079,UseCase - Airlines.xlsx
B1969,P1395,6F218,2026-04-08 11:37:36.952,CONFIRMED,93bc7d27d08ae6c357739bfc29a9d85d9147669fba02662b238d22745ce20955,29A,Yamini Sidhu,****5719,2026-09-05T15:59:28.766079,UseCase - Airlines.xlsx
B1970,P1526,6F241,2025-11-26 11:37:36.952,CONFIRMED,62b0624b65cd64bf38a52d3f015128be7b43372cb27523d3587a216a4fb50c32,12B,Anjali Hans,****5066,2026-09-05T15:59:28.766079,UseCase - Airlines.xlsx
B1971,P1414,6F116,2025-08-20 11:37:36.952,CONFIRMED,eb79ca72c0e56dec5149270e6e033d6bde3036441ca3dfe82197f6514a1f15a6,2B,Isaiah Narayanan,****9642,2026-09-05T15:59:28.766079,UseCase - Airlines.xlsx
B1972,P1938,UK199,2025-04-18 11:37:36.952,CANCELLED,173b7db0219f7e81207ad13b1e3dbc780550f6390e8ddfa9a5c0ada56bc2107a,19B,Nicholas Shanker,****8516,2026-09-05T15:59:28.766079,UseCase - Airlines.xlsx
B1973,P1612,SJ033,2025-04-28 11:37:36.952,CANCELLED,2a46c5fa309a225ff26b5a2b4e4eda47b54b24c79bd4b1484d521bfd1c9198fd,8C,Aarini Grewal,****3057,2026-09-05T15:59:28.766079,UseCase - Airlines.xlsx
B1974,P1676,AI210,2025-08-03 11:37:36.952,PENDING,8df86f378cb27b0171891d4137d22d26ef61eaf24600a76401de73ec7b39781b,15B,Akshay Nazareth,****3035,2026-09-05T15:59:28.766079,UseCase - Airlines.xlsx
B1975,P1462,UK148,2025-08-26 11:37:36.952,PENDING,5f50e40ff96a0fd0a636d2db27f2d2cc82fa84a62c3dc46b57874414eec4a583,20E,Chakrika Hans,****9630,2026-09-05T15:59:28.766079,UseCase - Airlines.xlsx
B1976,P1540,AI229,2025-08-27 11:37:36.952,PENDING,2c9c3a92cbf98579435772a078d4eea34c49abac973561b5b22c2c6467a66a18,16F,Parth Ravi,****3619,2026-09-05T15:59:28.766079,UseCase - Airlines.xlsx
B1977,P1625,UK005,2026-01-01 11:37:36.952,PENDING,c1c31fa9ed3bb84e838e0cc4bb1c6a2da220679fb5cfdcedf76bf8ec715619f3,4A,Prisha Varma,****4286,2026-09-05T15:59:28.766079,UseCase - Airlines.xlsx
B1978,P1618,SJ080,2025-12-07 11:37:36.952,CONFIRMED,6990aa0ac8d60e401e153aa10b2017477140d0821b249853702bc75efbfa439b,12C,Falak Chadha,****7464,2026-09-05T15:59:28.766079,UseCase - Airlines.xlsx
B1979,P1921,SJ092,2025-12-02 11:37:36.952,CANCELLED,167f29c93a0c680ec95df9a925d32a0a37663f3ff225870ae27cba11511986b4,1F,Nandini Chandran,****0698,2026-09-05T15:59:28.766079,UseCase - Airlines.xlsx
B1980,P1363,SJ055,2025-12-04 11:37:36.952,CANCELLED,642656fead84ca6ed76c1963158cb9872391b055d5578882712e69113f235f4b,15A,Qasim Dey,****7348,2026-09-05T15:59:28.766079,UseCase - Airlines.xlsx
B1981,P1129,AI239,2025-05-17 11:37:36.952,CONFIRMED,194c1ff334ec6b7cdddbff3b3f5e8b7bf899e22f894224f4730c2d821a45ef05,19D,Vansha Naik,****2612,2026-09-05T15:59:28.766079,UseCase - Airlines.xlsx
B1982,P1083,6F162,2025-06-17 11:37:36.952,PENDING,da2d4df4666b2a20176e78cb5e867d4681bfa112ee2ee47f0dfe2a03920172f2,7A,Yuvraj Ahuja,****6975,2026-09-05T15:59:28.766079,UseCase - Airlines.xlsx
B1983,P1270,UK101,2025-06-28 11:37:36.952,PENDING,b1ec26b79390538bd526ce8ab693f396ff548005ddfb2ab244e9911159061ec2,27A,Advika Rajagopal,****7066,2026-09-05T15:59:28.766079,UseCase - Airlines.xlsx
B1984,P1243,6F198,2025-04-25 11:37:36.952,CONFIRMED,9addb84ab4e74bf110979f242e8804f7c2370f56c1d74c6697b434d4b5a74cf8,27F,Warinder Sekhon,****7129,2026-09-05T15:59:28.766079,UseCase - Airlines.xlsx
B1985,P1387,6F239,2025-09-28 11:37:36.952,CONFIRMED,b7bca1f547c035740cf2f1e80020451db493ac3d749b5f198c5c32671bd00012,31F,Amara Narayan,****3192,2026-09-05T15:59:28.766079,UseCase - Airlines.xlsx
B1986,P1213,SJ177,2025-10-07 11:37:36.952,CONFIRMED,eccdbbde392ac5992d9c9a587ee50fd4fe6d1e44c57c014af81201cde61aae9c,13F,Chasmum Apte,****2114,2026-09-05T15:59:28.766079,UseCase - Airlines.xlsx
B1987,P1817,6F044,2026-03-12 11:37:36.952,CANCELLED,3a75e0b82eaab0a0f596cb2e77fe808887c6bfdca89fcd72da07dcd6e005c25c,19F,Advika Parsa,****0463,2026-09-05T15:59:28.766079,UseCase - Airlines.xlsx
B1988,P1165,6F248,2026-02-17 11:37:36.952,PENDING,b2abdbadf4cb0ea2601978a4524286c2632d23120e4c492bbfde5e4323cf61c3,13A,Warinder Bhatia,****0464,2026-09-05T15:59:28.766079,UseCase - Airlines.xlsx
B1989,P1790,6F002,2025-12-10 11:37:36.952,PENDING,bf47153d90dacf5f3154de862799c2e9eef96c24c26cbaf4f75ce8e21eb46c3e,16F,Jagat Shroff,****6840,2026-09-05T15:59:28.766079,UseCase - Airlines.xlsx
B1990,P1058,SJ197,2026-03-31 11:37:36.952,CONFIRMED,2fb692e2db98726674fec92f835426b7a11d4d753f34f5e6df1e2d7b2141aab6,14B,Damyanti Dutta,****8281,2026-09-05T15:59:28.766079,UseCase - Airlines.xlsx
B1991,P1601,UK091,2026-01-14 11:37:36.952,CANCELLED,4aa73e23192d35b7f2e0d05b7651956098eb0fcf636a3d9a8d77893fa25e22d0,22E,Nidra Thakkar,****0428,2026-09-05T15:59:28.766079,UseCase - Airlines.xlsx
B1992,P1882,6F215,2025-04-25 11:37:36.952,CONFIRMED,3bd00e59fdc2d052fb3bb47cf3af3d3f73814b0eafde9a02e2aae99237f2ab07,25C,Deepa Dalal,****2908,2026-09-05T15:59:28.766079,UseCase - Airlines.xlsx
B1993,P1842,AI093,2026-03-11 11:37:36.952,CANCELLED,183ca99088a1487cfafc0cecde8b36dd324aa249957f90f65129687c37834f20,5B,Chakrika Pillai,****9255,2026-09-05T15:59:28.766079,UseCase - Airlines.xlsx
B1994,P1923,UK090,2026-03-31 11:37:36.952,CONFIRMED,a173e965992f81ff13474086fab1e5d3f8e04eafbc0672557d0f76c631490280,21D,Timothy Kanda,****0874,2026-09-05T15:59:28.766079,UseCase - Airlines.xlsx
B1995,P1503,SJ005,2025-11-20 11:37:36.952,CANCELLED,5025eb66e890523a21dedac55104398ab026181500ed376c5fb84c48276cff05,11C,Kiaan Sridhar,****8644,2026-09-05T15:59:28.766079,UseCase - Airlines.xlsx
B1996,P1705,UK106,2025-08-08 11:37:36.952,CANCELLED,65c0e8317e379a5227bd3e56f893e0f9443e6024e59ae36fcb4ead0d62cd4aee,27E,Michael Sha,****9827,2026-09-05T15:59:28.766079,UseCase - Airlines.xlsx
B1997,P1122,6F223,2025-05-03 11:37:36.952,PENDING,9c2be330bc8f2b18931a79bc103805548df4750881e5afb01e428e0d94814344,27B,Kashvi Sagar,****6636,2026-09-05T15:59:28.766079,UseCase - Airlines.xlsx
B1998,P1647,6F011,2025-10-23 11:37:36.952,CONFIRMED,f260e8c9632372f928de90c846fca8dd3fcb42bca9915456d4041841dea211ab,14C,Urishilla Yogi,****5033,2026-09-05T15:59:28.766079,UseCase - Airlines.xlsx
