passenger_id,first_name,last_name,age,gender,email,phone,aadhaar_id,date_of_birth,_ingested_at,_source_file,_is_valid,_ingestion_errors
P1000,Vivaan,Chatterjee,52,F,vivaan.chatterjee@gmail.com,+91-6896233790,433218196001,1974-04-08,2026-09-05T16:43:04.139291+00:00,UseCase - Airlines.xlsx,True,
P1001,Krishna,Reddy,15,M,krishna.reddy@hotmail.com,+91-6702632297,386379402654,2011-03-07,2026-09-05T16:43:04.139291+00:00,UseCase - Airlines.xlsx,True,
P1002,Myra,Naidu,72,M,myra.naidu@outlook.com,+91-6199585092,615594078161,1954-09-10,2026-09-05T16:43:04.139291+00:00,UseCase - Airlines.xlsx,True,
P1003,Myra,Mishra,61,F,myra.mishra@hotmail.com,+91-8719927151,310341316475,1965-03-12,2026-09-05T16:43:04.139291+00:00,UseCase - Airlines.xlsx,True,
P1004,Saanvi,Banerjee,21,M,saanvi.banerjee@outlook.com,+91-7819595113,419283276483,2005-11-11,2026-09-05T16:43:04.139291+00:00,UseCase - Airlines.xlsx,True,
P1005,Reyansh,Joshi,83,M,reyansh.joshi@gmail.com,+91-7982403818,56413953767,1943-03-09,2026-09-05T16:43:04.139291+00:00,UseCase - Airlines.xlsx,True,
P1006,Kavya,Nair,87,M,kavya.nair@yahoo.com,+91-7899925830,884969653287,1939-02-25,2026-09-05T16:43:04.139291+00:00,UseCase - Airlines.xlsx,True,
P1007,Sara,Joshi,75,M,sara.joshi@gmail.com,+91-6264112119,269166978480,1951-11-24,2026-09-05T16:43:04.139291+00:00,UseCase - Airlines.xlsx,True,
P1008,Kavya,Pillai,75,M,kavya.pillai@gmail.com,+91-8925276600,514627048281,1951-11-10,2026-09-05T16:43:04.139291+00:00,UseCase - Airlines.xlsx,True,
P1009,Sai,Kulkarni,88,M,sai.kulkarni@hotmail.com,+91-7264109919,528809570154,1938-04-02,2026-09-05T16:43:04.139291+00:00,UseCase - Airlines.xlsx,True,
P1010,Sai,Agarwal,24,M,sai.agarwal@yahoo.com,+91-6191969690,718227824896,2002-04-18,2026-09-05T16:43:04.139291+00:00,UseCase - Airlines.xlsx,True,
P1011,Sara,Naidu,3,M,sara.naidu@yahoo.com,+91-8528414718,578713315098,2023-04-19,2026-09-05T16:43:04.139291+00:00,UseCase - Airlines.xlsx,True,
P1012,Arjun,Patel,22,M,arjun.patel@yahoo.com,+91-6176228245,31051834738,2004-03-24,2026-09-05T16:43:04.139291+00:00,UseCase - Airlines.xlsx,True,
P1013,Sara,Iyer,53,M,sara.iyer@hotmail.com,+91-9360916298,763116566701,1973-01-13,2026-09-05T16:43:04.139291+00:00,UseCase - Airlines.xlsx,True,
P1014,Anika,Banerjee,2,F,anika.banerjee@outlook.com,+91-6366992705,338726247317,2024-09-04,2026-09-05T16:43:04.139291+00:00,UseCase - Airlines.xlsx,True,
P1015,Aadhya,Verma,88,F,aadhya.verma@gmail.com,+91-6200140141,326773602606,1938-05-26,2026-09-05T16:43:04.139291+00:00,UseCase - Airlines.xlsx,True,
P1016,Vivaan,Naidu,30,M,vivaan.naidu@rediffmail.com,+91-8554200826,872343098050,1996-01-19,2026-09-05T16:43:04.139291+00:00,UseCase - Airlines.xlsx,True,
P1017,Reyansh,Chatterjee,38,F,reyansh.chatterjee@rediffmail.com,+91-7161073976,812191361939,1988-10-02,2026-09-05T16:43:04.139291+00:00,UseCase - Airlines.xlsx,True,
P1018,Ira,Ghosh,2,F,ira.ghosh@hotmail.com,+91-6550139320,998543534624,2024-08-11,2026-09-05T16:43:04.139291+00:00,UseCase - Airlines.xlsx,True,
P1019,Diya,Patel,64,M,diya.patel@gmail.com,+91-6592080329,991183842513,1962-06-10,2026-09-05T16:43:04.139291+00:00,UseCase - Airlines.xlsx,True,
P1020,Ananya,Khan,60,M,ananya.khan@yahoo.com,+91-9995226828,849808412411,1966-12-18,2026-09-05T16:43:04.139291+00:00,UseCase - Airlines.xlsx,True,
P1021,Kavya,Naidu,21,M,kavya.naidu@yahoo.com,+91-8402533494,935348740164,2005-01-01,2026-09-05T16:43:04.139291+00:00,UseCase - Airlines.xlsx,True,
P1022,Shaurya,Joshi,33,F,shaurya.joshi@outlook.com,+91-7784095277,427868011280,1993-06-19,2026-09-05T16:43:04.139291+00:00,UseCase - Airlines.xlsx,True,
P1023,Aditya,Patel,76,F,aditya.patel@hotmail.com,+91-7561479973,204505331586,1950-10-24,2026-09-05T16:43:04.139291+00:00,UseCase - Airlines.xlsx,True,
P1024,Vivaan,Sharma,58,M,vivaan.sharma@yahoo.com,+91-7274484941,260256342160,1968-08-08,2026-09-05T16:43:04.139291+00:00,UseCase - Airlines.xlsx,True,
P1025,Aarav,Chatterjee,22,M,aarav.chatterjee@yahoo.com,+91-9475442872,433036541458,2004-07-22,2026-09-05T16:43:04.139291+00:00,UseCase - Airlines.xlsx,True,
P1026,Ira,Ghosh,89,M,ira.ghosh1@hotmail.com,+91-8129635852,142940196556,1937-10-17,2026-09-05T16:43:04.139291+00:00,UseCase - Airlines.xlsx,True,
P1027,Reyansh,Banerjee,49,F,reyansh.banerjee@gmail.com,+91-9719106699,340608835615,1977-10-11,2026-09-05T16:43:04.139291+00:00,UseCase - Airlines.xlsx,True,
P1028,Aadhya,Mishra,59,F,aadhya.mishra@gmail.com,+91-8644518647,465648236629,1967-10-10,2026-09-05T16:43:04.139291+00:00,UseCase - Airlines.xlsx,True,
P1029,Diya,Ghosh,42,F,diya.ghosh@rediffmail.com,+91-6426283245,436995777387,1984-12-06,2026-09-05T16:43:04.139291+00:00,UseCase - Airlines.xlsx,True,
P1030,Aditya,Kulkarni,60,F,aditya.kulkarni@gmail.com,+91-8653462378,951343320037,1966-10-28,2026-09-05T16:43:04.139291+00:00,UseCase - Airlines.xlsx,True,
P1031,Shaurya,Patel,80,M,shaurya.patel@gmail.com,+91-9545002643,936763201632,1946-12-17,2026-09-05T16:43:04.139291+00:00,UseCase - Airlines.xlsx,True,
P1032,Kavya,Gupta,15,M,kavya.gupta@rediffmail.com,+91-6698509918,317278895798,2011-07-27,2026-09-05T16:43:04.139291+00:00,UseCase - Airlines.xlsx,True,
P1033,Aadhya,Kulkarni,62,M,aadhya.kulkarni@hotmail.com,+91-9270894498,774348734714,1964-04-09,2026-09-05T16:43:04.139291+00:00,UseCase - Airlines.xlsx,True,
P1034,Ishaan, Iyer,62,M,ishaan.iyer@outlook.com,+91-8679984033,122362316658,1964-08-14,2026-09-05T16:43:04.139291+00:00,UseCase - Airlines.xlsx,True,
P1034,Ishaan,Iyer,62,M,ishaan.iyer@gmail.com,+91-7994310083,669096705466,1964-09-24,2026-09-05T16:43:04.139291+00:00,UseCase - Airlines.xlsx,True,
P1035,Vivaan,Ghosh,47,F,vivaan.ghosh@hotmail.com,+91-7624232414,346706562729,1979-09-01,2026-09-05T16:43:04.139291+00:00,UseCase - Airlines.xlsx,True,
P1036,Riya,Reddy,62,F,riya.reddy@rediffmail.com,+91-6190137896,627204653755,1964-07-09,2026-09-05T16:43:04.139291+00:00,UseCase - Airlines.xlsx,True,
P1037,Muhammad,Ghosh,51,M,muhammad.ghosh@rediffmail.com,+91-8996478772,170805310033,1975-01-20,2026-09-05T16:43:04.139291+00:00,UseCase - Airlines.xlsx,True,
P1038,Ira,Patel,55,M,ira.patel@yahoo.com,+91-7235528741,719374529912,1971-05-04,2026-09-05T16:43:04.139291+00:00,UseCase - Airlines.xlsx,True,
P1039,Shaurya,Agarwal,64,F,shaurya.agarwal@hotmail.com,+91-6434961542,966319314919,1962-01-12,2026-09-05T16:43:04.139291+00:00,UseCase - Airlines.xlsx,True,
P1040,Muhammad,Joshi,3,M,muhammad.joshi@hotmail.com,+91-9810303128,518506716572,2023-07-06,2026-09-05T16:43:04.139291+00:00,UseCase - Airlines.xlsx,True,
P1041,Shaurya,Gupta,51,F,shaurya.gupta@hotmail.com,+91-8761330848,877694531473,1975-08-19,2026-09-05T16:43:04.139291+00:00,UseCase - Airlines.xlsx,True,
P1042,Arjun,Kulkarni,7,M,arjun.kulkarni@hotmail.com,+91-9461203124,75273545494,2019-09-01,2026-09-05T16:43:04.139291+00:00,UseCase - Airlines.xlsx,True,
P1043,Arjun,Reddy,21,M,arjun.reddy@hotmail.com,+91-7191926217,367837770143,2005-07-23,2026-09-05T16:43:04.139291+00:00,UseCase - Airlines.xlsx,True,
P1044,Sai,Iyer,73,M,sai.iyer@yahoo.com,+91-8812921644,957885685574,1953-05-09,2026-09-05T16:43:04.139291+00:00,UseCase - Airlines.xlsx,True,
P1045,Kavya,Reddy,39,M,kavya.reddy@yahoo.com,+91-6874473159,351823374989,1987-05-04,2026-09-05T16:43:04.139291+00:00,UseCase - Airlines.xlsx,True,
P1046,Saanvi,Sharma,18,M,saanvi.sharma@yahoo.com,+91-8344258191,524082400842,2008-11-28,2026-09-05T16:43:04.139291+00:00,UseCase - Airlines.xlsx,True,
P1047,Ishaan,Chatterjee,4,M,ishaan.chatterjee@rediffmail.com,+91-6113169872,947775204711,2022-07-16,2026-09-05T16:43:04.139291+00:00,UseCase - Airlines.xlsx,True,
P1048,Sai,Mishra,89,M,sai.mishra@gmail.com,+91-6262915636,294131869993,1937-09-13,2026-09-05T16:43:04.139291+00:00,UseCase - Airlines.xlsx,True,
P1049,Aadhya,Joshi,60,F,aadhya.joshi@rediffmail.com,+91-9419280490,964990913341,1966-03-08,2026-09-05T16:43:04.139291+00:00,UseCase - Airlines.xlsx,True,
P1050,Aarav,Das,14,F,aarav.das@yahoo.com,+91-6268075622,67974034471,2012-11-08,2026-09-05T16:43:04.139291+00:00,UseCase - Airlines.xlsx,True,
P1051,Aadhya,Chatterjee,9,F,aadhya.chatterjee@outlook.com,+91-7556489494,183242102499,2017-05-15,2026-09-05T16:43:04.139291+00:00,UseCase - Airlines.xlsx,True,
P1052,Sai,Khan,53,F,sai.khan@gmail.com,+91-9839462365,464887719065,1973-10-09,2026-09-05T16:43:04.139291+00:00,UseCase - Airlines.xlsx,True,
P1053,Myra,Banerjee,2,F,myra.banerjee@gmail.com,+91-6345805719,990490278742,2024-10-14,2026-09-05T16:43:04.139291+00:00,UseCase - Airlines.xlsx,True,
P1054,Muhammad,Patel,84,M,muhammad.patel@rediffmail.com,+91-6604669821,565512567468,1942-01-15,2026-09-05T16:43:04.139291+00:00,UseCase - Airlines.xlsx,True,
P1055,Ishaan,Chatterjee,60,M,ishaan.chatterjee@gmail.com,+91-8371011200,516808760385,1966-10-25,2026-09-05T16:43:04.139291+00:00,UseCase - Airlines.xlsx,True,
P1056,Saanvi,Das,71,F,saanvi.das@rediffmail.com,+91-9916033628,34824771093,1955-12-06,2026-09-05T16:43:04.139291+00:00,UseCase - Airlines.xlsx,True,
P1057,Ishaan,Gupta,44,M,ishaan.gupta@outlook.com,+91-6692975437,613171274846,1982-08-16,2026-09-05T16:43:04.139291+00:00,UseCase - Airlines.xlsx,True,
P1058,Diya,Mehta,8,F,diya.mehta@yahoo.com,+91-9691916368,263982146584,2018-01-10,2026-09-05T16:43:04.139291+00:00,UseCase - Airlines.xlsx,True,
P1059,Ishaan,Banerjee,47,F,ishaan.banerjee@outlook.com,+91-9259553112,787558867533,1979-10-13,2026-09-05T16:43:04.139291+00:00,UseCase - Airlines.xlsx,True,
P1060,Riya,Singh,35,M,riya.singh@yahoo.com,+91-9146865930,576627028951,1991-08-04,2026-09-05T16:43:04.139291+00:00,UseCase - Airlines.xlsx,True,
P1061,Sai,Ghosh,78,M,sai.ghosh@hotmail.com,+91-9116479358,262174596158,1948-07-11,2026-09-05T16:43:04.139291+00:00,UseCase - Airlines.xlsx,True,
P1062,Aarav,Singh,81,M,aarav.singh@rediffmail.com,+91-6762992051,134316117240,1945-01-11,2026-09-05T16:43:04.139291+00:00,UseCase - Airlines.xlsx,True,
P1063,Shaurya,Mishra,36,F,shaurya.mishra@gmail.com,+91-8484897084,562386922219,1990-07-20,2026-09-05T16:43:04.139291+00:00,UseCase - Airlines.xlsx,True,
P1064,Kavya,Kulkarni,50,M,kavya.kulkarni@yahoo.com,+91-9726160204,237474074821,1976-08-12,2026-09-05T16:43:04.139291+00:00,UseCase - Airlines.xlsx,True,
P1065,Ishaan,Kulkarni,4,F,ishaan.kulkarni@hotmail.com,+91-8786055206,647436713695,2022-10-10,2026-09-05T16:43:04.139291+00:00,UseCase - Airlines.xlsx,True,
P1066,Riya,Singh,2,F,riya.singh@outlook.com,+91-6991246046,640909743953,2024-11-07,2026-09-05T16:43:04.139291+00:00,UseCase - Airlines.xlsx,True,
P1067,Reyansh,Pillai,6,F,reyansh.pillai@hotmail.com,+91-8827744047,210470952145,2020-12-14,2026-09-05T16:43:04.139291+00:00,UseCase - Airlines.xlsx,True,
P1068,Sai,Banerjee,54,M,sai.banerjee@yahoo.com,+91-7241905500,858842474517,1972-02-05,2026-09-05T16:43:04.139291+00:00,UseCase - Airlines.xlsx,True,
P1069,Krishna,Nair,4,M,krishna.nair@yahoo.com,+91-9963919401,851604817549,2022-07-27,2026-09-05T16:43:04.139291+00:00,UseCase - Airlines.xlsx,True,
P1070,Ira,Sharma,54,F,ira.sharma@outlook.com,+91-6824600232,370985931746,1972-02-05,2026-09-05T16:43:04.139291+00:00,UseCase - Airlines.xlsx,True,
P1071,Saanvi,Ghosh,63,M,saanvi.ghosh@gmail.com,+91-6426808977,711382675869,1963-12-24,2026-09-05T16:43:04.139291+00:00,UseCase - Airlines.xlsx,True,
P1072,Krishna,Banerjee,18,M,krishna.banerjee@yahoo.com,+91-9803217037,179640537735,2008-02-22,2026-09-05T16:43:04.139291+00:00,UseCase - Airlines.xlsx,True,
P1073,Ananya,Pillai,44,M,ananya.pillai@outlook.com,+91-8165015165,643171390053,1982-03-26,2026-09-05T16:43:04.139291+00:00,UseCase - Airlines.xlsx,True,
P1074,Riya,Patel,34,F,riya.patel@hotmail.com,+91-7173669588,839335290422,1992-09-09,2026-09-05T16:43:04.139291+00:00,UseCase - Airlines.xlsx,True,
P1075,Krishna,Khan,74,F,krishna.khan@yahoo.com,+91-6809805235,20539502402,1952-12-14,2026-09-05T16:43:04.139291+00:00,UseCase - Airlines.xlsx,True,
P1076,Kavya,Joshi,62,M,kavya.joshi@hotmail.com,+91-6900651998,177589178390,1964-12-26,2026-09-05T16:43:04.139291+00:00,UseCase - Airlines.xlsx,True,
P1077,Myra,Singh,14,F,myra.singh@hotmail.com,+91-8591819409,7661771159,2012-03-03,2026-09-05T16:43:04.139291+00:00,UseCase - Airlines.xlsx,True,
P1078,Reyansh,Reddy,48,M,reyansh.reddy@yahoo.com,+91-8770355806,985698478961,1978-12-04,2026-09-05T16:43:04.139291+00:00,UseCase - Airlines.xlsx,True,
P1079,Diya,Mishra,15,M,diya.mishra@hotmail.com,+91-7561784080,736576615654,2011-06-05,2026-09-05T16:43:04.139291+00:00,UseCase - Airlines.xlsx,True,
P1080,Shaurya,Chatterjee,72,M,shaurya.chatterjee@rediffmail.com,+91-6197951867,116152809885,1954-11-04,2026-09-05T16:43:04.139291+00:00,UseCase - Airlines.xlsx,True,
P1081,Kavya,Ghosh,78,M,kavya.ghosh@rediffmail.com,+91-8814403943,604945198327,1948-04-28,2026-09-05T16:43:04.139291+00:00,UseCase - Airlines.xlsx,True,
P1082,Sai,Joshi,87,F,sai.joshi@gmail.com,+91-8697285504,514936899809,1939-11-27,2026-09-05T16:43:04.139291+00:00,UseCase - Airlines.xlsx,True,
P1083,Arjun,Banerjee,62,F,arjun.banerjee@outlook.com,+91-6293720285,445502296120,1964-02-24,2026-09-05T16:43:04.139291+00:00,UseCase - Airlines.xlsx,True,
P1084,Aditya,Patel,40,F,aditya.patel1@hotmail.com,+91-7503935666,675254599102,1986-03-25,2026-09-05T16:43:04.139291+00:00,UseCase - Airlines.xlsx,True,
P1085,Diya,Naidu,85,M,diya.naidu@hotmail.com,+91-6823668399,147679764381,1941-06-14,2026-09-05T16:43:04.139291+00:00,UseCase - Airlines.xlsx,True,
P1086,Vivaan,Chatterjee,80,M,vivaan.chatterjee1@gmail.com,+91-8828230915,978403690034,1946-04-25,2026-09-05T16:43:04.139291+00:00,UseCase - Airlines.xlsx,True,
P1087,Vivaan,Sharma,82,M,vivaan.sharma1@yahoo.com,+91-8410791488,510762268388,1944-11-26,2026-09-05T16:43:04.139291+00:00,UseCase - Airlines.xlsx,True,
P1088,Ira,Chatterjee,53,F,ira.chatterjee@outlook.com,+91-6526351920,60715969664,1973-02-13,2026-09-05T16:43:04.139291+00:00,UseCase - Airlines.xlsx,True,
P1089,Ishaan,Mishra,24,M,ishaan.mishra@gmail.com,+91-8284547422,975161369681,2002-07-28,2026-09-05T16:43:04.139291+00:00,UseCase - Airlines.xlsx,True,
P1090,Vivaan,Reddy,26,F,vivaan.reddy@outlook.com,+91-8337911187,521818835523,2000-02-05,2026-09-05T16:43:04.139291+00:00,UseCase - Airlines.xlsx,True,
P1091,Ira,Sharma,89,F,ira.sharma1@outlook.com,+91-7286293158,921277997995,1937-11-11,2026-09-05T16:43:04.139291+00:00,UseCase - Airlines.xlsx,True,
P1092,Reyansh,Verma,60,F,reyansh.verma@yahoo.com,+91-9173321814,774490581477,1966-01-02,2026-09-05T16:43:04.139291+00:00,UseCase - Airlines.xlsx,True,
P1093,Anika,Pillai,41,F,anika.pillai@outlook.com,+91-8182389284,199867980793,1985-06-20,2026-09-05T16:43:04.139291+00:00,UseCase - Airlines.xlsx,True,
P1094,Kavya,Agarwal,29,F,kavya.agarwal@rediffmail.com,+91-7166436383,715182037788,1997-10-06,2026-09-05T16:43:04.139291+00:00,UseCase - Airlines.xlsx,True,
P1095,Anika,Verma,15,F,anika.verma@outlook.com,+91-8403754671,665905151864,2011-05-24,2026-09-05T16:43:04.139291+00:00,UseCase - Airlines.xlsx,True,
P1096,Myra,Agarwal,45,M,myra.agarwal@hotmail.com,+91-7457944766,192546291486,1981-11-26,2026-09-05T16:43:04.139291+00:00,UseCase - Airlines.xlsx,True,
P1097,Shaurya,Mehta,65,M,shaurya.mehta@outlook.com,+91-7819532005,816850542357,1961-04-08,2026-09-05T16:43:04.139291+00:00,UseCase - Airlines.xlsx,True,
P1098,Reyansh,Chatterjee,89,F,reyansh.chatterjee@yahoo.com,+91-7182855381,418880592962,1937-03-06,2026-09-05T16:43:04.139291+00:00,UseCase - Airlines.xlsx,True,
P1099,Vivaan,Agarwal,71,F,vivaan.agarwal@hotmail.com,+91-7874364348,706537947383,1955-05-26,2026-09-05T16:43:04.139291+00:00,UseCase - Airlines.xlsx,True,
P1100,Muhammad,Joshi,9,M,muhammad.joshi@rediffmail.com,+91-7494966219,977468862392,2017-05-02,2026-09-05T16:43:04.139291+00:00,UseCase - Airlines.xlsx,True,
P1101,Shaurya,Agarwal,88,F,shaurya.agarwal@rediffmail.com,+91-8695433590,181412478261,1938-04-27,2026-09-05T16:43:04.139291+00:00,UseCase - Airlines.xlsx,True,
P1102,Myra,Kulkarni,1,F,myra.kulkarni@rediffmail.com,+91-8128636900,606853615305,2025-02-27,2026-09-05T16:43:04.139291+00:00,UseCase - Airlines.xlsx,True,
P1102,Myra,Kulkarni,1,F,myra.kulkarni@outlook.com,+91-7247746438,47277901043,2025-03-18,2026-09-05T16:43:04.139291+00:00,UseCase - Airlines.xlsx,True,
P1103,Ishaan,Banerjee,8,M,ishaan.banerjee@hotmail.com,+91-9219385981,434103697117,2018-10-18,2026-09-05T16:43:04.139291+00:00,UseCase - Airlines.xlsx,True,
P1104,Vivaan, Verma,88,F,vivaan.verma@gmail.com,+91-7871531100,246095396218,1938-06-03,2026-09-05T16:43:04.139291+00:00,UseCase - Airlines.xlsx,True,
P1104,Vivaan,Verma,88,F,vivaan.verma@hotmail.com,+91-6519246503,706540515319,1938-12-25,2026-09-05T16:43:04.139291+00:00,UseCase - Airlines.xlsx,True,
P1104,Vivaan,Verma,88,F,vivaan.verma@outlook.com,+91-7147605080,585277221704,1938-04-02,2026-09-05T16:43:04.139291+00:00,UseCase - Airlines.xlsx,True,
P1105,Muhammad,Singh,63,F,muhammad.singh@yahoo.com,+91-6438868427,486874034505,1963-05-04,2026-09-05T16:43:04.139291+00:00,UseCase - Airlines.xlsx,True,
P1106,Sara,Nair,11,F,sara.nair@outlook.com,+91-9529520110,765277584161,2015-07-20,2026-09-05T16:43:04.139291+00:00,UseCase - Airlines.xlsx,True,
P1107,Anika,Joshi,81,M,anika.joshi@yahoo.com,+91-8444898148,115447962757,1945-01-24,2026-09-05T16:43:04.139291+00:00,UseCase - Airlines.xlsx,True,
P1108,Ishaan,Kulkarni,8,M,ishaan.kulkarni@outlook.com,+91-9394801573,16582029702,2018-02-08,2026-09-05T16:43:04.139291+00:00,UseCase - Airlines.xlsx,True,
P1108,IshaanKulkarni,,8,M,ishaankulkarni.user@outlook.com,+91-8511086777,909275571928,2018-06-13,2026-09-05T16:43:04.139291+00:00,UseCase - Airlines.xlsx,True,WARN_MISSING_LAST_NAME
P1109,Vivaan,Chatterjee,35,M,vivaan.chatterjee@outlook.com,+91-8368018471,102786814473,1991-10-10,2026-09-05T16:43:04.139291+00:00,UseCase - Airlines.xlsx,True,
P1110,Ira,Khan,35,F,ira.khan@rediffmail.com,+91-7231680929,217271551884,1991-05-28,2026-09-05T16:43:04.139291+00:00,UseCase - Airlines.xlsx,True,
P1111,Krishna,Sharma,33,F,krishna.sharma@yahoo.com,+91-7952225000,583132370589,1993-06-15,2026-09-05T16:43:04.139291+00:00,UseCase - Airlines.xlsx,True,
P1112,Sara,Mishra,5,M,sara.mishra@hotmail.com,+91-7757074545,114678669125,2021-11-03,2026-09-05T16:43:04.139291+00:00,UseCase - Airlines.xlsx,True,
P1113,Anika,Pillai,41,F,anika.pillai@rediffmail.com,+91-9830261466,852892268018,1985-03-10,2026-09-05T16:43:04.139291+00:00,UseCase - Airlines.xlsx,True,
P1114,Anika,Sharma,28,F,anika.sharma@yahoo.com,+91-7446454337,358414384249,1998-09-03,2026-09-05T16:43:04.139291+00:00,UseCase - Airlines.xlsx,True,
P1115,Sara,Singh,7,F,sara.singh@hotmail.com,+91-7735449477,922995900109,2019-05-21,2026-09-05T16:43:04.139291+00:00,UseCase - Airlines.xlsx,True,
P1116,Vivaan,Ghosh,73,F,vivaan.ghosh@yahoo.com,+91-9763688866,78447364710,1953-03-15,2026-09-05T16:43:04.139291+00:00,UseCase - Airlines.xlsx,True,
P1117,Aarav,Pillai,72,F,aarav.pillai@rediffmail.com,+91-9598690974,359255562588,1954-02-11,2026-09-05T16:43:04.139291+00:00,UseCase - Airlines.xlsx,True,
P1118,Vivaan,Reddy,12,M,vivaan.reddy@yahoo.com,+91-9231556899,473210469632,2014-06-19,2026-09-05T16:43:04.139291+00:00,UseCase - Airlines.xlsx,True,
P1119,Aditya,Joshi,34,F,aditya.joshi@outlook.com,+91-7919395339,278774701687,1992-04-07,2026-09-05T16:43:04.139291+00:00,UseCase - Airlines.xlsx,True,
P1120,Aarav,Ghosh,33,M,aarav.ghosh@hotmail.com,+91-8152246275,47974801624,1993-12-12,2026-09-05T16:43:04.139291+00:00,UseCase - Airlines.xlsx,True,
P1121,Riya,Gupta,48,F,riya.gupta@rediffmail.com,+91-8148578655,609835841687,1978-09-09,2026-09-05T16:43:04.139291+00:00,UseCase - Airlines.xlsx,True,
P1122,Ananya,Verma,23,M,ananya.verma@hotmail.com,+91-6238151258,165585239868,2003-01-02,2026-09-05T16:43:04.139291+00:00,UseCase - Airlines.xlsx,True,
P1123,Sara,Khan,62,F,sara.khan@gmail.com,+91-7866213410,578729825952,1964-07-20,2026-09-05T16:43:04.139291+00:00,UseCase - Airlines.xlsx,True,
P1124,Myra,Verma,88,M,myra.verma@outlook.com,+91-8644725317,887947055169,1938-05-26,2026-09-05T16:43:04.139291+00:00,UseCase - Airlines.xlsx,True,
P1125,Reyansh,Reddy,37,F,reyansh.reddy@gmail.com,+91-9385111130,993097289623,1989-01-19,2026-09-05T16:43:04.139291+00:00,UseCase - Airlines.xlsx,True,
P1126,Ira,Gupta,44,M,ira.gupta@gmail.com,+91-7120333847,756263689702,1982-09-07,2026-09-05T16:43:04.139291+00:00,UseCase - Airlines.xlsx,True,
P1127,Myra,Singh,86,F,myra.singh1@hotmail.com,+91-8811060614,786527858549,1940-08-07,2026-09-05T16:43:04.139291+00:00,UseCase - Airlines.xlsx,True,
P1128,Diya,Patel,35,M,diya.patel@yahoo.com,+91-8699240979,434437575844,1991-02-19,2026-09-05T16:43:04.139291+00:00,UseCase - Airlines.xlsx,True,
P1129,Vivaan,Joshi,65,F,vivaan.joshi@hotmail.com,+91-9523625992,524041574733,1961-09-09,2026-09-05T16:43:04.139291+00:00,UseCase - Airlines.xlsx,True,
P1130,Shaurya,Sharma,47,M,shaurya.sharma@hotmail.com,+91-8247395716,199330833016,1979-06-23,2026-09-05T16:43:04.139291+00:00,UseCase - Airlines.xlsx,True,
P1131,Shaurya,Banerjee,78,M,shaurya.banerjee@rediffmail.com,+91-6831424323,208267734540,1948-02-21,2026-09-05T16:43:04.139291+00:00,UseCase - Airlines.xlsx,True,
P1132,Ishaan,Banerjee,3,F,ishaan.banerjee1@hotmail.com,+91-7674615376,26206724004,2023-10-20,2026-09-05T16:43:04.139291+00:00,UseCase - Airlines.xlsx,True,
P1133,Sai,Banerjee,1,F,sai.banerjee@gmail.com,+91-8405545745,788728743152,2025-12-15,2026-09-05T16:43:04.139291+00:00,UseCase - Airlines.xlsx,True,
P1134,Ira,Verma,5,M,ira.verma@outlook.com,+91-7115122787,549329668516,2021-11-04,2026-09-05T16:43:04.139291+00:00,UseCase - Airlines.xlsx,True,
P1135,Shaurya,Banerjee,14,F,shaurya.banerjee@yahoo.com,+91-7612662437,530463745499,2012-01-09,2026-09-05T16:43:04.139291+00:00,UseCase - Airlines.xlsx,True,
P1136,Aadhya,Verma,27,M,aadhya.verma@outlook.com,+91-7166705490,174268414593,1999-04-05,2026-09-05T16:43:04.139291+00:00,UseCase - Airlines.xlsx,True,
P1137,Aditya,Iyer,9,M,aditya.iyer@rediffmail.com,+91-7588529624,956878339187,2017-09-23,2026-09-05T16:43:04.139291+00:00,UseCase - Airlines.xlsx,True,
P1138,Saanvi,Mehta,79,M,saanvi.mehta@outlook.com,+91-6705771555,108839822587,1947-02-22,2026-09-05T16:43:04.139291+00:00,UseCase - Airlines.xlsx,True,
P1139,Aarav,Agarwal,15,F,aarav.agarwal@yahoo.com,+91-9197647841,870728679087,2011-11-26,2026-09-05T16:43:04.139291+00:00,UseCase - Airlines.xlsx,True,
P1140,Shaurya,Singh,42,M,shaurya.singh@outlook.com,+91-6525146690,403910651801,1984-08-02,2026-09-05T16:43:04.139291+00:00,UseCase - Airlines.xlsx,True,
P1140,Shaurya,Singh,42,M,shaurya.singh1@outlook.com,+91-9293253475,265676618251,1984-03-18,2026-09-05T16:43:04.139291+00:00,UseCase - Airlines.xlsx,True,
P1141,Sai,Kulkarni,77,M,sai.kulkarni@rediffmail.com,+91-7881531720,300478686337,1949-06-05,2026-09-05T16:43:04.139291+00:00,UseCase - Airlines.xlsx,True,
P1141,SaiKulkarni,,77,M,saikulkarni.user@outlook.com,+91-7878488534,106903311907,1949-10-22,2026-09-05T16:43:04.139291+00:00,UseCase - Airlines.xlsx,True,WARN_MISSING_LAST_NAME
P1142,Saanvi,Naidu,51,F,saanvi.naidu@gmail.com,+91-7895149930,67383028439,1975-06-19,2026-09-05T16:43:04.139291+00:00,UseCase - Airlines.xlsx,True,
P1143,Arjun,Nair,63,F,arjun.nair@hotmail.com,+91-8354373770,428364408926,1963-09-16,2026-09-05T16:43:04.139291+00:00,UseCase - Airlines.xlsx,True,
P1144,Aadhya,Mehta,52,F,aadhya.mehta@gmail.com,+91-8790755362,685662462873,1974-04-10,2026-09-05T16:43:04.139291+00:00,UseCase - Airlines.xlsx,True,
P1145,Ananya,Pillai,4,F,ananya.pillai@yahoo.com,+91-9161873231,866882634351,2022-08-28,2026-09-05T16:43:04.139291+00:00,UseCase - Airlines.xlsx,True,
P1146,Krishna,Khan,23,M,krishna.khan@outlook.com,+91-6675134276,304699013983,2003-08-07,2026-09-05T16:43:04.139291+00:00,UseCase - Airlines.xlsx,True,
P1147,Reyansh,Pillai,15,M,reyansh.pillai@outlook.com,+91-8116464447,331739363854,2011-07-15,2026-09-05T16:43:04.139291+00:00,UseCase - Airlines.xlsx,True,
P1148,Muhammad,Chatterjee,43,M,muhammad.chatterjee@hotmail.com,+91-8431165907,458771753556,1983-01-19,2026-09-05T16:43:04.139291+00:00,UseCase - Airlines.xlsx,True,
P1149,Ishaan,Nair,29,M,ishaan.nair@yahoo.com,+91-7117415986,489964235369,1997-04-16,2026-09-05T16:43:04.139291+00:00,UseCase - Airlines.xlsx,True,
P1150,Anika,Agarwal,36,F,anika.agarwal@hotmail.com,+91-8376302498,777252287280,1990-09-02,2026-09-05T16:43:04.139291+00:00,UseCase - Airlines.xlsx,True,
P1151,Krishna,Sharma,13,M,krishna.sharma@gmail.com,+91-6920702588,62312038750,2013-10-21,2026-09-05T16:43:04.139291+00:00,UseCase - Airlines.xlsx,True,
P1152,Diya,Joshi,32,M,diya.joshi@hotmail.com,+91-9807901168,700886008484,1994-01-17,2026-09-05T16:43:04.139291+00:00,UseCase - Airlines.xlsx,True,
P1153,Ira,Kulkarni,71,F,ira.kulkarni@rediffmail.com,+91-7214908010,182339845461,1955-06-13,2026-09-05T16:43:04.139291+00:00,UseCase - Airlines.xlsx,True,
P1154,Myra,Chatterjee,59,M,myra.chatterjee@rediffmail.com,+91-7848651792,341016668700,1967-12-06,2026-09-05T16:43:04.139291+00:00,UseCase - Airlines.xlsx,True,
P1155,Diya,Naidu,86,M,diya.naidu@gmail.com,+91-9565906941,591803397401,1940-11-09,2026-09-05T16:43:04.139291+00:00,UseCase - Airlines.xlsx,True,
P1156,Reyansh,Mehta,28,M,reyansh.mehta@hotmail.com,+91-6292580427,503926142939,1998-07-22,2026-09-05T16:43:04.139291+00:00,UseCase - Airlines.xlsx,True,
P1157,Arjun,Agarwal,66,M,arjun.agarwal@hotmail.com,+91-8512151733,218501631599,1960-10-13,2026-09-05T16:43:04.139291+00:00,UseCase - Airlines.xlsx,True,
P1158,Muhammad,Joshi,42,M,muhammad.joshi@outlook.com,+91-6780884334,477358662961,1984-10-10,2026-09-05T16:43:04.139291+00:00,UseCase - Airlines.xlsx,True,
P1159,Arjun,Banerjee,45,M,arjun.banerjee@yahoo.com,+91-6188087644,426265511047,1981-06-25,2026-09-05T16:43:04.139291+00:00,UseCase - Airlines.xlsx,True,
P1160,Ananya,Joshi,62,F,ananya.joshi@outlook.com,+91-6242278314,126788861015,1964-09-03,2026-09-05T16:43:04.139291+00:00,UseCase - Airlines.xlsx,True,
P1161,Krishna,Agarwal,57,F,krishna.agarwal@hotmail.com,+91-8513646070,46618398262,1969-03-09,2026-09-05T16:43:04.139291+00:00,UseCase - Airlines.xlsx,True,
P1162,Reyansh,Reddy,6,M,reyansh.reddy@outlook.com,+91-8629487801,212646471543,2020-12-21,2026-09-05T16:43:04.139291+00:00,UseCase - Airlines.xlsx,True,
P1163,Anika,Naidu,28,M,anika.naidu@rediffmail.com,+91-7591625191,124065965756,1998-11-20,2026-09-05T16:43:04.139291+00:00,UseCase - Airlines.xlsx,True,
P1164,Sara,Kulkarni,28,F,sara.kulkarni@yahoo.com,+91-8444311586,937526547935,1998-07-09,2026-09-05T16:43:04.139291+00:00,UseCase - Airlines.xlsx,True,
P1165,Ira,Singh,44,M,ira.singh@rediffmail.com,+91-8222286118,939828073741,1982-07-22,2026-09-05T16:43:04.139291+00:00,UseCase - Airlines.xlsx,True,
P1166,Krishna,Banerjee,84,M,krishna.banerjee@rediffmail.com,+91-7780039397,434266179796,1942-09-17,2026-09-05T16:43:04.139291+00:00,UseCase - Airlines.xlsx,True,
P1167,Riya,Mehta,30,M,riya.mehta@rediffmail.com,+91-6949030118,589113529096,1996-06-26,2026-09-05T16:43:04.139291+00:00,UseCase - Airlines.xlsx,True,
P1168,Myra,Agarwal,62,F,myra.agarwal@rediffmail.com,+91-6111325589,143888993756,1964-08-25,2026-09-05T16:43:04.139291+00:00,UseCase - Airlines.xlsx,True,
P1169,Krishna,Reddy,75,M,krishna.reddy1@hotmail.com,+91-7470405910,71461125457,1951-04-17,2026-09-05T16:43:04.139291+00:00,UseCase - Airlines.xlsx,True,
P1170,Aditya,Mehta,89,F,aditya.mehta@rediffmail.com,+91-8611275626,177514010512,1937-12-08,2026-09-05T16:43:04.139291+00:00,UseCase - Airlines.xlsx,True,
P1171,Ishaan,Banerjee,62,M,ishaan.banerjee2@hotmail.com,+91-7692609167,258673622660,1964-12-20,2026-09-05T16:43:04.139291+00:00,UseCase - Airlines.xlsx,True,
P1172,Sara,Banerjee,1,F,sara.banerjee@yahoo.com,+91-9735873300,660334191825,2025-06-07,2026-09-05T16:43:04.139291+00:00,UseCase - Airlines.xlsx,True,
P1173,Aadhya,Mehta,27,F,aadhya.mehta@rediffmail.com,+91-6381699808,785969691557,1999-10-06,2026-09-05T16:43:04.139291+00:00,UseCase - Airlines.xlsx,True,
P1174,Shaurya,Naidu,62,M,shaurya.naidu@outlook.com,+91-6821672704,251341252866,1964-10-05,2026-09-05T16:43:04.139291+00:00,UseCase - Airlines.xlsx,True,
P1175,Muhammad,Mishra,77,F,muhammad.mishra@hotmail.com,+91-9554234434,278282742257,1949-10-02,2026-09-05T16:43:04.139291+00:00,UseCase - Airlines.xlsx,True,
P1176,Riya,Patel,3,M,riya.patel@outlook.com,+91-6620344871,236887676772,2023-02-19,2026-09-05T16:43:04.139291+00:00,UseCase - Airlines.xlsx,True,
P1177,Reyansh,Patel,70,F,reyansh.patel@gmail.com,+91-7413629152,43842797881,1956-10-04,2026-09-05T16:43:04.139291+00:00,UseCase - Airlines.xlsx,True,
P1178,Kavya,Naidu,72,M,kavya.naidu@outlook.com,+91-8682014641,78361340745,1954-02-15,2026-09-05T16:43:04.139291+00:00,UseCase - Airlines.xlsx,True,
P1178,Kavyanaidu,,72,M,kavyanaidu.user@gmail.com,+91-7325354965,959629233095,1954-09-09,2026-09-05T16:43:04.139291+00:00,UseCase - Airlines.xlsx,True,WARN_MISSING_LAST_NAME
P1179,Sai,Naidu,27,M,sai.naidu@hotmail.com,+91-7447520416,449481260422,1999-04-05,2026-09-05T16:43:04.139291+00:00,UseCase - Airlines.xlsx,True,
P1180,Anika,Gupta,9,F,anika.gupta@outlook.com,+91-7917626034,672946671168,2017-12-09,2026-09-05T16:43:04.139291+00:00,UseCase - Airlines.xlsx,True,
P1181,Shaurya,Chatterjee,62,M,shaurya.chatterjee@outlook.com,+91-9624033772,590175186363,1964-08-09,2026-09-05T16:43:04.139291+00:00,UseCase - Airlines.xlsx,True,
P1182,Aarav,Das,37,M,aarav.das@outlook.com,+91-8462661837,892975001701,1989-03-15,2026-09-05T16:43:04.139291+00:00,UseCase - Airlines.xlsx,True,
P1183,Shaurya,Pillai,51,F,shaurya.pillai@rediffmail.com,+91-6559346003,324241541520,1975-07-21,2026-09-05T16:43:04.139291+00:00,UseCase - Airlines.xlsx,True,
P1184,Shaurya,Singh,44,M,shaurya.singh2@outlook.com,+91-7560883210,110371293870,1982-01-23,2026-09-05T16:43:04.139291+00:00,UseCase - Airlines.xlsx,True,
P1185,Aditya,Kulkarni,24,M,aditya.kulkarni@outlook.com,+91-6553456129,271361115542,2002-07-25,2026-09-05T16:43:04.139291+00:00,UseCase - Airlines.xlsx,True,
P1186,Sara,Mishra,79,F,sara.mishra@yahoo.com,+91-7173456403,890927532697,1947-04-03,2026-09-05T16:43:04.139291+00:00,UseCase - Airlines.xlsx,True,
P1187,Aditya,Das,59,F,aditya.das@gmail.com,+91-7907932366,196565234138,1967-10-20,2026-09-05T16:43:04.139291+00:00,UseCase - Airlines.xlsx,True,
P1188,Ananya,Agarwal,32,M,ananya.agarwal@hotmail.com,+91-8936412291,43898364037,1994-07-04,2026-09-05T16:43:04.139291+00:00,UseCase - Airlines.xlsx,True,
P1189,Aditya,Mehta,88,M,aditya.mehta@yahoo.com,+91-9785135687,918055269658,1938-11-06,2026-09-05T16:43:04.139291+00:00,UseCase - Airlines.xlsx,True,
P1190,Aarav,Ghosh,52,F,aarav.ghosh@rediffmail.com,+91-6117920106,910430068486,1974-07-23,2026-09-05T16:43:04.139291+00:00,UseCase - Airlines.xlsx,True,
P1191,Aditya,Mishra,62,F,aditya.mishra@rediffmail.com,+91-6787771674,889241418328,1964-06-13,2026-09-05T16:43:04.139291+00:00,UseCase - Airlines.xlsx,True,
P1192,Aarav,Iyer,58,M,aarav.iyer@hotmail.com,+91-6433041955,630316179904,1968-11-24,2026-09-05T16:43:04.139291+00:00,UseCase - Airlines.xlsx,True,
P1193,Ira,Das,52,F,ira.das@yahoo.com,+91-6113598909,202758842524,1974-12-04,2026-09-05T16:43:04.139291+00:00,UseCase - Airlines.xlsx,True,
P1194,Ananya,Das,12,M,ananya.das@gmail.com,+91-8966625455,648149177850,2014-08-28,2026-09-05T16:43:04.139291+00:00,UseCase - Airlines.xlsx,True,
P1195,Aditya,Das,39,M,aditya.das@hotmail.com,+91-7494801749,241913800030,1987-08-12,2026-09-05T16:43:04.139291+00:00,UseCase - Airlines.xlsx,True,
P1196,Shaurya,Patel,2,M,shaurya.patel@rediffmail.com,+91-7292157835,86353654195,2024-02-17,2026-09-05T16:43:04.139291+00:00,UseCase - Airlines.xlsx,True,
P1197,Krishna,Nair,3,M,krishna.nair@gmail.com,+91-7339643129,806174451870,2023-06-07,2026-09-05T16:43:04.139291+00:00,UseCase - Airlines.xlsx,True,
P1198,Kavya,Naidu,56,M,kavya.naidu1@outlook.com,+91-8894113665,937597383206,1970-01-08,2026-09-05T16:43:04.139291+00:00,UseCase - Airlines.xlsx,True,
P1199,Aditya,Pillai,81,F,aditya.pillai@hotmail.com,+91-8782837348,50641383670,1945-03-23,2026-09-05T16:43:04.139291+00:00,UseCase - Airlines.xlsx,True,
P1200,Saanvi,Kulkarni,59,F,saanvi.kulkarni@outlook.com,+91-6147137549,386571918261,1967-10-19,2026-09-05T16:43:04.139291+00:00,UseCase - Airlines.xlsx,True,
P1201,Myra,Reddy,2,F,myra.reddy@gmail.com,+91-9811293744,234456557431,2024-04-05,2026-09-05T16:43:04.139291+00:00,UseCase - Airlines.xlsx,True,
P1202,Aarav,Mishra,2,F,aarav.mishra@hotmail.com,+91-6266870811,127756185374,2024-08-09,2026-09-05T16:43:04.139291+00:00,UseCase - Airlines.xlsx,True,
P1203,Aadhya,Nair,54,M,aadhya.nair@gmail.com,+91-6269238221,490352135680,1972-11-10,2026-09-05T16:43:04.139291+00:00,UseCase - Airlines.xlsx,True,
P1204,Shaurya,Sharma,87,M,shaurya.sharma@outlook.com,+91-7133374137,678831712100,1939-04-05,2026-09-05T16:43:04.139291+00:00,UseCase - Airlines.xlsx,True,
P1205,Sai,Naidu,1,M,sai.naidu@yahoo.com,+91-9499689381,199410137215,2025-02-02,2026-09-05T16:43:04.139291+00:00,UseCase - Airlines.xlsx,True,
P1206,Diya,Banerjee,19,M,diya.banerjee@rediffmail.com,+91-6280377032,966706625324,2007-05-15,2026-09-05T16:43:04.139291+00:00,UseCase - Airlines.xlsx,True,
P1207,Sai,Ghosh,2,F,sai.ghosh@yahoo.com,+91-6759391912,993476870146,2024-03-14,2026-09-05T16:43:04.139291+00:00,UseCase - Airlines.xlsx,True,
P1208,Aarav,Joshi,53,M,aarav.joshi@yahoo.com,+91-7777267364,806578759856,1973-05-06,2026-09-05T16:43:04.139291+00:00,UseCase - Airlines.xlsx,True,
P1209,Arjun,Mishra,44,M,arjun.mishra@gmail.com,+91-8741148802,304078593213,1982-11-08,2026-09-05T16:43:04.139291+00:00,UseCase - Airlines.xlsx,True,
P1210,Saanvi,Sharma,32,F,saanvi.sharma@outlook.com,+91-6920392140,396522395590,1994-12-23,2026-09-05T16:43:04.139291+00:00,UseCase - Airlines.xlsx,True,
P1211,Ishaan,Agarwal,70,F,ishaan.agarwal@outlook.com,+91-7704633564,378427010393,1956-01-17,2026-09-05T16:43:04.139291+00:00,UseCase - Airlines.xlsx,True,
P1212,Shaurya,Joshi,32,F,shaurya.joshi@rediffmail.com,+91-6456196659,932525002921,1994-09-28,2026-09-05T16:43:04.139291+00:00,UseCase - Airlines.xlsx,True,
P1213,Sai,Pillai,68,F,sai.pillai@outlook.com,+91-6501140044,691545226752,1958-12-18,2026-09-05T16:43:04.139291+00:00,UseCase - Airlines.xlsx,True,
P1214,Riya,Mishra,55,M,riya.mishra@hotmail.com,+91-8339699130,926442209690,1971-03-20,2026-09-05T16:43:04.139291+00:00,UseCase - Airlines.xlsx,True,
P1215,Ira,Naidu,75,M,ira.naidu@outlook.com,+91-7786815488,917251355215,1951-08-01,2026-09-05T16:43:04.139291+00:00,UseCase - Airlines.xlsx,True,
P1216,Riya, Sharma,56,F,riya.sharma@outlook.com,+91-7367942460,154100676267,1970-07-12,2026-09-05T16:43:04.139291+00:00,UseCase - Airlines.xlsx,True,
P1216,Riya,Sharma,56,F,riya.sharma@hotmail.com,+91-9208908082,793271040541,1970-02-11,2026-09-05T16:43:04.139291+00:00,UseCase - Airlines.xlsx,True,
P1217,Krishna,Iyer,17,M,krishna.iyer@yahoo.com,+91-9272769884,181599706296,2009-03-02,2026-09-05T16:43:04.139291+00:00,UseCase - Airlines.xlsx,True,
P1218,Ira,Iyer,38,M,ira.iyer@gmail.com,+91-8320708138,368844431069,1988-09-27,2026-09-05T16:43:04.139291+00:00,UseCase - Airlines.xlsx,True,
P1219,Muhammad,Nair,24,M,muhammad.nair@rediffmail.com,+91-7158524142,506149731032,2002-11-10,2026-09-05T16:43:04.139291+00:00,UseCase - Airlines.xlsx,True,
P1220,Shaurya,Singh,69,F,shaurya.singh@gmail.com,+91-9224026766,467741862565,1957-03-15,2026-09-05T16:43:04.139291+00:00,UseCase - Airlines.xlsx,True,
P1221,Diya,Nair,70,M,diya.nair@gmail.com,+91-8572167680,743490211586,1956-10-08,2026-09-05T16:43:04.139291+00:00,UseCase - Airlines.xlsx,True,
P1222,Muhammad,Verma,86,F,muhammad.verma@hotmail.com,+91-6515652006,868793741608,1940-10-17,2026-09-05T16:43:04.139291+00:00,UseCase - Airlines.xlsx,True,
P1223,Sara,Das,11,M,sara.das@hotmail.com,+91-7229151674,722332061632,2015-10-09,2026-09-05T16:43:04.139291+00:00,UseCase - Airlines.xlsx,True,
P1224,Aadhya,Ghosh,16,M,aadhya.ghosh@outlook.com,+91-6193445007,686854870998,2010-07-04,2026-09-05T16:43:04.139291+00:00,UseCase - Airlines.xlsx,True,
P1225,Muhammad,Gupta,73,M,muhammad.gupta@rediffmail.com,+91-7259128258,999119148564,1953-07-21,2026-09-05T16:43:04.139291+00:00,UseCase - Airlines.xlsx,True,
P1226,Kavya,Chatterjee,59,F,kavya.chatterjee@rediffmail.com,+91-9140228456,246299606530,1967-12-16,2026-09-05T16:43:04.139291+00:00,UseCase - Airlines.xlsx,True,
P1227,Aadhya,Reddy,70,M,aadhya.reddy@outlook.com,+91-8121724902,544471324754,1956-12-14,2026-09-05T16:43:04.139291+00:00,UseCase - Airlines.xlsx,True,
P1228,Anika,Iyer,80,F,anika.iyer@hotmail.com,+91-6301794412,736785082148,1946-07-05,2026-09-05T16:43:04.139291+00:00,UseCase - Airlines.xlsx,True,
P1229,Arjun,Das,3,F,arjun.das@hotmail.com,+91-6286549068,330307053457,2023-09-13,2026-09-05T16:43:04.139291+00:00,UseCase - Airlines.xlsx,True,
P1230,Kavya,Mehta,20,F,kavya.mehta@gmail.com,+91-6359779054,579727985524,2006-12-27,2026-09-05T16:43:04.139291+00:00,UseCase - Airlines.xlsx,True,
P1231,Riya,Das,59,M,riya.das@gmail.com,+91-8129474736,602933334680,1967-11-01,2026-09-05T16:43:04.139291+00:00,UseCase - Airlines.xlsx,True,
P1232,Ishaan,Kulkarni,36,M,ishaan.kulkarni@rediffmail.com,+91-7795109916,290349446657,1990-05-07,2026-09-05T16:43:04.139291+00:00,UseCase - Airlines.xlsx,True,
P1233,Ishaan,Agarwal,19,M,ishaan.agarwal@rediffmail.com,+91-8827133833,896910858994,2007-05-22,2026-09-05T16:43:04.139291+00:00,UseCase - Airlines.xlsx,True,
P1234,Ananya,Banerjee,67,M,ananya.banerjee@gmail.com,+91-9168544512,545444328309,1959-07-22,2026-09-05T16:43:04.139291+00:00,UseCase - Airlines.xlsx,True,
P1235,Arjun,Ghosh,19,F,arjun.ghosh@outlook.com,+91-7874471936,74466609935,2007-12-23,2026-09-05T16:43:04.139291+00:00,UseCase - Airlines.xlsx,True,
P1236,Myra,Sharma,20,F,myra.sharma@yahoo.com,+91-9821413281,584282417248,2006-03-22,2026-09-05T16:43:04.139291+00:00,UseCase - Airlines.xlsx,True,
P1236,MyraSharma,,20,F,myrasharma.user@outlook.com,+91-6338642889,534655494717,2006-01-28,2026-09-05T16:43:04.139291+00:00,UseCase - Airlines.xlsx,True,WARN_MISSING_LAST_NAME
P1237,Ishaan,Kulkarni,71,F,ishaan.kulkarni1@hotmail.com,+91-6607042021,381684602235,1955-07-19,2026-09-05T16:43:04.139291+00:00,UseCase - Airlines.xlsx,True,
P1238,Ishaan,Mishra,52,M,ishaan.mishra@rediffmail.com,+91-7439714150,217525007432,1974-10-25,2026-09-05T16:43:04.139291+00:00,UseCase - Airlines.xlsx,True,
P1239,Ananya,Singh,33,F,ananya.singh@yahoo.com,+91-9943113786,129666676008,1993-04-24,2026-09-05T16:43:04.139291+00:00,UseCase - Airlines.xlsx,True,
P1240,Anika,Ghosh,40,M,anika.ghosh@outlook.com,+91-6445973716,830033542168,1986-10-10,2026-09-05T16:43:04.139291+00:00,UseCase - Airlines.xlsx,True,
P1241,Aadhya,Chatterjee,39,F,aadhya.chatterjee@yahoo.com,+91-6984595578,44789856257,1987-06-25,2026-09-05T16:43:04.139291+00:00,UseCase - Airlines.xlsx,True,
P1242,Ishaan,Nair,82,M,ishaan.nair1@yahoo.com,+91-7971887294,603323098215,1944-12-21,2026-09-05T16:43:04.139291+00:00,UseCase - Airlines.xlsx,True,
P1243,Aadhya,Chatterjee,1,M,aadhya.chatterjee@gmail.com,+91-9787539531,489090100167,2025-07-04,2026-09-05T16:43:04.139291+00:00,UseCase - Airlines.xlsx,True,
P1244,Saanvi,Singh,11,F,saanvi.singh@hotmail.com,+91-8609379184,230461849926,2015-02-17,2026-09-05T16:43:04.139291+00:00,UseCase - Airlines.xlsx,True,
P1245,Arjun,Chatterjee,57,F,arjun.chatterjee@hotmail.com,+91-6403554082,117393483564,1969-03-02,2026-09-05T16:43:04.139291+00:00,UseCase - Airlines.xlsx,True,
P1246,Ira,Iyer,89,F,ira.iyer@hotmail.com,+91-9323009714,753001197218,1937-02-24,2026-09-05T16:43:04.139291+00:00,UseCase - Airlines.xlsx,True,
P1247,Arjun,Agarwal,50,F,arjun.agarwal@gmail.com,+91-8791851361,374470120455,1976-07-24,2026-09-05T16:43:04.139291+00:00,UseCase - Airlines.xlsx,True,
P1248,Saanvi,Gupta,23,M,saanvi.gupta@gmail.com,+91-6914115345,2255794155,2003-03-04,2026-09-05T16:43:04.139291+00:00,UseCase - Airlines.xlsx,True,
P1249,Kavya,Pillai,31,F,kavya.pillai@rediffmail.com,+91-9590204687,467621202169,1995-08-26,2026-09-05T16:43:04.139291+00:00,UseCase - Airlines.xlsx,True,
P1250,Arjun,Singh,42,F,arjun.singh@hotmail.com,+91-9294627041,965902771670,1984-02-09,2026-09-05T16:43:04.139291+00:00,UseCase - Airlines.xlsx,True,
P1251,Aarav,Pillai,7,F,aarav.pillai@outlook.com,+91-6856524312,899358891637,2019-06-22,2026-09-05T16:43:04.139291+00:00,UseCase - Airlines.xlsx,True,
P1252,Aadhya,Agarwal,16,M,aadhya.agarwal@rediffmail.com,+91-7987380851,890028772175,2010-04-11,2026-09-05T16:43:04.139291+00:00,UseCase - Airlines.xlsx,True,
P1252,Aadhya,Agarwal,16,M,aadhya.agarwal@outlook.com,+91-6644311226,386631779717,2010-08-11,2026-09-05T16:43:04.139291+00:00,UseCase - Airlines.xlsx,True,
P1253,Aditya,Mishra,60,M,aditya.mishra@gmail.com,+91-9900194244,16608801994,1966-09-18,2026-09-05T16:43:04.139291+00:00,UseCase - Airlines.xlsx,True,
P1254,Muhammad,Khan,2,F,muhammad.khan@yahoo.com,+91-9465989408,503758997571,2024-02-25,2026-09-05T16:43:04.139291+00:00,UseCase - Airlines.xlsx,True,
P1255,Aadhya,Chatterjee,1,M,aadhya.chatterjee1@yahoo.com,+91-6466529415,548851027261,2025-05-20,2026-09-05T16:43:04.139291+00:00,UseCase - Airlines.xlsx,True,
P1256,Krishna,Mehta,48,F,krishna.mehta@yahoo.com,+91-7229649816,637351609177,1978-11-19,2026-09-05T16:43:04.139291+00:00,UseCase - Airlines.xlsx,True,
P1257,Ishaan,Banerjee,12,M,ishaan.banerjee3@hotmail.com,+91-7635613177,80869782922,2014-02-13,2026-09-05T16:43:04.139291+00:00,UseCase - Airlines.xlsx,True,
P1258,Diya,Pillai,69,M,diya.pillai@hotmail.com,+91-8641284117,669346547226,1957-10-23,2026-09-05T16:43:04.139291+00:00,UseCase - Airlines.xlsx,True,
P1259,Reyansh,Pillai,37,M,reyansh.pillai1@hotmail.com,+91-8853223780,858333945228,1989-09-23,2026-09-05T16:43:04.139291+00:00,UseCase - Airlines.xlsx,True,
P1260,Ananya,Mishra,32,M,ananya.mishra@outlook.com,+91-6916875967,587996846081,1994-01-13,2026-09-05T16:43:04.139291+00:00,UseCase - Airlines.xlsx,True,
P1261,Saanvi,Nair,9,F,saanvi.nair@yahoo.com,+91-6819679947,34244204380,2017-06-27,2026-09-05T16:43:04.139291+00:00,UseCase - Airlines.xlsx,True,
P1262,Vivaan,Ghosh,19,F,vivaan.ghosh@rediffmail.com,+91-6761541819,838638406665,2007-09-02,2026-09-05T16:43:04.139291+00:00,UseCase - Airlines.xlsx,True,
P1263,Riya,Das,48,F,riya.das1@gmail.com,+91-8318063243,973598933472,1978-11-03,2026-09-05T16:43:04.139291+00:00,UseCase - Airlines.xlsx,True,
P1264,Anika,Ghosh,80,M,anika.ghosh@yahoo.com,+91-7889285590,816064842294,1946-01-11,2026-09-05T16:43:04.139291+00:00,UseCase - Airlines.xlsx,True,
P1265,Aarav,Nair,3,F,aarav.nair@rediffmail.com,+91-7142885885,259094798515,2023-09-08,2026-09-05T16:43:04.139291+00:00,UseCase - Airlines.xlsx,True,
P1266,Aditya,Kulkarni,20,F,aditya.kulkarni@yahoo.com,+91-6944238354,826886153355,2006-06-10,2026-09-05T16:43:04.139291+00:00,UseCase - Airlines.xlsx,True,
P1267,Saanvi,Khan,24,F,saanvi.khan@yahoo.com,+91-9702728525,15739930561,2002-07-09,2026-09-05T16:43:04.139291+00:00,UseCase - Airlines.xlsx,True,
P1268,Krishna,Kulkarni,54,M,krishna.kulkarni@hotmail.com,+91-8126527569,858877043581,1972-02-06,2026-09-05T16:43:04.139291+00:00,UseCase - Airlines.xlsx,True,
P1269,Aarav,Verma,33,M,aarav.verma@hotmail.com,+91-6773164268,133613861207,1993-12-11,2026-09-05T16:43:04.139291+00:00,UseCase - Airlines.xlsx,True,
P1270,Reyansh,Nair,24,M,reyansh.nair@gmail.com,+91-6178649475,24819346676,2002-07-11,2026-09-05T16:43:04.139291+00:00,UseCase - Airlines.xlsx,True,
P1271,Muhammad,Pillai,75,F,muhammad.pillai@gmail.com,+91-9822949013,180919015814,1951-11-10,2026-09-05T16:43:04.139291+00:00,UseCase - Airlines.xlsx,True,
P1272,Sai,Chatterjee,72,F,sai.chatterjee@hotmail.com,+91-6402277050,766072832684,1954-11-05,2026-09-05T16:43:04.139291+00:00,UseCase - Airlines.xlsx,True,
P1273,Kavya,Banerjee,36,F,kavya.banerjee@outlook.com,+91-8111972445,882100996881,1990-05-07,2026-09-05T16:43:04.139291+00:00,UseCase - Airlines.xlsx,True,
P1274,Sara,Ghosh,38,M,sara.ghosh@outlook.com,+91-7543084388,822239431290,1988-09-15,2026-09-05T16:43:04.139291+00:00,UseCase - Airlines.xlsx,True,
P1275,Anika,Iyer,84,M,anika.iyer1@hotmail.com,+91-6412085927,141397552314,1942-10-03,2026-09-05T16:43:04.139291+00:00,UseCase - Airlines.xlsx,True,
P1276,Kavya,Mishra,89,F,kavya.mishra@yahoo.com,+91-8621689527,759492995562,1937-01-11,2026-09-05T16:43:04.139291+00:00,UseCase - Airlines.xlsx,True,
P1277,Sai,Mishra,25,M,sai.mishra@yahoo.com,+91-7864717990,645257775478,2001-02-06,2026-09-05T16:43:04.139291+00:00,UseCase - Airlines.xlsx,True,
P1278,Aditya,Naidu,18,M,aditya.naidu@hotmail.com,+91-6401309071,283411080996,2008-10-07,2026-09-05T16:43:04.139291+00:00,UseCase - Airlines.xlsx,True,
P1279,Ira,Reddy,82,M,ira.reddy@gmail.com,+91-8683545743,872563942788,1944-02-13,2026-09-05T16:43:04.139291+00:00,UseCase - Airlines.xlsx,True,
P1280,Anika,Pillai,66,M,anika.pillai1@outlook.com,+91-6811545609,392827229927,1960-06-02,2026-09-05T16:43:04.139291+00:00,UseCase - Airlines.xlsx,True,
P1281,Krishna,Joshi,54,F,krishna.joshi@yahoo.com,+91-9348839570,145303856770,1972-01-21,2026-09-05T16:43:04.139291+00:00,UseCase - Airlines.xlsx,True,
P1282,Kavya,Chatterjee,35,M,kavya.chatterjee@outlook.com,+91-6855631043,844989266591,1991-09-09,2026-09-05T16:43:04.139291+00:00,UseCase - Airlines.xlsx,True,
P1283,Sara,Mishra,80,M,sara.mishra@rediffmail.com,+91-7654449982,655779082723,1946-02-17,2026-09-05T16:43:04.139291+00:00,UseCase - Airlines.xlsx,True,
P1284,Vivaan,Mishra,61,M,vivaan.mishra@outlook.com,+91-7261319410,225913651777,1965-04-19,2026-09-05T16:43:04.139291+00:00,UseCase - Airlines.xlsx,True,
P1285,Riya,Agarwal,41,M,riya.agarwal@yahoo.com,+91-9124101254,302992280920,1985-03-09,2026-09-05T16:43:04.139291+00:00,UseCase - Airlines.xlsx,True,
P1286,Aditya,Mishra,33,F,aditya.mishra@yahoo.com,+91-9743555234,904137977236,1993-10-05,2026-09-05T16:43:04.139291+00:00,UseCase - Airlines.xlsx,True,
P1287,Ishaan,Kulkarni,68,F,ishaan.kulkarni2@hotmail.com,+91-7769168506,842579913662,1958-02-01,2026-09-05T16:43:04.139291+00:00,UseCase - Airlines.xlsx,True,
P1288,Riya,Khan,33,M,riya.khan@yahoo.com,+91-9987462850,291279908811,1993-08-22,2026-09-05T16:43:04.139291+00:00,UseCase - Airlines.xlsx,True,
P1289,Reyansh,Reddy,14,M,reyansh.reddy1@yahoo.com,+91-6932010779,686508637659,2012-12-25,2026-09-05T16:43:04.139291+00:00,UseCase - Airlines.xlsx,True,
P1290,Aditya,Mishra,21,M,aditya.mishra@hotmail.com,+91-6556865760,247314986430,2005-12-24,2026-09-05T16:43:04.139291+00:00,UseCase - Airlines.xlsx,True,
P1291,Anika,Verma,48,M,anika.verma@gmail.com,+91-6658090039,63565126944,1978-09-14,2026-09-05T16:43:04.139291+00:00,UseCase - Airlines.xlsx,True,
P1292,Myra,Ghosh,20,M,myra.ghosh@hotmail.com,+91-8757001875,463688725887,2006-05-10,2026-09-05T16:43:04.139291+00:00,UseCase - Airlines.xlsx,True,
P1293,Aditya,Reddy,8,M,aditya.reddy@hotmail.com,+91-8931284997,621372138658,2018-10-23,2026-09-05T16:43:04.139291+00:00,UseCase - Airlines.xlsx,True,
P1294,Ira,Naidu,7,F,ira.naidu@gmail.com,+91-7517796891,12796114351,2019-10-02,2026-09-05T16:43:04.139291+00:00,UseCase - Airlines.xlsx,True,
P1295,Muhammad,Agarwal,67,M,muhammad.agarwal@rediffmail.com,+91-9759240529,849027703843,1959-01-26,2026-09-05T16:43:04.139291+00:00,UseCase - Airlines.xlsx,True,
P1296,Aarav,Joshi,17,F,aarav.joshi@hotmail.com,+91-7760555221,205302146566,2009-10-07,2026-09-05T16:43:04.139291+00:00,UseCase - Airlines.xlsx,True,
P1297,Anika,Khan,33,F,anika.khan@hotmail.com,+91-6891267770,118489554393,1993-08-13,2026-09-05T16:43:04.139291+00:00,UseCase - Airlines.xlsx,True,
P1298,Ananya,Kulkarni,48,M,ananya.kulkarni@hotmail.com,+91-6380362052,268181845184,1978-09-27,2026-09-05T16:43:04.139291+00:00,UseCase - Airlines.xlsx,True,
P1299,Aadhya,Mishra,76,F,aadhya.mishra@hotmail.com,+91-8845382835,769735779071,1950-05-03,2026-09-05T16:43:04.139291+00:00,UseCase - Airlines.xlsx,True,
P1300,Vivaan,Agarwal,59,F,vivaan.agarwal@rediffmail.com,+91-7826829775,356588043416,1967-11-24,2026-09-05T16:43:04.139291+00:00,UseCase - Airlines.xlsx,True,
P1301,Reyansh,Patel,86,F,reyansh.patel@outlook.com,+91-6695445137,275539423733,1940-12-08,2026-09-05T16:43:04.139291+00:00,UseCase - Airlines.xlsx,True,
P1302,Arjun,Kulkarni,22,F,arjun.kulkarni@outlook.com,+91-7346109712,339521117908,2004-01-28,2026-09-05T16:43:04.139291+00:00,UseCase - Airlines.xlsx,True,
P1303,Ira,Nair,30,F,ira.nair@rediffmail.com,+91-8766436631,579472846392,1996-01-17,2026-09-05T16:43:04.139291+00:00,UseCase - Airlines.xlsx,True,
P1304,Myra,Khan,38,F,myra.khan@rediffmail.com,+91-9680645164,85627187500,1988-11-07,2026-09-05T16:43:04.139291+00:00,UseCase - Airlines.xlsx,True,
P1305,Shaurya,Kulkarni,51,M,shaurya.kulkarni@rediffmail.com,+91-6449434459,594284347955,1975-03-16,2026-09-05T16:43:04.139291+00:00,UseCase - Airlines.xlsx,True,
P1306,Shaurya,Verma,54,F,shaurya.verma@rediffmail.com,+91-7549997617,556472929314,1972-04-18,2026-09-05T16:43:04.139291+00:00,UseCase - Airlines.xlsx,True,
P1307,Aadhya,Iyer,8,F,aadhya.iyer@rediffmail.com,+91-9310521278,227026728857,2018-05-09,2026-09-05T16:43:04.139291+00:00,UseCase - Airlines.xlsx,True,
P1308,Sai,Mishra,27,F,sai.mishra@hotmail.com,+91-6527780790,120347175455,1999-09-18,2026-09-05T16:43:04.139291+00:00,UseCase - Airlines.xlsx,True,
P1309,Ananya,Agarwal,27,M,ananya.agarwal@outlook.com,+91-8121298026,615939982455,1999-11-17,2026-09-05T16:43:04.139291+00:00,UseCase - Airlines.xlsx,True,
P1310,Aarav,Singh,21,F,aarav.singh1@rediffmail.com,+91-9184189438,694722569961,2005-02-06,2026-09-05T16:43:04.139291+00:00,UseCase - Airlines.xlsx,True,
P1311,Anika,Joshi,30,M,anika.joshi@outlook.com,+91-7436598800,544964759876,1996-03-06,2026-09-05T16:43:04.139291+00:00,UseCase - Airlines.xlsx,True,
P1312,Sara,Verma,28,F,sara.verma@gmail.com,+91-7881439680,341326111780,1998-01-25,2026-09-05T16:43:04.139291+00:00,UseCase - Airlines.xlsx,True,
P1313,Aarav,Nair,64,M,aarav.nair1@rediffmail.com,+91-6211592272,492164334722,1962-09-27,2026-09-05T16:43:04.139291+00:00,UseCase - Airlines.xlsx,True,
P1314,Anika,Joshi,69,M,anika.joshi1@yahoo.com,+91-6137747372,557784872829,1957-10-15,2026-09-05T16:43:04.139291+00:00,UseCase - Airlines.xlsx,True,
P1315,Kavya,Agarwal,61,F,kavya.agarwal@hotmail.com,+91-9662060684,845783174564,1965-03-10,2026-09-05T16:43:04.139291+00:00,UseCase - Airlines.xlsx,True,
P1316,Aadhya,Khan,48,F,aadhya.khan@gmail.com,+91-6661906534,254780774064,1978-10-08,2026-09-05T16:43:04.139291+00:00,UseCase - Airlines.xlsx,True,
P1317,Ananya,Chatterjee,19,M,ananya.chatterjee@gmail.com,+91-8302476546,686632663416,2007-11-08,2026-09-05T16:43:04.139291+00:00,UseCase - Airlines.xlsx,True,
P1318,Shaurya,Ghosh,4,F,shaurya.ghosh@hotmail.com,+91-8405669440,846312241797,2022-05-23,2026-09-05T16:43:04.139291+00:00,UseCase - Airlines.xlsx,True,
P1319,Kavya,Chatterjee,35,M,kavya.chatterjee@hotmail.com,+91-9301637382,502080214427,1991-12-01,2026-09-05T16:43:04.139291+00:00,UseCase - Airlines.xlsx,True,
P1320,Arjun,Gupta,64,M,arjun.gupta@yahoo.com,+91-6261795387,73564757051,1962-03-02,2026-09-05T16:43:04.139291+00:00,UseCase - Airlines.xlsx,True,
P1321,Anika,Kulkarni,49,M,anika.kulkarni@outlook.com,+91-9176648733,872346013673,1977-12-02,2026-09-05T16:43:04.139291+00:00,UseCase - Airlines.xlsx,True,
P1322,Krishna,Iyer,17,M,krishna.iyer1@yahoo.com,+91-9889546822,183764520881,2009-05-16,2026-09-05T16:43:04.139291+00:00,UseCase - Airlines.xlsx,True,
P1323,Shaurya,Verma,44,M,shaurya.verma@outlook.com,+91-7487005172,31365024916,1982-04-01,2026-09-05T16:43:04.139291+00:00,UseCase - Airlines.xlsx,True,
P1324,Saanvi,Naidu,30,F,saanvi.naidu1@gmail.com,+91-9839170893,925132719500,1996-06-21,2026-09-05T16:43:04.139291+00:00,UseCase - Airlines.xlsx,True,
P1325,Ananya,Banerjee,46,M,ananya.banerjee@yahoo.com,+91-6235106204,735857306524,1980-01-16,2026-09-05T16:43:04.139291+00:00,UseCase - Airlines.xlsx,True,
P1326,Anika,Kulkarni,6,M,anika.kulkarni@rediffmail.com,+91-8682756272,739285574982,2020-02-17,2026-09-05T16:43:04.139291+00:00,UseCase - Airlines.xlsx,True,
P1327,Anika,Joshi,37,F,anika.joshi2@yahoo.com,+91-9417476097,485708620959,1989-04-11,2026-09-05T16:43:04.139291+00:00,UseCase - Airlines.xlsx,True,
P1328,Aditya,Das,24,M,aditya.das1@gmail.com,+91-9303870775,878294565118,2002-11-03,2026-09-05T16:43:04.139291+00:00,UseCase - Airlines.xlsx,True,
P1329,Arjun,Sharma,46,F,arjun.sharma@gmail.com,+91-7291811951,31731096789,1980-12-19,2026-09-05T16:43:04.139291+00:00,UseCase - Airlines.xlsx,True,
P1330,Myra,Agarwal,53,F,myra.agarwal@outlook.com,+91-6493369637,391037170586,1973-06-26,2026-09-05T16:43:04.139291+00:00,UseCase - Airlines.xlsx,True,
P1331,Aadhya,Naidu,60,F,aadhya.naidu@gmail.com,+91-8668031793,14138113863,1966-04-17,2026-09-05T16:43:04.139291+00:00,UseCase - Airlines.xlsx,True,
P1331,Aadhya,Naidu,60,F,aadhya.naidu@yahoo.com,+91-7699602642,861957612286,1966-09-11,2026-09-05T16:43:04.139291+00:00,UseCase - Airlines.xlsx,True,
P1332,Kavya,Joshi,63,M,kavya.joshi@yahoo.com,+91-9478305093,585566593983,1963-07-25,2026-09-05T16:43:04.139291+00:00,UseCase - Airlines.xlsx,True,
P1333,Kavya,Sharma,85,M,kavya.sharma@hotmail.com,+91-8486556226,776004908240,1941-05-08,2026-09-05T16:43:04.139291+00:00,UseCase - Airlines.xlsx,True,
P1334,Myra,Iyer,32,M,myra.iyer@yahoo.com,+91-8123301671,488899210752,1994-03-09,2026-09-05T16:43:04.139291+00:00,UseCase - Airlines.xlsx,True,
P1335,Aadhya,Pillai,87,F,aadhya.pillai@outlook.com,+91-7350175561,441969315727,1939-12-23,2026-09-05T16:43:04.139291+00:00,UseCase - Airlines.xlsx,True,
P1336,Arjun,Iyer,33,M,arjun.iyer@hotmail.com,+91-6739124632,409610556613,1993-12-21,2026-09-05T16:43:04.139291+00:00,UseCase - Airlines.xlsx,True,
P1337,Vivaan,Chatterjee,67,F,vivaan.chatterjee@hotmail.com,+91-6780631093,604805892583,1959-03-02,2026-09-05T16:43:04.139291+00:00,UseCase - Airlines.xlsx,True,
P1338,Aarav,Naidu,18,M,aarav.naidu@rediffmail.com,+91-9908356009,998136462251,2008-08-19,2026-09-05T16:43:04.139291+00:00,UseCase - Airlines.xlsx,True,
P1339,Shaurya,Gupta,25,F,shaurya.gupta@gmail.com,+91-9381919481,168622783769,2001-04-18,2026-09-05T16:43:04.139291+00:00,UseCase - Airlines.xlsx,True,
P1340,Anika,Chatterjee,54,M,anika.chatterjee@hotmail.com,+91-7360183853,146591166553,1972-06-12,2026-09-05T16:43:04.139291+00:00,UseCase - Airlines.xlsx,True,
P1341,Riya,Das,58,M,riya.das@hotmail.com,+91-6926438998,425979270335,1968-03-25,2026-09-05T16:43:04.139291+00:00,UseCase - Airlines.xlsx,True,
P1342,Reyansh,Nair,67,M,reyansh.nair1@gmail.com,+91-6894119729,39240514770,1959-06-07,2026-09-05T16:43:04.139291+00:00,UseCase - Airlines.xlsx,True,
P1343,Ira,Das,46,F,ira.das@hotmail.com,+91-7318830034,884879206980,1980-05-06,2026-09-05T16:43:04.139291+00:00,UseCase - Airlines.xlsx,True,
P1344,Aarav,Reddy,24,F,aarav.reddy@gmail.com,+91-8315495749,940701645104,2002-11-13,2026-09-05T16:43:04.139291+00:00,UseCase - Airlines.xlsx,True,
P1345,Aarav,Das,32,M,aarav.das1@yahoo.com,+91-9646041020,157981238780,1994-01-08,2026-09-05T16:43:04.139291+00:00,UseCase - Airlines.xlsx,True,
P1346,Anika,Mishra,47,M,anika.mishra@hotmail.com,+91-8458167668,762055543840,1979-11-09,2026-09-05T16:43:04.139291+00:00,UseCase - Airlines.xlsx,True,
P1347,Ananya,Khan,86,F,ananya.khan@rediffmail.com,+91-6695861587,432562168936,1940-04-19,2026-09-05T16:43:04.139291+00:00,UseCase - Airlines.xlsx,True,
P1348,Shaurya,Naidu,23,F,shaurya.naidu@yahoo.com,+91-9435418436,957823298324,2003-12-23,2026-09-05T16:43:04.139291+00:00,UseCase - Airlines.xlsx,True,
P1349,Myra,Nair,66,F,myra.nair@hotmail.com,+91-7561778017,292518812520,1960-06-14,2026-09-05T16:43:04.139291+00:00,UseCase - Airlines.xlsx,True,
P1350,Diya,Verma,27,M,diya.verma@rediffmail.com,+91-8575672443,423122099499,1999-10-08,2026-09-05T16:43:04.139291+00:00,UseCase - Airlines.xlsx,True,
P1351,Arjun,Khan,2,F,arjun.khan@hotmail.com,+91-7347940275,51728975267,2024-08-05,2026-09-05T16:43:04.139291+00:00,UseCase - Airlines.xlsx,True,
P1352,Sai,Gupta,17,M,sai.gupta@yahoo.com,+91-7342958848,60463331279,2009-08-23,2026-09-05T16:43:04.139291+00:00,UseCase - Airlines.xlsx,True,
P1353,Ishaan,Kulkarni,33,F,ishaan.kulkarni1@outlook.com,+91-9364982130,660965699988,1993-11-23,2026-09-05T16:43:04.139291+00:00,UseCase - Airlines.xlsx,True,
P1354,Ira,Naidu,9,M,ira.naidu1@gmail.com,+91-6584912105,703886086803,2017-05-15,2026-09-05T16:43:04.139291+00:00,UseCase - Airlines.xlsx,True,
P1355,Ishaan,Iyer,43,F,ishaan.iyer@rediffmail.com,+91-8930729364,472649082771,1983-12-17,2026-09-05T16:43:04.139291+00:00,UseCase - Airlines.xlsx,True,
P1356,Ananya,Reddy,48,F,ananya.reddy@gmail.com,+91-7936156197,982665702793,1978-08-03,2026-09-05T16:43:04.139291+00:00,UseCase - Airlines.xlsx,True,
P1357,Aditya,Verma,39,F,aditya.verma@outlook.com,+91-8842725930,211175186892,1987-07-18,2026-09-05T16:43:04.139291+00:00,UseCase - Airlines.xlsx,True,
P1358,Ishaan,Banerjee,42,F,ishaan.banerjee@rediffmail.com,+91-6924913247,259222206447,1984-05-21,2026-09-05T16:43:04.139291+00:00,UseCase - Airlines.xlsx,True,
P1359,Anika,Chatterjee,26,F,anika.chatterjee@yahoo.com,+91-6241273318,309407778097,2000-04-07,2026-09-05T16:43:04.139291+00:00,UseCase - Airlines.xlsx,True,
P1360,Diya,Verma,50,M,diya.verma@hotmail.com,+91-9587197988,671990384983,1976-01-06,2026-09-05T16:43:04.139291+00:00,UseCase - Airlines.xlsx,True,
P1361,Anika,Patel,25,F,anika.patel@yahoo.com,+91-6801450705,502099451016,2001-03-06,2026-09-05T16:43:04.139291+00:00,UseCase - Airlines.xlsx,True,
P1362,Aditya,Ghosh,24,F,aditya.ghosh@outlook.com,+91-7588915267,950145561681,2002-05-16,2026-09-05T16:43:04.139291+00:00,UseCase - Airlines.xlsx,True,
P1363,Sara,Iyer,13,F,sara.iyer@yahoo.com,+91-6845841941,458683390198,2013-02-16,2026-09-05T16:43:04.139291+00:00,UseCase - Airlines.xlsx,True,
P1364,Aarav,Ghosh,60,M,aarav.ghosh1@hotmail.com,+91-8558545314,954899529978,1966-12-21,2026-09-05T16:43:04.139291+00:00,UseCase - Airlines.xlsx,True,
P1365,Anika,Das,7,F,anika.das@rediffmail.com,+91-9967562309,293430107139,2019-07-14,2026-09-05T16:43:04.139291+00:00,UseCase - Airlines.xlsx,True,
P1366,Myra,Gupta,57,M,myra.gupta@gmail.com,+91-8475433873,830344144885,1969-01-04,2026-09-05T16:43:04.139291+00:00,UseCase - Airlines.xlsx,True,
P1367,Reyansh,Das,36,F,reyansh.das@outlook.com,+91-8525254727,990235577027,1990-03-21,2026-09-05T16:43:04.139291+00:00,UseCase - Airlines.xlsx,True,
P1368,Myra,Pillai,45,F,myra.pillai@rediffmail.com,+91-8596573456,608495880395,1981-06-03,2026-09-05T16:43:04.139291+00:00,UseCase - Airlines.xlsx,True,
P1369,Myra,Joshi,20,M,myra.joshi@yahoo.com,+91-8133471933,568299629145,2006-12-02,2026-09-05T16:43:04.139291+00:00,UseCase - Airlines.xlsx,True,
P1370,Myra,Nair,65,F,myra.nair@outlook.com,+91-9193198413,735743842150,1961-04-03,2026-09-05T16:43:04.139291+00:00,UseCase - Airlines.xlsx,True,
P1371,Diya,Joshi,8,M,diya.joshi@rediffmail.com,+91-6957946858,782357845218,2018-11-05,2026-09-05T16:43:04.139291+00:00,UseCase - Airlines.xlsx,True,
P1372,Arjun,Nair,16,M,arjun.nair@yahoo.com,+91-6593243074,681040915701,2010-09-25,2026-09-05T16:43:04.139291+00:00,UseCase - Airlines.xlsx,True,
P1373,Sara,Patel,14,F,sara.patel@outlook.com,+91-6720150147,435334485714,2012-03-06,2026-09-05T16:43:04.139291+00:00,UseCase - Airlines.xlsx,True,
P1374,Aditya,Verma,76,M,aditya.verma1@outlook.com,+91-6116381768,988138585424,1950-10-08,2026-09-05T16:43:04.139291+00:00,UseCase - Airlines.xlsx,True,
P1375,Krishna,Sharma,87,F,krishna.sharma1@yahoo.com,+91-6434339109,958702070160,1939-02-14,2026-09-05T16:43:04.139291+00:00,UseCase - Airlines.xlsx,True,
P1376,Krishna,Iyer,15,F,krishna.iyer@rediffmail.com,+91-7856641801,997954538179,2011-03-03,2026-09-05T16:43:04.139291+00:00,UseCase - Airlines.xlsx,True,
P1377,Shaurya,Nair,66,M,shaurya.nair@rediffmail.com,+91-6589179779,477332945625,1960-06-15,2026-09-05T16:43:04.139291+00:00,UseCase - Airlines.xlsx,True,
P1378,Aditya,Iyer,32,M,aditya.iyer1@rediffmail.com,+91-6170185347,715772459928,1994-02-13,2026-09-05T16:43:04.139291+00:00,UseCase - Airlines.xlsx,True,
P1379,Kavya,Sharma,87,M,kavya.sharma@gmail.com,+91-8697161367,148769639382,1939-08-13,2026-09-05T16:43:04.139291+00:00,UseCase - Airlines.xlsx,True,
P1380,Reyansh,Khan,63,M,reyansh.khan@gmail.com,+91-8323594003,966958321971,1963-10-20,2026-09-05T16:43:04.139291+00:00,UseCase - Airlines.xlsx,True,
P1381,Vivaan,Mehta,86,F,vivaan.mehta@rediffmail.com,+91-8696020884,172461919657,1940-11-22,2026-09-05T16:43:04.139291+00:00,UseCase - Airlines.xlsx,True,
P1382,Anika,Iyer,51,F,anika.iyer@gmail.com,+91-6333658861,290227846997,1975-04-07,2026-09-05T16:43:04.139291+00:00,UseCase - Airlines.xlsx,True,
P1383,Arjun,Nair,25,M,arjun.nair@outlook.com,+91-8712329631,465190986240,2001-06-18,2026-09-05T16:43:04.139291+00:00,UseCase - Airlines.xlsx,True,
P1384,Kavya,Khan,58,F,kavya.khan@gmail.com,+91-6855220739,851403696566,1968-07-14,2026-09-05T16:43:04.139291+00:00,UseCase - Airlines.xlsx,True,
P1385,Reyansh,Das,63,F,reyansh.das@hotmail.com,+91-7811340600,272386562422,1963-01-03,2026-09-05T16:43:04.139291+00:00,UseCase - Airlines.xlsx,True,
P1386,Riya,Gupta,62,F,riya.gupta@gmail.com,+91-7874532101,762126796927,1964-09-14,2026-09-05T16:43:04.139291+00:00,UseCase - Airlines.xlsx,True,
P1387,Anika,Sharma,22,F,anika.sharma@hotmail.com,+91-9513084285,532690973846,2004-09-19,2026-09-05T16:43:04.139291+00:00,UseCase - Airlines.xlsx,True,
P1388,Reyansh,Das,58,M,reyansh.das1@outlook.com,+91-6140657269,975197128478,1968-02-17,2026-09-05T16:43:04.139291+00:00,UseCase - Airlines.xlsx,True,
P1389,Muhammad,Chatterjee,58,M,muhammad.chatterjee1@hotmail.com,+91-6363315107,718949058077,1968-09-16,2026-09-05T16:43:04.139291+00:00,UseCase - Airlines.xlsx,True,
P1390,Aarav,Mehta,86,F,aarav.mehta@hotmail.com,+91-8552062605,544209494079,1940-03-19,2026-09-05T16:43:04.139291+00:00,UseCase - Airlines.xlsx,True,
P1391,Aadhya,Mishra,49,M,aadhya.mishra1@gmail.com,+91-8968545231,904712814429,1977-05-09,2026-09-05T16:43:04.139291+00:00,UseCase - Airlines.xlsx,True,
P1392,Riya,Iyer,52,M,riya.iyer@outlook.com,+91-6896103507,192927524372,1974-09-28,2026-09-05T16:43:04.139291+00:00,UseCase - Airlines.xlsx,True,
P1393,Ishaan,Reddy,42,M,ishaan.reddy@gmail.com,+91-8190625378,292766372395,1984-01-21,2026-09-05T16:43:04.139291+00:00,UseCase - Airlines.xlsx,True,
P1394,Sara,Das,70,F,sara.das@outlook.com,+91-6156396358,276747836674,1956-03-17,2026-09-05T16:43:04.139291+00:00,UseCase - Airlines.xlsx,True,
P1395,Riya,Iyer,15,F,riya.iyer@rediffmail.com,+91-6410088282,765801856945,2011-05-09,2026-09-05T16:43:04.139291+00:00,UseCase - Airlines.xlsx,True,
P1396,Vivaan,Mishra,54,F,vivaan.mishra@gmail.com,+91-8802595747,967393852580,1972-11-01,2026-09-05T16:43:04.139291+00:00,UseCase - Airlines.xlsx,True,
P1397,Ishaan,Patel,60,M,ishaan.patel@gmail.com,+91-6541575005,181753443009,1966-02-02,2026-09-05T16:43:04.139291+00:00,UseCase - Airlines.xlsx,True,
P1398,Krishna,Khan,8,F,krishna.khan@hotmail.com,+91-7743584714,111926921244,2018-08-22,2026-09-05T16:43:04.139291+00:00,UseCase - Airlines.xlsx,True,
P1399,Ananya,Das,53,F,ananya.das1@gmail.com,+91-9396764585,654214066504,1973-05-06,2026-09-05T16:43:04.139291+00:00,UseCase - Airlines.xlsx,True,
P1400,Shaurya,Agarwal,60,M,shaurya.agarwal1@rediffmail.com,+91-6627982241,396271286391,1966-08-23,2026-09-05T16:43:04.139291+00:00,UseCase - Airlines.xlsx,True,
P1401,Sai,Mehta,5,F,sai.mehta@outlook.com,+91-6137431602,119470720064,2021-03-23,2026-09-05T16:43:04.139291+00:00,UseCase - Airlines.xlsx,True,
P1402,Riya,Khan,68,F,riya.khan@outlook.com,+91-9717015275,87766183067,1958-02-19,2026-09-05T16:43:04.139291+00:00,UseCase - Airlines.xlsx,True,
P1403,Myra,Ghosh,6,M,myra.ghosh1@hotmail.com,+91-8458028166,460158517432,2020-09-02,2026-09-05T16:43:04.139291+00:00,UseCase - Airlines.xlsx,True,
P1404,Muhammad,Kulkarni,47,M,muhammad.kulkarni@rediffmail.com,+91-7420909585,615717320309,1979-04-16,2026-09-05T16:43:04.139291+00:00,UseCase - Airlines.xlsx,True,
P1405,Aditya,Reddy,55,M,aditya.reddy@rediffmail.com,+91-6951197200,847870050506,1971-02-07,2026-09-05T16:43:04.139291+00:00,UseCase - Airlines.xlsx,True,
P1406,Kavya,Verma,40,F,kavya.verma@hotmail.com,+91-9828080516,829310270790,1986-04-23,2026-09-05T16:43:04.139291+00:00,UseCase - Airlines.xlsx,True,
P1407,Shaurya,Kulkarni,52,F,shaurya.kulkarni@yahoo.com,+91-6284950962,41792911179,1974-10-08,2026-09-05T16:43:04.139291+00:00,UseCase - Airlines.xlsx,True,
P1408,Diya, Mishra,16,F,diya.mishra@gmail.com,+91-7557641077,565198253092,2010-06-03,2026-09-05T16:43:04.139291+00:00,UseCase - Airlines.xlsx,True,
P1408,Diya, mishra,16,F,diya.mishra1@gmail.com,+91-8251651862,625827390219,2010-07-25,2026-09-05T16:43:04.139291+00:00,UseCase - Airlines.xlsx,True,
P1408,Diya,Mishra,16,F,diya.mishra@yahoo.com,+91-6622877347,100219467232,2010-11-09,2026-09-05T16:43:04.139291+00:00,UseCase - Airlines.xlsx,True,
P1409,Aadhya,Singh,13,M,aadhya.singh@hotmail.com,+91-9542415269,329092791456,2013-01-18,2026-09-05T16:43:04.139291+00:00,UseCase - Airlines.xlsx,True,
P1410,Sai,Pillai,30,M,sai.pillai@yahoo.com,+91-7226173057,819588373403,1996-02-26,2026-09-05T16:43:04.139291+00:00,UseCase - Airlines.xlsx,True,
P1411,Vivaan,Gupta,19,F,vivaan.gupta@yahoo.com,+91-9634202492,220054364597,2007-01-04,2026-09-05T16:43:04.139291+00:00,UseCase - Airlines.xlsx,True,
P1412,Riya,Iyer,17,F,riya.iyer@gmail.com,+91-7269700183,78113799563,2009-12-22,2026-09-05T16:43:04.139291+00:00,UseCase - Airlines.xlsx,True,
P1413,Shaurya, Mehta,63,M,shaurya.mehta1@outlook.com,+91-7936418338,153136363179,1963-08-02,2026-09-05T16:43:04.139291+00:00,UseCase - Airlines.xlsx,True,
P1413,Shaurya,Mehta,63,M,shaurya.mehta@rediffmail.com,+91-7332105574,972652735435,1963-03-02,2026-09-05T16:43:04.139291+00:00,UseCase - Airlines.xlsx,True,
P1414,Muhammad,Singh,19,M,muhammad.singh@hotmail.com,+91-6401296420,217762534929,2007-03-19,2026-09-05T16:43:04.139291+00:00,UseCase - Airlines.xlsx,True,
P1415,Aadhya,Banerjee,58,M,aadhya.banerjee@hotmail.com,+91-7192851105,687397740633,1968-06-14,2026-09-05T16:43:04.139291+00:00,UseCase - Airlines.xlsx,True,
P1416,Reyansh,Iyer,55,M,reyansh.iyer@hotmail.com,+91-7735409949,290600780686,1971-08-26,2026-09-05T16:43:04.139291+00:00,UseCase - Airlines.xlsx,True,
P1417,Reyansh,Chatterjee,62,F,reyansh.chatterjee@gmail.com,+91-9631808267,318063254310,1964-08-22,2026-09-05T16:43:04.139291+00:00,UseCase - Airlines.xlsx,True,
P1418,Diya,Khan,23,M,diya.khan@outlook.com,+91-7855167444,799077262570,2003-11-03,2026-09-05T16:43:04.139291+00:00,UseCase - Airlines.xlsx,True,
P1419,Krishna,Iyer,9,F,krishna.iyer1@rediffmail.com,+91-8670071366,46498931950,2017-09-22,2026-09-05T16:43:04.139291+00:00,UseCase - Airlines.xlsx,True,
P1420,Diya,Pillai,12,F,diya.pillai@outlook.com,+91-6219149420,657905528183,2014-03-11,2026-09-05T16:43:04.139291+00:00,UseCase - Airlines.xlsx,True,
P1421,Ira,Naidu,1,F,ira.naidu@yahoo.com,+91-6796899673,793355486401,2025-06-12,2026-09-05T16:43:04.139291+00:00,UseCase - Airlines.xlsx,True,
P1422,Shaurya,Gupta,58,M,shaurya.gupta@rediffmail.com,+91-9638427940,817884795137,1968-02-03,2026-09-05T16:43:04.139291+00:00,UseCase - Airlines.xlsx,True,
P1423,Aditya,Gupta,1,M,aditya.gupta@rediffmail.com,+91-7409637808,112412723804,2025-07-22,2026-09-05T16:43:04.139291+00:00,UseCase - Airlines.xlsx,True,
P1424,Ananya,Nair,34,M,ananya.nair@hotmail.com,+91-7608851530,567043103856,1992-10-11,2026-09-05T16:43:04.139291+00:00,UseCase - Airlines.xlsx,True,
P1425,Aarav,Gupta,48,M,aarav.gupta@outlook.com,+91-9737112501,887749242437,1978-06-10,2026-09-05T16:43:04.139291+00:00,UseCase - Airlines.xlsx,True,
P1426,Shaurya,Iyer,89,F,shaurya.iyer@gmail.com,+91-7479160679,472928422223,1937-02-02,2026-09-05T16:43:04.139291+00:00,UseCase - Airlines.xlsx,True,
P1427,Ira,Banerjee,1,M,ira.banerjee@outlook.com,+91-7573400575,452380552578,2025-03-18,2026-09-05T16:43:04.139291+00:00,UseCase - Airlines.xlsx,True,
P1428,Ishaan,Mishra,16,M,ishaan.mishra@outlook.com,+91-6126763237,672752088547,2010-05-25,2026-09-05T16:43:04.139291+00:00,UseCase - Airlines.xlsx,True,
P1429,Aadhya,Pillai,61,F,aadhya.pillai@hotmail.com,+91-7958538383,975170281406,1965-10-27,2026-09-05T16:43:04.139291+00:00,UseCase - Airlines.xlsx,True,
P1430,Anika,Sharma,64,M,anika.sharma1@yahoo.com,+91-9483748402,150939834301,1962-09-28,2026-09-05T16:43:04.139291+00:00,UseCase - Airlines.xlsx,True,
P1431,Ishaan,Patel,63,F,ishaan.patel@rediffmail.com,+91-6649527664,637599805626,1963-06-13,2026-09-05T16:43:04.139291+00:00,UseCase - Airlines.xlsx,True,
P1432,Sai,Chatterjee,69,F,sai.chatterjee@outlook.com,+91-6405641007,554781376742,1957-12-14,2026-09-05T16:43:04.139291+00:00,UseCase - Airlines.xlsx,True,
P1433,Reyansh,Naidu,22,F,reyansh.naidu@rediffmail.com,+91-7997123679,991234785196,2004-02-01,2026-09-05T16:43:04.139291+00:00,UseCase - Airlines.xlsx,True,
P1434,Kavya,Reddy,67,F,kavya.reddy@rediffmail.com,+91-8545081036,287923264870,1959-05-27,2026-09-05T16:43:04.139291+00:00,UseCase - Airlines.xlsx,True,
P1435,Aditya,Pillai,76,F,aditya.pillai1@hotmail.com,+91-8630536354,873002447146,1950-03-16,2026-09-05T16:43:04.139291+00:00,UseCase - Airlines.xlsx,True,
P1436,Myra,Reddy,26,F,myra.reddy@yahoo.com,+91-6228156091,471959796471,2000-06-17,2026-09-05T16:43:04.139291+00:00,UseCase - Airlines.xlsx,True,
P1437,Krishna,Joshi,16,F,krishna.joshi@hotmail.com,+91-6378675934,290257252045,2010-07-21,2026-09-05T16:43:04.139291+00:00,UseCase - Airlines.xlsx,True,
P1438,Reyansh,Banerjee,51,F,reyansh.banerjee@outlook.com,+91-6411230727,481832192855,1975-11-26,2026-09-05T16:43:04.139291+00:00,UseCase - Airlines.xlsx,True,
P1439,Aditya,Khan,86,M,aditya.khan@outlook.com,+91-8835989586,518952028457,1940-07-11,2026-09-05T16:43:04.139291+00:00,UseCase - Airlines.xlsx,True,
P1440,Reyansh,Chatterjee,57,M,reyansh.chatterjee1@yahoo.com,+91-6333942807,283389888167,1969-02-04,2026-09-05T16:43:04.139291+00:00,UseCase - Airlines.xlsx,True,
P1441,Arjun,Khan,29,M,arjun.khan@yahoo.com,+91-6614878782,545279852401,1997-04-05,2026-09-05T16:43:04.139291+00:00,UseCase - Airlines.xlsx,True,
P1442,Aadhya,Nair,78,M,aadhya.nair@yahoo.com,+91-7430098648,232161107603,1948-02-02,2026-09-05T16:43:04.139291+00:00,UseCase - Airlines.xlsx,True,
P1443,Sai,Naidu,69,F,sai.naidu1@hotmail.com,+91-6603673335,140140119393,1957-03-22,2026-09-05T16:43:04.139291+00:00,UseCase - Airlines.xlsx,True,
P1444,Sai,Gupta,47,M,sai.gupta@outlook.com,+91-6197473548,249552893891,1979-02-27,2026-09-05T16:43:04.139291+00:00,UseCase - Airlines.xlsx,True,
P1445,Diya,Naidu,62,F,diya.naidu1@hotmail.com,+91-6667836278,334280138759,1964-03-15,2026-09-05T16:43:04.139291+00:00,UseCase - Airlines.xlsx,True,
P1446,Ishaan,Pillai,69,M,ishaan.pillai@gmail.com,+91-7996297562,566383615171,1957-09-05,2026-09-05T16:43:04.139291+00:00,UseCase - Airlines.xlsx,True,
P1447,Ananya,Mishra,76,M,ananya.mishra@rediffmail.com,+91-8856699057,480157164794,1950-11-27,2026-09-05T16:43:04.139291+00:00,UseCase - Airlines.xlsx,True,
P1448,Diya,Joshi,16,M,diya.joshi1@rediffmail.com,+91-7694762662,646317520716,2010-08-17,2026-09-05T16:43:04.139291+00:00,UseCase - Airlines.xlsx,True,
P1449,Diya,Sharma,48,F,diya.sharma@gmail.com,+91-6253939747,669121535396,1978-02-08,2026-09-05T16:43:04.139291+00:00,UseCase - Airlines.xlsx,True,
P1450,Riya,Khan,85,M,riya.khan@rediffmail.com,+91-9399056778,994657967842,1941-08-04,2026-09-05T16:43:04.139291+00:00,UseCase - Airlines.xlsx,True,
P1451,Arjun,Iyer,39,F,arjun.iyer@gmail.com,+91-8625426306,732010170269,1987-11-11,2026-09-05T16:43:04.139291+00:00,UseCase - Airlines.xlsx,True,
P1452,Aadhya,Naidu,33,F,aadhya.naidu1@yahoo.com,+91-8767831721,911877347784,1993-09-11,2026-09-05T16:43:04.139291+00:00,UseCase - Airlines.xlsx,True,
P1453,Diya,Iyer,23,M,diya.iyer@hotmail.com,+91-6920301073,61675677002,2003-09-22,2026-09-05T16:43:04.139291+00:00,UseCase - Airlines.xlsx,True,
P1454,Vivaan,Ghosh,10,M,vivaan.ghosh@outlook.com,+91-7627722211,624671978897,2016-08-18,2026-09-05T16:43:04.139291+00:00,UseCase - Airlines.xlsx,True,
P1455,Ira,Iyer,69,M,ira.iyer@yahoo.com,+91-6520246255,479695450090,1957-03-27,2026-09-05T16:43:04.139291+00:00,UseCase - Airlines.xlsx,True,
P1456,Arjun,Verma,34,F,arjun.verma@outlook.com,+91-8969251370,905616556503,1992-04-08,2026-09-05T16:43:04.139291+00:00,UseCase - Airlines.xlsx,True,
P1457,Arjun,Mishra,52,M,arjun.mishra@outlook.com,+91-6838724998,141520850769,1974-09-14,2026-09-05T16:43:04.139291+00:00,UseCase - Airlines.xlsx,True,
P1458,Vivaan,Khan,10,F,vivaan.khan@outlook.com,+91-6847279721,790569659171,2016-12-22,2026-09-05T16:43:04.139291+00:00,UseCase - Airlines.xlsx,True,
P1459,Krishna,Joshi,19,F,krishna.joshi1@yahoo.com,+91-8633361273,852945637183,2007-05-09,2026-09-05T16:43:04.139291+00:00,UseCase - Airlines.xlsx,True,
P1460,Kavya,Pillai,58,M,kavya.pillai1@gmail.com,+91-8715813155,639191954198,1968-08-14,2026-09-05T16:43:04.139291+00:00,UseCase - Airlines.xlsx,True,
P1461,Reyansh,Verma,1,M,reyansh.verma1@yahoo.com,+91-8954324560,148468536649,2025-09-15,2026-09-05T16:43:04.139291+00:00,UseCase - Airlines.xlsx,True,
P1462,Reyansh,Kulkarni,69,F,reyansh.kulkarni@hotmail.com,+91-7119975163,829737489690,1957-09-07,2026-09-05T16:43:04.139291+00:00,UseCase - Airlines.xlsx,True,
P1463,Vivaan,Gupta,4,F,vivaan.gupta@outlook.com,+91-9258638580,324665136442,2022-05-22,2026-09-05T16:43:04.139291+00:00,UseCase - Airlines.xlsx,True,
P1464,Sai,Iyer,16,F,sai.iyer@hotmail.com,+91-7535795238,312303477866,2010-11-02,2026-09-05T16:43:04.139291+00:00,UseCase - Airlines.xlsx,True,
P1465,Vivaan,Chatterjee,24,M,vivaan.chatterjee@yahoo.com,+91-7392822240,204482070015,2002-10-10,2026-09-05T16:43:04.139291+00:00,UseCase - Airlines.xlsx,True,
P1466,Aditya,Reddy,80,F,aditya.reddy@gmail.com,+91-9490234548,162319818984,1946-08-03,2026-09-05T16:43:04.139291+00:00,UseCase - Airlines.xlsx,True,
P1467,Ishaan,Sharma,2,M,ishaan.sharma@yahoo.com,+91-6930207388,559636321234,2024-08-14,2026-09-05T16:43:04.139291+00:00,UseCase - Airlines.xlsx,True,
P1468,Muhammad,Naidu,32,F,muhammad.naidu@outlook.com,+91-6626518516,851586734257,1994-12-12,2026-09-05T16:43:04.139291+00:00,UseCase - Airlines.xlsx,True,
P1469,Aadhya,Reddy,84,F,aadhya.reddy1@outlook.com,+91-6792990377,900348645183,1942-08-13,2026-09-05T16:43:04.139291+00:00,UseCase - Airlines.xlsx,True,
P1469,Aadhya,Reddy,84,F,aadhya.reddy@gmail.com,+91-9374377213,413432756041,1942-08-16,2026-09-05T16:43:04.139291+00:00,UseCase - Airlines.xlsx,True,
P1470,Myra,Kulkarni,24,M,myra.kulkarni1@rediffmail.com,+91-8870287372,612481569857,2002-12-01,2026-09-05T16:43:04.139291+00:00,UseCase - Airlines.xlsx,True,
P1471,Anika,Iyer,12,F,anika.iyer1@gmail.com,+91-7776625216,720634591123,2014-09-23,2026-09-05T16:43:04.139291+00:00,UseCase - Airlines.xlsx,True,
P1472,Aditya,Singh,50,M,aditya.singh@yahoo.com,+91-9951093177,577242954316,1976-06-06,2026-09-05T16:43:04.139291+00:00,UseCase - Airlines.xlsx,True,
P1473,Vivaan,Singh,35,M,vivaan.singh@rediffmail.com,+91-9996229807,930089317342,1991-01-13,2026-09-05T16:43:04.139291+00:00,UseCase - Airlines.xlsx,True,
P1474,Shaurya,Sharma,33,F,shaurya.sharma1@hotmail.com,+91-9744666787,421529108677,1993-02-08,2026-09-05T16:43:04.139291+00:00,UseCase - Airlines.xlsx,True,
P1475,Saanvi,Banerjee,33,M,saanvi.banerjee@yahoo.com,+91-7973394943,447626393436,1993-03-14,2026-09-05T16:43:04.139291+00:00,UseCase - Airlines.xlsx,True,
P1476,Vivaan,Mehta,61,M,vivaan.mehta@yahoo.com,+91-6411592314,439735971072,1965-06-23,2026-09-05T16:43:04.139291+00:00,UseCase - Airlines.xlsx,True,
P1477,Kavya,Mishra,51,F,kavya.mishra@rediffmail.com,+91-7865938642,669411800537,1975-06-20,2026-09-05T16:43:04.139291+00:00,UseCase - Airlines.xlsx,True,
P1478,Myra,Kulkarni,43,M,myra.kulkarni@hotmail.com,+91-6105756315,489646528092,1983-05-06,2026-09-05T16:43:04.139291+00:00,UseCase - Airlines.xlsx,True,
P1479,Shaurya,Pillai,12,M,shaurya.pillai@hotmail.com,+91-9464188244,721586241502,2014-08-28,2026-09-05T16:43:04.139291+00:00,UseCase - Airlines.xlsx,True,
P1480,Diya,Singh,67,M,diya.singh@outlook.com,+91-8561801350,449485625728,1959-11-21,2026-09-05T16:43:04.139291+00:00,UseCase - Airlines.xlsx,True,
P1481,Ira,Khan,65,F,ira.khan1@rediffmail.com,+91-6302851261,203207427617,1961-01-15,2026-09-05T16:43:04.139291+00:00,UseCase - Airlines.xlsx,True,
P1482,Saanvi,Singh,33,M,saanvi.singh@outlook.com,+91-9591515743,712151342284,1993-10-22,2026-09-05T16:43:04.139291+00:00,UseCase - Airlines.xlsx,True,
P1483,Arjun,Das,40,F,arjun.das1@hotmail.com,+91-7726579237,89261371504,1986-11-22,2026-09-05T16:43:04.139291+00:00,UseCase - Airlines.xlsx,True,
P1484,Kavya,Mishra,74,F,kavya.mishra@gmail.com,+91-9501105178,915201777490,1952-06-02,2026-09-05T16:43:04.139291+00:00,UseCase - Airlines.xlsx,True,
P1485,Sai,Nair,43,M,sai.nair@hotmail.com,+91-9448875327,923045018961,1983-07-09,2026-09-05T16:43:04.139291+00:00,UseCase - Airlines.xlsx,True,
P1486,Vivaan,Singh,44,M,vivaan.singh@yahoo.com,+91-7927723397,610326642147,1982-07-24,2026-09-05T16:43:04.139291+00:00,UseCase - Airlines.xlsx,True,
P1487,Ira,Banerjee,29,M,ira.banerjee1@outlook.com,+91-7485520835,158377674996,1997-02-25,2026-09-05T16:43:04.139291+00:00,UseCase - Airlines.xlsx,True,
P1488,Aditya,Verma,13,F,aditya.verma@rediffmail.com,+91-8759135517,266108573278,2013-11-21,2026-09-05T16:43:04.139291+00:00,UseCase - Airlines.xlsx,True,
P1489,Ishaan,Mehta,12,M,ishaan.mehta@hotmail.com,+91-6412139994,761742243864,2014-10-02,2026-09-05T16:43:04.139291+00:00,UseCase - Airlines.xlsx,True,
P1490,Ishaan,Gupta,46,M,ishaan.gupta@hotmail.com,+91-6148420285,818661794549,1980-02-25,2026-09-05T16:43:04.139291+00:00,UseCase - Airlines.xlsx,True,
P1491,Shaurya,Khan,2,M,shaurya.khan@hotmail.com,+91-6222337296,722601645977,2024-10-26,2026-09-05T16:43:04.139291+00:00,UseCase - Airlines.xlsx,True,
P1492,Myra,Agarwal,35,M,myra.agarwal1@outlook.com,+91-8969737332,232194168006,1991-02-01,2026-09-05T16:43:04.139291+00:00,UseCase - Airlines.xlsx,True,
P1493,Shaurya,Pillai,87,M,shaurya.pillai@yahoo.com,+91-9594096279,697499564122,1939-01-07,2026-09-05T16:43:04.139291+00:00,UseCase - Airlines.xlsx,True,
P1494,Krishna,Chatterjee,81,F,krishna.chatterjee@gmail.com,+91-6847359140,303723683147,1945-03-16,2026-09-05T16:43:04.139291+00:00,UseCase - Airlines.xlsx,True,
P1495,Arjun,Nair,8,F,arjun.nair@rediffmail.com,+91-6225046707,227770793349,2018-07-02,2026-09-05T16:43:04.139291+00:00,UseCase - Airlines.xlsx,True,
P1496,Shaurya,Verma,26,M,shaurya.verma1@outlook.com,+91-6210234112,667998407678,2000-10-24,2026-09-05T16:43:04.139291+00:00,UseCase - Airlines.xlsx,True,
P1497,Ishaan,Naidu,74,M,ishaan.naidu@hotmail.com,+91-9349006937,80695814671,1952-08-20,2026-09-05T16:43:04.139291+00:00,UseCase - Airlines.xlsx,True,
P1498,Riya,Singh,34,M,riya.singh1@outlook.com,+91-9848950428,602437573839,1992-11-11,2026-09-05T16:43:04.139291+00:00,UseCase - Airlines.xlsx,True,
P1499,Myra,Gupta,7,M,myra.gupta@hotmail.com,+91-9240830436,466572934172,2019-03-07,2026-09-05T16:43:04.139291+00:00,UseCase - Airlines.xlsx,True,
P1500,Ananya,Sharma,68,F,ananya.sharma@yahoo.com,+91-9208344550,674338005452,1958-03-27,2026-09-05T16:43:04.139291+00:00,UseCase - Airlines.xlsx,True,
P1501,Sai,Joshi,58,M,sai.joshi@hotmail.com,+91-6966311592,156193183745,1968-06-25,2026-09-05T16:43:04.139291+00:00,UseCase - Airlines.xlsx,True,
P1502,Vivaan,Pillai,75,F,vivaan.pillai@gmail.com,+91-8262326542,891077119918,1951-01-17,2026-09-05T16:43:04.139291+00:00,UseCase - Airlines.xlsx,True,
P1503,Riya,Verma,29,F,riya.verma@gmail.com,+91-7776378019,135247871255,1997-03-04,2026-09-05T16:43:04.139291+00:00,UseCase - Airlines.xlsx,True,
P1504,Riya,Ghosh,36,M,riya.ghosh@yahoo.com,+91-9546407987,37548214565,1990-11-22,2026-09-05T16:43:04.139291+00:00,UseCase - Airlines.xlsx,True,
P1505,Myra,Mehta,89,F,myra.mehta@yahoo.com,+91-7908749062,863266678507,1937-03-25,2026-09-05T16:43:04.139291+00:00,UseCase - Airlines.xlsx,True,
P1506,Diya,Ghosh,21,F,diya.ghosh@gmail.com,+91-6191029915,556260602908,2005-05-14,2026-09-05T16:43:04.139291+00:00,UseCase - Airlines.xlsx,True,
P1507,Ananya,Khan,36,F,ananya.khan1@rediffmail.com,+91-8874759532,550489267389,1990-10-21,2026-09-05T16:43:04.139291+00:00,UseCase - Airlines.xlsx,True,
P1508,Shaurya,Reddy,10,F,shaurya.reddy@rediffmail.com,+91-8971696978,634108562884,2016-04-03,2026-09-05T16:43:04.139291+00:00,UseCase - Airlines.xlsx,True,
P1509,Ananya,Banerjee,73,M,ananya.banerjee@hotmail.com,+91-8659780124,520089434681,1953-12-02,2026-09-05T16:43:04.139291+00:00,UseCase - Airlines.xlsx,True,
P1510,Diya,Chatterjee,24,M,diya.chatterjee@outlook.com,+91-8773224887,851017490753,2002-12-19,2026-09-05T16:43:04.139291+00:00,UseCase - Airlines.xlsx,True,
P1511,Ishaan,Joshi,64,F,ishaan.joshi@hotmail.com,+91-7476171636,449268315893,1962-06-15,2026-09-05T16:43:04.139291+00:00,UseCase - Airlines.xlsx,True,
P1512,Reyansh,Nair,49,M,reyansh.nair2@gmail.com,+91-7864118082,661106273715,1977-11-17,2026-09-05T16:43:04.139291+00:00,UseCase - Airlines.xlsx,True,
P1513,Myra,Kulkarni,36,M,myra.kulkarni2@rediffmail.com,+91-9383138961,976776228277,1990-03-23,2026-09-05T16:43:04.139291+00:00,UseCase - Airlines.xlsx,True,
P1514,Aditya,Kulkarni,82,M,aditya.kulkarni@hotmail.com,+91-6845682242,377028519611,1944-06-19,2026-09-05T16:43:04.139291+00:00,UseCase - Airlines.xlsx,True,
P1515,Ishaan,Iyer,24,M,ishaan.iyer1@outlook.com,+91-6661328067,215454470229,2002-07-02,2026-09-05T16:43:04.139291+00:00,UseCase - Airlines.xlsx,True,
P1516,Reyansh,Banerjee,23,M,reyansh.banerjee1@outlook.com,+91-8331478831,270185106794,2003-10-15,2026-09-05T16:43:04.139291+00:00,UseCase - Airlines.xlsx,True,
P1517,Arjun,Verma,62,F,arjun.verma1@outlook.com,+91-9610271691,922877725199,1964-07-13,2026-09-05T16:43:04.139291+00:00,UseCase - Airlines.xlsx,True,
P1518,Ira,Kulkarni,37,M,ira.kulkarni@yahoo.com,+91-9463996201,807412094818,1989-02-07,2026-09-05T16:43:04.139291+00:00,UseCase - Airlines.xlsx,True,
P1519,Aditya,Verma,12,M,aditya.verma@hotmail.com,+91-6712295241,837801820433,2014-12-27,2026-09-05T16:43:04.139291+00:00,UseCase - Airlines.xlsx,True,
P1520,Ira,Khan,55,M,ira.khan@hotmail.com,+91-9190890036,895690705626,1971-01-28,2026-09-05T16:43:04.139291+00:00,UseCase - Airlines.xlsx,True,
P1521,Krishna,Verma,13,M,krishna.verma@hotmail.com,+91-8510181168,411182422412,2013-05-14,2026-09-05T16:43:04.139291+00:00,UseCase - Airlines.xlsx,True,
P1522,Reyansh,Singh,23,F,reyansh.singh@yahoo.com,+91-6759787964,520046152654,2003-07-27,2026-09-05T16:43:04.139291+00:00,UseCase - Airlines.xlsx,True,
P1523,Krishna,Verma,89,F,krishna.verma@gmail.com,+91-6317496560,399378861405,1937-08-18,2026-09-05T16:43:04.139291+00:00,UseCase - Airlines.xlsx,True,
P1524,Kavya,Banerjee,30,F,kavya.banerjee@rediffmail.com,+91-6619875201,63048913824,1996-10-14,2026-09-05T16:43:04.139291+00:00,UseCase - Airlines.xlsx,True,
P1525,Kavya,Ghosh,17,F,kavya.ghosh1@rediffmail.com,+91-6782683973,832582386870,2009-01-27,2026-09-05T16:43:04.139291+00:00,UseCase - Airlines.xlsx,True,
P1526,Saanvi,Singh,62,M,saanvi.singh@rediffmail.com,+91-8801216599,200749465398,1964-05-02,2026-09-05T16:43:04.139291+00:00,UseCase - Airlines.xlsx,True,
P1527,Ananya,Mehta,84,F,ananya.mehta@yahoo.com,+91-6422807973,161284639855,1942-11-09,2026-09-05T16:43:04.139291+00:00,UseCase - Airlines.xlsx,True,
P1528,Diya,Sharma,89,M,diya.sharma@rediffmail.com,+91-8364063487,553795020970,1937-01-22,2026-09-05T16:43:04.139291+00:00,UseCase - Airlines.xlsx,True,
P1529,Kavya,Singh,86,M,kavya.singh@yahoo.com,+91-9696775664,768118071569,1940-06-13,2026-09-05T16:43:04.139291+00:00,UseCase - Airlines.xlsx,True,
P1530,Riya,Patel,13,M,riya.patel@yahoo.com,+91-6233964179,753703045319,2013-11-10,2026-09-05T16:43:04.139291+00:00,UseCase - Airlines.xlsx,True,
P1531,Reyansh,Sharma,59,M,reyansh.sharma@yahoo.com,+91-7630223017,504793036149,1967-09-16,2026-09-05T16:43:04.139291+00:00,UseCase - Airlines.xlsx,True,
P1532,Diya,Banerjee,19,M,diya.banerjee@yahoo.com,+91-7808496105,999219212493,2007-09-24,2026-09-05T16:43:04.139291+00:00,UseCase - Airlines.xlsx,True,
P1533,Aditya,Verma,49,F,aditya.verma2@outlook.com,+91-7827974104,89487060566,1977-05-04,2026-09-05T16:43:04.139291+00:00,UseCase - Airlines.xlsx,True,
P1534,Ananya,Pillai,12,F,ananya.pillai@hotmail.com,+91-9632119301,580304687506,2014-04-11,2026-09-05T16:43:04.139291+00:00,UseCase - Airlines.xlsx,True,
P1535,Arjun,Pillai,61,F,arjun.pillai@gmail.com,+91-6891824663,361332541107,1965-07-26,2026-09-05T16:43:04.139291+00:00,UseCase - Airlines.xlsx,True,
P1536,Riya,Nair,19,F,riya.nair@gmail.com,+91-8368875123,317350583199,2007-08-25,2026-09-05T16:43:04.139291+00:00,UseCase - Airlines.xlsx,True,
P1537,Reyansh,Joshi,76,M,reyansh.joshi1@gmail.com,+91-9721626156,110065120704,1950-10-21,2026-09-05T16:43:04.139291+00:00,UseCase - Airlines.xlsx,True,
P1538,Aditya,Mehta,9,F,aditya.mehta1@rediffmail.com,+91-6209336534,80466196399,2017-01-15,2026-09-05T16:43:04.139291+00:00,UseCase - Airlines.xlsx,True,
P1539,Anika,Nair,71,M,anika.nair@rediffmail.com,+91-9953801568,699150785931,1955-02-01,2026-09-05T16:43:04.139291+00:00,UseCase - Airlines.xlsx,True,
P1540,Kavya,Khan,28,F,kavya.khan@hotmail.com,+91-6736607029,392845679723,1998-03-26,2026-09-05T16:43:04.139291+00:00,UseCase - Airlines.xlsx,True,
P1541,Sai,Banerjee,78,M,sai.banerjee1@gmail.com,+91-6237096167,496854982274,1948-10-11,2026-09-05T16:43:04.139291+00:00,UseCase - Airlines.xlsx,True,
P1542,Sai, Kulkarni,52,M,sai.kulkarni@outlook.com,+91-8108677810,892038806533,1974-11-07,2026-09-05T16:43:04.139291+00:00,UseCase - Airlines.xlsx,True,
P1542,Sai,Kulkarni,52,M,sai.kulkarni@gmail.com,+91-8303318997,779599594652,1974-02-15,2026-09-05T16:43:04.139291+00:00,UseCase - Airlines.xlsx,True,
P1543,Saanvi,Naidu,83,F,saanvi.naidu2@gmail.com,+91-9335585271,33793375636,1943-03-27,2026-09-05T16:43:04.139291+00:00,UseCase - Airlines.xlsx,True,
P1544,Vivaan,Naidu,16,M,vivaan.naidu@gmail.com,+91-8110621558,150812473950,2010-01-07,2026-09-05T16:43:04.139291+00:00,UseCase - Airlines.xlsx,True,
P1545,Saanvi,Reddy,69,M,saanvi.reddy@yahoo.com,+91-8286988502,342583230241,1957-01-27,2026-09-05T16:43:04.139291+00:00,UseCase - Airlines.xlsx,True,
P1546,Aadhya,Kulkarni,12,F,aadhya.kulkarni@yahoo.com,+91-9803160442,153473552896,2014-12-03,2026-09-05T16:43:04.139291+00:00,UseCase - Airlines.xlsx,True,
P1547,Anika,Iyer,25,M,anika.iyer2@gmail.com,+91-7240439719,338655963099,2001-04-28,2026-09-05T16:43:04.139291+00:00,UseCase - Airlines.xlsx,True,
P1548,Saanvi,Nair,52,F,saanvi.nair@hotmail.com,+91-8947813439,253042897317,1974-11-20,2026-09-05T16:43:04.139291+00:00,UseCase - Airlines.xlsx,True,
P1549,Vivaan,Banerjee,85,F,vivaan.banerjee@gmail.com,+91-7646119914,685787255877,1941-08-09,2026-09-05T16:43:04.139291+00:00,UseCase - Airlines.xlsx,True,
P1550,Ira,Agarwal,53,F,ira.agarwal@hotmail.com,+91-9785160666,903337363466,1973-10-06,2026-09-05T16:43:04.139291+00:00,UseCase - Airlines.xlsx,True,
P1551,Arjun,Agarwal,23,M,arjun.agarwal@outlook.com,+91-8691150686,121478539078,2003-10-11,2026-09-05T16:43:04.139291+00:00,UseCase - Airlines.xlsx,True,
P1552,Ananya,Patel,16,M,ananya.patel@rediffmail.com,+91-9602029048,665754602734,2010-11-03,2026-09-05T16:43:04.139291+00:00,UseCase - Airlines.xlsx,True,
P1553,Anika,Khan,57,M,anika.khan@outlook.com,+91-6416236101,888143111508,1969-04-11,2026-09-05T16:43:04.139291+00:00,UseCase - Airlines.xlsx,True,
P1554,Diya,Mishra,39,F,diya.mishra1@yahoo.com,+91-8368460847,443928404456,1987-07-27,2026-09-05T16:43:04.139291+00:00,UseCase - Airlines.xlsx,True,
P1555,Saanvi,Joshi,53,M,saanvi.joshi@hotmail.com,+91-6606810427,826333738987,1973-12-27,2026-09-05T16:43:04.139291+00:00,UseCase - Airlines.xlsx,True,
P1556,Myra,Ghosh,42,F,myra.ghosh@rediffmail.com,+91-8950312143,153663778052,1984-10-28,2026-09-05T16:43:04.139291+00:00,UseCase - Airlines.xlsx,True,
P1557,Anika,Kulkarni,58,F,anika.kulkarni@yahoo.com,+91-8892212155,75536668459,1968-01-19,2026-09-05T16:43:04.139291+00:00,UseCase - Airlines.xlsx,True,
P1558,Diya,Joshi,39,M,diya.joshi@gmail.com,+91-7265024710,599996636186,1987-04-16,2026-09-05T16:43:04.139291+00:00,UseCase - Airlines.xlsx,True,
P1559,Aditya,Khan,14,F,aditya.khan@gmail.com,+91-8711512082,741218209702,2012-04-03,2026-09-05T16:43:04.139291+00:00,UseCase - Airlines.xlsx,True,
P1560,Muhammad,Joshi,5,M,muhammad.joshi1@rediffmail.com,+91-8321075169,348170580256,2021-07-06,2026-09-05T16:43:04.139291+00:00,UseCase - Airlines.xlsx,True,
P1561,Aditya,Nair,35,M,aditya.nair@gmail.com,+91-7676012047,671632346729,1991-10-10,2026-09-05T16:43:04.139291+00:00,UseCase - Airlines.xlsx,True,
P1562,Diya,Kulkarni,87,M,diya.kulkarni@hotmail.com,+91-7639528440,743027169385,1939-10-16,2026-09-05T16:43:04.139291+00:00,UseCase - Airlines.xlsx,True,
P1563,Aarav,Pillai,75,M,aarav.pillai1@rediffmail.com,+91-9718617836,14754692632,1951-10-24,2026-09-05T16:43:04.139291+00:00,UseCase - Airlines.xlsx,True,
P1564,Saanvi,Chatterjee,18,M,saanvi.chatterjee@rediffmail.com,+91-9513030888,291603248413,2008-08-14,2026-09-05T16:43:04.139291+00:00,UseCase - Airlines.xlsx,True,
P1565,Vivaan,Naidu,76,F,vivaan.naidu@hotmail.com,+91-6495923044,118567243807,1950-01-03,2026-09-05T16:43:04.139291+00:00,UseCase - Airlines.xlsx,True,
P1566,Vivaan,Singh,9,F,vivaan.singh1@rediffmail.com,+91-9468999657,636004125777,2017-02-03,2026-09-05T16:43:04.139291+00:00,UseCase - Airlines.xlsx,True,
P1567,Sara,Mehta,74,F,sara.mehta@hotmail.com,+91-7866202339,727422091241,1952-09-24,2026-09-05T16:43:04.139291+00:00,UseCase - Airlines.xlsx,True,
P1568,Shaurya,Iyer,58,M,shaurya.iyer@rediffmail.com,+91-7183306581,42752308370,1968-11-26,2026-09-05T16:43:04.139291+00:00,UseCase - Airlines.xlsx,True,
P1569,Muhammad,Nair,17,M,muhammad.nair@hotmail.com,+91-6519423299,470900633533,2009-02-01,2026-09-05T16:43:04.139291+00:00,UseCase - Airlines.xlsx,True,
P1570,Ananya,Reddy,7,M,ananya.reddy@rediffmail.com,+91-6115633640,531312206815,2019-06-18,2026-09-05T16:43:04.139291+00:00,UseCase - Airlines.xlsx,True,
P1571,Diya,Joshi,46,F,diya.joshi@yahoo.com,+91-7681648793,661331552065,1980-01-13,2026-09-05T16:43:04.139291+00:00,UseCase - Airlines.xlsx,True,
P1572,Sara,Banerjee,13,M,sara.banerjee1@yahoo.com,+91-9336326489,149501364971,2013-12-18,2026-09-05T16:43:04.139291+00:00,UseCase - Airlines.xlsx,True,
P1573,Ishaan,Singh,40,F,ishaan.singh@hotmail.com,+91-7370518677,195625257150,1986-10-19,2026-09-05T16:43:04.139291+00:00,UseCase - Airlines.xlsx,True,
P1574,Shaurya,Mehta,42,F,shaurya.mehta1@rediffmail.com,+91-9648710142,389030914363,1984-10-03,2026-09-05T16:43:04.139291+00:00,UseCase - Airlines.xlsx,True,
P1575,Ananya,Mishra,9,M,ananya.mishra@gmail.com,+91-7502141680,743263039752,2017-05-11,2026-09-05T16:43:04.139291+00:00,UseCase - Airlines.xlsx,True,
P1576,Ira,Naidu,50,M,ira.naidu2@gmail.com,+91-9795834545,403553380339,1976-07-17,2026-09-05T16:43:04.139291+00:00,UseCase - Airlines.xlsx,True,
P1577,Shaurya,Joshi,27,F,shaurya.joshi1@outlook.com,+91-7574981389,17130232129,1999-09-27,2026-09-05T16:43:04.139291+00:00,UseCase - Airlines.xlsx,True,
P1578,Shaurya,Singh,66,M,shaurya.singh@yahoo.com,+91-7644842967,167423362934,1960-05-19,2026-09-05T16:43:04.139291+00:00,UseCase - Airlines.xlsx,True,
P1579,Kavya,Nair,5,F,kavya.nair@rediffmail.com,+91-7391908293,715662776896,2021-03-27,2026-09-05T16:43:04.139291+00:00,UseCase - Airlines.xlsx,True,
P1580,Krishna,Iyer,29,M,krishna.iyer2@rediffmail.com,+91-6918115357,661498282467,1997-05-15,2026-09-05T16:43:04.139291+00:00,UseCase - Airlines.xlsx,True,
P1581,Shaurya,Mishra,37,M,shaurya.mishra@outlook.com,+91-9703595485,971527323008,1989-12-24,2026-09-05T16:43:04.139291+00:00,UseCase - Airlines.xlsx,True,
P1582,Kavya,Pillai,38,F,kavya.pillai@outlook.com,+91-9534387896,665674916016,1988-10-06,2026-09-05T16:43:04.139291+00:00,UseCase - Airlines.xlsx,True,
P1583,Sara,Mishra,83,M,sara.mishra1@yahoo.com,+91-9374081636,587506633705,1943-11-23,2026-09-05T16:43:04.139291+00:00,UseCase - Airlines.xlsx,True,
P1584,Ananya,Iyer,8,F,ananya.iyer@gmail.com,+91-7380601699,972439920116,2018-07-23,2026-09-05T16:43:04.139291+00:00,UseCase - Airlines.xlsx,True,
P1585,Saanvi,Gupta,65,M,saanvi.gupta@hotmail.com,+91-6656774907,362644886946,1961-12-28,2026-09-05T16:43:04.139291+00:00,UseCase - Airlines.xlsx,True,
P1586,Aditya,Banerjee,86,F,aditya.banerjee@gmail.com,+91-6783093341,952436402701,1940-02-25,2026-09-05T16:43:04.139291+00:00,UseCase - Airlines.xlsx,True,
P1587,Ira,Mishra,17,F,ira.mishra@rediffmail.com,+91-9802786783,462252237281,2009-08-19,2026-09-05T16:43:04.139291+00:00,UseCase - Airlines.xlsx,True,
P1588,Sara,Singh,71,M,sara.singh@yahoo.com,+91-7315758599,23467912141,1955-07-04,2026-09-05T16:43:04.139291+00:00,UseCase - Airlines.xlsx,True,
P1589,Shaurya,Reddy,89,F,shaurya.reddy@outlook.com,+91-6467382830,93771004090,1937-02-07,2026-09-05T16:43:04.139291+00:00,UseCase - Airlines.xlsx,True,
P1590,Vivaan,Naidu,45,M,vivaan.naidu1@hotmail.com,+91-6503368085,984775965555,1981-04-12,2026-09-05T16:43:04.139291+00:00,UseCase - Airlines.xlsx,True,
P1591,Krishna,Mehta,4,M,krishna.mehta@rediffmail.com,+91-9755851235,55107620918,2022-05-23,2026-09-05T16:43:04.139291+00:00,UseCase - Airlines.xlsx,True,
P1592,Ananya,Reddy,36,M,ananya.reddy@yahoo.com,+91-8585243343,978630505057,1990-04-20,2026-09-05T16:43:04.139291+00:00,UseCase - Airlines.xlsx,True,
P1593,Myra,Iyer,70,F,myra.iyer@rediffmail.com,+91-9893714928,915671649328,1956-10-26,2026-09-05T16:43:04.139291+00:00,UseCase - Airlines.xlsx,True,
P1594,Diya,Patel,31,F,diya.patel@hotmail.com,+91-6237290086,714872717833,1995-04-06,2026-09-05T16:43:04.139291+00:00,UseCase - Airlines.xlsx,True,
P1595,Reyansh,Mishra,19,M,reyansh.mishra@gmail.com,+91-6566963239,25643471287,2007-02-26,2026-09-05T16:43:04.139291+00:00,UseCase - Airlines.xlsx,True,
P1596,Vivaan,Das,61,M,vivaan.das@outlook.com,+91-7718445315,915668633414,1965-02-04,2026-09-05T16:43:04.139291+00:00,UseCase - Airlines.xlsx,True,
P1597,Kavya,Agarwal,54,F,kavya.agarwal@gmail.com,+91-8895193026,931952569040,1972-10-18,2026-09-05T16:43:04.139291+00:00,UseCase - Airlines.xlsx,True,
P1598,Aadhya,Gupta,39,M,aadhya.gupta@yahoo.com,+91-9554942797,552899316087,1987-06-05,2026-09-05T16:43:04.139291+00:00,UseCase - Airlines.xlsx,True,
P1599,Ira,Nair,74,M,ira.nair@outlook.com,+91-7636691235,729420954814,1952-12-19,2026-09-05T16:43:04.139291+00:00,UseCase - Airlines.xlsx,True,
P1600,Sara,Agarwal,19,F,sara.agarwal@rediffmail.com,+91-7631529611,460523302764,2007-11-28,2026-09-05T16:43:04.139291+00:00,UseCase - Airlines.xlsx,True,
P1601,Krishna,Naidu,39,M,krishna.naidu@yahoo.com,+91-6688349223,656756618443,1987-12-28,2026-09-05T16:43:04.139291+00:00,UseCase - Airlines.xlsx,True,
P1602,Krishna,Sharma,67,F,krishna.sharma@hotmail.com,+91-9204496093,259047292774,1959-03-07,2026-09-05T16:43:04.139291+00:00,UseCase - Airlines.xlsx,True,
P1603,Ananya,Gupta,45,M,ananya.gupta@yahoo.com,+91-7889542655,59126620157,1981-03-02,2026-09-05T16:43:04.139291+00:00,UseCase - Airlines.xlsx,True,
P1604,Riya,Mishra,13,F,riya.mishra@gmail.com,+91-8737150229,626301367492,2013-11-24,2026-09-05T16:43:04.139291+00:00,UseCase - Airlines.xlsx,True,
P1605,Anika,Kulkarni,58,M,anika.kulkarni1@rediffmail.com,+91-6935082100,764750111178,1968-04-01,2026-09-05T16:43:04.139291+00:00,UseCase - Airlines.xlsx,True,
P1606,Sara,Chatterjee,20,M,sara.chatterjee@hotmail.com,+91-9393909769,192676492151,2006-12-28,2026-09-05T16:43:04.139291+00:00,UseCase - Airlines.xlsx,True,
P1607,Ira,Sharma,72,F,ira.sharma@hotmail.com,+91-7535220327,68887189813,1954-11-04,2026-09-05T16:43:04.139291+00:00,UseCase - Airlines.xlsx,True,
P1608,Krishna,Verma,61,M,krishna.verma@yahoo.com,+91-7105716605,875102932184,1965-01-03,2026-09-05T16:43:04.139291+00:00,UseCase - Airlines.xlsx,True,
P1609,Vivaan,Mishra,39,F,vivaan.mishra1@gmail.com,+91-8490369190,826034084872,1987-10-16,2026-09-05T16:43:04.139291+00:00,UseCase - Airlines.xlsx,True,
P1610,Diya,Singh,1,M,diya.singh1@outlook.com,+91-8750872368,883103032432,2025-10-18,2026-09-05T16:43:04.139291+00:00,UseCase - Airlines.xlsx,True,
P1611,Sai,Banerjee,3,F,sai.banerjee1@yahoo.com,+91-8397851389,296184462671,2023-05-22,2026-09-05T16:43:04.139291+00:00,UseCase - Airlines.xlsx,True,
P1612,Ananya,Pillai,77,F,ananya.pillai@rediffmail.com,+91-7675422885,314359892625,1949-07-13,2026-09-05T16:43:04.139291+00:00,UseCase - Airlines.xlsx,True,
P1613,Arjun,Singh,62,F,arjun.singh@gmail.com,+91-7183241401,418186151554,1964-03-28,2026-09-05T16:43:04.139291+00:00,UseCase - Airlines.xlsx,True,
P1614,Aarav,Reddy,63,F,aarav.reddy@yahoo.com,+91-8110590679,163611284971,1963-09-12,2026-09-05T16:43:04.139291+00:00,UseCase - Airlines.xlsx,True,
P1615,Kavya, Patel,25,M,kavya.patel@hotmail.com,+91-8692213965,491025625889,2001-07-16,2026-09-05T16:43:04.139291+00:00,UseCase - Airlines.xlsx,True,
P1615,Kavya,Patel,25,M,kavya.patel1@hotmail.com,+91-7378164668,82226940539,2001-07-23,2026-09-05T16:43:04.139291+00:00,UseCase - Airlines.xlsx,True,
P1616,Anika,Kulkarni,56,M,anika.kulkarni2@rediffmail.com,+91-7571329715,578446834146,1970-06-28,2026-09-05T16:43:04.139291+00:00,UseCase - Airlines.xlsx,True,
P1617,Reyansh,Ghosh,33,F,reyansh.ghosh@gmail.com,+91-6182348704,312901487068,1993-12-05,2026-09-05T16:43:04.139291+00:00,UseCase - Airlines.xlsx,True,
P1618,Ishaan,Sharma,38,F,ishaan.sharma@rediffmail.com,+91-9652989375,816093068538,1988-11-20,2026-09-05T16:43:04.139291+00:00,UseCase - Airlines.xlsx,True,
P1619,Ananya,Banerjee,6,F,ananya.banerjee1@gmail.com,+91-9280960216,832152850676,2020-03-12,2026-09-05T16:43:04.139291+00:00,UseCase - Airlines.xlsx,True,
P1620,Saanvi,Kulkarni,58,M,saanvi.kulkarni@gmail.com,+91-8829138534,381447443096,1968-04-10,2026-09-05T16:43:04.139291+00:00,UseCase - Airlines.xlsx,True,
P1621,Aarav,Singh,44,M,aarav.singh@hotmail.com,+91-6597203646,970509754510,1982-06-24,2026-09-05T16:43:04.139291+00:00,UseCase - Airlines.xlsx,True,
P1622,Riya,Khan,45,M,riya.khan1@yahoo.com,+91-9480676189,16731882617,1981-01-05,2026-09-05T16:43:04.139291+00:00,UseCase - Airlines.xlsx,True,
P1623,Diya,Mehta,32,M,diya.mehta@outlook.com,+91-7605408862,654562841772,1994-03-12,2026-09-05T16:43:04.139291+00:00,UseCase - Airlines.xlsx,True,
P1624,Riya,Naidu,45,F,riya.naidu@rediffmail.com,+91-6485727515,313402665023,1981-08-22,2026-09-05T16:43:04.139291+00:00,UseCase - Airlines.xlsx,True,
P1625,Riya,Patel,61,F,riya.patel1@outlook.com,+91-6552147658,787256862110,1965-03-05,2026-09-05T16:43:04.139291+00:00,UseCase - Airlines.xlsx,True,
P1626,Arjun,Kulkarni,47,F,arjun.kulkarni1@outlook.com,+91-6923973312,305690674471,1979-07-08,2026-09-05T16:43:04.139291+00:00,UseCase - Airlines.xlsx,True,
P1627,Aditya,Iyer,21,M,aditya.iyer@hotmail.com,+91-7883024695,823414363718,2005-10-06,2026-09-05T16:43:04.139291+00:00,UseCase - Airlines.xlsx,True,
P1628,Sara,Verma,80,M,sara.verma@yahoo.com,+91-7346299407,126043260931,1946-01-13,2026-09-05T16:43:04.139291+00:00,UseCase - Airlines.xlsx,True,
P1629,Kavya,Banerjee,85,M,kavya.banerjee1@rediffmail.com,+91-8851789855,335670860414,1941-06-09,2026-09-05T16:43:04.139291+00:00,UseCase - Airlines.xlsx,True,
P1630,Aadhya,Chatterjee,75,F,aadhya.chatterjee1@outlook.com,+91-9365180555,502000534749,1951-02-14,2026-09-05T16:43:04.139291+00:00,UseCase - Airlines.xlsx,True,
P1630,Aadhya,Chatterjee,75,F,aadhya.chatterjee2@yahoo.com,+91-8627514698,554110825559,1951-09-20,2026-09-05T16:43:04.139291+00:00,UseCase - Airlines.xlsx,True,
P1631,Muhammad,Das,36,F,muhammad.das@outlook.com,+91-7798198840,439611291093,1990-04-23,2026-09-05T16:43:04.139291+00:00,UseCase - Airlines.xlsx,True,
P1632,Ananya,Kulkarni,19,M,ananya.kulkarni@rediffmail.com,+91-6180401357,895473820236,2007-09-23,2026-09-05T16:43:04.139291+00:00,UseCase - Airlines.xlsx,True,
P1633,Sara,Verma,20,F,sara.verma@outlook.com,+91-8493002419,716176880294,2006-12-05,2026-09-05T16:43:04.139291+00:00,UseCase - Airlines.xlsx,True,
P1634,Riya,Naidu,57,M,riya.naidu@outlook.com,+91-6707925535,36788127868,1969-07-13,2026-09-05T16:43:04.139291+00:00,UseCase - Airlines.xlsx,True,
P1635,Aarav,Khan,18,M,aarav.khan@hotmail.com,+91-8322183597,202939087884,2008-05-28,2026-09-05T16:43:04.139291+00:00,UseCase - Airlines.xlsx,True,
P1636,Reyansh,Ghosh,47,F,reyansh.ghosh@yahoo.com,+91-8860482698,481230834024,1979-03-09,2026-09-05T16:43:04.139291+00:00,UseCase - Airlines.xlsx,True,
P1637,Aditya,Nair,49,M,aditya.nair1@gmail.com,+91-7984130042,381059551842,1977-07-20,2026-09-05T16:43:04.139291+00:00,UseCase - Airlines.xlsx,True,
P1638,Krishna,Banerjee,14,F,krishna.banerjee@outlook.com,+91-8161486139,53424089164,2012-11-21,2026-09-05T16:43:04.139291+00:00,UseCase - Airlines.xlsx,True,
P1639,Diya,Mishra,15,M,diya.mishra1@hotmail.com,+91-7977082820,735439627365,2011-03-16,2026-09-05T16:43:04.139291+00:00,UseCase - Airlines.xlsx,True,
P1640,Krishna,Banerjee,31,F,krishna.banerjee@gmail.com,+91-9294898680,722397240422,1995-07-22,2026-09-05T16:43:04.139291+00:00,UseCase - Airlines.xlsx,True,
P1641,Myra,Gupta,1,F,myra.gupta1@hotmail.com,+91-7174575794,216376182091,2025-07-13,2026-09-05T16:43:04.139291+00:00,UseCase - Airlines.xlsx,True,
P1642,Shaurya,Banerjee,54,F,shaurya.banerjee@gmail.com,+91-6987514459,2314290018,1972-12-27,2026-09-05T16:43:04.139291+00:00,UseCase - Airlines.xlsx,True,
P1643,Muhammad,Das,3,M,muhammad.das1@outlook.com,+91-6317241211,279724572308,2023-12-09,2026-09-05T16:43:04.139291+00:00,UseCase - Airlines.xlsx,True,
P1644,Diya,Iyer,16,M,diya.iyer1@hotmail.com,+91-6122771813,18418620303,2010-07-13,2026-09-05T16:43:04.139291+00:00,UseCase - Airlines.xlsx,True,
P1645,Aditya,Singh,87,F,aditya.singh1@yahoo.com,+91-8803692376,436172131451,1939-10-11,2026-09-05T16:43:04.139291+00:00,UseCase - Airlines.xlsx,True,
P1646,Ananya,Gupta,57,F,ananya.gupta@gmail.com,+91-8191057929,92268592624,1969-10-27,2026-09-05T16:43:04.139291+00:00,UseCase - Airlines.xlsx,True,
P1647,Anika,Nair,75,M,anika.nair@outlook.com,+91-8211586005,475410225267,1951-12-26,2026-09-05T16:43:04.139291+00:00,UseCase - Airlines.xlsx,True,
P1648,Arjun,Agarwal,12,M,arjun.agarwal@rediffmail.com,+91-6221508953,964215226557,2014-07-16,2026-09-05T16:43:04.139291+00:00,UseCase - Airlines.xlsx,True,
P1649,Aditya,Joshi,74,M,aditya.joshi@rediffmail.com,+91-8248413965,366878878836,1952-02-19,2026-09-05T16:43:04.139291+00:00,UseCase - Airlines.xlsx,True,
P1650,Aadhya,Mehta,16,F,aadhya.mehta1@rediffmail.com,+91-7854940701,135030587210,2010-06-12,2026-09-05T16:43:04.139291+00:00,UseCase - Airlines.xlsx,True,
P1651,Krishna,Singh,72,M,krishna.singh@yahoo.com,+91-8594338271,286333021260,1954-12-14,2026-09-05T16:43:04.139291+00:00,UseCase - Airlines.xlsx,True,
P1652,Aarav,Chatterjee,76,M,aarav.chatterjee@outlook.com,+91-6853124412,191792025213,1950-02-01,2026-09-05T16:43:04.139291+00:00,UseCase - Airlines.xlsx,True,
P1653,Shaurya,Reddy,24,F,shaurya.reddy@hotmail.com,+91-9260757642,272847657041,2002-03-02,2026-09-05T16:43:04.139291+00:00,UseCase - Airlines.xlsx,True,
P1654,Ishaan,Nair,28,M,ishaan.nair@gmail.com,+91-7640409345,206678498436,1998-03-09,2026-09-05T16:43:04.139291+00:00,UseCase - Airlines.xlsx,True,
P1655,Aditya,Singh,8,M,aditya.singh@gmail.com,+91-9234360915,369036289177,2018-06-21,2026-09-05T16:43:04.139291+00:00,UseCase - Airlines.xlsx,True,
P1656,Aarav,Chatterjee,36,M,aarav.chatterjee@rediffmail.com,+91-9276978815,56341115950,1990-04-10,2026-09-05T16:43:04.139291+00:00,UseCase - Airlines.xlsx,True,
P1657,Sai,Kulkarni,8,F,sai.kulkarni@yahoo.com,+91-6170135921,390438303419,2018-10-02,2026-09-05T16:43:04.139291+00:00,UseCase - Airlines.xlsx,True,
P1658,Saanvi,Joshi,58,F,saanvi.joshi1@hotmail.com,+91-9149049185,51405468356,1968-12-12,2026-09-05T16:43:04.139291+00:00,UseCase - Airlines.xlsx,True,
P1659,Riya,Mishra,60,F,riya.mishra@yahoo.com,+91-6455750197,681820967904,1966-03-05,2026-09-05T16:43:04.139291+00:00,UseCase - Airlines.xlsx,True,
P1660,Anika,Das,50,F,anika.das1@rediffmail.com,+91-6772111616,133228898572,1976-06-10,2026-09-05T16:43:04.139291+00:00,UseCase - Airlines.xlsx,True,
P1661,Krishna,Nair,28,F,krishna.nair@outlook.com,+91-9142963526,633991297102,1998-05-18,2026-09-05T16:43:04.139291+00:00,UseCase - Airlines.xlsx,True,
P1662,Ira,Verma,41,F,ira.verma@gmail.com,+91-9201054129,752421495511,1985-03-23,2026-09-05T16:43:04.139291+00:00,UseCase - Airlines.xlsx,True,
P1663,Saanvi,Das,64,F,saanvi.das1@rediffmail.com,+91-8608160077,472197054669,1962-11-05,2026-09-05T16:43:04.139291+00:00,UseCase - Airlines.xlsx,True,
P1664,Myra,Naidu,27,M,myra.naidu@rediffmail.com,+91-8650270404,955168740903,1999-12-27,2026-09-05T16:43:04.139291+00:00,UseCase - Airlines.xlsx,True,
P1665,Vivaan,Singh,63,M,vivaan.singh@hotmail.com,+91-6265959933,146296136715,1963-08-15,2026-09-05T16:43:04.139291+00:00,UseCase - Airlines.xlsx,True,
P1666,Diya,Das,17,F,diya.das@hotmail.com,+91-9217165692,121663651559,2009-08-07,2026-09-05T16:43:04.139291+00:00,UseCase - Airlines.xlsx,True,
P1667,Shaurya,Agarwal,73,M,shaurya.agarwal2@rediffmail.com,+91-6398902947,708272359096,1953-01-26,2026-09-05T16:43:04.139291+00:00,UseCase - Airlines.xlsx,True,
P1668,Ishaan,Banerjee,33,M,ishaan.banerjee1@outlook.com,+91-9608319729,303064421214,1993-07-03,2026-09-05T16:43:04.139291+00:00,UseCase - Airlines.xlsx,True,
P1669,Myra,Mehta,84,F,myra.mehta@outlook.com,+91-9550672916,834201654235,1942-07-16,2026-09-05T16:43:04.139291+00:00,UseCase - Airlines.xlsx,True,
P1670,Aarav,Banerjee,77,M,aarav.banerjee@rediffmail.com,+91-7848065282,659608931992,1949-06-22,2026-09-05T16:43:04.139291+00:00,UseCase - Airlines.xlsx,True,
P1671,Aadhya,Verma,29,M,aadhya.verma1@outlook.com,+91-6261604880,727516480727,1997-11-19,2026-09-05T16:43:04.139291+00:00,UseCase - Airlines.xlsx,True,
P1672,Diya,Joshi,13,M,diya.joshi1@gmail.com,+91-6334744410,368296353390,2013-06-27,2026-09-05T16:43:04.139291+00:00,UseCase - Airlines.xlsx,True,
P1673,Muhammad,Das,46,M,muhammad.das2@outlook.com,+91-6424210400,481776655868,1980-06-04,2026-09-05T16:43:04.139291+00:00,UseCase - Airlines.xlsx,True,
P1674,Myra,Agarwal,35,M,myra.agarwal@yahoo.com,+91-9559973407,528928664649,1991-02-03,2026-09-05T16:43:04.139291+00:00,UseCase - Airlines.xlsx,True,
P1675,Myra,Das,6,F,myra.das@gmail.com,+91-6797529095,96179817890,2020-11-10,2026-09-05T16:43:04.139291+00:00,UseCase - Airlines.xlsx,True,
P1676,Reyansh,Reddy,82,F,reyansh.reddy@rediffmail.com,+91-7339314901,786137157660,1944-06-26,2026-09-05T16:43:04.139291+00:00,UseCase - Airlines.xlsx,True,
P1677,Diya,Naidu,69,F,diya.naidu@yahoo.com,+91-8387343124,446306000258,1957-12-20,2026-09-05T16:43:04.139291+00:00,UseCase - Airlines.xlsx,True,
P1678,Arjun,Joshi,47,M,arjun.joshi@outlook.com,+91-8282977147,963863960962,1979-11-13,2026-09-05T16:43:04.139291+00:00,UseCase - Airlines.xlsx,True,
P1679,Sai,Pillai,25,F,sai.pillai1@yahoo.com,+91-9441584059,826312819648,2001-03-11,2026-09-05T16:43:04.139291+00:00,UseCase - Airlines.xlsx,True,
P1680,Ira,Iyer,66,M,ira.iyer1@yahoo.com,+91-6200142973,60920981960,1960-12-24,2026-09-05T16:43:04.139291+00:00,UseCase - Airlines.xlsx,True,
P1681,Anika,Agarwal,10,M,anika.agarwal@yahoo.com,+91-9781249622,523343836404,2016-02-05,2026-09-05T16:43:04.139291+00:00,UseCase - Airlines.xlsx,True,
P1682,Krishna,Nair,56,M,krishna.nair1@gmail.com,+91-6219111815,791124421175,1970-04-13,2026-09-05T16:43:04.139291+00:00,UseCase - Airlines.xlsx,True,
P1683,Arjun,Das,30,M,arjun.das@gmail.com,+91-9954098766,61713665722,1996-05-01,2026-09-05T16:43:04.139291+00:00,UseCase - Airlines.xlsx,True,
P1684,Kavya,Banerjee,5,F,kavya.banerjee@yahoo.com,+91-6225850205,557998028413,2021-10-01,2026-09-05T16:43:04.139291+00:00,UseCase - Airlines.xlsx,True,
P1685,Myra,Ghosh,33,F,myra.ghosh2@hotmail.com,+91-6656192815,823513052312,1993-05-09,2026-09-05T16:43:04.139291+00:00,UseCase - Airlines.xlsx,True,
P1686,Ishaan,Khan,65,M,ishaan.khan@rediffmail.com,+91-7198751865,584776863423,1961-11-28,2026-09-05T16:43:04.139291+00:00,UseCase - Airlines.xlsx,True,
P1687,Aadhya,Pillai,18,F,aadhya.pillai1@outlook.com,+91-9210482235,994237676945,2008-10-04,2026-09-05T16:43:04.139291+00:00,UseCase - Airlines.xlsx,True,
P1688,Saanvi,Gupta,49,M,saanvi.gupta1@hotmail.com,+91-9560971296,395517208496,1977-05-20,2026-09-05T16:43:04.139291+00:00,UseCase - Airlines.xlsx,True,
P1689,Ira,Patel,11,F,ira.patel@hotmail.com,+91-8527678529,12562531355,2015-03-25,2026-09-05T16:43:04.139291+00:00,UseCase - Airlines.xlsx,True,
P1690,Krishna,Kulkarni,85,F,krishna.kulkarni@outlook.com,+91-6110343356,505379538164,1941-10-07,2026-09-05T16:43:04.139291+00:00,UseCase - Airlines.xlsx,True,
P1691,Vivaan,Agarwal,26,M,vivaan.agarwal1@hotmail.com,+91-7210509713,849196655330,2000-08-16,2026-09-05T16:43:04.139291+00:00,UseCase - Airlines.xlsx,True,
P1692,Sara,Verma,63,F,sara.verma1@gmail.com,+91-8552300048,117295963904,1963-01-21,2026-09-05T16:43:04.139291+00:00,UseCase - Airlines.xlsx,True,
P1693,Ira,Gupta,89,M,ira.gupta@hotmail.com,+91-6595823751,426088050171,1937-07-24,2026-09-05T16:43:04.139291+00:00,UseCase - Airlines.xlsx,True,
P1694,Saanvi,Patel,86,F,saanvi.patel@outlook.com,+91-8440579806,561857906477,1940-11-04,2026-09-05T16:43:04.139291+00:00,UseCase - Airlines.xlsx,True,
P1695,Kavya, iyer,59,M,kavya.iyer@outlook.com,+91-6131447949,300215632135,1967-09-01,2026-09-05T16:43:04.139291+00:00,UseCase - Airlines.xlsx,True,
P1695,Kavya,Iyer,59,M,kavya.iyer@gmail.com,+91-8942827240,10414596422,1967-10-15,2026-09-05T16:43:04.139291+00:00,UseCase - Airlines.xlsx,True,
P1696,Riya,Sharma,27,M,riya.sharma@gmail.com,+91-7442880849,296718839774,1999-06-25,2026-09-05T16:43:04.139291+00:00,UseCase - Airlines.xlsx,True,
P1697,Aditya,Nair,49,F,aditya.nair@rediffmail.com,+91-7198568826,441583311703,1977-01-22,2026-09-05T16:43:04.139291+00:00,UseCase - Airlines.xlsx,True,
P1698,Ira,Naidu,77,F,ira.naidu1@yahoo.com,+91-9978869972,637153988547,1949-11-05,2026-09-05T16:43:04.139291+00:00,UseCase - Airlines.xlsx,True,
P1699,Vivaan,Agarwal,33,M,vivaan.agarwal2@hotmail.com,+91-6239651408,356798363146,1993-03-22,2026-09-05T16:43:04.139291+00:00,UseCase - Airlines.xlsx,True,
P1700,Kavya,Pillai,1,F,kavya.pillai1@outlook.com,+91-6258151146,711307240787,2025-06-09,2026-09-05T16:43:04.139291+00:00,UseCase - Airlines.xlsx,True,
P1701,Aditya,Gupta,21,F,aditya.gupta@gmail.com,+91-6480562915,632686850745,2005-02-02,2026-09-05T16:43:04.139291+00:00,UseCase - Airlines.xlsx,True,
P1702,Aadhya,Mehta,55,M,aadhya.mehta2@rediffmail.com,+91-9308232501,436294897861,1971-11-02,2026-09-05T16:43:04.139291+00:00,UseCase - Airlines.xlsx,True,
P1703,Aditya,Joshi,6,M,aditya.joshi@yahoo.com,+91-6335771983,100943181439,2020-12-23,2026-09-05T16:43:04.139291+00:00,UseCase - Airlines.xlsx,True,
P1704,Shaurya,Singh,81,F,shaurya.singh@rediffmail.com,+91-9521857514,134732354940,1945-02-06,2026-09-05T16:43:04.139291+00:00,UseCase - Airlines.xlsx,True,
P1705,Saanvi,Sharma,69,M,saanvi.sharma@hotmail.com,+91-9893592650,432512257207,1957-07-11,2026-09-05T16:43:04.139291+00:00,UseCase - Airlines.xlsx,True,
P1706,Arjun,Patel,5,M,arjun.patel@gmail.com,+91-7383287655,120957907371,2021-01-27,2026-09-05T16:43:04.139291+00:00,UseCase - Airlines.xlsx,True,
P1707,Saanvi,Das,3,M,saanvi.das@gmail.com,+91-8996959935,388221145775,2023-09-09,2026-09-05T16:43:04.139291+00:00,UseCase - Airlines.xlsx,True,
P1708,Anika,Ghosh,53,F,anika.ghosh@rediffmail.com,+91-8491152693,705458971480,1973-03-14,2026-09-05T16:43:04.139291+00:00,UseCase - Airlines.xlsx,True,
P1709,Sai,Patel,23,F,sai.patel@yahoo.com,+91-7483534575,703965313614,2003-11-22,2026-09-05T16:43:04.139291+00:00,UseCase - Airlines.xlsx,True,
P1710,Vivaan,Verma,53,M,vivaan.verma1@hotmail.com,+91-9665761958,245569644309,1973-09-23,2026-09-05T16:43:04.139291+00:00,UseCase - Airlines.xlsx,True,
P1711,Ira, Joshi,37,F,ira.joshi@outlook.com,+91-6565423722,795410727284,1989-10-18,2026-09-05T16:43:04.139291+00:00,UseCase - Airlines.xlsx,True,
P1711,Ira,Joshi,37,F,ira.joshi@yahoo.com,+91-8622724151,414070349107,1989-05-01,2026-09-05T16:43:04.139291+00:00,UseCase - Airlines.xlsx,True,
P1712,Krishna,Joshi,74,M,krishna.joshi@rediffmail.com,+91-8808941598,4254882142,1952-12-07,2026-09-05T16:43:04.139291+00:00,UseCase - Airlines.xlsx,True,
P1713,Kavya,Verma,74,F,kavya.verma@rediffmail.com,+91-6412246300,307536661449,1952-05-06,2026-09-05T16:43:04.139291+00:00,UseCase - Airlines.xlsx,True,
P1714,Ira,Joshi,83,M,ira.joshi@hotmail.com,+91-9828988247,592342683441,1943-05-19,2026-09-05T16:43:04.139291+00:00,UseCase - Airlines.xlsx,True,
P1715,Vivaan,Mishra,17,M,vivaan.mishra@rediffmail.com,+91-7503690359,612875857567,2009-07-14,2026-09-05T16:43:04.139291+00:00,UseCase - Airlines.xlsx,True,
P1716,Shaurya,Mehta,85,F,shaurya.mehta2@rediffmail.com,+91-6700124081,61294398529,1941-09-19,2026-09-05T16:43:04.139291+00:00,UseCase - Airlines.xlsx,True,
P1717,Arjun,Pillai,78,M,arjun.pillai@outlook.com,+91-6911034961,626078701041,1948-06-20,2026-09-05T16:43:04.139291+00:00,UseCase - Airlines.xlsx,True,
P1718,Aditya,Joshi,73,F,aditya.joshi@gmail.com,+91-8707140225,750198038287,1953-03-08,2026-09-05T16:43:04.139291+00:00,UseCase - Airlines.xlsx,True,
P1719,Shaurya,Ghosh,1,F,shaurya.ghosh@yahoo.com,+91-8774566985,407931102918,2025-02-08,2026-09-05T16:43:04.139291+00:00,UseCase - Airlines.xlsx,True,
P1720,Anika,Agarwal,51,M,anika.agarwal1@yahoo.com,+91-6608677033,87601467238,1975-05-27,2026-09-05T16:43:04.139291+00:00,UseCase - Airlines.xlsx,True,
P1721,Kavya,Kulkarni,45,M,kavya.kulkarni@hotmail.com,+91-9806693185,916202232883,1981-08-16,2026-09-05T16:43:04.139291+00:00,UseCase - Airlines.xlsx,True,
P1722,Shaurya,Naidu,77,F,shaurya.naidu1@outlook.com,+91-8816760816,197546617662,1949-01-10,2026-09-05T16:43:04.139291+00:00,UseCase - Airlines.xlsx,True,
P1723,Kavya,Iyer,4,M,kavya.iyer@rediffmail.com,+91-6705814893,609409705277,2022-05-01,2026-09-05T16:43:04.139291+00:00,UseCase - Airlines.xlsx,True,
P1724,Myra,Patel,62,M,myra.patel@yahoo.com,+91-8637556364,835868122595,1964-08-23,2026-09-05T16:43:04.139291+00:00,UseCase - Airlines.xlsx,True,
P1725,Aadhya,Singh,65,M,aadhya.singh@yahoo.com,+91-8942845386,461767929884,1961-03-23,2026-09-05T16:43:04.139291+00:00,UseCase - Airlines.xlsx,True,
P1726,Muhammad,Reddy,32,M,muhammad.reddy@outlook.com,+91-8727594817,961002311775,1994-04-25,2026-09-05T16:43:04.139291+00:00,UseCase - Airlines.xlsx,True,
P1727,Aadhya,das,34,M,aadhya.das@yahoo.com,+91-6286828884,661094101759,1992-11-27,2026-09-05T16:43:04.139291+00:00,UseCase - Airlines.xlsx,True,
P1727,Aadhya,Das,34,M,aadhya.das@gmail.com,+91-7444842082,176298334774,1992-04-07,2026-09-05T16:43:04.139291+00:00,UseCase - Airlines.xlsx,True,
P1728,Ira, patel,72,F,ira.patel1@yahoo.com,+91-9973851617,831901302056,1954-10-18,2026-09-05T16:43:04.139291+00:00,UseCase - Airlines.xlsx,True,
P1728,Ira,Patel,72,F,ira.patel@gmail.com,+91-8298969036,873397855982,1954-02-15,2026-09-05T16:43:04.139291+00:00,UseCase - Airlines.xlsx,True,
P1729,Aarav,Naidu,39,F,aarav.naidu1@rediffmail.com,+91-9176093527,912841173098,1987-06-01,2026-09-05T16:43:04.139291+00:00,UseCase - Airlines.xlsx,True,
P1730,Myra,Patel,26,M,myra.patel1@yahoo.com,+91-8989217681,465124189389,2000-09-10,2026-09-05T16:43:04.139291+00:00,UseCase - Airlines.xlsx,True,
P1731,Krishna,Mishra,34,M,krishna.mishra@rediffmail.com,+91-6686200347,197400564350,1992-03-07,2026-09-05T16:43:04.139291+00:00,UseCase - Airlines.xlsx,True,
P1732,Ira,Reddy,54,M,ira.reddy@hotmail.com,+91-8913192746,37199051699,1972-02-18,2026-09-05T16:43:04.139291+00:00,UseCase - Airlines.xlsx,True,
P1733,Anika,Nair,3,F,anika.nair1@rediffmail.com,+91-7390456188,10783567430,2023-01-01,2026-09-05T16:43:04.139291+00:00,UseCase - Airlines.xlsx,True,
P1734,Aadhya,Naidu,50,M,aadhya.naidu2@yahoo.com,+91-9832228806,87066266821,1976-08-04,2026-09-05T16:43:04.139291+00:00,UseCase - Airlines.xlsx,True,
P1735,Aarav,Kulkarni,12,F,aarav.kulkarni@hotmail.com,+91-8477730669,356033190368,2014-10-02,2026-09-05T16:43:04.139291+00:00,UseCase - Airlines.xlsx,True,
P1736,Aarav,Naidu,65,F,aarav.naidu@gmail.com,+91-7972546113,10272405593,1961-05-05,2026-09-05T16:43:04.139291+00:00,UseCase - Airlines.xlsx,True,
P1737,Ishaan,Chatterjee,54,F,ishaan.chatterjee@hotmail.com,+91-9614001677,111483753745,1972-09-10,2026-09-05T16:43:04.139291+00:00,UseCase - Airlines.xlsx,True,
P1738,Ananya,Pillai,5,M,ananya.pillai1@yahoo.com,+91-8442372191,881056974132,2021-09-08,2026-09-05T16:43:04.139291+00:00,UseCase - Airlines.xlsx,True,
P1739,Sai,Pillai,57,F,sai.pillai1@outlook.com,+91-7231799713,520377107044,1969-10-13,2026-09-05T16:43:04.139291+00:00,UseCase - Airlines.xlsx,True,
P1740,Sara,Chatterjee,17,M,sara.chatterjee@outlook.com,+91-6164123910,496706670336,2009-03-22,2026-09-05T16:43:04.139291+00:00,UseCase - Airlines.xlsx,True,
P1741,Anika,Ghosh,47,F,anika.ghosh1@rediffmail.com,+91-6809101742,408509549305,1979-12-27,2026-09-05T16:43:04.139291+00:00,UseCase - Airlines.xlsx,True,
P1742,Aditya,Mehta,23,M,aditya.mehta@hotmail.com,+91-9559077447,18648769984,2003-03-13,2026-09-05T16:43:04.139291+00:00,UseCase - Airlines.xlsx,True,
P1743,Saanvi,Mishra,79,F,saanvi.mishra@rediffmail.com,+91-7241597244,44138459609,1947-05-12,2026-09-05T16:43:04.139291+00:00,UseCase - Airlines.xlsx,True,
P1744,Saanvi,Pillai,85,M,saanvi.pillai@outlook.com,+91-8940123824,901495427707,1941-01-15,2026-09-05T16:43:04.139291+00:00,UseCase - Airlines.xlsx,True,
P1745,Muhammad,Kulkarni,14,F,muhammad.kulkarni@gmail.com,+91-8615619319,836091498517,2012-03-09,2026-09-05T16:43:04.139291+00:00,UseCase - Airlines.xlsx,True,
P1746,Aarav,Mishra,66,M,aarav.mishra@outlook.com,+91-8631425891,232290310287,1960-10-11,2026-09-05T16:43:04.139291+00:00,UseCase - Airlines.xlsx,True,
P1747,Kavya,Joshi,75,M,kavya.joshi@gmail.com,+91-7165297317,440580935118,1951-08-04,2026-09-05T16:43:04.139291+00:00,UseCase - Airlines.xlsx,True,
P1748,Sara,Singh,51,M,sara.singh1@hotmail.com,+91-6354453959,359561642059,1975-06-11,2026-09-05T16:43:04.139291+00:00,UseCase - Airlines.xlsx,True,
P1749,Sara,Agarwal,38,M,sara.agarwal1@rediffmail.com,+91-8605394202,490250429019,1988-04-26,2026-09-05T16:43:04.139291+00:00,UseCase - Airlines.xlsx,True,
P1750,Ananya,Verma,64,F,ananya.verma@outlook.com,+91-8330713535,690261139898,1962-12-14,2026-09-05T16:43:04.139291+00:00,UseCase - Airlines.xlsx,True,
P1751,Sai,Reddy,38,F,sai.reddy@hotmail.com,+91-6666674119,97887543943,1988-06-08,2026-09-05T16:43:04.139291+00:00,UseCase - Airlines.xlsx,True,
P1752,Ira,Singh,50,M,ira.singh@outlook.com,+91-7589434256,513765158815,1976-11-16,2026-09-05T16:43:04.139291+00:00,UseCase - Airlines.xlsx,True,
P1753,Diya,Reddy,82,F,diya.reddy@hotmail.com,+91-7582075743,639283692944,1944-06-11,2026-09-05T16:43:04.139291+00:00,UseCase - Airlines.xlsx,True,
P1754,Arjun,Gupta,30,M,arjun.gupta@gmail.com,+91-6538626530,682973270216,1996-05-25,2026-09-05T16:43:04.139291+00:00,UseCase - Airlines.xlsx,True,
P1755,Reyansh,Verma,79,M,reyansh.verma@hotmail.com,+91-9897633403,120602128866,1947-06-05,2026-09-05T16:43:04.139291+00:00,UseCase - Airlines.xlsx,True,
P1756,Ira,Nair,51,F,ira.nair1@rediffmail.com,+91-7864486473,415599910157,1975-07-21,2026-09-05T16:43:04.139291+00:00,UseCase - Airlines.xlsx,True,
P1757,Anika,Ghosh,63,M,anika.ghosh2@rediffmail.com,+91-9410623993,722981209957,1963-07-11,2026-09-05T16:43:04.139291+00:00,UseCase - Airlines.xlsx,True,
P1758,Shaurya,Agarwal,52,M,shaurya.agarwal3@rediffmail.com,+91-7646177238,941347509889,1974-09-28,2026-09-05T16:43:04.139291+00:00,UseCase - Airlines.xlsx,True,
P1759,Vivaan,Pillai,38,F,vivaan.pillai@rediffmail.com,+91-8446603943,652203684995,1988-02-12,2026-09-05T16:43:04.139291+00:00,UseCase - Airlines.xlsx,True,
P1760,Sai,Agarwal,88,M,sai.agarwal@outlook.com,+91-7227293255,447732449134,1938-03-04,2026-09-05T16:43:04.139291+00:00,UseCase - Airlines.xlsx,True,
P1761,Myra,Joshi,79,M,myra.joshi1@yahoo.com,+91-7129366972,908830705349,1947-07-24,2026-09-05T16:43:04.139291+00:00,UseCase - Airlines.xlsx,True,
P1762,Sara,Nair,30,M,sara.nair@rediffmail.com,+91-7992320057,741176741241,1996-06-26,2026-09-05T16:43:04.139291+00:00,UseCase - Airlines.xlsx,True,
P1763,Sara,Patel,51,M,sara.patel@gmail.com,+91-7880998560,152854781506,1975-02-23,2026-09-05T16:43:04.139291+00:00,UseCase - Airlines.xlsx,True,
P1764,Myra,Gupta,81,F,myra.gupta2@hotmail.com,+91-8304439023,800329633472,1945-08-27,2026-09-05T16:43:04.139291+00:00,UseCase - Airlines.xlsx,True,
P1765,Saanvi,Gupta,5,F,saanvi.gupta@yahoo.com,+91-9403439088,231830617893,2021-12-06,2026-09-05T16:43:04.139291+00:00,UseCase - Airlines.xlsx,True,
P1766,Ira,Banerjee,29,F,ira.banerjee@gmail.com,+91-9838714681,496935782434,1997-11-16,2026-09-05T16:43:04.139291+00:00,UseCase - Airlines.xlsx,True,
P1767,Sai,Singh,4,M,sai.singh@rediffmail.com,+91-9741928074,587413146753,2022-11-14,2026-09-05T16:43:04.139291+00:00,UseCase - Airlines.xlsx,True,
P1768,Krishna,Ghosh,10,M,krishna.ghosh@gmail.com,+91-7599006405,515627796304,2016-05-17,2026-09-05T16:43:04.139291+00:00,UseCase - Airlines.xlsx,True,
P1769,Aditya,Ghosh,56,F,aditya.ghosh@yahoo.com,+91-9165287000,854566766404,1970-08-24,2026-09-05T16:43:04.139291+00:00,UseCase - Airlines.xlsx,True,
P1770,Myra,Mehta,17,M,myra.mehta1@yahoo.com,+91-8783185620,47639283199,2009-06-05,2026-09-05T16:43:04.139291+00:00,UseCase - Airlines.xlsx,True,
P1771,Kavya,Reddy,74,M,kavya.reddy@hotmail.com,+91-6875487184,61558108358,1952-04-06,2026-09-05T16:43:04.139291+00:00,UseCase - Airlines.xlsx,True,
P1772,Sai,Chatterjee,17,M,sai.chatterjee1@hotmail.com,+91-9870753896,342556383000,2009-09-04,2026-09-05T16:43:04.139291+00:00,UseCase - Airlines.xlsx,True,
P1773,Saanvi,Singh,84,M,saanvi.singh1@hotmail.com,+91-9949698571,702440330416,1942-11-13,2026-09-05T16:43:04.139291+00:00,UseCase - Airlines.xlsx,True,
P1774,Aditya,Ghosh,88,F,aditya.ghosh1@yahoo.com,+91-8191178542,118600892196,1938-04-27,2026-09-05T16:43:04.139291+00:00,UseCase - Airlines.xlsx,True,
P1775,Kavya,Das,69,F,kavya.das@hotmail.com,+91-8942642258,568044731497,1957-07-10,2026-09-05T16:43:04.139291+00:00,UseCase - Airlines.xlsx,True,
P1776,Ananya,Banerjee,34,F,ananya.banerjee@rediffmail.com,+91-6338642289,684748836076,1992-06-25,2026-09-05T16:43:04.139291+00:00,UseCase - Airlines.xlsx,True,
P1777,Arjun,Sharma,6,M,arjun.sharma@hotmail.com,+91-6585621597,390637579145,2020-03-26,2026-09-05T16:43:04.139291+00:00,UseCase - Airlines.xlsx,True,
P1778,Krishna,Verma,53,F,krishna.verma1@gmail.com,+91-6702246140,237931269789,1973-04-02,2026-09-05T16:43:04.139291+00:00,UseCase - Airlines.xlsx,True,
P1779,Muhammad,Naidu,66,F,muhammad.naidu@rediffmail.com,+91-8542229789,452059960438,1960-08-18,2026-09-05T16:43:04.139291+00:00,UseCase - Airlines.xlsx,True,
P1780,Reyansh,Naidu,77,M,reyansh.naidu1@rediffmail.com,+91-8800088933,357788116162,1949-01-06,2026-09-05T16:43:04.139291+00:00,UseCase - Airlines.xlsx,True,
P1781,Arjun,Singh,43,M,arjun.singh1@hotmail.com,+91-6278452642,371067287286,1983-07-01,2026-09-05T16:43:04.139291+00:00,UseCase - Airlines.xlsx,True,
P1781,ArjunSingh,,43,M,arjunsingh.user@outlook.com,+91-6567592441,448595922483,1983-10-23,2026-09-05T16:43:04.139291+00:00,UseCase - Airlines.xlsx,True,WARN_MISSING_LAST_NAME
P1782,Sara,Nair,75,F,sara.nair1@outlook.com,+91-8606924290,735228705622,1951-08-03,2026-09-05T16:43:04.139291+00:00,UseCase - Airlines.xlsx,True,
P1783,Anika,Kulkarni,23,F,anika.kulkarni@gmail.com,+91-8853191918,331875109792,2003-02-12,2026-09-05T16:43:04.139291+00:00,UseCase - Airlines.xlsx,True,
P1784,Ira,Kulkarni,55,F,ira.kulkarni@hotmail.com,+91-7470395234,34469459648,1971-09-21,2026-09-05T16:43:04.139291+00:00,UseCase - Airlines.xlsx,True,
P1785,Aadhya,Kulkarni,80,F,aadhya.kulkarni1@yahoo.com,+91-6736341420,213424912896,1946-06-19,2026-09-05T16:43:04.139291+00:00,UseCase - Airlines.xlsx,True,
P1786,Krishna,Verma,75,M,krishna.verma1@hotmail.com,+91-8966831325,973203319222,1951-08-28,2026-09-05T16:43:04.139291+00:00,UseCase - Airlines.xlsx,True,
P1787,Reyansh,Mehta,16,F,reyansh.mehta@gmail.com,+91-8183523612,28767548138,2010-07-13,2026-09-05T16:43:04.139291+00:00,UseCase - Airlines.xlsx,True,
P1788,Reyansh,Mishra,8,F,reyansh.mishra@rediffmail.com,+91-9481169366,485819324268,2018-08-16,2026-09-05T16:43:04.139291+00:00,UseCase - Airlines.xlsx,True,
P1789,Anika,Ghosh,4,M,anika.ghosh1@outlook.com,+91-6699046021,652057563983,2022-07-12,2026-09-05T16:43:04.139291+00:00,UseCase - Airlines.xlsx,True,
P1790,Sai,Banerjee,4,F,sai.banerjee2@yahoo.com,+91-6310277395,758309451548,2022-01-20,2026-09-05T16:43:04.139291+00:00,UseCase - Airlines.xlsx,True,
P1791,Ananya,Joshi,56,M,ananya.joshi1@outlook.com,+91-6794945166,476044090797,1970-08-06,2026-09-05T16:43:04.139291+00:00,UseCase - Airlines.xlsx,True,
P1792,Ishaan,Chatterjee,25,M,ishaan.chatterjee1@rediffmail.com,+91-6141010063,509222161070,2001-06-04,2026-09-05T16:43:04.139291+00:00,UseCase - Airlines.xlsx,True,
P1793,Anika,Joshi,67,M,anika.joshi@hotmail.com,+91-8308501740,905529580660,1959-02-07,2026-09-05T16:43:04.139291+00:00,UseCase - Airlines.xlsx,True,
P1794,Krishna,Joshi,67,F,krishna.joshi1@hotmail.com,+91-7882711695,412704938620,1959-05-09,2026-09-05T16:43:04.139291+00:00,UseCase - Airlines.xlsx,True,
P1795,Sara,Chatterjee,27,F,sara.chatterjee1@hotmail.com,+91-8226395063,579197111212,1999-06-19,2026-09-05T16:43:04.139291+00:00,UseCase - Airlines.xlsx,True,
P1796,Diya,Agarwal,32,M,diya.agarwal@gmail.com,+91-7946899566,35713432406,1994-12-10,2026-09-05T16:43:04.139291+00:00,UseCase - Airlines.xlsx,True,
P1797,Anika,Joshi,50,F,anika.joshi3@yahoo.com,+91-8250781347,956334324474,1976-02-16,2026-09-05T16:43:04.139291+00:00,UseCase - Airlines.xlsx,True,
P1798,Aarav,Mishra,61,F,aarav.mishra1@outlook.com,+91-8474584710,872096289365,1965-11-26,2026-09-05T16:43:04.139291+00:00,UseCase - Airlines.xlsx,True,
P1799,Muhammad,Singh,51,M,muhammad.singh@outlook.com,+91-7467414224,884183437401,1975-09-22,2026-09-05T16:43:04.139291+00:00,UseCase - Airlines.xlsx,True,
P1800,Reyansh,Joshi,19,M,reyansh.joshi@yahoo.com,+91-9250125515,795596905150,2007-03-14,2026-09-05T16:43:04.139291+00:00,UseCase - Airlines.xlsx,True,
P1801,Arjun,Sharma,21,F,arjun.sharma@rediffmail.com,+91-8461498632,125427820797,2005-10-19,2026-09-05T16:43:04.139291+00:00,UseCase - Airlines.xlsx,True,
P1802,Myra,Gupta,5,M,myra.gupta@rediffmail.com,+91-9608494141,345957640381,2021-07-14,2026-09-05T16:43:04.139291+00:00,UseCase - Airlines.xlsx,True,
P1803,Krishna,Singh,82,F,krishna.singh@outlook.com,+91-9736810563,28249839225,1944-01-03,2026-09-05T16:43:04.139291+00:00,UseCase - Airlines.xlsx,True,
P1804,Muhammad,Banerjee,42,F,muhammad.banerjee@outlook.com,+91-7960592930,576270232441,1984-03-08,2026-09-05T16:43:04.139291+00:00,UseCase - Airlines.xlsx,True,
P1805,Kavya,Patel,61,F,kavya.patel@yahoo.com,+91-9196815965,328507251786,1965-12-07,2026-09-05T16:43:04.139291+00:00,UseCase - Airlines.xlsx,True,
P1806,Sai,Ghosh,22,F,sai.ghosh@rediffmail.com,+91-9992652034,731625265469,2004-07-18,2026-09-05T16:43:04.139291+00:00,UseCase - Airlines.xlsx,True,
P1807,Aadhya,Kulkarni,21,M,aadhya.kulkarni@gmail.com,+91-8624318145,903923555809,2005-10-25,2026-09-05T16:43:04.139291+00:00,UseCase - Airlines.xlsx,True,
P1807,Aadhya,Kulkarni,21,M,aadhya.kulkarni@rediffmail.com,+91-6793183317,327303461562,2005-07-05,2026-09-05T16:43:04.139291+00:00,UseCase - Airlines.xlsx,True,
P1808,Aditya,Joshi,70,M,aditya.joshi1@outlook.com,+91-8515339993,704622681715,1956-11-24,2026-09-05T16:43:04.139291+00:00,UseCase - Airlines.xlsx,True,
P1809,Diya,Mishra,1,M,diya.mishra2@gmail.com,+91-9962805514,25298670766,2025-01-10,2026-09-05T16:43:04.139291+00:00,UseCase - Airlines.xlsx,True,
P1810,Ishaan,Naidu,5,M,ishaan.naidu@rediffmail.com,+91-8896786236,197857585126,2021-09-25,2026-09-05T16:43:04.139291+00:00,UseCase - Airlines.xlsx,True,
P1811,Muhammad, Banerjee,12,F,muhammad.banerjee@rediffmail.com,+91-6261477051,59438976074,2014-01-04,2026-09-05T16:43:04.139291+00:00,UseCase - Airlines.xlsx,True,
P1811,Muhammad, Bbanerjee,12,F,muhammad.bbanerjee@rediffmail.com,+91-9494175052,95465408424,2014-06-14,2026-09-05T16:43:04.139291+00:00,UseCase - Airlines.xlsx,True,
P1811,Muhammad,Banerjee,12,F,muhammad.banerjee@gmail.com,+91-9448571549,409150863218,2014-02-05,2026-09-05T16:43:04.139291+00:00,UseCase - Airlines.xlsx,True,
P1812,Muhammad,Patel,46,F,muhammad.patel@yahoo.com,+91-9562890681,457938970155,1980-01-05,2026-09-05T16:43:04.139291+00:00,UseCase - Airlines.xlsx,True,
P1813,Kavya,Joshi,34,M,kavya.joshi1@hotmail.com,+91-6510075954,815466024161,1992-04-19,2026-09-05T16:43:04.139291+00:00,UseCase - Airlines.xlsx,True,
P1814,Reyansh,Pillai,49,F,reyansh.pillai1@outlook.com,+91-8760975575,883059736424,1977-09-22,2026-09-05T16:43:04.139291+00:00,UseCase - Airlines.xlsx,True,
P1815,Myra,Agarwal,78,F,myra.agarwal@gmail.com,+91-9294626885,440630624479,1948-11-11,2026-09-05T16:43:04.139291+00:00,UseCase - Airlines.xlsx,True,
P1816,Shaurya,Joshi,45,F,shaurya.joshi@gmail.com,+91-7341403760,53194979695,1981-09-13,2026-09-05T16:43:04.139291+00:00,UseCase - Airlines.xlsx,True,
P1817,Reyansh,Patel,27,M,reyansh.patel@rediffmail.com,+91-6468240534,555727738264,1999-07-02,2026-09-05T16:43:04.139291+00:00,UseCase - Airlines.xlsx,True,
P1818,Aditya,Das,73,M,aditya.das1@hotmail.com,+91-6777943476,785138544577,1953-01-05,2026-09-05T16:43:04.139291+00:00,UseCase - Airlines.xlsx,True,
P1819,Vivaan,Joshi,26,M,vivaan.joshi1@hotmail.com,+91-7770299588,596604873682,2000-07-20,2026-09-05T16:43:04.139291+00:00,UseCase - Airlines.xlsx,True,
P1820,Myra,Banerjee,47,F,myra.banerjee1@gmail.com,+91-6524933004,331942268653,1979-07-20,2026-09-05T16:43:04.139291+00:00,UseCase - Airlines.xlsx,True,
P1821,Aadhya,Pillai,86,M,aadhya.pillai2@outlook.com,+91-8927317727,515888636774,1940-08-06,2026-09-05T16:43:04.139291+00:00,UseCase - Airlines.xlsx,True,
P1822,Ira,Agarwal,56,M,ira.agarwal@yahoo.com,+91-9409675531,85721696663,1970-11-01,2026-09-05T16:43:04.139291+00:00,UseCase - Airlines.xlsx,True,
P1823,Reyansh,Banerjee,63,M,reyansh.banerjee@hotmail.com,+91-7248790594,998199605932,1963-10-21,2026-09-05T16:43:04.139291+00:00,UseCase - Airlines.xlsx,True,
P1824,Ira,Agarwal,48,M,ira.agarwal@rediffmail.com,+91-6497602212,96883275327,1978-12-07,2026-09-05T16:43:04.139291+00:00,UseCase - Airlines.xlsx,True,
P1825,Ishaan,Iyer,61,M,ishaan.iyer2@outlook.com,+91-7414586943,103977397327,1965-09-21,2026-09-05T16:43:04.139291+00:00,UseCase - Airlines.xlsx,True,
P1826,Ananya,Agarwal,81,M,ananya.agarwal@gmail.com,+91-8271011192,371006876164,1945-12-18,2026-09-05T16:43:04.139291+00:00,UseCase - Airlines.xlsx,True,
P1827,Ananya,Khan,26,F,ananya.khan@gmail.com,+91-6570858471,704605687611,2000-03-28,2026-09-05T16:43:04.139291+00:00,UseCase - Airlines.xlsx,True,
P1828,Reyansh,Banerjee,36,F,reyansh.banerjee2@outlook.com,+91-6875235388,256523734151,1990-08-23,2026-09-05T16:43:04.139291+00:00,UseCase - Airlines.xlsx,True,
P1829,Ananya,Reddy,1,M,ananya.reddy1@rediffmail.com,+91-7912801709,454757494902,2025-03-17,2026-09-05T16:43:04.139291+00:00,UseCase - Airlines.xlsx,True,
P1830,Myra,Joshi,8,M,myra.joshi@outlook.com,+91-6337320065,595442947742,2018-12-26,2026-09-05T16:43:04.139291+00:00,UseCase - Airlines.xlsx,True,
P1831,Diya,Banerjee,52,F,diya.banerjee1@yahoo.com,+91-7752243849,464303942904,1974-06-24,2026-09-05T16:43:04.139291+00:00,UseCase - Airlines.xlsx,True,
P1832,Kavya,Banerjee,79,F,kavya.banerjee@hotmail.com,+91-9612147289,925298585672,1947-09-16,2026-09-05T16:43:04.139291+00:00,UseCase - Airlines.xlsx,True,
P1833,Aadhya,Das,47,M,aadhya.das1@yahoo.com,+91-9507884854,15343324913,1979-06-16,2026-09-05T16:43:04.139291+00:00,UseCase - Airlines.xlsx,True,
P1834,Riya,Singh,56,M,riya.singh@rediffmail.com,+91-6901286903,833506158148,1970-09-28,2026-09-05T16:43:04.139291+00:00,UseCase - Airlines.xlsx,True,
P1835,Ishaan,Naidu,86,M,ishaan.naidu1@hotmail.com,+91-6956757726,79833423372,1940-01-20,2026-09-05T16:43:04.139291+00:00,UseCase - Airlines.xlsx,True,
P1836,Saanvi,Chatterjee,14,M,saanvi.chatterjee@outlook.com,+91-8198096189,312840333997,2012-08-04,2026-09-05T16:43:04.139291+00:00,UseCase - Airlines.xlsx,True,
P1837,Ananya,Gupta,28,F,ananya.gupta@hotmail.com,+91-6442371535,137171731893,1998-10-16,2026-09-05T16:43:04.139291+00:00,UseCase - Airlines.xlsx,True,
P1838,Ishaan,Kulkarni,87,M,ishaan.kulkarni2@outlook.com,+91-6724610167,617399704694,1939-08-21,2026-09-05T16:43:04.139291+00:00,UseCase - Airlines.xlsx,True,
P1839,Ishaan,Nair,78,M,ishaan.nair2@yahoo.com,+91-8644701690,784448354884,1948-11-15,2026-09-05T16:43:04.139291+00:00,UseCase - Airlines.xlsx,True,
P1840,Aditya,Joshi,88,M,aditya.joshi1@gmail.com,+91-7623535512,58772216417,1938-06-21,2026-09-05T16:43:04.139291+00:00,UseCase - Airlines.xlsx,True,
P1841,Diya,Das,2,M,diya.das1@hotmail.com,+91-7307871584,133484587149,2024-04-19,2026-09-05T16:43:04.139291+00:00,UseCase - Airlines.xlsx,True,
P1842,Ira,Banerjee,26,F,ira.banerjee@yahoo.com,+91-8267920042,362292587964,2000-04-09,2026-09-05T16:43:04.139291+00:00,UseCase - Airlines.xlsx,True,
P1843,Vivaan,Patel,14,F,vivaan.patel@rediffmail.com,+91-8498133949,245557469660,2012-07-02,2026-09-05T16:43:04.139291+00:00,UseCase - Airlines.xlsx,True,
P1844,Vivaan,Pillai,59,F,vivaan.pillai1@rediffmail.com,+91-8793414641,274033445056,1967-07-11,2026-09-05T16:43:04.139291+00:00,UseCase - Airlines.xlsx,True,
P1845,Aadhya,Sharma,56,M,aadhya.sharma@hotmail.com,+91-7956281850,398741132579,1970-08-02,2026-09-05T16:43:04.139291+00:00,UseCase - Airlines.xlsx,True,
P1846,Vivaan,Verma,7,M,vivaan.verma@rediffmail.com,+91-9368270238,499601054857,2019-05-04,2026-09-05T16:43:04.139291+00:00,UseCase - Airlines.xlsx,True,
P1847,Ananya,Agarwal,3,F,ananya.agarwal@rediffmail.com,+91-7905119762,156229493817,2023-04-11,2026-09-05T16:43:04.139291+00:00,UseCase - Airlines.xlsx,True,
P1848,Kavya,Reddy,23,M,kavya.reddy1@hotmail.com,+91-8697724623,840215573257,2003-04-15,2026-09-05T16:43:04.139291+00:00,UseCase - Airlines.xlsx,True,
P1849,Anika,Nair,18,M,anika.nair1@outlook.com,+91-8313658711,449021666708,2008-01-17,2026-09-05T16:43:04.139291+00:00,UseCase - Airlines.xlsx,True,
P1850,Aarav,Agarwal,38,F,aarav.agarwal@outlook.com,+91-6707431423,608587495119,1988-02-18,2026-09-05T16:43:04.139291+00:00,UseCase - Airlines.xlsx,True,
P1851,Reyansh,Patel,15,F,reyansh.patel1@gmail.com,+91-7957480532,819793164772,2011-11-11,2026-09-05T16:43:04.139291+00:00,UseCase - Airlines.xlsx,True,
P1852,Sai,Gupta,64,F,sai.gupta@gmail.com,+91-7795612752,957860694096,1962-01-01,2026-09-05T16:43:04.139291+00:00,UseCase - Airlines.xlsx,True,
P1853,Diya,Agarwal,89,F,diya.agarwal@yahoo.com,+91-8558648441,243958739592,1937-04-25,2026-09-05T16:43:04.139291+00:00,UseCase - Airlines.xlsx,True,
P1854,Kavya,Banerjee,28,M,kavya.banerjee1@yahoo.com,+91-7431229665,210890285155,1998-04-22,2026-09-05T16:43:04.139291+00:00,UseCase - Airlines.xlsx,True,
P1855,Muhammad,Naidu,74,M,muhammad.naidu@yahoo.com,+91-7425268081,264335027160,1952-08-28,2026-09-05T16:43:04.139291+00:00,UseCase - Airlines.xlsx,True,
P1856,Diya,Khan,39,F,diya.khan@yahoo.com,+91-9152843440,776336911289,1987-12-17,2026-09-05T16:43:04.139291+00:00,UseCase - Airlines.xlsx,True,
P1857,Ira,Khan,57,M,ira.khan@gmail.com,+91-7912399890,317955633185,1969-08-09,2026-09-05T16:43:04.139291+00:00,UseCase - Airlines.xlsx,True,
P1858,Myra,Gupta,17,F,myra.gupta3@hotmail.com,+91-6590650359,6661554164,2009-04-23,2026-09-05T16:43:04.139291+00:00,UseCase - Airlines.xlsx,True,
P1858,myra,Gupta,17,F,myra.gupta1@gmail.com,+91-9606120516,45023290282,2009-03-23,2026-09-05T16:43:04.139291+00:00,UseCase - Airlines.xlsx,True,
P1859,Shaurya,Khan,86,F,shaurya.khan@rediffmail.com,+91-6165693093,934596262282,1940-12-26,2026-09-05T16:43:04.139291+00:00,UseCase - Airlines.xlsx,True,
P1860,Sara,Chatterjee,44,M,sara.chatterjee@yahoo.com,+91-8217458307,207346549500,1982-06-01,2026-09-05T16:43:04.139291+00:00,UseCase - Airlines.xlsx,True,
P1861,Ananya,Mishra,25,F,ananya.mishra1@rediffmail.com,+91-6889147448,260869822105,2001-04-03,2026-09-05T16:43:04.139291+00:00,UseCase - Airlines.xlsx,True,
P1862,Diya,Joshi,17,M,diya.joshi2@rediffmail.com,+91-6220699944,776872904774,2009-03-11,2026-09-05T16:43:04.139291+00:00,UseCase - Airlines.xlsx,True,
P1863,Diya,Agarwal,13,M,diya.agarwal@hotmail.com,+91-8758858259,177932382231,2013-12-04,2026-09-05T16:43:04.139291+00:00,UseCase - Airlines.xlsx,True,
P1864,Anika,Singh,84,M,anika.singh@rediffmail.com,+91-8760366848,133424579889,1942-05-25,2026-09-05T16:43:04.139291+00:00,UseCase - Airlines.xlsx,True,
P1865,Ishaan,Mehta,25,M,ishaan.mehta@yahoo.com,+91-8553141549,529060320203,2001-03-13,2026-09-05T16:43:04.139291+00:00,UseCase - Airlines.xlsx,True,
P1866,Ishaan,Gupta,68,F,ishaan.gupta1@outlook.com,+91-6714273453,775396737948,1958-08-04,2026-09-05T16:43:04.139291+00:00,UseCase - Airlines.xlsx,True,
P1867,Kavya,Das,10,M,kavya.das@outlook.com,+91-8462124359,245787158415,2016-07-21,2026-09-05T16:43:04.139291+00:00,UseCase - Airlines.xlsx,True,
P1868,Myra,Patel,67,F,myra.patel@gmail.com,+91-7201558281,371184254768,1959-02-28,2026-09-05T16:43:04.139291+00:00,UseCase - Airlines.xlsx,True,
P1869,Ira,Reddy,18,F,ira.reddy1@hotmail.com,+91-7526874753,832303589298,2008-09-02,2026-09-05T16:43:04.139291+00:00,UseCase - Airlines.xlsx,True,
P1870,Reyansh,Patel,86,F,reyansh.patel@hotmail.com,+91-8679237767,382521293289,1940-07-28,2026-09-05T16:43:04.139291+00:00,UseCase - Airlines.xlsx,True,
P1871,Ananya,Kulkarni,34,F,ananya.kulkarni@yahoo.com,+91-8152519054,646867752401,1992-05-23,2026-09-05T16:43:04.139291+00:00,UseCase - Airlines.xlsx,True,
P1872,Krishna,Joshi,8,M,krishna.joshi2@hotmail.com,+91-8324148755,991062272362,2018-11-14,2026-09-05T16:43:04.139291+00:00,UseCase - Airlines.xlsx,True,
P1873,Shaurya,Reddy,40,M,shaurya.reddy1@rediffmail.com,+91-7366903551,513426192372,1986-11-09,2026-09-05T16:43:04.139291+00:00,UseCase - Airlines.xlsx,True,
P1874,Muhammad,Naidu,83,F,muhammad.naidu1@outlook.com,+91-6783712200,184819737418,1943-12-20,2026-09-05T16:43:04.139291+00:00,UseCase - Airlines.xlsx,True,
P1875,Ishaan, Agarwal,42,F,ishaan.agarwal1@rediffmail.com,+91-7175594355,540641769274,1984-04-17,2026-09-05T16:43:04.139291+00:00,UseCase - Airlines.xlsx,True,
P1875,Ishaan,Agarwal,42,F,ishaan.agarwal@gmail.com,+91-6885720569,995376601444,1984-11-17,2026-09-05T16:43:04.139291+00:00,UseCase - Airlines.xlsx,True,
P1876,Arjun,Ghosh,41,M,arjun.ghosh1@outlook.com,+91-9816162690,451017397396,1985-11-09,2026-09-05T16:43:04.139291+00:00,UseCase - Airlines.xlsx,True,
P1877,Ananya,Khan,6,F,ananya.khan1@gmail.com,+91-9702015640,996986091919,2020-02-04,2026-09-05T16:43:04.139291+00:00,UseCase - Airlines.xlsx,True,
P1878,Kavya,Sharma,52,M,kavya.sharma@yahoo.com,+91-8722901319,966057798066,1974-11-01,2026-09-05T16:43:04.139291+00:00,UseCase - Airlines.xlsx,True,
P1879,Arjun,Kulkarni,26,F,arjun.kulkarni@yahoo.com,+91-7125924873,514607455534,2000-08-26,2026-09-05T16:43:04.139291+00:00,UseCase - Airlines.xlsx,True,
P1880,Reyansh,Khan,64,M,reyansh.khan1@gmail.com,+91-8591993412,423885652715,1962-06-20,2026-09-05T16:43:04.139291+00:00,UseCase - Airlines.xlsx,True,
P1881,Shaurya,Gupta,59,F,shaurya.gupta1@hotmail.com,+91-7439875950,411659726347,1967-06-11,2026-09-05T16:43:04.139291+00:00,UseCase - Airlines.xlsx,True,
P1882,Krishna,Ghosh,56,F,krishna.ghosh@rediffmail.com,+91-8910429026,225013948848,1970-09-06,2026-09-05T16:43:04.139291+00:00,UseCase - Airlines.xlsx,True,
P1883,Riya,Chatterjee,59,M,riya.chatterjee@rediffmail.com,+91-6313266186,119642585626,1967-02-28,2026-09-05T16:43:04.139291+00:00,UseCase - Airlines.xlsx,True,
P1884,Ananya,Chatterjee,70,F,ananya.chatterjee@outlook.com,+91-6447716573,370382407333,1956-04-15,2026-09-05T16:43:04.139291+00:00,UseCase - Airlines.xlsx,True,
P1885,Ira,Chatterjee,33,F,ira.chatterjee@yahoo.com,+91-7113334107,430977688936,1993-03-28,2026-09-05T16:43:04.139291+00:00,UseCase - Airlines.xlsx,True,
P1886,Diya,Pillai,53,M,diya.pillai1@hotmail.com,+91-9773510042,964546553585,1973-02-23,2026-09-05T16:43:04.139291+00:00,UseCase - Airlines.xlsx,True,
P1887,Ira,Gupta,22,F,ira.gupta@yahoo.com,+91-8988465406,389218785193,2004-12-12,2026-09-05T16:43:04.139291+00:00,UseCase - Airlines.xlsx,True,
P1888,Muhammad,Naidu,21,M,muhammad.naidu@hotmail.com,+91-7599597507,490797796120,2005-09-15,2026-09-05T16:43:04.139291+00:00,UseCase - Airlines.xlsx,True,
P1889,Aadhya,Patel,70,M,aadhya.patel@hotmail.com,+91-6473235986,721514940976,1956-12-25,2026-09-05T16:43:04.139291+00:00,UseCase - Airlines.xlsx,True,
P1889,AadhyapPatel,,70,M,aadhyappatel.user@yahoo.com,+91-9331073681,748453986289,1956-06-28,2026-09-05T16:43:04.139291+00:00,UseCase - Airlines.xlsx,True,WARN_MISSING_LAST_NAME
P1890,Reyansh,Sharma,70,F,reyansh.sharma@gmail.com,+91-6864626275,591191862339,1956-03-27,2026-09-05T16:43:04.139291+00:00,UseCase - Airlines.xlsx,True,
P1891,Shaurya,Banerjee,4,F,shaurya.banerjee1@yahoo.com,+91-6797295469,715116966672,2022-06-06,2026-09-05T16:43:04.139291+00:00,UseCase - Airlines.xlsx,True,
P1892,Aadhya,Mehta,75,F,aadhya.mehta1@gmail.com,+91-8481346877,264712463351,1951-06-15,2026-09-05T16:43:04.139291+00:00,UseCase - Airlines.xlsx,True,
P1893,Ananya,Nair,62,F,ananya.nair@gmail.com,+91-8121905151,908051208005,1964-07-10,2026-09-05T16:43:04.139291+00:00,UseCase - Airlines.xlsx,True,
P1894,Krishna,Naidu,62,F,krishna.naidu@gmail.com,+91-8174506118,239728351295,1964-10-06,2026-09-05T16:43:04.139291+00:00,UseCase - Airlines.xlsx,True,
P1895,Riya,Kulkarni,24,F,riya.kulkarni@rediffmail.com,+91-7644740074,270908144152,2002-10-17,2026-09-05T16:43:04.139291+00:00,UseCase - Airlines.xlsx,True,
P1896,Saanvi,Khan,55,F,saanvi.khan1@yahoo.com,+91-6634348745,392957867181,1971-06-08,2026-09-05T16:43:04.139291+00:00,UseCase - Airlines.xlsx,True,
P1897,Krishna,Mehta,9,M,krishna.mehta@outlook.com,+91-7357108928,736050791815,2017-09-19,2026-09-05T16:43:04.139291+00:00,UseCase - Airlines.xlsx,True,
P1898,Shaurya,Singh,3,F,shaurya.singh@hotmail.com,+91-9912740386,834527346666,2023-02-16,2026-09-05T16:43:04.139291+00:00,UseCase - Airlines.xlsx,True,
P1899,Shaurya,Ghosh,31,M,shaurya.ghosh@gmail.com,+91-9212011137,587964740803,1995-02-10,2026-09-05T16:43:04.139291+00:00,UseCase - Airlines.xlsx,True,
P1900,Riya,Iyer,40,F,riya.iyer@hotmail.com,+91-7788195959,508004635806,1986-12-17,2026-09-05T16:43:04.139291+00:00,UseCase - Airlines.xlsx,True,
P1901,Aarav,Patel,36,F,aarav.patel@hotmail.com,+91-7646261415,503172351373,1990-10-21,2026-09-05T16:43:04.139291+00:00,UseCase - Airlines.xlsx,True,
P1902,Vivaan,Pillai,24,M,vivaan.pillai@hotmail.com,+91-6148569511,631403526356,2002-01-05,2026-09-05T16:43:04.139291+00:00,UseCase - Airlines.xlsx,True,
P1903,Aarav,Nair,6,F,aarav.nair@yahoo.com,+91-7767613742,469434606664,2020-04-27,2026-09-05T16:43:04.139291+00:00,UseCase - Airlines.xlsx,True,
P1904,Shaurya,Joshi,66,F,shaurya.joshi1@rediffmail.com,+91-8744384283,60723111271,1960-03-18,2026-09-05T16:43:04.139291+00:00,UseCase - Airlines.xlsx,True,
P1905,Vivaan, Pillai,84,M,vivaan.pillai@outlook.com,+91-7894668747,464844941163,1942-02-18,2026-09-05T16:43:04.139291+00:00,UseCase - Airlines.xlsx,True,
P1905,Vivaan,Pillai,84,M,vivaan.pillai2@rediffmail.com,+91-7236488723,807711306211,1942-04-14,2026-09-05T16:43:04.139291+00:00,UseCase - Airlines.xlsx,True,
P1906,Sai,Chatterjee,75,F,sai.chatterjee2@hotmail.com,+91-8570415484,279083350902,1951-06-28,2026-09-05T16:43:04.139291+00:00,UseCase - Airlines.xlsx,True,
P1907,Sai,Sharma,4,F,sai.sharma@outlook.com,+91-7475935498,730662481323,2022-06-22,2026-09-05T16:43:04.139291+00:00,UseCase - Airlines.xlsx,True,
P1908,Aadhya,Sharma,79,F,aadhya.sharma@rediffmail.com,+91-6573016016,139848228501,1947-11-03,2026-09-05T16:43:04.139291+00:00,UseCase - Airlines.xlsx,True,
P1909,Ananya,Chatterjee,6,M,ananya.chatterjee@rediffmail.com,+91-6764201903,255021306090,2020-07-25,2026-09-05T16:43:04.139291+00:00,UseCase - Airlines.xlsx,True,
P1910,Krishna,Sharma,51,F,krishna.sharma1@hotmail.com,+91-6341074444,98107964967,1975-12-08,2026-09-05T16:43:04.139291+00:00,UseCase - Airlines.xlsx,True,
P1911,Shaurya,Joshi,62,F,shaurya.joshi2@rediffmail.com,+91-8470597962,772785324264,1964-03-12,2026-09-05T16:43:04.139291+00:00,UseCase - Airlines.xlsx,True,
P1912,Diya, kulkarni,57,F,diya.kulkarni@gmail.com,+91-9964845867,420768362536,1969-07-14,2026-09-05T16:43:04.139291+00:00,UseCase - Airlines.xlsx,True,
P1912,Diya,Kulkarni,57,F,diya.kulkarni@rediffmail.com,+91-9576626352,675556283333,1969-10-07,2026-09-05T16:43:04.139291+00:00,UseCase - Airlines.xlsx,True,
P1913,Ananya,Nair,66,F,ananya.nair1@hotmail.com,+91-8597546118,865436271874,1960-10-14,2026-09-05T16:43:04.139291+00:00,UseCase - Airlines.xlsx,True,
P1914,Diya,Banerjee,79,M,diya.banerjee@gmail.com,+91-7333193248,582686270369,1947-11-06,2026-09-05T16:43:04.139291+00:00,UseCase - Airlines.xlsx,True,
P1915,Sai,Patel,75,M,sai.patel@outlook.com,+91-7788524209,693265732759,1951-10-17,2026-09-05T16:43:04.139291+00:00,UseCase - Airlines.xlsx,True,
P1916,Myra,Das,8,F,myra.das1@gmail.com,+91-6944994295,110005155323,2018-05-27,2026-09-05T16:43:04.139291+00:00,UseCase - Airlines.xlsx,True,
P1917,Krishna,Gupta,26,F,krishna.gupta@gmail.com,+91-8769189920,597752441822,2000-03-14,2026-09-05T16:43:04.139291+00:00,UseCase - Airlines.xlsx,True,
P1918,Ananya,Ghosh,51,M,ananya.ghosh@gmail.com,+91-9269952308,887431271026,1975-08-13,2026-09-05T16:43:04.139291+00:00,UseCase - Airlines.xlsx,True,
P1919,Aarav,Iyer,45,M,aarav.iyer@rediffmail.com,+91-7923708262,95799270795,1981-06-03,2026-09-05T16:43:04.139291+00:00,UseCase - Airlines.xlsx,True,
P1920,Reyansh,Agarwal,44,F,reyansh.agarwal@outlook.com,+91-6290305140,294621354159,1982-08-01,2026-09-05T16:43:04.139291+00:00,UseCase - Airlines.xlsx,True,
P1921,Ishaan,Chatterjee,5,M,ishaan.chatterjee1@hotmail.com,+91-9281526961,543848075203,2021-12-10,2026-09-05T16:43:04.139291+00:00,UseCase - Airlines.xlsx,True,
P1922,Aditya,Ghosh,70,F,aditya.ghosh1@outlook.com,+91-9564876172,504715802909,1956-01-10,2026-09-05T16:43:04.139291+00:00,UseCase - Airlines.xlsx,True,
P1923,Sai,Gupta,26,M,sai.gupta@rediffmail.com,+91-7604788545,660465586652,2000-06-24,2026-09-05T16:43:04.139291+00:00,UseCase - Airlines.xlsx,True,
P1924,Anika,Reddy,68,M,anika.reddy@outlook.com,+91-7624877670,441715810213,1958-02-06,2026-09-05T16:43:04.139291+00:00,UseCase - Airlines.xlsx,True,
P1925,Diya,Naidu,19,M,diya.naidu@outlook.com,+91-6265362816,931100591297,2007-11-28,2026-09-05T16:43:04.139291+00:00,UseCase - Airlines.xlsx,True,
P1926,Krishna,Iyer,84,M,krishna.iyer@outlook.com,+91-6757736858,102312110633,1942-01-23,2026-09-05T16:43:04.139291+00:00,UseCase - Airlines.xlsx,True,
P1927,Sai,Reddy,20,F,sai.reddy@gmail.com,+91-9444032199,837379274907,2006-03-17,2026-09-05T16:43:04.139291+00:00,UseCase - Airlines.xlsx,True,
P1928,Shaurya,Agarwal,12,M,shaurya.agarwal@gmail.com,+91-6288818473,342893113253,2014-03-13,2026-09-05T16:43:04.139291+00:00,UseCase - Airlines.xlsx,True,
P1929,Aarav,Sharma,47,M,aarav.sharma@hotmail.com,+91-8745913649,684364538044,1979-03-03,2026-09-05T16:43:04.139291+00:00,UseCase - Airlines.xlsx,True,
P1930,Vivaan,Gupta,1,F,vivaan.gupta@gmail.com,+91-6630345834,509617015959,2025-11-03,2026-09-05T16:43:04.139291+00:00,UseCase - Airlines.xlsx,True,
P1931,Arjun, Verma,14,M,arjun.verma@hotmail.com,+91-8880770209,575757475833,2012-10-06,2026-09-05T16:43:04.139291+00:00,UseCase - Airlines.xlsx,True,
P1931,Arjun,Verma,14,M,arjun.verma@gmail.com,+91-8539946808,775677722660,2012-03-26,2026-09-05T16:43:04.139291+00:00,UseCase - Airlines.xlsx,True,
P1932,Ira,Gupta,64,M,ira.gupta@outlook.com,+91-9778812108,265062292310,1962-07-16,2026-09-05T16:43:04.139291+00:00,UseCase - Airlines.xlsx,True,
P1933,Ira,Khan,38,F,ira.khan@yahoo.com,+91-8462189456,307624843379,1988-12-16,2026-09-05T16:43:04.139291+00:00,UseCase - Airlines.xlsx,True,
P1934,Shaurya,Verma,37,M,shaurya.verma1@rediffmail.com,+91-9271606116,705115794238,1989-08-26,2026-09-05T16:43:04.139291+00:00,UseCase - Airlines.xlsx,True,
P1935,Myra,Kulkarni,11,F,myra.kulkarni@yahoo.com,+91-9626677747,42549691928,2015-05-11,2026-09-05T16:43:04.139291+00:00,UseCase - Airlines.xlsx,True,
P1936,Riya,Verma,77,F,riya.verma@outlook.com,+91-7496820123,971075633535,1949-11-16,2026-09-05T16:43:04.139291+00:00,UseCase - Airlines.xlsx,True,
P1937,Anika,Gupta,3,F,anika.gupta1@outlook.com,+91-8719785036,532593993379,2023-08-01,2026-09-05T16:43:04.139291+00:00,UseCase - Airlines.xlsx,True,
P1938,Reyansh,Joshi,33,F,reyansh.joshi@outlook.com,+91-6512470771,295187794176,1993-04-26,2026-09-05T16:43:04.139291+00:00,UseCase - Airlines.xlsx,True,
P1939,Reyansh,Mishra,6,M,reyansh.mishra@outlook.com,+91-7490608439,73305597824,2020-06-16,2026-09-05T16:43:04.139291+00:00,UseCase - Airlines.xlsx,True,
P1940,Reyansh,Reddy,50,F,reyansh.reddy1@outlook.com,+91-7984909762,399140388436,1976-07-23,2026-09-05T16:43:04.139291+00:00,UseCase - Airlines.xlsx,True,
P1941,Riya,Naidu,10,M,riya.naidu@gmail.com,+91-8380233602,324006157276,2016-09-06,2026-09-05T16:43:04.139291+00:00,UseCase - Airlines.xlsx,True,
P1942,Riya,Pillai,5,M,riya.pillai@hotmail.com,+91-9914391910,514743974292,2021-06-01,2026-09-05T16:43:04.139291+00:00,UseCase - Airlines.xlsx,True,
P1943,Shaurya,Naidu,23,M,shaurya.naidu@gmail.com,+91-6450617550,875256806562,2003-06-20,2026-09-05T16:43:04.139291+00:00,UseCase - Airlines.xlsx,True,
P1944,Riya,Gupta,10,M,riya.gupta1@gmail.com,+91-8447907555,990802711221,2016-09-06,2026-09-05T16:43:04.139291+00:00,UseCase - Airlines.xlsx,True,
P1944,RiyaGupta,,10,M,riyagupta.user@yahoo.com,+91-6910309537,555165176808,2016-07-21,2026-09-05T16:43:04.139291+00:00,UseCase - Airlines.xlsx,True,WARN_MISSING_LAST_NAME
P1945,Riya,Verma,44,M,riya.verma@rediffmail.com,+91-7688515227,137214330800,1982-11-27,2026-09-05T16:43:04.139291+00:00,UseCase - Airlines.xlsx,True,
P1946,Aditya,Mehta,2,M,aditya.mehta1@yahoo.com,+91-9145521106,33228556608,2024-05-16,2026-09-05T16:43:04.139291+00:00,UseCase - Airlines.xlsx,True,
P1947,Muhammad,Sharma,13,M,muhammad.sharma@gmail.com,+91-9690591380,103903397051,2013-10-12,2026-09-05T16:43:04.139291+00:00,UseCase - Airlines.xlsx,True,
P1948,Ishaan,Verma,40,M,ishaan.verma@hotmail.com,+91-7526470378,328094485862,1986-04-25,2026-09-05T16:43:04.139291+00:00,UseCase - Airlines.xlsx,True,
P1949,Saanvi,Ghosh,2,M,saanvi.ghosh@hotmail.com,+91-8459151333,354614707986,2024-04-06,2026-09-05T16:43:04.139291+00:00,UseCase - Airlines.xlsx,True,
P1950,Arjun,Mehta,84,M,arjun.mehta@gmail.com,+91-6516023480,133943945703,1942-10-27,2026-09-05T16:43:04.139291+00:00,UseCase - Airlines.xlsx,True,
P1951,Vivaan,Banerjee,65,F,vivaan.banerjee@outlook.com,+91-7648788785,40325376576,1961-10-25,2026-09-05T16:43:04.139291+00:00,UseCase - Airlines.xlsx,True,
P1952,Myra,Das,63,F,myra.das@yahoo.com,+91-9615584596,894319100900,1963-05-01,2026-09-05T16:43:04.139291+00:00,UseCase - Airlines.xlsx,True,
P1953,Kavya,Iyer,73,F,kavya.iyer1@outlook.com,+91-9509547590,921053365146,1953-11-01,2026-09-05T16:43:04.139291+00:00,UseCase - Airlines.xlsx,True,
P1954,Anika,Agarwal,17,M,anika.agarwal@outlook.com,+91-6228931181,424731072011,2009-12-08,2026-09-05T16:43:04.139291+00:00,UseCase - Airlines.xlsx,True,
P1955,Aarav,Das,9,F,aarav.das@rediffmail.com,+91-8389982059,97123166007,2017-07-27,2026-09-05T16:43:04.139291+00:00,UseCase - Airlines.xlsx,True,
P1956,Aarav,Iyer,75,F,aarav.iyer1@rediffmail.com,+91-9287929395,90144734043,1951-04-23,2026-09-05T16:43:04.139291+00:00,UseCase - Airlines.xlsx,True,
P1957,Ishaan,Verma,15,F,ishaan.verma@rediffmail.com,+91-6798127845,96873045195,2011-08-27,2026-09-05T16:43:04.139291+00:00,UseCase - Airlines.xlsx,True,
P1958,Arjun,Ghosh,24,M,arjun.ghosh@rediffmail.com,+91-7500792887,588255629657,2002-06-25,2026-09-05T16:43:04.139291+00:00,UseCase - Airlines.xlsx,True,
P1959,Sai,Khan,38,M,sai.khan@outlook.com,+91-7974270101,786561942557,1988-08-25,2026-09-05T16:43:04.139291+00:00,UseCase - Airlines.xlsx,True,
P1960,Kavya,Mishra,35,M,kavya.mishra@hotmail.com,+91-7145908616,582958292361,1991-07-04,2026-09-05T16:43:04.139291+00:00,UseCase - Airlines.xlsx,True,
P1961,Muhammad,Iyer,49,M,muhammad.iyer@hotmail.com,+91-6657882800,190482357155,1977-09-13,2026-09-05T16:43:04.139291+00:00,UseCase - Airlines.xlsx,True,
P1962,Krishna,Singh,69,F,krishna.singh@hotmail.com,+91-9335226149,956137230817,1957-03-03,2026-09-05T16:43:04.139291+00:00,UseCase - Airlines.xlsx,True,
P1963,Sara,Pillai,62,F,sara.pillai@outlook.com,+91-7911534685,643813000413,1964-03-27,2026-09-05T16:43:04.139291+00:00,UseCase - Airlines.xlsx,True,
P1964,Shaurya,Verma,60,F,shaurya.verma@gmail.com,+91-6372122580,716560945653,1966-05-14,2026-09-05T16:43:04.139291+00:00,UseCase - Airlines.xlsx,True,
P1965,Aarav,Banerjee,50,F,aarav.banerjee@hotmail.com,+91-9782061852,990707550476,1976-09-25,2026-09-05T16:43:04.139291+00:00,UseCase - Airlines.xlsx,True,
P1966,Riya,Singh,78,M,riya.singh@gmail.com,+91-9839369106,995706071748,1948-02-03,2026-09-05T16:43:04.139291+00:00,UseCase - Airlines.xlsx,True,
P1967,Ananya,Iyer,75,M,ananya.iyer@yahoo.com,+91-6588215591,653970548739,1951-07-04,2026-09-05T16:43:04.139291+00:00,UseCase - Airlines.xlsx,True,
P1968,Shaurya,Patel,9,M,shaurya.patel1@gmail.com,+91-7737189607,87182749680,2017-05-19,2026-09-05T16:43:04.139291+00:00,UseCase - Airlines.xlsx,True,
P1969,Shaurya,Chatterjee,34,F,shaurya.chatterjee@gmail.com,+91-9286743752,742049561213,1992-08-16,2026-09-05T16:43:04.139291+00:00,UseCase - Airlines.xlsx,True,
P1970,Vivaan,Verma,76,M,vivaan.verma@yahoo.com,+91-6515864153,260423597371,1950-02-06,2026-09-05T16:43:04.139291+00:00,UseCase - Airlines.xlsx,True,
P1971,Vivaan,Ghosh,35,M,vivaan.ghosh1@yahoo.com,+91-7894951620,990775608581,1991-07-16,2026-09-05T16:43:04.139291+00:00,UseCase - Airlines.xlsx,True,
P1972,Aditya,Joshi,1,F,aditya.joshi2@gmail.com,+91-8568464025,861114576832,2025-02-01,2026-09-05T16:43:04.139291+00:00,UseCase - Airlines.xlsx,True,
P1973,Kavya,Mishra,40,F,kavya.mishra1@yahoo.com,+91-6712484480,237858471296,1986-02-18,2026-09-05T16:43:04.139291+00:00,UseCase - Airlines.xlsx,True,
P1974,Kavya,Mishra,64,M,kavya.mishra1@gmail.com,+91-7317376098,242605080184,1962-10-17,2026-09-05T16:43:04.139291+00:00,UseCase - Airlines.xlsx,True,
P1975,Riya,Patel,22,M,riya.patel@gmail.com,+91-8971300408,253733777312,2004-07-18,2026-09-05T16:43:04.139291+00:00,UseCase - Airlines.xlsx,True,
P1976,Reyansh,Khan,60,M,reyansh.khan@hotmail.com,+91-6256886986,282178192365,1966-04-27,2026-09-05T16:43:04.139291+00:00,UseCase - Airlines.xlsx,True,
P1977,Shaurya,Joshi,64,M,shaurya.joshi2@outlook.com,+91-9164073412,605603567932,1962-08-20,2026-09-05T16:43:04.139291+00:00,UseCase - Airlines.xlsx,True,
P1978,Vivaan,Sharma,72,M,vivaan.sharma@hotmail.com,+91-9793681192,239847169061,1954-09-03,2026-09-05T16:43:04.139291+00:00,UseCase - Airlines.xlsx,True,
P1979,Kavya,Gupta,11,M,kavya.gupta@yahoo.com,+91-6496770295,464754895478,2015-08-13,2026-09-05T16:43:04.139291+00:00,UseCase - Airlines.xlsx,True,
P1980,Arjun,Ghosh,14,F,arjun.ghosh@hotmail.com,+91-7603937212,517588914444,2012-10-17,2026-09-05T16:43:04.139291+00:00,UseCase - Airlines.xlsx,True,
P1981,Diya,Gupta,60,F,diya.gupta@yahoo.com,+91-8448068818,393543586449,1966-07-22,2026-09-05T16:43:04.139291+00:00,UseCase - Airlines.xlsx,True,
P1982,Aadhya,Das,30,F,aadhya.das2@yahoo.com,+91-7961403389,435885379821,1996-12-24,2026-09-05T16:43:04.139291+00:00,UseCase - Airlines.xlsx,True,
P1982,Aadhya,Das,30,F,aadhya.das@outlook.com,+91-7320905013,952753674978,1996-06-05,2026-09-05T16:43:04.139291+00:00,UseCase - Airlines.xlsx,True,
P1983,Muhammad,Khan,35,M,muhammad.khan@outlook.com,+91-6371158137,168601347789,1991-05-17,2026-09-05T16:43:04.139291+00:00,UseCase - Airlines.xlsx,True,
P1984,Ishaan,Singh,85,F,ishaan.singh1@hotmail.com,+91-9313878650,406791766512,1941-03-04,2026-09-05T16:43:04.139291+00:00,UseCase - Airlines.xlsx,True,
P1985,Aadhya,Nair,37,M,aadhya.nair@outlook.com,+91-6144060578,141884216309,1989-01-01,2026-09-05T16:43:04.139291+00:00,UseCase - Airlines.xlsx,True,
P1985,AadhyaNair,,37,M,aadhyanair.user@gmail.com,+91-8770401470,446333999485,1989-04-05,2026-09-05T16:43:04.139291+00:00,UseCase - Airlines.xlsx,True,WARN_MISSING_LAST_NAME
P1986,Diya,Khan,5,M,diya.khan@gmail.com,+91-8918568394,326389021994,2021-08-04,2026-09-05T16:43:04.139291+00:00,UseCase - Airlines.xlsx,True,
P1987,Saanvi,Patel,83,F,saanvi.patel@gmail.com,+91-7536371041,337922341034,1943-07-19,2026-09-05T16:43:04.139291+00:00,UseCase - Airlines.xlsx,True,
P1988,Kavya,Iyer,78,M,kavya.iyer@hotmail.com,+91-9579066243,331167726960,1948-09-25,2026-09-05T16:43:04.139291+00:00,UseCase - Airlines.xlsx,True,
P1989,Reyansh,Chatterjee,26,M,reyansh.chatterjee@outlook.com,+91-7822962352,768550789679,2000-04-12,2026-09-05T16:43:04.139291+00:00,UseCase - Airlines.xlsx,True,
P1990,Arjun,Agarwal,62,F,arjun.agarwal@yahoo.com,+91-6745268953,626335564343,1964-07-20,2026-09-05T16:43:04.139291+00:00,UseCase - Airlines.xlsx,True,
P1991,Aarav,Sharma,4,F,aarav.sharma@rediffmail.com,+91-6837115354,931706955607,2022-07-24,2026-09-05T16:43:04.139291+00:00,UseCase - Airlines.xlsx,True,
P1991,Aarav,Shhharma,4,F,aarav.shhharma@rediffmail.com,+91-9196057919,645345472239,2022-11-17,2026-09-05T16:43:04.139291+00:00,UseCase - Airlines.xlsx,True,
P1992,Diya,Singh,89,F,diya.singh@hotmail.com,+91-7138969636,650312198041,1937-09-09,2026-09-05T16:43:04.139291+00:00,UseCase - Airlines.xlsx,True,
P1993,Muhammad,Naidu,42,M,muhammad.naidu1@rediffmail.com,+91-7414770435,264236428131,1984-10-02,2026-09-05T16:43:04.139291+00:00,UseCase - Airlines.xlsx,True,
P1994,Diya,Kulkarni,89,F,diya.kulkarni1@hotmail.com,+91-7409498553,876230391114,1937-03-18,2026-09-05T16:43:04.139291+00:00,UseCase - Airlines.xlsx,True,
P1994,DiyaKulkarni,,89,F,diyakulkarni.user@gmail.com,+91-9694250229,522823052480,1937-09-17,2026-09-05T16:43:04.139291+00:00,UseCase - Airlines.xlsx,True,WARN_MISSING_LAST_NAME
P1995,Arjun,Verma,18,F,arjun.verma1@gmail.com,+91-9244900502,207223959473,2008-08-06,2026-09-05T16:43:04.139291+00:00,UseCase - Airlines.xlsx,True,
P1996,Ira,Nair,40,M,ira.nair@gmail.com,+91-7274039487,901620478768,1986-09-24,2026-09-05T16:43:04.139291+00:00,UseCase - Airlines.xlsx,True,
P1997,Aadhya,Reddy,72,F,aadhya.reddy@rediffmail.com,+91-9795090262,859964862872,1954-01-07,2026-09-05T16:43:04.139291+00:00,UseCase - Airlines.xlsx,True,
P1998,Shaurya,Kulkarni,39,F,shaurya.kulkarni@gmail.com,+91-8420449851,196664505730,1987-04-14,2026-09-05T16:43:04.139291+00:00,UseCase - Airlines.xlsx,True,
P1999,Ananya,Pillai,14,F,ananya.pillai2@yahoo.com,+91-9733969290,246320374767,2012-12-15,2026-09-05T16:43:04.139291+00:00,UseCase - Airlines.xlsx,True,
P1999,AnanyaPillai,,14,F,ananyapillai.user@outlook.com,+91-7597463844,260321450576,2012-11-28,2026-09-05T16:43:04.139291+00:00,UseCase - Airlines.xlsx,True,WARN_MISSING_LAST_NAME
